Date,Temperature,Precipitation,ID_Time,Time
2024-01-01,7.7,0.2,0,0:00:00
2024-01-01,7.8,0.1,1,1:00:00
2024-01-01,7.7,0,2,2:00:00
2024-01-01,7.6,0.2,3,3:00:00
2024-01-01,7.2,0.2,4,4:00:00
2024-01-01,7.4,0,5,5:00:00
2024-01-01,6.9,0,6,6:00:00
2024-01-01,6.7,0,7,7:00:00
2024-01-01,7,0.2,8,8:00:00
2024-01-01,7,0.2,9,9:00:00
2024-01-01,6.9,0.1,10,10:00:00
2024-01-01,7.1,0.1,11,11:00:00
2024-01-01,7.2,0,12,12:00:00
2024-01-01,7.6,0.1,13,13:00:00
2024-01-01,7.8,0.2,14,14:00:00
2024-01-01,8,0,15,15:00:00
2024-01-01,7.9,0,16,16:00:00
2024-01-01,7.4,0,17,17:00:00
2024-01-01,6.8,0,18,18:00:00
2024-01-01,6.5,0,19,19:00:00
2024-01-01,6.5,0,20,20:00:00
2024-01-01,5.9,0,21,21:00:00
2024-01-01,5.9,0,22,22:00:00
2024-01-01,5.7,0,23,23:00:00
2024-01-02,5.3,0,0,0:00:00
2024-01-02,5.5,0,1,1:00:00
2024-01-02,5.6,0.1,2,2:00:00
2024-01-02,5.8,0.3,3,3:00:00
2024-01-02,5.9,0.6,4,4:00:00
2024-01-02,6.2,1.3,5,5:00:00
2024-01-02,6.4,0.7,6,6:00:00
2024-01-02,6.3,1.4,7,7:00:00
2024-01-02,6.8,1.6,8,8:00:00
2024-01-02,6.9,0.3,9,9:00:00
2024-01-02,7.6,0,10,10:00:00
2024-01-02,9.1,0,11,11:00:00
2024-01-02,9.9,0,12,12:00:00
2024-01-02,10.4,0,13,13:00:00
2024-01-02,10.6,0,14,14:00:00
2024-01-02,10.4,0.1,15,15:00:00
2024-01-02,10.4,1.2,16,16:00:00
2024-01-02,10.4,0.8,17,17:00:00
2024-01-02,9.7,1.6,18,18:00:00
2024-01-02,9.4,1.8,19,19:00:00
2024-01-02,9.9,2.9,20,20:00:00
2024-01-02,10,0.8,21,21:00:00
2024-01-02,10.4,2.2,22,22:00:00
2024-01-02,11.1,0.3,23,23:00:00
2024-01-03,10.2,0.6,0,0:00:00
2024-01-03,9.7,0.4,1,1:00:00
2024-01-03,9.1,0.4,2,2:00:00
2024-01-03,8.4,0.5,3,3:00:00
2024-01-03,8.1,0.4,4,4:00:00
2024-01-03,8.6,0.1,5,5:00:00
2024-01-03,9.1,0.3,6,6:00:00
2024-01-03,9.2,0,7,7:00:00
2024-01-03,9.6,0,8,8:00:00
2024-01-03,9.2,0,9,9:00:00
2024-01-03,8.8,0,10,10:00:00
2024-01-03,9.1,0,11,11:00:00
2024-01-03,9.1,0,12,12:00:00
2024-01-03,9.3,0,13,13:00:00
2024-01-03,9.2,0.4,14,14:00:00
2024-01-03,9.1,0.1,15,15:00:00
2024-01-03,8.6,0.6,16,16:00:00
2024-01-03,8.7,0.1,17,17:00:00
2024-01-03,8.5,0.1,18,18:00:00
2024-01-03,8.4,0.1,19,19:00:00
2024-01-03,8.1,0.2,20,20:00:00
2024-01-03,7.9,0.2,21,21:00:00
2024-01-03,7.9,0.1,22,22:00:00
2024-01-03,7.8,0.9,23,23:00:00
2024-01-04,7.4,0,0,0:00:00
2024-01-04,7.2,0,1,1:00:00
2024-01-04,6.8,0,2,2:00:00
2024-01-04,6.2,0,3,3:00:00
2024-01-04,5.8,0,4,4:00:00
2024-01-04,5.4,0,5,5:00:00
2024-01-04,4.8,0,6,6:00:00
2024-01-04,4.2,0,7,7:00:00
2024-01-04,4.2,0,8,8:00:00
2024-01-04,4,0,9,9:00:00
2024-01-04,3.7,0,10,10:00:00
2024-01-04,3.8,0,11,11:00:00
2024-01-04,4,0,12,12:00:00
2024-01-04,4.2,0,13,13:00:00
2024-01-04,4.6,0,14,14:00:00
2024-01-04,4.7,0,15,15:00:00
2024-01-04,4.7,0,16,16:00:00
2024-01-04,4.6,0,17,17:00:00
2024-01-04,4.2,0,18,18:00:00
2024-01-04,4,0.1,19,19:00:00
2024-01-04,3.7,0.1,20,20:00:00
2024-01-04,3.4,0.1,21,21:00:00
2024-01-04,3.2,0,22,22:00:00
2024-01-04,3,0,23,23:00:00
2024-01-05,3,0,0,0:00:00
2024-01-05,2.8,0,1,1:00:00
2024-01-05,2.8,0.2,2,2:00:00
2024-01-05,2.8,0.1,3,3:00:00
2024-01-05,2.7,0.7,4,4:00:00
2024-01-05,2.9,0.2,5,5:00:00
2024-01-05,3,0.1,6,6:00:00
2024-01-05,3.3,0,7,7:00:00
2024-01-05,3.5,0,8,8:00:00
2024-01-05,3.8,0,9,9:00:00
2024-01-05,3.9,0.1,10,10:00:00
2024-01-05,4.4,2.2,11,11:00:00
2024-01-05,4.9,1.2,12,12:00:00
2024-01-05,5.8,1.2,13,13:00:00
2024-01-05,6.8,0.2,14,14:00:00
2024-01-05,6.1,0.7,15,15:00:00
2024-01-05,5.8,0.6,16,16:00:00
2024-01-05,5.8,0.9,17,17:00:00
2024-01-05,5.7,0.9,18,18:00:00
2024-01-05,5.3,0.1,19,19:00:00
2024-01-05,5.2,0.1,20,20:00:00
2024-01-05,5.1,0.1,21,21:00:00
2024-01-05,4.8,0,22,22:00:00
2024-01-05,3.7,0,23,23:00:00
2024-01-06,3,0,0,0:00:00
2024-01-06,2.3,0.1,1,1:00:00
2024-01-06,2.1,0.1,2,2:00:00
2024-01-06,1.7,0,3,3:00:00
2024-01-06,1.5,0,4,4:00:00
2024-01-06,1.1,0.1,5,5:00:00
2024-01-06,0.9,0.1,6,6:00:00
2024-01-06,0.6,0.1,7,7:00:00
2024-01-06,0.4,0.1,8,8:00:00
2024-01-06,0.3,0,9,9:00:00
2024-01-06,0.3,0,10,10:00:00
2024-01-06,0.6,0,11,11:00:00
2024-01-06,0.6,0,12,12:00:00
2024-01-06,0.8,0,13,13:00:00
2024-01-06,0.5,0,14,14:00:00
2024-01-06,0.3,0.1,15,15:00:00
2024-01-06,0.3,0.2,16,16:00:00
2024-01-06,0.1,0.1,17,17:00:00
2024-01-06,-0.2,0.1,18,18:00:00
2024-01-06,-0.5,0.4,19,19:00:00
2024-01-06,-0.4,0.2,20,20:00:00
2024-01-06,-0.3,0.1,21,21:00:00
2024-01-06,-0.4,0,22,22:00:00
2024-01-06,-0.4,0.1,23,23:00:00
2024-01-07,-0.4,0,0,0:00:00
2024-01-07,-0.6,0,1,1:00:00
2024-01-07,-0.6,0,2,2:00:00
2024-01-07,-0.7,0,3,3:00:00
2024-01-07,-0.8,0,4,4:00:00
2024-01-07,-0.9,0,5,5:00:00
2024-01-07,-1.1,0,6,6:00:00
2024-01-07,-1.3,0,7,7:00:00
2024-01-07,-1.3,0,8,8:00:00
2024-01-07,-1.3,0,9,9:00:00
2024-01-07,-1.6,0,10,10:00:00
2024-01-07,-1.1,0,11,11:00:00
2024-01-07,-0.8,0,12,12:00:00
2024-01-07,-0.2,0,13,13:00:00
2024-01-07,0.4,0,14,14:00:00
2024-01-07,0.4,0,15,15:00:00
2024-01-07,-0.2,0,16,16:00:00
2024-01-07,-0.5,0,17,17:00:00
2024-01-07,-0.9,0,18,18:00:00
2024-01-07,-1.4,0,19,19:00:00
2024-01-07,-1.9,0,20,20:00:00
2024-01-07,-2.3,0,21,21:00:00
2024-01-07,-2.3,0,22,22:00:00
2024-01-07,-2.8,0,23,23:00:00
2024-01-08,-2.5,0,0,0:00:00
2024-01-08,-2.7,0,1,1:00:00
2024-01-08,-2.9,0,2,2:00:00
2024-01-08,-2.9,0,3,3:00:00
2024-01-08,-2.7,0,4,4:00:00
2024-01-08,-2.2,0,5,5:00:00
2024-01-08,-2.5,0,6,6:00:00
2024-01-08,-2.7,0,7,7:00:00
2024-01-08,-2.2,0,8,8:00:00
2024-01-08,-2.2,0,9,9:00:00
2024-01-08,-2.2,0,10,10:00:00
2024-01-08,-1.5,0,11,11:00:00
2024-01-08,-1.1,0,12,12:00:00
2024-01-08,-0.8,0,13,13:00:00
2024-01-08,-0.6,0,14,14:00:00
2024-01-08,-0.3,0,15,15:00:00
2024-01-08,-0.7,0,16,16:00:00
2024-01-08,-1,0,17,17:00:00
2024-01-08,-1.5,0,18,18:00:00
2024-01-08,-1.7,0,19,19:00:00
2024-01-08,-1.8,0,20,20:00:00
2024-01-08,-2,0,21,21:00:00
2024-01-08,-2.4,0,22,22:00:00
2024-01-08,-2.5,0,23,23:00:00
2024-01-09,-2.7,0,0,0:00:00
2024-01-09,-3,0,1,1:00:00
2024-01-09,-3.3,0,2,2:00:00
2024-01-09,-3.7,0,3,3:00:00
2024-01-09,-4.1,0,4,4:00:00
2024-01-09,-4.3,0,5,5:00:00
2024-01-09,-4.6,0,6,6:00:00
2024-01-09,-4.8,0,7,7:00:00
2024-01-09,-5.2,0,8,8:00:00
2024-01-09,-5.5,0,9,9:00:00
2024-01-09,-5.8,0,10,10:00:00
2024-01-09,-5.5,0,11,11:00:00
2024-01-09,-4.8,0,12,12:00:00
2024-01-09,-4,0,13,13:00:00
2024-01-09,-2.7,0,14,14:00:00
2024-01-09,-2.3,0,15,15:00:00
2024-01-09,-2.3,0,16,16:00:00
2024-01-09,-2.2,0,17,17:00:00
2024-01-09,-3,0,18,18:00:00
2024-01-09,-3.6,0,19,19:00:00
2024-01-09,-3.8,0,20,20:00:00
2024-01-09,-4.3,0,21,21:00:00
2024-01-09,-4.6,0,22,22:00:00
2024-01-09,-4.7,0,23,23:00:00
2024-01-10,-4.7,0,0,0:00:00
2024-01-10,-4.8,0,1,1:00:00
2024-01-10,-5,0,2,2:00:00
2024-01-10,-5,0,3,3:00:00
2024-01-10,-5.1,0,4,4:00:00
2024-01-10,-5.2,0,5,5:00:00
2024-01-10,-5.2,0,6,6:00:00
2024-01-10,-5.2,0,7,7:00:00
2024-01-10,-5.3,0,8,8:00:00
2024-01-10,-5.4,0,9,9:00:00
2024-01-10,-5.5,0,10,10:00:00
2024-01-10,-5.1,0,11,11:00:00
2024-01-10,-4.1,0,12,12:00:00
2024-01-10,-3.2,0,13,13:00:00
2024-01-10,-1.8,0,14,14:00:00
2024-01-10,-1.4,0,15,15:00:00
2024-01-10,-1.5,0,16,16:00:00
2024-01-10,-1.6,0,17,17:00:00
2024-01-10,-2.7,0,18,18:00:00
2024-01-10,-3.3,0,19,19:00:00
2024-01-10,-3.8,0,20,20:00:00
2024-01-10,-4.3,0,21,21:00:00
2024-01-10,-4.8,0,22,22:00:00
2024-01-10,-5.2,0,23,23:00:00
2024-01-11,-5.4,0,0,0:00:00
2024-01-11,-5.6,0,1,1:00:00
2024-01-11,-5.8,0,2,2:00:00
2024-01-11,-5.9,0,3,3:00:00
2024-01-11,-6.1,0,4,4:00:00
2024-01-11,-6.4,0,5,5:00:00
2024-01-11,-6.4,0,6,6:00:00
2024-01-11,-6.5,0,7,7:00:00
2024-01-11,-6.4,0,8,8:00:00
2024-01-11,-5.7,0,9,9:00:00
2024-01-11,-4.4,0,10,10:00:00
2024-01-11,-3,0,11,11:00:00
2024-01-11,-1.9,0,12,12:00:00
2024-01-11,-0.7,0,13,13:00:00
2024-01-11,0.4,0,14,14:00:00
2024-01-11,0.9,0,15,15:00:00
2024-01-11,1,0,16,16:00:00
2024-01-11,0.7,0,17,17:00:00
2024-01-11,0.6,0,18,18:00:00
2024-01-11,0.6,0,19,19:00:00
2024-01-11,0.2,0,20,20:00:00
2024-01-11,0.1,0,21,21:00:00
2024-01-11,-0.4,0,22,22:00:00
2024-01-11,-0.8,0,23,23:00:00
2024-01-12,-0.6,0,0,0:00:00
2024-01-12,-0.4,0,1,1:00:00
2024-01-12,-0.3,0,2,2:00:00
2024-01-12,-0.1,0,3,3:00:00
2024-01-12,-0.1,0,4,4:00:00
2024-01-12,0.6,0,5,5:00:00
2024-01-12,0.5,0,6,6:00:00
2024-01-12,0.6,0,7,7:00:00
2024-01-12,0.9,0,8,8:00:00
2024-01-12,1,0,9,9:00:00
2024-01-12,1.2,0,10,10:00:00
2024-01-12,1.6,0,11,11:00:00
2024-01-12,2.3,0,12,12:00:00
2024-01-12,3,0,13,13:00:00
2024-01-12,3.7,0,14,14:00:00
2024-01-12,4,0,15,15:00:00
2024-01-12,4,0,16,16:00:00
2024-01-12,3.5,0,17,17:00:00
2024-01-12,3.2,0,18,18:00:00
2024-01-12,2.9,0,19,19:00:00
2024-01-12,2.8,0,20,20:00:00
2024-01-12,2.7,0,21,21:00:00
2024-01-12,2.5,0,22,22:00:00
2024-01-12,2.5,0,23,23:00:00
2024-01-13,2.3,0,0,0:00:00
2024-01-13,2.2,0,1,1:00:00
2024-01-13,2.3,0,2,2:00:00
2024-01-13,2.5,0,3,3:00:00
2024-01-13,2.4,0,4,4:00:00
2024-01-13,2.3,0,5,5:00:00
2024-01-13,2.5,0,6,6:00:00
2024-01-13,2.6,0,7,7:00:00
2024-01-13,2.7,0,8,8:00:00
2024-01-13,2.7,0.1,9,9:00:00
2024-01-13,3,0,10,10:00:00
2024-01-13,3.5,0,11,11:00:00
2024-01-13,3.5,0,12,12:00:00
2024-01-13,3.6,0,13,13:00:00
2024-01-13,3.8,0,14,14:00:00
2024-01-13,4.1,0,15,15:00:00
2024-01-13,4.2,0,16,16:00:00
2024-01-13,4.2,0,17,17:00:00
2024-01-13,4.1,0,18,18:00:00
2024-01-13,4.1,0,19,19:00:00
2024-01-13,4,0,20,20:00:00
2024-01-13,3.8,0,21,21:00:00
2024-01-13,3.8,0,22,22:00:00
2024-01-13,3.6,0,23,23:00:00
2024-01-14,3.5,0,0,0:00:00
2024-01-14,3.7,0.1,1,1:00:00
2024-01-14,3.9,0.2,2,2:00:00
2024-01-14,3.5,0,3,3:00:00
2024-01-14,3.1,0,4,4:00:00
2024-01-14,3.2,0,5,5:00:00
2024-01-14,3.5,0.1,6,6:00:00
2024-01-14,3.3,0,7,7:00:00
2024-01-14,3.2,0.1,8,8:00:00
2024-01-14,2.8,0,9,9:00:00
2024-01-14,2.8,0,10,10:00:00
2024-01-14,3.2,0.1,11,11:00:00
2024-01-14,3.6,0,12,12:00:00
2024-01-14,4.2,0,13,13:00:00
2024-01-14,4.4,0,14,14:00:00
2024-01-14,4.6,0,15,15:00:00
2024-01-14,4.2,0,16,16:00:00
2024-01-14,2.8,0.3,17,17:00:00
2024-01-14,2.5,0,18,18:00:00
2024-01-14,2,0.1,19,19:00:00
2024-01-14,1.8,0.2,20,20:00:00
2024-01-14,2.7,0.2,21,21:00:00
2024-01-14,2.5,0.3,22,22:00:00
2024-01-14,2.3,0.2,23,23:00:00
2024-01-15,2.1,0.2,0,0:00:00
2024-01-15,1.8,0,1,1:00:00
2024-01-15,1.3,0,2,2:00:00
2024-01-15,0.9,0,3,3:00:00
2024-01-15,1.1,0,4,4:00:00
2024-01-15,1.4,0,5,5:00:00
2024-01-15,1.7,0,6,6:00:00
2024-01-15,1.6,0,7,7:00:00
2024-01-15,1.4,0,8,8:00:00
2024-01-15,1.4,0,9,9:00:00
2024-01-15,1.3,0,10,10:00:00
2024-01-15,1.4,0,11,11:00:00
2024-01-15,2,0,12,12:00:00
2024-01-15,2.4,0.3,13,13:00:00
2024-01-15,2.3,0.3,14,14:00:00
2024-01-15,2.3,0.3,15,15:00:00
2024-01-15,2.2,0.4,16,16:00:00
2024-01-15,1.6,0,17,17:00:00
2024-01-15,1.6,0,18,18:00:00
2024-01-15,1.4,0.1,19,19:00:00
2024-01-15,0.9,0,20,20:00:00
2024-01-15,1,0,21,21:00:00
2024-01-15,0.9,0,22,22:00:00
2024-01-15,0.8,0,23,23:00:00
2024-01-16,0.6,0,0,0:00:00
2024-01-16,0.1,0,1,1:00:00
2024-01-16,0,0,2,2:00:00
2024-01-16,-0.2,0,3,3:00:00
2024-01-16,-0.3,0,4,4:00:00
2024-01-16,-1.2,0,5,5:00:00
2024-01-16,-1.1,0,6,6:00:00
2024-01-16,-1,0,7,7:00:00
2024-01-16,-0.9,0,8,8:00:00
2024-01-16,-1.2,0,9,9:00:00
2024-01-16,-1.1,0,10,10:00:00
2024-01-16,-0.5,0,11,11:00:00
2024-01-16,-0.1,0,12,12:00:00
2024-01-16,0.4,0,13,13:00:00
2024-01-16,0.6,0.1,14,14:00:00
2024-01-16,1,0,15,15:00:00
2024-01-16,0.9,0,16,16:00:00
2024-01-16,0.8,0,17,17:00:00
2024-01-16,0.3,0,18,18:00:00
2024-01-16,0,0,19,19:00:00
2024-01-16,-0.4,0,20,20:00:00
2024-01-16,-0.6,0,21,21:00:00
2024-01-16,-0.8,0,22,22:00:00
2024-01-16,-0.7,0,23,23:00:00
2024-01-17,-0.9,0,0,0:00:00
2024-01-17,-1.1,0,1,1:00:00
2024-01-17,-1.1,0,2,2:00:00
2024-01-17,-1.4,0,3,3:00:00
2024-01-17,-1.6,0,4,4:00:00
2024-01-17,-1.6,0,5,5:00:00
2024-01-17,-1.9,0,6,6:00:00
2024-01-17,-2,0,7,7:00:00
2024-01-17,-2,0,8,8:00:00
2024-01-17,-2.2,0,9,9:00:00
2024-01-17,-2.5,0,10,10:00:00
2024-01-17,-2.4,0,11,11:00:00
2024-01-17,-1.9,0,12,12:00:00
2024-01-17,-1.2,0,13,13:00:00
2024-01-17,-0.9,0,14,14:00:00
2024-01-17,-0.6,0,15,15:00:00
2024-01-17,-0.5,0,16,16:00:00
2024-01-17,-0.7,0,17,17:00:00
2024-01-17,-0.8,0,18,18:00:00
2024-01-17,-0.9,0,19,19:00:00
2024-01-17,-1.2,0,20,20:00:00
2024-01-17,-1.5,0,21,21:00:00
2024-01-17,-1.6,0,22,22:00:00
2024-01-17,-1.8,0,23,23:00:00
2024-01-18,-2,0,0,0:00:00
2024-01-18,-1.6,0,1,1:00:00
2024-01-18,-2.2,0,2,2:00:00
2024-01-18,-2.2,0,3,3:00:00
2024-01-18,-2.5,0,4,4:00:00
2024-01-18,-3.4,0,5,5:00:00
2024-01-18,-3.5,0,6,6:00:00
2024-01-18,-3.6,0,7,7:00:00
2024-01-18,-4.2,0,8,8:00:00
2024-01-18,-3.9,0,9,9:00:00
2024-01-18,-4.1,0,10,10:00:00
2024-01-18,-3.3,0,11,11:00:00
2024-01-18,-1.6,0,12,12:00:00
2024-01-18,0,0,13,13:00:00
2024-01-18,1.2,0.1,14,14:00:00
2024-01-18,2.1,0,15,15:00:00
2024-01-18,2.2,0,16,16:00:00
2024-01-18,1.2,0,17,17:00:00
2024-01-18,0.3,0,18,18:00:00
2024-01-18,-0.1,0,19,19:00:00
2024-01-18,-1.5,0,20,20:00:00
2024-01-18,-1.8,0,21,21:00:00
2024-01-18,-1.8,0,22,22:00:00
2024-01-18,-1.7,0,23,23:00:00
2024-01-19,-1.5,0,0,0:00:00
2024-01-19,-0.9,0.2,1,1:00:00
2024-01-19,-1,0.2,2,2:00:00
2024-01-19,-1.2,0,3,3:00:00
2024-01-19,-1.6,0.1,4,4:00:00
2024-01-19,-1.5,0.1,5,5:00:00
2024-01-19,-1.4,0,6,6:00:00
2024-01-19,-1.5,0,7,7:00:00
2024-01-19,-1.8,0,8,8:00:00
2024-01-19,-1.9,0,9,9:00:00
2024-01-19,-1.8,0.2,10,10:00:00
2024-01-19,-1.3,0,11,11:00:00
2024-01-19,-0.2,0,12,12:00:00
2024-01-19,1,0,13,13:00:00
2024-01-19,2.2,0,14,14:00:00
2024-01-19,2.6,0,15,15:00:00
2024-01-19,2.5,0,16,16:00:00
2024-01-19,2.7,0,17,17:00:00
2024-01-19,1.7,0,18,18:00:00
2024-01-19,1.2,0,19,19:00:00
2024-01-19,1.1,0,20,20:00:00
2024-01-19,0.9,0,21,21:00:00
2024-01-19,0.7,0,22,22:00:00
2024-01-19,0.6,0,23,23:00:00
2024-01-20,0.5,0,0,0:00:00
2024-01-20,0.4,0,1,1:00:00
2024-01-20,0.3,0,2,2:00:00
2024-01-20,0.2,0,3,3:00:00
2024-01-20,0.1,0,4,4:00:00
2024-01-20,-0.2,0,5,5:00:00
2024-01-20,-0.3,0,6,6:00:00
2024-01-20,-0.6,0,7,7:00:00
2024-01-20,-1,0,8,8:00:00
2024-01-20,-1.3,0,9,9:00:00
2024-01-20,-1.2,0,10,10:00:00
2024-01-20,-0.8,0,11,11:00:00
2024-01-20,-0.3,0,12,12:00:00
2024-01-20,0.5,0,13,13:00:00
2024-01-20,1.4,0,14,14:00:00
2024-01-20,1.7,0,15,15:00:00
2024-01-20,1.9,0,16,16:00:00
2024-01-20,1.1,0,17,17:00:00
2024-01-20,0.2,0,18,18:00:00
2024-01-20,-0.1,0,19,19:00:00
2024-01-20,-0.2,0,20,20:00:00
2024-01-20,-0.3,0,21,21:00:00
2024-01-20,-0.2,0,22,22:00:00
2024-01-20,-0.2,0,23,23:00:00
2024-01-21,-0.2,0,0,0:00:00
2024-01-21,-0.2,0,1,1:00:00
2024-01-21,0.2,0,2,2:00:00
2024-01-21,0.3,0,3,3:00:00
2024-01-21,0.6,0,4,4:00:00
2024-01-21,1,0,5,5:00:00
2024-01-21,1,0,6,6:00:00
2024-01-21,1,0,7,7:00:00
2024-01-21,2,0,8,8:00:00
2024-01-21,1.9,0,9,9:00:00
2024-01-21,1.5,0,10,10:00:00
2024-01-21,1.6,0,11,11:00:00
2024-01-21,1.8,0.1,12,12:00:00
2024-01-21,2.4,0,13,13:00:00
2024-01-21,3.1,0.2,14,14:00:00
2024-01-21,3.5,0,15,15:00:00
2024-01-21,3.8,0,16,16:00:00
2024-01-21,4,0,17,17:00:00
2024-01-21,4.1,0,18,18:00:00
2024-01-21,4.1,0,19,19:00:00
2024-01-21,4.2,0,20,20:00:00
2024-01-21,4.4,0,21,21:00:00
2024-01-21,4.6,0,22,22:00:00
2024-01-21,4.9,0,23,23:00:00
2024-01-22,5.2,0,0,0:00:00
2024-01-22,5.8,0.8,1,1:00:00
2024-01-22,6.6,0.6,2,2:00:00
2024-01-22,7.2,0.4,3,3:00:00
2024-01-22,7.8,0.2,4,4:00:00
2024-01-22,8.4,1.2,5,5:00:00
2024-01-22,8.6,1.4,6,6:00:00
2024-01-22,9.2,0.3,7,7:00:00
2024-01-22,9.8,0.1,8,8:00:00
2024-01-22,10.6,0.5,9,9:00:00
2024-01-22,10.5,2.3,10,10:00:00
2024-01-22,10.6,2.4,11,11:00:00
2024-01-22,10.1,1.8,12,12:00:00
2024-01-22,9.7,0.8,13,13:00:00
2024-01-22,10.1,0,14,14:00:00
2024-01-22,9.6,0,15,15:00:00
2024-01-22,9,0,16,16:00:00
2024-01-22,8.9,0,17,17:00:00
2024-01-22,8.2,0,18,18:00:00
2024-01-22,7.8,0,19,19:00:00
2024-01-22,8,0,20,20:00:00
2024-01-22,7.3,0.1,21,21:00:00
2024-01-22,7.1,0.1,22,22:00:00
2024-01-22,7,0.1,23,23:00:00
2024-01-23,6.8,0.1,0,0:00:00
2024-01-23,6.7,0.1,1,1:00:00
2024-01-23,6.7,0.3,2,2:00:00
2024-01-23,6.7,0,3,3:00:00
2024-01-23,6.4,0,4,4:00:00
2024-01-23,6.2,0,5,5:00:00
2024-01-23,6.1,0,6,6:00:00
2024-01-23,5.9,0,7,7:00:00
2024-01-23,6.4,0,8,8:00:00
2024-01-23,6.2,0,9,9:00:00
2024-01-23,5.9,0,10,10:00:00
2024-01-23,6.1,0,11,11:00:00
2024-01-23,6.5,0,12,12:00:00
2024-01-23,7,0,13,13:00:00
2024-01-23,7.6,0,14,14:00:00
2024-01-23,7.7,0,15,15:00:00
2024-01-23,7.3,0,16,16:00:00
2024-01-23,7.2,0,17,17:00:00
2024-01-23,6.8,0.2,18,18:00:00
2024-01-23,6.8,0.8,19,19:00:00
2024-01-23,7.1,0.6,20,20:00:00
2024-01-23,7.3,0.6,21,21:00:00
2024-01-23,7.6,0.7,22,22:00:00
2024-01-23,8.5,0.7,23,23:00:00
2024-01-24,9.5,1.3,0,0:00:00
2024-01-24,10.9,0,1,1:00:00
2024-01-24,11.8,0,2,2:00:00
2024-01-24,12.4,0,3,3:00:00
2024-01-24,12.1,0,4,4:00:00
2024-01-24,12.1,0.1,5,5:00:00
2024-01-24,11.4,0,6,6:00:00
2024-01-24,10.9,0,7,7:00:00
2024-01-24,10.8,0,8,8:00:00
2024-01-24,9.9,0,9,9:00:00
2024-01-24,9.6,0,10,10:00:00
2024-01-24,10.1,0,11,11:00:00
2024-01-24,10.1,0,12,12:00:00
2024-01-24,10.1,0,13,13:00:00
2024-01-24,10.1,0,14,14:00:00
2024-01-24,9.6,0,15,15:00:00
2024-01-24,9.4,0,16,16:00:00
2024-01-24,9.2,0,17,17:00:00
2024-01-24,8.6,0,18,18:00:00
2024-01-24,8.2,0,19,19:00:00
2024-01-24,8.1,0,20,20:00:00
2024-01-24,7.7,0,21,21:00:00
2024-01-24,7.2,0,22,22:00:00
2024-01-24,7.1,0,23,23:00:00
2024-01-25,6.8,0,0,0:00:00
2024-01-25,6.4,0,1,1:00:00
2024-01-25,6.8,0,2,2:00:00
2024-01-25,6.3,0,3,3:00:00
2024-01-25,5.7,0,4,4:00:00
2024-01-25,5.6,0,5,5:00:00
2024-01-25,5,0,6,6:00:00
2024-01-25,4.6,0,7,7:00:00
2024-01-25,4,0,8,8:00:00
2024-01-25,3.6,0,9,9:00:00
2024-01-25,3.5,0,10,10:00:00
2024-01-25,4.1,0,11,11:00:00
2024-01-25,4.9,0,12,12:00:00
2024-01-25,5.9,0,13,13:00:00
2024-01-25,6.9,0,14,14:00:00
2024-01-25,7.4,0,15,15:00:00
2024-01-25,7.6,0,16,16:00:00
2024-01-25,7.3,0,17,17:00:00
2024-01-25,6.8,0,18,18:00:00
2024-01-25,6.4,0,19,19:00:00
2024-01-25,6.7,0,20,20:00:00
2024-01-25,6.8,0,21,21:00:00
2024-01-25,6.8,0,22,22:00:00
2024-01-25,7.1,0.2,23,23:00:00
2024-01-26,7.3,0,0,0:00:00
2024-01-26,7.8,0,1,1:00:00
2024-01-26,7.9,0,2,2:00:00
2024-01-26,8.4,0,3,3:00:00
2024-01-26,8.8,0,4,4:00:00
2024-01-26,9.1,0,5,5:00:00
2024-01-26,9.2,0,6,6:00:00
2024-01-26,9.5,0.1,7,7:00:00
2024-01-26,10.2,0.2,8,8:00:00
2024-01-26,10.2,1.4,9,9:00:00
2024-01-26,10.3,1.9,10,10:00:00
2024-01-26,10.5,0,11,11:00:00
2024-01-26,9.8,1.3,12,12:00:00
2024-01-26,8.6,0.4,13,13:00:00
2024-01-26,8.1,0,14,14:00:00
2024-01-26,7.8,0.1,15,15:00:00
2024-01-26,7.7,0.1,16,16:00:00
2024-01-26,7.3,0,17,17:00:00
2024-01-26,6.7,0,18,18:00:00
2024-01-26,6,0,19,19:00:00
2024-01-26,5.8,0,20,20:00:00
2024-01-26,5.2,0,21,21:00:00
2024-01-26,4.5,0,22,22:00:00
2024-01-26,4,0,23,23:00:00
2024-01-27,3.6,0,0,0:00:00
2024-01-27,3.3,0,1,1:00:00
2024-01-27,3.1,0,2,2:00:00
2024-01-27,3,0,3,3:00:00
2024-01-27,2.8,0,4,4:00:00
2024-01-27,2.5,0,5,5:00:00
2024-01-27,2.2,0,6,6:00:00
2024-01-27,2,0,7,7:00:00
2024-01-27,2,0,8,8:00:00
2024-01-27,1.9,0,9,9:00:00
2024-01-27,1.7,0,10,10:00:00
2024-01-27,2.7,0,11,11:00:00
2024-01-27,4,0,12,12:00:00
2024-01-27,5.2,0,13,13:00:00
2024-01-27,6.9,0,14,14:00:00
2024-01-27,7.3,0,15,15:00:00
2024-01-27,7.4,0,16,16:00:00
2024-01-27,7.4,0,17,17:00:00
2024-01-27,5.9,0,18,18:00:00
2024-01-27,4.7,0,19,19:00:00
2024-01-27,3.3,0,20,20:00:00
2024-01-27,2.7,0,21,21:00:00
2024-01-27,2.2,0,22,22:00:00
2024-01-27,1.4,0,23,23:00:00
2024-01-28,1.2,0,0,0:00:00
2024-01-28,1,0,1,1:00:00
2024-01-28,0.7,0,2,2:00:00
2024-01-28,0.6,0,3,3:00:00
2024-01-28,0.8,0,4,4:00:00
2024-01-28,0.8,0,5,5:00:00
2024-01-28,0.8,0,6,6:00:00
2024-01-28,0.7,0,7,7:00:00
2024-01-28,0.3,0,8,8:00:00
2024-01-28,0.2,0,9,9:00:00
2024-01-28,0.2,0,10,10:00:00
2024-01-28,1.2,0,11,11:00:00
2024-01-28,2.8,0,12,12:00:00
2024-01-28,4.7,0,13,13:00:00
2024-01-28,6.8,0,14,14:00:00
2024-01-28,7.9,0,15,15:00:00
2024-01-28,8.1,0,16,16:00:00
2024-01-28,7.9,0,17,17:00:00
2024-01-28,6.7,0,18,18:00:00
2024-01-28,5.8,0,19,19:00:00
2024-01-28,5.9,0,20,20:00:00
2024-01-28,6,0,21,21:00:00
2024-01-28,6.2,0,22,22:00:00
2024-01-28,6.3,0,23,23:00:00
2024-01-29,6.2,0,0,0:00:00
2024-01-29,6.1,0,1,1:00:00
2024-01-29,5.8,0,2,2:00:00
2024-01-29,5.2,0,3,3:00:00
2024-01-29,4.8,0,4,4:00:00
2024-01-29,4.2,0,5,5:00:00
2024-01-29,3.8,0,6,6:00:00
2024-01-29,3.6,0,7,7:00:00
2024-01-29,3.6,0,8,8:00:00
2024-01-29,3.5,0,9,9:00:00
2024-01-29,3.7,0,10,10:00:00
2024-01-29,4.9,0,11,11:00:00
2024-01-29,6.2,0,12,12:00:00
2024-01-29,7.5,0,13,13:00:00
2024-01-29,8.8,0,14,14:00:00
2024-01-29,9.4,0,15,15:00:00
2024-01-29,9.6,0,16,16:00:00
2024-01-29,9.4,0,17,17:00:00
2024-01-29,8.6,0,18,18:00:00
2024-01-29,8.1,0,19,19:00:00
2024-01-29,7.8,0,20,20:00:00
2024-01-29,7,0,21,21:00:00
2024-01-29,6.5,0,22,22:00:00
2024-01-29,6.4,0,23,23:00:00
2024-01-30,6.3,0,0,0:00:00
2024-01-30,6.2,0,1,1:00:00
2024-01-30,6.4,0,2,2:00:00
2024-01-30,6.6,0,3,3:00:00
2024-01-30,6.3,0,4,4:00:00
2024-01-30,6.5,0,5,5:00:00
2024-01-30,6.3,0,6,6:00:00
2024-01-30,6.7,0,7,7:00:00
2024-01-30,7.4,0.1,8,8:00:00
2024-01-30,7.6,0,9,9:00:00
2024-01-30,7.8,0.1,10,10:00:00
2024-01-30,8.2,0.5,11,11:00:00
2024-01-30,8.9,0,12,12:00:00
2024-01-30,9.6,0,13,13:00:00
2024-01-30,10.8,0,14,14:00:00
2024-01-30,10.8,0,15,15:00:00
2024-01-30,9.8,0,16,16:00:00
2024-01-30,9.3,0,17,17:00:00
2024-01-30,8.6,0,18,18:00:00
2024-01-30,8.1,0,19,19:00:00
2024-01-30,7.6,0,20,20:00:00
2024-01-30,7,0,21,21:00:00
2024-01-30,6.5,0,22,22:00:00
2024-01-30,6.3,0.1,23,23:00:00
2024-01-31,5.9,0,0,0:00:00
2024-01-31,5.6,0,1,1:00:00
2024-01-31,5.2,0,2,2:00:00
2024-01-31,4.9,0,3,3:00:00
2024-01-31,4.6,0,4,4:00:00
2024-01-31,4.2,0,5,5:00:00
2024-01-31,3.6,0,6,6:00:00
2024-01-31,3.1,0,7,7:00:00
2024-01-31,3.2,0,8,8:00:00
2024-01-31,2.5,0,9,9:00:00
2024-01-31,2.2,0,10,10:00:00
2024-01-31,4.3,0,11,11:00:00
2024-01-31,5.3,0,12,12:00:00
2024-01-31,6.3,0,13,13:00:00
2024-01-31,6.7,0,14,14:00:00
2024-01-31,7.1,0,15,15:00:00
2024-01-31,7.2,0,16,16:00:00
2024-01-31,6.7,0,17,17:00:00
2024-01-31,6.4,0,18,18:00:00
2024-01-31,5.9,0,19,19:00:00
2024-01-31,6.1,0,20,20:00:00
2024-01-31,5.9,0,21,21:00:00
2024-01-31,5.6,0,22,22:00:00
2024-01-31,6.2,0,23,23:00:00
2024-02-01,6.3,0,0,0:00:00
2024-02-01,6.2,1,1,1:00:00
2024-02-01,6.2,1.9,2,2:00:00
2024-02-01,6.8,0.8,3,3:00:00
2024-02-01,7.8,0,4,4:00:00
2024-02-01,7.3,0,5,5:00:00
2024-02-01,6.1,0,6,6:00:00
2024-02-01,4.8,0,7,7:00:00
2024-02-01,4.1,0,8,8:00:00
2024-02-01,3.5,0,9,9:00:00
2024-02-01,3.3,0,10,10:00:00
2024-02-01,4.3,0,11,11:00:00
2024-02-01,5.8,0,12,12:00:00
2024-02-01,6.8,0,13,13:00:00
2024-02-01,7.7,0,14,14:00:00
2024-02-01,7.8,0,15,15:00:00
2024-02-01,7.8,0,16,16:00:00
2024-02-01,7.4,0,17,17:00:00
2024-02-01,6.5,0,18,18:00:00
2024-02-01,5.7,0,19,19:00:00
2024-02-01,5.3,0,20,20:00:00
2024-02-01,4.7,0,21,21:00:00
2024-02-01,4.1,0,22,22:00:00
2024-02-01,4.9,0,23,23:00:00
2024-02-02,4.9,0,0,0:00:00
2024-02-02,4.8,0,1,1:00:00
2024-02-02,5.2,0,2,2:00:00
2024-02-02,5.3,0,3,3:00:00
2024-02-02,5.2,0,4,4:00:00
2024-02-02,5.2,0.2,5,5:00:00
2024-02-02,5.4,0.1,6,6:00:00
2024-02-02,5.6,0,7,7:00:00
2024-02-02,5.7,0,8,8:00:00
2024-02-02,5.8,0,9,9:00:00
2024-02-02,5.8,0,10,10:00:00
2024-02-02,5.9,0,11,11:00:00
2024-02-02,6.7,0,12,12:00:00
2024-02-02,7.5,0,13,13:00:00
2024-02-02,8.1,0,14,14:00:00
2024-02-02,8.4,0,15,15:00:00
2024-02-02,8.6,0,16,16:00:00
2024-02-02,8.4,0,17,17:00:00
2024-02-02,8.3,0,18,18:00:00
2024-02-02,8.4,0,19,19:00:00
2024-02-02,8.4,0,20,20:00:00
2024-02-02,8.7,0,21,21:00:00
2024-02-02,9.1,0,22,22:00:00
2024-02-02,9.1,0,23,23:00:00
2024-02-03,8.9,0,0,0:00:00
2024-02-03,8.8,0,1,1:00:00
2024-02-03,9.2,0,2,2:00:00
2024-02-03,9.4,0,3,3:00:00
2024-02-03,9.6,0,4,4:00:00
2024-02-03,9.8,0,5,5:00:00
2024-02-03,9.9,0,6,6:00:00
2024-02-03,9.9,0,7,7:00:00
2024-02-03,9.8,0,8,8:00:00
2024-02-03,9.8,0,9,9:00:00
2024-02-03,9.7,0,10,10:00:00
2024-02-03,9.8,0,11,11:00:00
2024-02-03,10.1,0,12,12:00:00
2024-02-03,10.6,0,13,13:00:00
2024-02-03,10.9,0,14,14:00:00
2024-02-03,10.8,0.2,15,15:00:00
2024-02-03,10.6,0.2,16,16:00:00
2024-02-03,10.2,0.2,17,17:00:00
2024-02-03,10,0.1,18,18:00:00
2024-02-03,9.7,0.1,19,19:00:00
2024-02-03,9.4,0.1,20,20:00:00
2024-02-03,9.1,0.1,21,21:00:00
2024-02-03,8.7,0.1,22,22:00:00
2024-02-03,8.4,0.1,23,23:00:00
2024-02-04,8.3,0,0,0:00:00
2024-02-04,8.2,0,1,1:00:00
2024-02-04,8.1,0,2,2:00:00
2024-02-04,7.8,0,3,3:00:00
2024-02-04,7.3,0,4,4:00:00
2024-02-04,7,0,5,5:00:00
2024-02-04,6.8,0,6,6:00:00
2024-02-04,6.5,0,7,7:00:00
2024-02-04,6.5,0,8,8:00:00
2024-02-04,6.9,0.1,9,9:00:00
2024-02-04,7.6,0.1,10,10:00:00
2024-02-04,8.1,0.1,11,11:00:00
2024-02-04,8.6,0.2,12,12:00:00
2024-02-04,8.9,0.2,13,13:00:00
2024-02-04,9.1,0.2,14,14:00:00
2024-02-04,9.1,0.2,15,15:00:00
2024-02-04,8.7,0.2,16,16:00:00
2024-02-04,8.5,0.2,17,17:00:00
2024-02-04,8.6,0.6,18,18:00:00
2024-02-04,8.8,0.6,19,19:00:00
2024-02-04,9.1,0.6,20,20:00:00
2024-02-04,9.4,0.6,21,21:00:00
2024-02-04,9.7,0.6,22,22:00:00
2024-02-04,9.9,0.6,23,23:00:00
2024-02-05,10.1,0,0,0:00:00
2024-02-05,10.1,0,1,1:00:00
2024-02-05,10.2,0,2,2:00:00
2024-02-05,10.3,0,3,3:00:00
2024-02-05,10.4,0,4,4:00:00
2024-02-05,10.4,0,5,5:00:00
2024-02-05,10.1,0,6,6:00:00
2024-02-05,9.7,0,7,7:00:00
2024-02-05,9.4,0,8,8:00:00
2024-02-05,9.1,0,9,9:00:00
2024-02-05,8.9,0,10,10:00:00
2024-02-05,8.8,0,11,11:00:00
2024-02-05,9,0,12,12:00:00
2024-02-05,9.4,0,13,13:00:00
2024-02-05,9.7,0,14,14:00:00
2024-02-05,9.8,0,15,15:00:00
2024-02-05,9.7,0,16,16:00:00
2024-02-05,9.4,0,17,17:00:00
2024-02-05,9.1,0.1,18,18:00:00
2024-02-05,8.5,0.1,19,19:00:00
2024-02-05,8.1,0.1,20,20:00:00
2024-02-05,7.8,0.1,21,21:00:00
2024-02-05,7.7,0.1,22,22:00:00
2024-02-05,7.7,0.1,23,23:00:00
2024-02-06,8,0,0,0:00:00
2024-02-06,8.4,0,1,1:00:00
2024-02-06,8.8,0,2,2:00:00
2024-02-06,9,0,3,3:00:00
2024-02-06,9.1,0,4,4:00:00
2024-02-06,9.1,0,5,5:00:00
2024-02-06,9.2,0.1,6,6:00:00
2024-02-06,9.4,0.1,7,7:00:00
2024-02-06,9.4,0.1,8,8:00:00
2024-02-06,9.4,0.1,9,9:00:00
2024-02-06,9.4,0.1,10,10:00:00
2024-02-06,9.6,0.1,11,11:00:00
2024-02-06,9.9,0.1,12,12:00:00
2024-02-06,10.4,0.1,13,13:00:00
2024-02-06,10.7,0.1,14,14:00:00
2024-02-06,10.8,0.1,15,15:00:00
2024-02-06,10.7,0.1,16,16:00:00
2024-02-06,10.6,0.1,17,17:00:00
2024-02-06,10.4,2.1,18,18:00:00
2024-02-06,10.1,2.1,19,19:00:00
2024-02-06,9.9,2.1,20,20:00:00
2024-02-06,10.1,2.1,21,21:00:00
2024-02-06,10.2,2.1,22,22:00:00
2024-02-06,9.8,2.1,23,23:00:00
2024-02-07,8.2,0.4,0,0:00:00
2024-02-07,6.1,0.4,1,1:00:00
2024-02-07,4.4,0.4,2,2:00:00
2024-02-07,3.9,0.4,3,3:00:00
2024-02-07,3.8,0.4,4,4:00:00
2024-02-07,3.9,0.4,5,5:00:00
2024-02-07,3.9,0,6,6:00:00
2024-02-07,4,0,7,7:00:00
2024-02-07,4.1,0,8,8:00:00
2024-02-07,4.3,0,9,9:00:00
2024-02-07,4.5,0,10,10:00:00
2024-02-07,4.8,0,11,11:00:00
2024-02-07,5.4,0,12,12:00:00
2024-02-07,6.1,0,13,13:00:00
2024-02-07,6.5,0,14,14:00:00
2024-02-07,6.7,0,15,15:00:00
2024-02-07,6.5,0,16,16:00:00
2024-02-07,6.2,0,17,17:00:00
2024-02-07,5.8,0,18,18:00:00
2024-02-07,5.1,0,19,19:00:00
2024-02-07,4.2,0,20,20:00:00
2024-02-07,3,0,21,21:00:00
2024-02-07,1.5,0,22,22:00:00
2024-02-07,0.4,0,23,23:00:00
2024-02-08,0.2,0,0,0:00:00
2024-02-08,0.2,0,1,1:00:00
2024-02-08,0.3,0,2,2:00:00
2024-02-08,0.2,0,3,3:00:00
2024-02-08,-0.1,0,4,4:00:00
2024-02-08,-0.2,0,5,5:00:00
2024-02-08,-0.1,0,6,6:00:00
2024-02-08,0.1,0,7,7:00:00
2024-02-08,0.4,0,8,8:00:00
2024-02-08,0.9,0,9,9:00:00
2024-02-08,1.6,0,10,10:00:00
2024-02-08,2.3,0,11,11:00:00
2024-02-08,3.1,0.5,12,12:00:00
2024-02-08,3.8,0.5,13,13:00:00
2024-02-08,4.1,0.5,14,14:00:00
2024-02-08,3.6,0.5,15,15:00:00
2024-02-08,2.6,0.5,16,16:00:00
2024-02-08,1.8,0.5,17,17:00:00
2024-02-08,1.3,0.5,18,18:00:00
2024-02-08,1,0.5,19,19:00:00
2024-02-08,0.9,0.5,20,20:00:00
2024-02-08,0.9,0.5,21,21:00:00
2024-02-08,1.1,0.5,22,22:00:00
2024-02-08,1.3,0.5,23,23:00:00
2024-02-09,1.3,0.9,0,0:00:00
2024-02-09,1.2,0.9,1,1:00:00
2024-02-09,1.5,0.9,2,2:00:00
2024-02-09,2,0.9,3,3:00:00
2024-02-09,2.8,0.9,4,4:00:00
2024-02-09,3.8,0.9,5,5:00:00
2024-02-09,4.8,0.3,6,6:00:00
2024-02-09,6.1,0.3,7,7:00:00
2024-02-09,7.1,0.3,8,8:00:00
2024-02-09,8,0.3,9,9:00:00
2024-02-09,8.8,0.3,10,10:00:00
2024-02-09,9.4,0.3,11,11:00:00
2024-02-09,10.1,0.1,12,12:00:00
2024-02-09,10.6,0.1,13,13:00:00
2024-02-09,11.1,0.1,14,14:00:00
2024-02-09,11.5,0.1,15,15:00:00
2024-02-09,11.8,0.1,16,16:00:00
2024-02-09,11.8,0.1,17,17:00:00
2024-02-09,11.1,0,18,18:00:00
2024-02-09,10.2,0,19,19:00:00
2024-02-09,9.4,0,20,20:00:00
2024-02-09,9.1,0,21,21:00:00
2024-02-09,9.1,0,22,22:00:00
2024-02-09,8.9,0,23,23:00:00
2024-02-10,8.9,0.1,0,0:00:00
2024-02-10,8.8,0.1,1,1:00:00
2024-02-10,8.6,0.1,2,2:00:00
2024-02-10,8.5,0.1,3,3:00:00
2024-02-10,8.4,0.1,4,4:00:00
2024-02-10,8.1,0.1,5,5:00:00
2024-02-10,7.8,0,6,6:00:00
2024-02-10,7.6,0,7,7:00:00
2024-02-10,7.5,0,8,8:00:00
2024-02-10,7.9,0,9,9:00:00
2024-02-10,8.6,0,10,10:00:00
2024-02-10,9.4,0,11,11:00:00
2024-02-10,10.6,0.1,12,12:00:00
2024-02-10,11.8,0.1,13,13:00:00
2024-02-10,12.6,0.1,14,14:00:00
2024-02-10,12.9,0.1,15,15:00:00
2024-02-10,13,0.1,16,16:00:00
2024-02-10,12.6,0.1,17,17:00:00
2024-02-10,11.9,0,18,18:00:00
2024-02-10,10.8,0,19,19:00:00
2024-02-10,9.9,0,20,20:00:00
2024-02-10,9.7,0,21,21:00:00
2024-02-10,9.8,0,22,22:00:00
2024-02-10,9.8,0,23,23:00:00
2024-02-11,9.6,0,0,0:00:00
2024-02-11,9.2,0,1,1:00:00
2024-02-11,8.9,0,2,2:00:00
2024-02-11,8.5,0,3,3:00:00
2024-02-11,8.1,0,4,4:00:00
2024-02-11,7.8,0,5,5:00:00
2024-02-11,7.7,0.1,6,6:00:00
2024-02-11,7.8,0.1,7,7:00:00
2024-02-11,7.8,0.1,8,8:00:00
2024-02-11,8.2,0.1,9,9:00:00
2024-02-11,8.6,0.1,10,10:00:00
2024-02-11,8.9,0.1,11,11:00:00
2024-02-11,9,0.1,12,12:00:00
2024-02-11,9,0.1,13,13:00:00
2024-02-11,8.9,0.1,14,14:00:00
2024-02-11,8.9,0.1,15,15:00:00
2024-02-11,8.7,0.1,16,16:00:00
2024-02-11,8.6,0.1,17,17:00:00
2024-02-11,8.4,0,18,18:00:00
2024-02-11,8.4,0,19,19:00:00
2024-02-11,8.1,0,20,20:00:00
2024-02-11,7.8,0,21,21:00:00
2024-02-11,7.3,0,22,22:00:00
2024-02-11,6.9,0,23,23:00:00
2024-02-12,6.8,0,0,0:00:00
2024-02-12,6.6,0,1,1:00:00
2024-02-12,6.3,0,2,2:00:00
2024-02-12,5.9,0,3,3:00:00
2024-02-12,5.4,0,4,4:00:00
2024-02-12,5.1,0,5,5:00:00
2024-02-12,4.9,0.5,6,6:00:00
2024-02-12,4.9,0.5,7,7:00:00
2024-02-12,5.1,0.5,8,8:00:00
2024-02-12,5.3,0.5,9,9:00:00
2024-02-12,5.8,0.5,10,10:00:00
2024-02-12,6.2,0.5,11,11:00:00
2024-02-12,6.8,0,12,12:00:00
2024-02-12,7.4,0,13,13:00:00
2024-02-12,7.9,0,14,14:00:00
2024-02-12,8.4,0,15,15:00:00
2024-02-12,8.6,0,16,16:00:00
2024-02-12,8.4,0,17,17:00:00
2024-02-12,7.3,0.1,18,18:00:00
2024-02-12,5.8,0.1,19,19:00:00
2024-02-12,4.5,0.1,20,20:00:00
2024-02-12,4.1,0.1,21,21:00:00
2024-02-12,4,0.1,22,22:00:00
2024-02-12,3.8,0.1,23,23:00:00
2024-02-13,3.5,0,0,0:00:00
2024-02-13,3.3,0,1,1:00:00
2024-02-13,3.1,0,2,2:00:00
2024-02-13,3,0,3,3:00:00
2024-02-13,3,0,4,4:00:00
2024-02-13,3,0,5,5:00:00
2024-02-13,2.9,0,6,6:00:00
2024-02-13,2.8,0,7,7:00:00
2024-02-13,3,0,8,8:00:00
2024-02-13,3.4,0,9,9:00:00
2024-02-13,4,0,10,10:00:00
2024-02-13,4.8,0,11,11:00:00
2024-02-13,6.1,0,12,12:00:00
2024-02-13,7.5,0,13,13:00:00
2024-02-13,8.5,0,14,14:00:00
2024-02-13,8.8,0,15,15:00:00
2024-02-13,8.6,0,16,16:00:00
2024-02-13,8.2,0,17,17:00:00
2024-02-13,7.8,0,18,18:00:00
2024-02-13,7.2,0,19,19:00:00
2024-02-13,6.8,0,20,20:00:00
2024-02-13,6.6,0,21,21:00:00
2024-02-13,6.4,0,22,22:00:00
2024-02-13,6.4,0,23,23:00:00
2024-02-14,6.6,1.1,0,0:00:00
2024-02-14,6.8,1.1,1,1:00:00
2024-02-14,6.9,1.1,2,2:00:00
2024-02-14,7.2,1.1,3,3:00:00
2024-02-14,7.5,1.1,4,4:00:00
2024-02-14,7.8,1.1,5,5:00:00
2024-02-14,8.4,0,6,6:00:00
2024-02-14,9.1,0,7,7:00:00
2024-02-14,9.6,0,8,8:00:00
2024-02-14,9.9,0,9,9:00:00
2024-02-14,9.9,0,10,10:00:00
2024-02-14,10.1,0,11,11:00:00
2024-02-14,10.4,0,12,12:00:00
2024-02-14,10.6,0,13,13:00:00
2024-02-14,10.9,0,14,14:00:00
2024-02-14,11.3,0,15,15:00:00
2024-02-14,11.6,0,16,16:00:00
2024-02-14,11.9,0,17,17:00:00
2024-02-14,11.8,0.6,18,18:00:00
2024-02-14,11.6,0.6,19,19:00:00
2024-02-14,11.4,0.6,20,20:00:00
2024-02-14,11.4,0.6,21,21:00:00
2024-02-14,11.6,0.6,22,22:00:00
2024-02-14,11.6,0.6,23,23:00:00
2024-02-15,11.6,0.1,0,0:00:00
2024-02-15,11.6,0.1,1,1:00:00
2024-02-15,11.6,0.1,2,2:00:00
2024-02-15,11.4,0.1,3,3:00:00
2024-02-15,11.3,0.1,4,4:00:00
2024-02-15,11.2,0.1,5,5:00:00
2024-02-15,11.2,0.4,6,6:00:00
2024-02-15,11.2,0.4,7,7:00:00
2024-02-15,11.2,0.4,8,8:00:00
2024-02-15,11.3,0.4,9,9:00:00
2024-02-15,11.4,0.4,10,10:00:00
2024-02-15,11.6,0.4,11,11:00:00
2024-02-15,12.1,0,12,12:00:00
2024-02-15,12.9,0,13,13:00:00
2024-02-15,13.4,0,14,14:00:00
2024-02-15,13.8,0,15,15:00:00
2024-02-15,13.8,0,16,16:00:00
2024-02-15,13.8,0,17,17:00:00
2024-02-15,13.6,0,18,18:00:00
2024-02-15,13.4,0,19,19:00:00
2024-02-15,12.9,0,20,20:00:00
2024-02-15,12.4,0,21,21:00:00
2024-02-15,11.9,0,22,22:00:00
2024-02-15,11.4,0,23,23:00:00
2024-02-16,11.1,0.1,0,0:00:00
2024-02-16,10.8,0.1,1,1:00:00
2024-02-16,10.6,0.1,2,2:00:00
2024-02-16,10.6,0.1,3,3:00:00
2024-02-16,10.7,0.1,4,4:00:00
2024-02-16,10.8,0.1,5,5:00:00
2024-02-16,10.8,0,6,6:00:00
2024-02-16,10.8,0,7,7:00:00
2024-02-16,10.9,0,8,8:00:00
2024-02-16,11.4,0,9,9:00:00
2024-02-16,11.9,0,10,10:00:00
2024-02-16,12.4,0,11,11:00:00
2024-02-16,13.1,0.3,12,12:00:00
2024-02-16,13.8,0.3,13,13:00:00
2024-02-16,14,0.3,14,14:00:00
2024-02-16,13.4,0.3,15,15:00:00
2024-02-16,12.4,0.3,16,16:00:00
2024-02-16,11.5,0.3,17,17:00:00
2024-02-16,11.2,0,18,18:00:00
2024-02-16,11.1,0,19,19:00:00
2024-02-16,10.9,0,20,20:00:00
2024-02-16,10.6,0,21,21:00:00
2024-02-16,10.1,0,22,22:00:00
2024-02-16,9.6,0,23,23:00:00
2024-02-17,9.1,0,0,0:00:00
2024-02-17,8.6,0,1,1:00:00
2024-02-17,8.2,0,2,2:00:00
2024-02-17,7.9,0,3,3:00:00
2024-02-17,7.8,0,4,4:00:00
2024-02-17,7.6,0,5,5:00:00
2024-02-17,7.2,0,6,6:00:00
2024-02-17,6.8,0,7,7:00:00
2024-02-17,6.6,0,8,8:00:00
2024-02-17,6.8,0,9,9:00:00
2024-02-17,7.2,0,10,10:00:00
2024-02-17,7.7,0,11,11:00:00
2024-02-17,8.4,0,12,12:00:00
2024-02-17,9.4,0,13,13:00:00
2024-02-17,10.1,0,14,14:00:00
2024-02-17,10.6,0,15,15:00:00
2024-02-17,10.9,0,16,16:00:00
2024-02-17,10.9,0,17,17:00:00
2024-02-17,9.9,0,18,18:00:00
2024-02-17,8.6,0,19,19:00:00
2024-02-17,7.4,0,20,20:00:00
2024-02-17,6.9,0,21,21:00:00
2024-02-17,6.8,0,22,22:00:00
2024-02-17,6.8,0,23,23:00:00
2024-02-18,7.4,0,0,0:00:00
2024-02-18,8.2,0,1,1:00:00
2024-02-18,8.9,0,2,2:00:00
2024-02-18,9.2,0,3,3:00:00
2024-02-18,9.3,0,4,4:00:00
2024-02-18,9.3,0,5,5:00:00
2024-02-18,9.3,0.6,6,6:00:00
2024-02-18,9.2,0.6,7,7:00:00
2024-02-18,9.1,0.6,8,8:00:00
2024-02-18,8.9,0.6,9,9:00:00
2024-02-18,8.8,0.6,10,10:00:00
2024-02-18,8.7,0.6,11,11:00:00
2024-02-18,8.7,1.2,12,12:00:00
2024-02-18,8.6,1.2,13,13:00:00
2024-02-18,8.6,1.2,14,14:00:00
2024-02-18,8.5,1.2,15,15:00:00
2024-02-18,8.3,1.2,16,16:00:00
2024-02-18,8.2,1.2,17,17:00:00
2024-02-18,8.3,1.5,18,18:00:00
2024-02-18,8.4,1.5,19,19:00:00
2024-02-18,8.5,1.5,20,20:00:00
2024-02-18,8.4,1.5,21,21:00:00
2024-02-18,8.1,1.5,22,22:00:00
2024-02-18,7.9,1.5,23,23:00:00
2024-02-19,7.8,0,0,0:00:00
2024-02-19,7.7,0,1,1:00:00
2024-02-19,7.5,0,2,2:00:00
2024-02-19,7.3,0,3,3:00:00
2024-02-19,7.2,0,4,4:00:00
2024-02-19,7.1,0,5,5:00:00
2024-02-19,7.2,0,6,6:00:00
2024-02-19,7.2,0,7,7:00:00
2024-02-19,7.4,0,8,8:00:00
2024-02-19,7.7,0,9,9:00:00
2024-02-19,8.1,0,10,10:00:00
2024-02-19,8.4,0,11,11:00:00
2024-02-19,8.8,0.3,12,12:00:00
2024-02-19,9.1,0.3,13,13:00:00
2024-02-19,9.3,0.3,14,14:00:00
2024-02-19,9.4,0.3,15,15:00:00
2024-02-19,9.4,0.3,16,16:00:00
2024-02-19,9.3,0.3,17,17:00:00
2024-02-19,9.1,0.3,18,18:00:00
2024-02-19,8.6,0.3,19,19:00:00
2024-02-19,8.2,0.3,20,20:00:00
2024-02-19,8.1,0.3,21,21:00:00
2024-02-19,7.8,0.3,22,22:00:00
2024-02-19,7.5,0.3,23,23:00:00
2024-02-20,7,0,0,0:00:00
2024-02-20,6.3,0,1,1:00:00
2024-02-20,5.8,0,2,2:00:00
2024-02-20,5.3,0,3,3:00:00
2024-02-20,5.1,0,4,4:00:00
2024-02-20,4.8,0,5,5:00:00
2024-02-20,4.8,0,6,6:00:00
2024-02-20,4.9,0,7,7:00:00
2024-02-20,5.2,0,8,8:00:00
2024-02-20,5.7,0,9,9:00:00
2024-02-20,6.3,0,10,10:00:00
2024-02-20,7,0,11,11:00:00
2024-02-20,7.7,0,12,12:00:00
2024-02-20,8.4,0,13,13:00:00
2024-02-20,8.9,0,14,14:00:00
2024-02-20,9.5,0,15,15:00:00
2024-02-20,9.9,0,16,16:00:00
2024-02-20,10.1,0,17,17:00:00
2024-02-20,9.9,0,18,18:00:00
2024-02-20,9.5,0,19,19:00:00
2024-02-20,9.1,0.3,20,20:00:00
2024-02-20,8.9,0.2,21,21:00:00
2024-02-20,8.7,0.1,22,22:00:00
2024-02-20,8.6,0,23,23:00:00
2024-02-21,8.8,0,0,0:00:00
2024-02-21,8.9,0,1,1:00:00
2024-02-21,9,0,2,2:00:00
2024-02-21,8.7,0,3,3:00:00
2024-02-21,8.1,0,4,4:00:00
2024-02-21,7.8,0,5,5:00:00
2024-02-21,7.8,0,6,6:00:00
2024-02-21,8.1,0,7,7:00:00
2024-02-21,8.2,0,8,8:00:00
2024-02-21,8.3,0,9,9:00:00
2024-02-21,8.4,0,10,10:00:00
2024-02-21,8.6,0,11,11:00:00
2024-02-21,9.2,0,12,12:00:00
2024-02-21,9.9,0,13,13:00:00
2024-02-21,10.4,0,14,14:00:00
2024-02-21,10.4,0,15,15:00:00
2024-02-21,10.1,0,16,16:00:00
2024-02-21,9.7,0,17,17:00:00
2024-02-21,9.4,0,18,18:00:00
2024-02-21,9.1,0.3,19,19:00:00
2024-02-21,8.7,0.8,20,20:00:00
2024-02-21,8.5,0.8,21,21:00:00
2024-02-21,8.3,0.6,22,22:00:00
2024-02-21,8.2,0.7,23,23:00:00
2024-02-22,8.2,1,0,0:00:00
2024-02-22,8.2,0.1,1,1:00:00
2024-02-22,8.4,0,2,2:00:00
2024-02-22,8.6,0,3,3:00:00
2024-02-22,8.9,0.2,4,4:00:00
2024-02-22,9.1,0,5,5:00:00
2024-02-22,9.2,0.1,6,6:00:00
2024-02-22,9.3,0.1,7,7:00:00
2024-02-22,9.4,0,8,8:00:00
2024-02-22,9.6,0,9,9:00:00
2024-02-22,9.7,0,10,10:00:00
2024-02-22,10,0,11,11:00:00
2024-02-22,10.7,0,12,12:00:00
2024-02-22,11.5,0,13,13:00:00
2024-02-22,12.1,0,14,14:00:00
2024-02-22,12.1,0,15,15:00:00
2024-02-22,12.1,0.1,16,16:00:00
2024-02-22,11.9,0,17,17:00:00
2024-02-22,12.1,0,18,18:00:00
2024-02-22,12.3,0.2,19,19:00:00
2024-02-22,12.1,0,20,20:00:00
2024-02-22,11.4,0.1,21,21:00:00
2024-02-22,10.3,1,22,22:00:00
2024-02-22,9.1,0,23,23:00:00
2024-02-23,7.8,0,0,0:00:00
2024-02-23,6.4,0.4,1,1:00:00
2024-02-23,5.3,1,2,2:00:00
2024-02-23,4.8,1.3,3,3:00:00
2024-02-23,4.7,0.5,4,4:00:00
2024-02-23,4.4,0.1,5,5:00:00
2024-02-23,4.1,0,6,6:00:00
2024-02-23,3.7,0,7,7:00:00
2024-02-23,3.7,0,8,8:00:00
2024-02-23,4.2,0,9,9:00:00
2024-02-23,5.2,0,10,10:00:00
2024-02-23,5.9,0,11,11:00:00
2024-02-23,6.4,0,12,12:00:00
2024-02-23,6.8,0,13,13:00:00
2024-02-23,7.1,0.4,14,14:00:00
2024-02-23,7.2,0.1,15,15:00:00
2024-02-23,7.2,0,16,16:00:00
2024-02-23,7.1,0.3,17,17:00:00
2024-02-23,6.6,0,18,18:00:00
2024-02-23,5.9,0.1,19,19:00:00
2024-02-23,5.3,0,20,20:00:00
2024-02-23,4.9,0.3,21,21:00:00
2024-02-23,4.6,0,22,22:00:00
2024-02-23,4.2,0.1,23,23:00:00
2024-02-24,4.2,0,0,0:00:00
2024-02-24,4.2,0,1,1:00:00
2024-02-24,4.2,0,2,2:00:00
2024-02-24,4,0,3,3:00:00
2024-02-24,3.6,0.1,4,4:00:00
2024-02-24,3.3,0.2,5,5:00:00
2024-02-24,3,0,6,6:00:00
2024-02-24,2.8,0,7,7:00:00
2024-02-24,2.8,0,8,8:00:00
2024-02-24,3.5,0,9,9:00:00
2024-02-24,4.6,0.2,10,10:00:00
2024-02-24,5.3,0,11,11:00:00
2024-02-24,5.7,0.1,12,12:00:00
2024-02-24,5.8,0.1,13,13:00:00
2024-02-24,5.8,0.5,14,14:00:00
2024-02-24,6,0.3,15,15:00:00
2024-02-24,6.2,0.1,16,16:00:00
2024-02-24,6.1,0.1,17,17:00:00
2024-02-24,5.5,0.1,18,18:00:00
2024-02-24,4.7,0.1,19,19:00:00
2024-02-24,3.8,0,20,20:00:00
2024-02-24,3.3,0,21,21:00:00
2024-02-24,2.8,0,22,22:00:00
2024-02-24,2.5,0,23,23:00:00
2024-02-25,2.6,0,0,0:00:00
2024-02-25,2.8,0.1,1,1:00:00
2024-02-25,3,0.1,2,2:00:00
2024-02-25,3.2,0.1,3,3:00:00
2024-02-25,3.4,0,4,4:00:00
2024-02-25,3.5,0.7,5,5:00:00
2024-02-25,3.5,0.2,6,6:00:00
2024-02-25,3.5,0.1,7,7:00:00
2024-02-25,3.5,0,8,8:00:00
2024-02-25,4,0.1,9,9:00:00
2024-02-25,4.6,0.1,10,10:00:00
2024-02-25,5.2,0.1,11,11:00:00
2024-02-25,5.9,0,12,12:00:00
2024-02-25,6.7,0.2,13,13:00:00
2024-02-25,7.2,0,14,14:00:00
2024-02-25,7.9,0,15,15:00:00
2024-02-25,8.4,0.1,16,16:00:00
2024-02-25,8.2,0,17,17:00:00
2024-02-25,7.2,0,18,18:00:00
2024-02-25,5.4,0,19,19:00:00
2024-02-25,4,0,20,20:00:00
2024-02-25,3.3,0,21,21:00:00
2024-02-25,2.8,0,22,22:00:00
2024-02-25,2.5,0,23,23:00:00
2024-02-26,2.5,0,0,0:00:00
2024-02-26,2.5,0,1,1:00:00
2024-02-26,2.4,0,2,2:00:00
2024-02-26,2.3,0,3,3:00:00
2024-02-26,2.2,0,4,4:00:00
2024-02-26,2,0,5,5:00:00
2024-02-26,2.2,0,6,6:00:00
2024-02-26,2.3,0,7,7:00:00
2024-02-26,2.6,0,8,8:00:00
2024-02-26,3,0,9,9:00:00
2024-02-26,3.5,0,10,10:00:00
2024-02-26,4.1,0,11,11:00:00
2024-02-26,4.8,0,12,12:00:00
2024-02-26,5.7,0,13,13:00:00
2024-02-26,6.2,0,14,14:00:00
2024-02-26,6.3,0,15,15:00:00
2024-02-26,6.3,0,16,16:00:00
2024-02-26,6.1,0,17,17:00:00
2024-02-26,5.6,0,18,18:00:00
2024-02-26,4.9,0,19,19:00:00
2024-02-26,4.3,0,20,20:00:00
2024-02-26,4,0,21,21:00:00
2024-02-26,3.6,0,22,22:00:00
2024-02-26,3.3,0,23,23:00:00
2024-02-27,3,0,0,0:00:00
2024-02-27,2.8,0,1,1:00:00
2024-02-27,2.5,0,2,2:00:00
2024-02-27,2.1,0,3,3:00:00
2024-02-27,1.5,0,4,4:00:00
2024-02-27,1,0,5,5:00:00
2024-02-27,0.6,0,6,6:00:00
2024-02-27,0.1,0,7,7:00:00
2024-02-27,-0.1,0,8,8:00:00
2024-02-27,0.4,0,9,9:00:00
2024-02-27,1.4,0,10,10:00:00
2024-02-27,2.3,0,11,11:00:00
2024-02-27,3,0,12,12:00:00
2024-02-27,3.8,0,13,13:00:00
2024-02-27,4.4,0,14,14:00:00
2024-02-27,5.1,0,15,15:00:00
2024-02-27,5.7,0,16,16:00:00
2024-02-27,5.8,0,17,17:00:00
2024-02-27,5.1,0,18,18:00:00
2024-02-27,4.1,0,19,19:00:00
2024-02-27,3.2,0,20,20:00:00
2024-02-27,3,0,21,21:00:00
2024-02-27,3,0,22,22:00:00
2024-02-27,2.7,0,23,23:00:00
2024-02-28,1.7,0,0,0:00:00
2024-02-28,0.4,0,1,1:00:00
2024-02-28,-0.4,0,2,2:00:00
2024-02-28,-0.6,0,3,3:00:00
2024-02-28,-0.4,0,4,4:00:00
2024-02-28,-0.1,0,5,5:00:00
2024-02-28,0.6,0,6,6:00:00
2024-02-28,1.5,0,7,7:00:00
2024-02-28,2.2,0,8,8:00:00
2024-02-28,2.5,0,9,9:00:00
2024-02-28,2.8,0.1,10,10:00:00
2024-02-28,3.3,0,11,11:00:00
2024-02-28,4.8,0,12,12:00:00
2024-02-28,6.6,0,13,13:00:00
2024-02-28,7.9,0,14,14:00:00
2024-02-28,8.6,0,15,15:00:00
2024-02-28,8.9,0,16,16:00:00
2024-02-28,8.8,0,17,17:00:00
2024-02-28,8.2,0,18,18:00:00
2024-02-28,7.2,0,19,19:00:00
2024-02-28,6.4,0,20,20:00:00
2024-02-28,6.2,0,21,21:00:00
2024-02-28,6.2,0,22,22:00:00
2024-02-28,6.2,0,23,23:00:00
2024-02-29,6.2,0,0,0:00:00
2024-02-29,6.3,0,1,1:00:00
2024-02-29,6.2,0,2,2:00:00
2024-02-29,6.1,0,3,3:00:00
2024-02-29,5.9,0,4,4:00:00
2024-02-29,5.8,0,5,5:00:00
2024-02-29,5.8,0,6,6:00:00
2024-02-29,6,0,7,7:00:00
2024-02-29,6.3,0,8,8:00:00
2024-02-29,6.9,0.1,9,9:00:00
2024-02-29,7.7,0.1,10,10:00:00
2024-02-29,8.1,0,11,11:00:00
2024-02-29,8.2,0,12,12:00:00
2024-02-29,8.1,0,13,13:00:00
2024-02-29,7.9,0.1,14,14:00:00
2024-02-29,8.1,0.1,15,15:00:00
2024-02-29,8.2,0.3,16,16:00:00
2024-02-29,8.3,0.3,17,17:00:00
2024-02-29,8.2,0.3,18,18:00:00
2024-02-29,8.1,0.2,19,19:00:00
2024-02-29,8.1,1,20,20:00:00
2024-02-29,8.3,0.4,21,21:00:00
2024-02-29,8.6,0.1,22,22:00:00
2024-02-29,8.6,0,23,23:00:00
2024-03-01,8.6,0,0,0:00:00
2024-03-01,8.4,0,1,1:00:00
2024-03-01,8.2,0,2,2:00:00
2024-03-01,8.3,0,3,3:00:00
2024-03-01,8.4,0,4,4:00:00
2024-03-01,8.4,0,5,5:00:00
2024-03-01,8.1,0,6,6:00:00
2024-03-01,7.8,0,7,7:00:00
2024-03-01,7.5,0,8,8:00:00
2024-03-01,7.4,0,9,9:00:00
2024-03-01,7.3,0,10,10:00:00
2024-03-01,7.5,0,11,11:00:00
2024-03-01,8,0,12,12:00:00
2024-03-01,8.7,0,13,13:00:00
2024-03-01,9.3,0,14,14:00:00
2024-03-01,9.9,0,15,15:00:00
2024-03-01,10.5,0,16,16:00:00
2024-03-01,10.6,0,17,17:00:00
2024-03-01,10.1,0,18,18:00:00
2024-03-01,9.1,0,19,19:00:00
2024-03-01,8.2,0,20,20:00:00
2024-03-01,8.1,0,21,21:00:00
2024-03-01,8.2,0,22,22:00:00
2024-03-01,8.1,0,23,23:00:00
2024-03-02,7.5,0,0,0:00:00
2024-03-02,6.7,0,1,1:00:00
2024-03-02,6.2,0,2,2:00:00
2024-03-02,6.6,0,3,3:00:00
2024-03-02,7.1,0,4,4:00:00
2024-03-02,7.4,0,5,5:00:00
2024-03-02,7.2,0,6,6:00:00
2024-03-02,6.7,0,7,7:00:00
2024-03-02,6.6,0,8,8:00:00
2024-03-02,7.1,0,9,9:00:00
2024-03-02,7.9,0,10,10:00:00
2024-03-02,8.9,0,11,11:00:00
2024-03-02,9.9,0,12,12:00:00
2024-03-02,10.9,0,13,13:00:00
2024-03-02,11.8,0,14,14:00:00
2024-03-02,12.6,0,15,15:00:00
2024-03-02,13.1,0,16,16:00:00
2024-03-02,13.2,0,17,17:00:00
2024-03-02,12.4,0,18,18:00:00
2024-03-02,11,0,19,19:00:00
2024-03-02,9.9,0,20,20:00:00
2024-03-02,9.7,0.1,21,21:00:00
2024-03-02,9.8,0.1,22,22:00:00
2024-03-02,9.8,0.1,23,23:00:00
2024-03-03,9.4,0,0,0:00:00
2024-03-03,8.9,0,1,1:00:00
2024-03-03,8.4,0,2,2:00:00
2024-03-03,8,0,3,3:00:00
2024-03-03,7.7,0,4,4:00:00
2024-03-03,7.4,0,5,5:00:00
2024-03-03,7.1,0,6,6:00:00
2024-03-03,6.7,0,7,7:00:00
2024-03-03,6.7,0,8,8:00:00
2024-03-03,7.3,0,9,9:00:00
2024-03-03,8.2,0,10,10:00:00
2024-03-03,9.4,0,11,11:00:00
2024-03-03,11.1,0,12,12:00:00
2024-03-03,13,0,13,13:00:00
2024-03-03,14.4,0,14,14:00:00
2024-03-03,15.1,0,15,15:00:00
2024-03-03,15.1,0,16,16:00:00
2024-03-03,14.6,0,17,17:00:00
2024-03-03,13.4,0,18,18:00:00
2024-03-03,11.6,0,19,19:00:00
2024-03-03,10.1,0,20,20:00:00
2024-03-03,9.1,0,21,21:00:00
2024-03-03,8.4,0,22,22:00:00
2024-03-03,7.7,0,23,23:00:00
2024-03-04,6.8,0,0,0:00:00
2024-03-04,5.7,0,1,1:00:00
2024-03-04,4.8,0,2,2:00:00
2024-03-04,4.1,0,3,3:00:00
2024-03-04,3.4,0,4,4:00:00
2024-03-04,2.9,0,5,5:00:00
2024-03-04,2.4,0,6,6:00:00
2024-03-04,2,0,7,7:00:00
2024-03-04,2,0,8,8:00:00
2024-03-04,2.9,0,9,9:00:00
2024-03-04,4.2,0,10,10:00:00
2024-03-04,5.6,0,11,11:00:00
2024-03-04,6.9,0,12,12:00:00
2024-03-04,8.3,0,13,13:00:00
2024-03-04,9.3,0,14,14:00:00
2024-03-04,9.9,0,15,15:00:00
2024-03-04,10.2,0,16,16:00:00
2024-03-04,10.1,0,17,17:00:00
2024-03-04,9.9,0,18,18:00:00
2024-03-04,9.2,0,19,19:00:00
2024-03-04,8.6,0,20,20:00:00
2024-03-04,7.8,0,21,21:00:00
2024-03-04,7.1,0,22,22:00:00
2024-03-04,6.5,0,23,23:00:00
2024-03-05,6.6,0,0,0:00:00
2024-03-05,6.8,0,1,1:00:00
2024-03-05,7.1,0,2,2:00:00
2024-03-05,7.1,0,3,3:00:00
2024-03-05,7.1,0,4,4:00:00
2024-03-05,7.1,0,5,5:00:00
2024-03-05,6.9,0,6,6:00:00
2024-03-05,6.8,0,7,7:00:00
2024-03-05,6.8,0,8,8:00:00
2024-03-05,7.2,0,9,9:00:00
2024-03-05,7.7,0,10,10:00:00
2024-03-05,8.1,0,11,11:00:00
2024-03-05,8.6,0,12,12:00:00
2024-03-05,8.9,0,13,13:00:00
2024-03-05,9.2,0,14,14:00:00
2024-03-05,9.3,0.1,15,15:00:00
2024-03-05,9.3,0.1,16,16:00:00
2024-03-05,9,0.1,17,17:00:00
2024-03-05,8.4,0.1,18,18:00:00
2024-03-05,7.5,0.1,19,19:00:00
2024-03-05,6.8,0.1,20,20:00:00
2024-03-05,6.4,0,21,21:00:00
2024-03-05,6.3,0,22,22:00:00
2024-03-05,6.1,0,23,23:00:00
2024-03-06,5.7,0.1,0,0:00:00
2024-03-06,5.3,0.1,1,1:00:00
2024-03-06,4.9,0.1,2,2:00:00
2024-03-06,4.7,0.1,3,3:00:00
2024-03-06,4.5,0.1,4,4:00:00
2024-03-06,4.3,0.1,5,5:00:00
2024-03-06,4,0,6,6:00:00
2024-03-06,3.7,0,7,7:00:00
2024-03-06,3.7,0,8,8:00:00
2024-03-06,4.1,0,9,9:00:00
2024-03-06,4.8,0,10,10:00:00
2024-03-06,5.5,0,11,11:00:00
2024-03-06,6.2,0,12,12:00:00
2024-03-06,6.9,0,13,13:00:00
2024-03-06,7.4,0,14,14:00:00
2024-03-06,7.9,0,15,15:00:00
2024-03-06,8.4,0,16,16:00:00
2024-03-06,8.5,0,17,17:00:00
2024-03-06,8.4,0,18,18:00:00
2024-03-06,8,0,19,19:00:00
2024-03-06,7.6,0,20,20:00:00
2024-03-06,7.3,0,21,21:00:00
2024-03-06,7.1,0,22,22:00:00
2024-03-06,6.7,0,23,23:00:00
2024-03-07,6.2,0,0,0:00:00
2024-03-07,5.5,0,1,1:00:00
2024-03-07,4.7,0,2,2:00:00
2024-03-07,3.6,0,3,3:00:00
2024-03-07,2.3,0,4,4:00:00
2024-03-07,1.3,0,5,5:00:00
2024-03-07,0.4,0,6,6:00:00
2024-03-07,-0.2,0,7,7:00:00
2024-03-07,-0.3,0,8,8:00:00
2024-03-07,0.8,0,9,9:00:00
2024-03-07,2.3,0,10,10:00:00
2024-03-07,3.8,0,11,11:00:00
2024-03-07,4.7,0,12,12:00:00
2024-03-07,5.3,0,13,13:00:00
2024-03-07,5.8,0,14,14:00:00
2024-03-07,6.3,0,15,15:00:00
2024-03-07,6.8,0,16,16:00:00
2024-03-07,6.8,0,17,17:00:00
2024-03-07,6.6,0,18,18:00:00
2024-03-07,5.9,0,19,19:00:00
2024-03-07,5.2,0,20,20:00:00
2024-03-07,4.4,0,21,21:00:00
2024-03-07,3.5,0,22,22:00:00
2024-03-07,2.8,0,23,23:00:00
2024-03-08,2.3,0,0,0:00:00
2024-03-08,2,0,1,1:00:00
2024-03-08,1.5,0,2,2:00:00
2024-03-08,1.1,0,3,3:00:00
2024-03-08,0.8,0,4,4:00:00
2024-03-08,0.4,0,5,5:00:00
2024-03-08,-0.1,0,6,6:00:00
2024-03-08,-0.5,0,7,7:00:00
2024-03-08,-0.5,0,8,8:00:00
2024-03-08,0.3,0,9,9:00:00
2024-03-08,1.7,0,10,10:00:00
2024-03-08,3.2,0,11,11:00:00
2024-03-08,4.8,0,12,12:00:00
2024-03-08,6.6,0,13,13:00:00
2024-03-08,7.9,0,14,14:00:00
2024-03-08,8.7,0,15,15:00:00
2024-03-08,9,0,16,16:00:00
2024-03-08,8.9,0,17,17:00:00
2024-03-08,8.1,0,18,18:00:00
2024-03-08,6.8,0,19,19:00:00
2024-03-08,5.8,0,20,20:00:00
2024-03-08,5.2,0,21,21:00:00
2024-03-08,4.9,0,22,22:00:00
2024-03-08,4.7,0,23,23:00:00
2024-03-09,4.3,0,0,0:00:00
2024-03-09,4.1,0,1,1:00:00
2024-03-09,3.7,0,2,2:00:00
2024-03-09,3.2,0,3,3:00:00
2024-03-09,2.8,0,4,4:00:00
2024-03-09,2.3,0,5,5:00:00
2024-03-09,1.8,0,6,6:00:00
2024-03-09,1.2,0,7,7:00:00
2024-03-09,1.3,0,8,8:00:00
2024-03-09,2.3,0,9,9:00:00
2024-03-09,3.8,0,10,10:00:00
2024-03-09,5.4,0,11,11:00:00
2024-03-09,6.9,0,12,12:00:00
2024-03-09,8.4,0,13,13:00:00
2024-03-09,9.5,0,14,14:00:00
2024-03-09,10.2,0,15,15:00:00
2024-03-09,10.6,0,16,16:00:00
2024-03-09,10.6,0,17,17:00:00
2024-03-09,9.8,0,18,18:00:00
2024-03-09,8.4,0,19,19:00:00
2024-03-09,7.2,0,20,20:00:00
2024-03-09,6.3,0,21,21:00:00
2024-03-09,5.6,0,22,22:00:00
2024-03-09,4.9,0,23,23:00:00
2024-03-10,4.4,0,0,0:00:00
2024-03-10,4.1,0,1,1:00:00
2024-03-10,3.8,0,2,2:00:00
2024-03-10,3.7,0,3,3:00:00
2024-03-10,3.7,0,4,4:00:00
2024-03-10,3.6,0,5,5:00:00
2024-03-10,3.5,0,6,6:00:00
2024-03-10,3.2,0,7,7:00:00
2024-03-10,3.5,0,8,8:00:00
2024-03-10,4.4,0,9,9:00:00
2024-03-10,5.8,0,10,10:00:00
2024-03-10,7.1,0,11,11:00:00
2024-03-10,8.6,0,12,12:00:00
2024-03-10,10,0,13,13:00:00
2024-03-10,11.1,0,14,14:00:00
2024-03-10,11.9,0,15,15:00:00
2024-03-10,12.3,0,16,16:00:00
2024-03-10,12.2,0,17,17:00:00
2024-03-10,11.5,0,18,18:00:00
2024-03-10,10.2,0,19,19:00:00
2024-03-10,9.2,0,20,20:00:00
2024-03-10,8.8,0,21,21:00:00
2024-03-10,8.6,0,22,22:00:00
2024-03-10,8.2,0,23,23:00:00
2024-03-11,7.6,0,0,0:00:00
2024-03-11,6.8,0,1,1:00:00
2024-03-11,6.3,0,2,2:00:00
2024-03-11,6.2,0,3,3:00:00
2024-03-11,6.4,0,4,4:00:00
2024-03-11,6.4,0,5,5:00:00
2024-03-11,6.3,0.1,6,6:00:00
2024-03-11,6.1,0.1,7,7:00:00
2024-03-11,6,0.1,8,8:00:00
2024-03-11,6.2,0.3,9,9:00:00
2024-03-11,6.6,0.3,10,10:00:00
2024-03-11,7.1,0.3,11,11:00:00
2024-03-11,7.8,0.1,12,12:00:00
2024-03-11,8.6,0.1,13,13:00:00
2024-03-11,9.3,0.1,14,14:00:00
2024-03-11,9.7,0.1,15,15:00:00
2024-03-11,9.9,0.1,16,16:00:00
2024-03-11,9.8,0.1,17,17:00:00
2024-03-11,9.4,0.2,18,18:00:00
2024-03-11,8.7,0.2,19,19:00:00
2024-03-11,7.9,0.2,20,20:00:00
2024-03-11,7.1,0,21,21:00:00
2024-03-11,6.1,0,22,22:00:00
2024-03-11,5.5,0,23,23:00:00
2024-03-12,5.7,0,0,0:00:00
2024-03-12,6.2,0,1,1:00:00
2024-03-12,6.3,0,2,2:00:00
2024-03-12,5.9,0,3,3:00:00
2024-03-12,5.2,0,4,4:00:00
2024-03-12,4.8,0,5,5:00:00
2024-03-12,5.2,0,6,6:00:00
2024-03-12,6,0,7,7:00:00
2024-03-12,6.7,0,8,8:00:00
2024-03-12,7.1,0,9,9:00:00
2024-03-12,7.3,0,10,10:00:00
2024-03-12,7.6,0,11,11:00:00
2024-03-12,7.9,0,12,12:00:00
2024-03-12,8.2,0,13,13:00:00
2024-03-12,8.4,0,14,14:00:00
2024-03-12,8.4,0,15,15:00:00
2024-03-12,8.4,0,16,16:00:00
2024-03-12,8.2,0,17,17:00:00
2024-03-12,8.1,0,18,18:00:00
2024-03-12,7.8,0,19,19:00:00
2024-03-12,7.6,0,20,20:00:00
2024-03-12,7.6,0,21,21:00:00
2024-03-12,7.5,0,22,22:00:00
2024-03-12,7.2,0,23,23:00:00
2024-03-13,6.6,0,0,0:00:00
2024-03-13,5.6,0,1,1:00:00
2024-03-13,5,0,2,2:00:00
2024-03-13,5.1,0,3,3:00:00
2024-03-13,5.4,0,4,4:00:00
2024-03-13,5.8,0,5,5:00:00
2024-03-13,6.2,0,6,6:00:00
2024-03-13,6.6,0,7,7:00:00
2024-03-13,7.1,0,8,8:00:00
2024-03-13,7.9,0,9,9:00:00
2024-03-13,8.9,0,10,10:00:00
2024-03-13,9.7,0,11,11:00:00
2024-03-13,10.4,0,12,12:00:00
2024-03-13,10.9,0,13,13:00:00
2024-03-13,11.4,0,14,14:00:00
2024-03-13,11.9,0.1,15,15:00:00
2024-03-13,12.4,0.1,16,16:00:00
2024-03-13,12.4,0.1,17,17:00:00
2024-03-13,11.9,0,18,18:00:00
2024-03-13,11.1,0,19,19:00:00
2024-03-13,10.5,0,20,20:00:00
2024-03-13,10.4,0,21,21:00:00
2024-03-13,10.6,0,22,22:00:00
2024-03-13,10.7,0,23,23:00:00
2024-03-14,10.8,0,0,0:00:00
2024-03-14,10.8,0,1,1:00:00
2024-03-14,10.6,0,2,2:00:00
2024-03-14,10.2,0,3,3:00:00
2024-03-14,9.6,0,4,4:00:00
2024-03-14,9,0,5,5:00:00
2024-03-14,8.7,0,6,6:00:00
2024-03-14,8.5,0,7,7:00:00
2024-03-14,8.6,0,8,8:00:00
2024-03-14,9.4,0,9,9:00:00
2024-03-14,10.4,0,10,10:00:00
2024-03-14,11.5,0,11,11:00:00
2024-03-14,12.6,0,12,12:00:00
2024-03-14,13.9,0,13,13:00:00
2024-03-14,14.8,0,14,14:00:00
2024-03-14,15.4,0,15,15:00:00
2024-03-14,15.6,0,16,16:00:00
2024-03-14,15.5,0,17,17:00:00
2024-03-14,14.8,0,18,18:00:00
2024-03-14,13.6,0,19,19:00:00
2024-03-14,12.8,0,20,20:00:00
2024-03-14,12.4,0,21,21:00:00
2024-03-14,12.1,0,22,22:00:00
2024-03-14,12.1,0,23,23:00:00
2024-03-15,12.2,0,0,0:00:00
2024-03-15,12.6,0,1,1:00:00
2024-03-15,12.6,0,2,2:00:00
2024-03-15,12.1,0,3,3:00:00
2024-03-15,11.4,0,4,4:00:00
2024-03-15,10.8,0,5,5:00:00
2024-03-15,10.6,0.2,6,6:00:00
2024-03-15,10.8,0.2,7,7:00:00
2024-03-15,11.1,0.2,8,8:00:00
2024-03-15,11.6,0.1,9,9:00:00
2024-03-15,12.2,0.1,10,10:00:00
2024-03-15,12.9,0.1,11,11:00:00
2024-03-15,13.8,0.1,12,12:00:00
2024-03-15,14.6,0.1,13,13:00:00
2024-03-15,15.1,0.1,14,14:00:00
2024-03-15,15,0.3,15,15:00:00
2024-03-15,14.6,0.3,16,16:00:00
2024-03-15,13.9,0.3,17,17:00:00
2024-03-15,13.1,0.2,18,18:00:00
2024-03-15,12.2,0.2,19,19:00:00
2024-03-15,11.4,0.2,20,20:00:00
2024-03-15,10.9,0,21,21:00:00
2024-03-15,10.6,0,22,22:00:00
2024-03-15,10.2,0,23,23:00:00
2024-03-16,10.1,0,0,0:00:00
2024-03-16,10.1,0,1,1:00:00
2024-03-16,9.9,0,2,2:00:00
2024-03-16,9.9,0.4,3,3:00:00
2024-03-16,9.9,0.4,4,4:00:00
2024-03-16,9.6,0.4,5,5:00:00
2024-03-16,8.9,0.2,6,6:00:00
2024-03-16,7.8,0.2,7,7:00:00
2024-03-16,7.2,0.2,8,8:00:00
2024-03-16,7.3,0,9,9:00:00
2024-03-16,7.8,0,10,10:00:00
2024-03-16,8.3,0,11,11:00:00
2024-03-16,8.9,0.1,12,12:00:00
2024-03-16,9.4,0.1,13,13:00:00
2024-03-16,9.8,0.1,14,14:00:00
2024-03-16,10.1,0.1,15,15:00:00
2024-03-16,10.2,0.1,16,16:00:00
2024-03-16,10,0.1,17,17:00:00
2024-03-16,9.2,0,18,18:00:00
2024-03-16,8,0,19,19:00:00
2024-03-16,6.8,0,20,20:00:00
2024-03-16,5.8,0,21,21:00:00
2024-03-16,4.9,0,22,22:00:00
2024-03-16,4,0,23,23:00:00
2024-03-17,3.2,0,0,0:00:00
2024-03-17,2.5,0,1,1:00:00
2024-03-17,1.9,0,2,2:00:00
2024-03-17,1.6,0,3,3:00:00
2024-03-17,1.5,0,4,4:00:00
2024-03-17,1.5,0,5,5:00:00
2024-03-17,1.8,0,6,6:00:00
2024-03-17,2.1,0,7,7:00:00
2024-03-17,2.8,0,8,8:00:00
2024-03-17,4.3,0,9,9:00:00
2024-03-17,6.2,0,10,10:00:00
2024-03-17,7.8,0,11,11:00:00
2024-03-17,9.1,0,12,12:00:00
2024-03-17,10.1,0,13,13:00:00
2024-03-17,10.9,0,14,14:00:00
2024-03-17,11.4,0,15,15:00:00
2024-03-17,11.5,0,16,16:00:00
2024-03-17,11.4,0,17,17:00:00
2024-03-17,11,0,18,18:00:00
2024-03-17,10.4,0,19,19:00:00
2024-03-17,9.8,0,20,20:00:00
2024-03-17,9.4,0,21,21:00:00
2024-03-17,9.1,0,22,22:00:00
2024-03-17,8.7,0,23,23:00:00
2024-03-18,8.4,0,0,0:00:00
2024-03-18,8.1,0,1,1:00:00
2024-03-18,7.9,0,2,2:00:00
2024-03-18,7.9,0.2,3,3:00:00
2024-03-18,7.9,0.2,4,4:00:00
2024-03-18,7.9,0.2,5,5:00:00
2024-03-18,7.7,0.2,6,6:00:00
2024-03-18,7.4,0.2,7,7:00:00
2024-03-18,7.5,0.2,8,8:00:00
2024-03-18,8.1,0.1,9,9:00:00
2024-03-18,9,0.1,10,10:00:00
2024-03-18,9.8,0.1,11,11:00:00
2024-03-18,10.4,0.2,12,12:00:00
2024-03-18,10.8,0.2,13,13:00:00
2024-03-18,11.2,0.2,14,14:00:00
2024-03-18,11.8,0.1,15,15:00:00
2024-03-18,12.2,0.1,16,16:00:00
2024-03-18,12.4,0.1,17,17:00:00
2024-03-18,12,0,18,18:00:00
2024-03-18,11.2,0,19,19:00:00
2024-03-18,10.4,0,20,20:00:00
2024-03-18,9.2,0,21,21:00:00
2024-03-18,7.9,0,22,22:00:00
2024-03-18,6.9,0,23,23:00:00
2024-03-19,6.5,0,0,0:00:00
2024-03-19,6.3,0,1,1:00:00
2024-03-19,6.3,0,2,2:00:00
2024-03-19,6.6,0,3,3:00:00
2024-03-19,6.9,0,4,4:00:00
2024-03-19,7.1,0,5,5:00:00
2024-03-19,7.1,0,6,6:00:00
2024-03-19,6.8,0,7,7:00:00
2024-03-19,7,0,8,8:00:00
2024-03-19,7.8,0,9,9:00:00
2024-03-19,8.8,0,10,10:00:00
2024-03-19,9.9,0,11,11:00:00
2024-03-19,11.3,0.1,12,12:00:00
2024-03-19,12.8,0.1,13,13:00:00
2024-03-19,13.9,0.1,14,14:00:00
2024-03-19,14.8,0,15,15:00:00
2024-03-19,15.3,0,16,16:00:00
2024-03-19,15.3,0,17,17:00:00
2024-03-19,14.5,0,18,18:00:00
2024-03-19,13.1,0,19,19:00:00
2024-03-19,11.9,0,20,20:00:00
2024-03-19,11.2,0,21,21:00:00
2024-03-19,10.7,0,22,22:00:00
2024-03-19,10.3,0,23,23:00:00
2024-03-20,10.1,0,0,0:00:00
2024-03-20,9.9,0,1,1:00:00
2024-03-20,9.6,0,2,2:00:00
2024-03-20,9.4,0,3,3:00:00
2024-03-20,9.1,0,4,4:00:00
2024-03-20,8.9,0,5,5:00:00
2024-03-20,8.9,0,6,6:00:00
2024-03-20,8.9,0,7,7:00:00
2024-03-20,9.1,0,8,8:00:00
2024-03-20,10.1,0,9,9:00:00
2024-03-20,11.3,0,10,10:00:00
2024-03-20,12.6,0,11,11:00:00
2024-03-20,13.9,0,12,12:00:00
2024-03-20,15.1,0,13,13:00:00
2024-03-20,15.9,0,14,14:00:00
2024-03-20,16,0,15,15:00:00
2024-03-20,15.8,0,16,16:00:00
2024-03-20,15.1,0,17,17:00:00
2024-03-20,14.3,0,18,18:00:00
2024-03-20,13.1,0,19,19:00:00
2024-03-20,12.1,0,20,20:00:00
2024-03-20,11.4,0,21,21:00:00
2024-03-20,10.8,0,22,22:00:00
2024-03-20,10.4,0,23,23:00:00
2024-03-21,10.1,0,0,0:00:00
2024-03-21,10.1,0,1,1:00:00
2024-03-21,10,0,2,2:00:00
2024-03-21,9.9,0.2,3,3:00:00
2024-03-21,9.8,0.2,4,4:00:00
2024-03-21,9.4,0.2,5,5:00:00
2024-03-21,8.6,0.1,6,6:00:00
2024-03-21,7.6,0.1,7,7:00:00
2024-03-21,7,0.1,8,8:00:00
2024-03-21,7.4,0,9,9:00:00
2024-03-21,8.3,0,10,10:00:00
2024-03-21,9,0,11,11:00:00
2024-03-21,9.4,0,12,12:00:00
2024-03-21,9.6,0,13,13:00:00
2024-03-21,9.9,0,14,14:00:00
2024-03-21,10.2,0,15,15:00:00
2024-03-21,10.6,0,16,16:00:00
2024-03-21,10.6,0,17,17:00:00
2024-03-21,10.3,0,18,18:00:00
2024-03-21,9.6,0,19,19:00:00
2024-03-21,9.1,0,20,20:00:00
2024-03-21,8.7,0,21,21:00:00
2024-03-21,8.4,0,22,22:00:00
2024-03-21,8.2,0,23,23:00:00
2024-03-22,8.7,0,0,0:00:00
2024-03-22,9.4,0,1,1:00:00
2024-03-22,9.9,0,2,2:00:00
2024-03-22,10.1,0,3,3:00:00
2024-03-22,10.1,0,4,4:00:00
2024-03-22,10,0,5,5:00:00
2024-03-22,10.1,0.2,6,6:00:00
2024-03-22,10.1,0.2,7,7:00:00
2024-03-22,10.2,0.2,8,8:00:00
2024-03-22,10.3,0.6,9,9:00:00
2024-03-22,10.4,0.6,10,10:00:00
2024-03-22,10.4,0.6,11,11:00:00
2024-03-22,10.3,0.2,12,12:00:00
2024-03-22,10.2,0.2,13,13:00:00
2024-03-22,10.1,0.2,14,14:00:00
2024-03-22,10.1,0.1,15,15:00:00
2024-03-22,10.1,0.1,16,16:00:00
2024-03-22,9.9,0.1,17,17:00:00
2024-03-22,9.4,0.1,18,18:00:00
2024-03-22,8.8,0.1,19,19:00:00
2024-03-22,8.1,0.1,20,20:00:00
2024-03-22,7.7,0.1,21,21:00:00
2024-03-22,7.3,0.1,22,22:00:00
2024-03-22,6.9,0.1,23,23:00:00
2024-03-23,6.7,0,0,0:00:00
2024-03-23,6.4,0,1,1:00:00
2024-03-23,6.2,0,2,2:00:00
2024-03-23,5.9,0,3,3:00:00
2024-03-23,5.7,0,4,4:00:00
2024-03-23,5.3,0,5,5:00:00
2024-03-23,4.8,0,6,6:00:00
2024-03-23,4.4,0,7,7:00:00
2024-03-23,4.2,0,8,8:00:00
2024-03-23,4.8,0,9,9:00:00
2024-03-23,5.8,0,10,10:00:00
2024-03-23,6.6,0,11,11:00:00
2024-03-23,7.1,0.6,12,12:00:00
2024-03-23,7.3,0.6,13,13:00:00
2024-03-23,7.5,0.6,14,14:00:00
2024-03-23,7.8,0.2,15,15:00:00
2024-03-23,7.9,0.2,16,16:00:00
2024-03-23,7.8,0.2,17,17:00:00
2024-03-23,7.1,0,18,18:00:00
2024-03-23,6.1,0,19,19:00:00
2024-03-23,5.2,0,20,20:00:00
2024-03-23,4.5,0,21,21:00:00
2024-03-23,4,0,22,22:00:00
2024-03-23,3.7,0,23,23:00:00
2024-03-24,3.7,0,0,0:00:00
2024-03-24,3.8,0,1,1:00:00
2024-03-24,4,0,2,2:00:00
2024-03-24,4,0.5,3,3:00:00
2024-03-24,4,0.5,4,4:00:00
2024-03-24,4,0.5,5,5:00:00
2024-03-24,4.2,0.4,6,6:00:00
2024-03-24,4.4,0.4,7,7:00:00
2024-03-24,4.8,0.4,8,8:00:00
2024-03-24,5.2,0.3,9,9:00:00
2024-03-24,5.6,0.3,10,10:00:00
2024-03-24,5.9,0.3,11,11:00:00
2024-03-24,6.3,1.1,12,12:00:00
2024-03-24,6.7,1.1,13,13:00:00
2024-03-24,6.8,1.1,14,14:00:00
2024-03-24,6.8,1.1,15,15:00:00
2024-03-24,6.6,1.1,16,16:00:00
2024-03-24,6.3,1.1,17,17:00:00
2024-03-24,6.2,0.3,18,18:00:00
2024-03-24,6.1,0.3,19,19:00:00
2024-03-24,5.8,0.3,20,20:00:00
2024-03-24,5.6,0,21,21:00:00
2024-03-24,5.2,0,22,22:00:00
2024-03-24,5,0,23,23:00:00
2024-03-25,5.1,0,0,0:00:00
2024-03-25,5.2,0,1,1:00:00
2024-03-25,5.2,0,2,2:00:00
2024-03-25,4.9,0,3,3:00:00
2024-03-25,4.4,0,4,4:00:00
2024-03-25,4.1,0,5,5:00:00
2024-03-25,3.9,0,6,6:00:00
2024-03-25,3.9,0,7,7:00:00
2024-03-25,4.2,0,8,8:00:00
2024-03-25,5.2,0.1,9,9:00:00
2024-03-25,6.4,0.1,10,10:00:00
2024-03-25,7.5,0.1,11,11:00:00
2024-03-25,8.3,0.1,12,12:00:00
2024-03-25,8.9,0.1,13,13:00:00
2024-03-25,9.4,0.1,14,14:00:00
2024-03-25,10,0.1,15,15:00:00
2024-03-25,10.4,0.1,16,16:00:00
2024-03-25,10.4,0.1,17,17:00:00
2024-03-25,9.6,0,18,18:00:00
2024-03-25,8.2,0,19,19:00:00
2024-03-25,7,0,20,20:00:00
2024-03-25,6.1,0,21,21:00:00
2024-03-25,5.2,0,22,22:00:00
2024-03-25,4.6,0,23,23:00:00
2024-03-26,4.5,0,0,0:00:00
2024-03-26,4.7,0,1,1:00:00
2024-03-26,4.7,0,2,2:00:00
2024-03-26,4.4,0,3,3:00:00
2024-03-26,4,0,4,4:00:00
2024-03-26,3.7,0,5,5:00:00
2024-03-26,3.5,0,6,6:00:00
2024-03-26,3.5,0,7,7:00:00
2024-03-26,4,0,8,8:00:00
2024-03-26,5.2,0,9,9:00:00
2024-03-26,6.8,0,10,10:00:00
2024-03-26,8.3,0,11,11:00:00
2024-03-26,9.7,0,12,12:00:00
2024-03-26,10.9,0,13,13:00:00
2024-03-26,11.9,0,14,14:00:00
2024-03-26,12.8,0,15,15:00:00
2024-03-26,13.2,0,16,16:00:00
2024-03-26,13.2,0,17,17:00:00
2024-03-26,12.5,0,18,18:00:00
2024-03-26,11.2,0,19,19:00:00
2024-03-26,10.1,0,20,20:00:00
2024-03-26,9.1,0,21,21:00:00
2024-03-26,8.1,0,22,22:00:00
2024-03-26,7.6,0,23,23:00:00
2024-03-27,7.6,0,0,0:00:00
2024-03-27,7.9,0,1,1:00:00
2024-03-27,8.1,0,2,2:00:00
2024-03-27,7.8,0,3,3:00:00
2024-03-27,7.2,0,4,4:00:00
2024-03-27,6.9,0,5,5:00:00
2024-03-27,6.9,0.2,6,6:00:00
2024-03-27,7,0.2,7,7:00:00
2024-03-27,7.6,0.2,8,8:00:00
2024-03-27,9.1,0,9,9:00:00
2024-03-27,11,0,10,10:00:00
2024-03-27,12.1,0,11,11:00:00
2024-03-27,11.9,0,12,12:00:00
2024-03-27,10.8,0,13,13:00:00
2024-03-27,9.9,0,14,14:00:00
2024-03-27,9.8,0.1,15,15:00:00
2024-03-27,9.8,0.1,16,16:00:00
2024-03-27,9.6,0.1,17,17:00:00
2024-03-27,9.4,0,18,18:00:00
2024-03-27,9.1,0,19,19:00:00
2024-03-27,8.6,0,20,20:00:00
2024-03-27,7.9,0,21,21:00:00
2024-03-27,7.1,0,22,22:00:00
2024-03-27,6.4,0,23,23:00:00
2024-03-28,6.4,0,0,0:00:00
2024-03-28,6.7,0,1,1:00:00
2024-03-28,6.8,0,2,2:00:00
2024-03-28,6.6,0,3,3:00:00
2024-03-28,6.2,0,4,4:00:00
2024-03-28,5.9,0,5,5:00:00
2024-03-28,5.8,0,6,6:00:00
2024-03-28,5.7,0,7,7:00:00
2024-03-28,5.9,0,8,8:00:00
2024-03-28,6.9,0,9,9:00:00
2024-03-28,8.2,0,10,10:00:00
2024-03-28,9.1,0,11,11:00:00
2024-03-28,8.7,0.5,12,12:00:00
2024-03-28,7.8,0.5,13,13:00:00
2024-03-28,7.2,0.5,14,14:00:00
2024-03-28,7.8,0.4,15,15:00:00
2024-03-28,8.6,0.4,16,16:00:00
2024-03-28,9.1,0.4,17,17:00:00
2024-03-28,9.1,0,18,18:00:00
2024-03-28,8.8,0,19,19:00:00
2024-03-28,8.4,0,20,20:00:00
2024-03-28,8.4,0,21,21:00:00
2024-03-28,8.2,0,22,22:00:00
2024-03-28,8.2,0,23,23:00:00
2024-03-29,8.4,0,0,0:00:00
2024-03-29,8.5,0,1,1:00:00
2024-03-29,8.6,0,2,2:00:00
2024-03-29,8.6,0,3,3:00:00
2024-03-29,8.4,0,4,4:00:00
2024-03-29,8.2,0,5,5:00:00
2024-03-29,8.3,0,6,6:00:00
2024-03-29,8.4,0,7,7:00:00
2024-03-29,8.4,0,8,8:00:00
2024-03-29,8.2,0.6,9,9:00:00
2024-03-29,8,0.6,10,10:00:00
2024-03-29,8.2,0.6,11,11:00:00
2024-03-29,9.2,0,12,12:00:00
2024-03-29,10.6,0,13,13:00:00
2024-03-29,11.8,0,14,14:00:00
2024-03-29,12.7,0.1,15,15:00:00
2024-03-29,13.3,0.1,16,16:00:00
2024-03-29,13.4,0.1,17,17:00:00
2024-03-29,12.4,0,18,18:00:00
2024-03-29,10.9,0,19,19:00:00
2024-03-29,9.8,0,20,20:00:00
2024-03-29,9.9,0,21,21:00:00
2024-03-29,10.6,0,22,22:00:00
2024-03-29,10.9,0,23,23:00:00
2024-03-30,10.9,0,0,0:00:00
2024-03-30,10.4,0,1,1:00:00
2024-03-30,9.9,0,2,2:00:00
2024-03-30,9.4,0.1,3,3:00:00
2024-03-30,8.6,0.1,4,4:00:00
2024-03-30,8.2,0.1,5,5:00:00
2024-03-30,8.1,0.5,6,6:00:00
2024-03-30,8.2,0.5,7,7:00:00
2024-03-30,8.8,0.5,8,8:00:00
2024-03-30,9.8,0,9,9:00:00
2024-03-30,11.1,0,10,10:00:00
2024-03-30,12.6,0,11,11:00:00
2024-03-30,14.4,0,12,12:00:00
2024-03-30,16.2,0,13,13:00:00
2024-03-30,17.5,0,14,14:00:00
2024-03-30,17.9,0.5,15,15:00:00
2024-03-30,17.6,0.5,16,16:00:00
2024-03-30,16.8,0.5,17,17:00:00
2024-03-30,15.1,0,18,18:00:00
2024-03-30,13,0,19,19:00:00
2024-03-30,11.2,0,20,20:00:00
2024-03-30,10.2,0,21,21:00:00
2024-03-30,9.4,0,22,22:00:00
2024-03-30,8.7,0,23,23:00:00
2024-03-31,7.7,0,0,0:00:00
2024-03-31,6.6,0,1,1:00:00
2024-03-31,5.8,0,2,2:00:00
2024-03-31,5.6,0,3,3:00:00
2024-03-31,5.7,0,4,4:00:00
2024-03-31,5.8,0,5,5:00:00
2024-03-31,6.1,0,6,6:00:00
2024-03-31,6.3,0,7,7:00:00
2024-03-31,6.8,0,8,8:00:00
2024-03-31,7.7,0.3,9,9:00:00
2024-03-31,8.8,0.3,10,10:00:00
2024-03-31,9.9,0.3,11,11:00:00
2024-03-31,11.2,0,12,12:00:00
2024-03-31,12.6,0,13,13:00:00
2024-03-31,13.8,0,14,14:00:00
2024-03-31,14.7,0,15,15:00:00
2024-03-31,15.4,0,16,16:00:00
2024-03-31,15.6,0,17,17:00:00
2024-03-31,14.9,0,18,18:00:00
2024-03-31,13.6,0,19,19:00:00
2024-03-31,12.6,0,20,20:00:00
2024-03-31,11.9,1.1,21,21:00:00
2024-03-31,11.5,1.1,22,22:00:00
2024-03-31,11.1,1.1,23,23:00:00
2024-04-01,10.7,0,0,0:00:00
2024-04-01,10.4,0,1,1:00:00
2024-04-01,9.9,0,2,2:00:00
2024-04-01,9.5,0,3,3:00:00
2024-04-01,8.9,0,4,4:00:00
2024-04-01,8.5,0,5,5:00:00
2024-04-01,8.2,0,6,6:00:00
2024-04-01,7.9,0,7,7:00:00
2024-04-01,7.9,0,8,8:00:00
2024-04-01,8.2,1.2,9,9:00:00
2024-04-01,8.8,1.2,10,10:00:00
2024-04-01,9.2,1.2,11,11:00:00
2024-04-01,9.8,1.8,12,12:00:00
2024-04-01,10.3,1.8,13,13:00:00
2024-04-01,10.6,1.8,14,14:00:00
2024-04-01,10.9,0.5,15,15:00:00
2024-04-01,11.1,0.5,16,16:00:00
2024-04-01,10.9,0.5,17,17:00:00
2024-04-01,10.7,0,18,18:00:00
2024-04-01,10.2,0,19,19:00:00
2024-04-01,9.6,0,20,20:00:00
2024-04-01,8.7,0,21,21:00:00
2024-04-01,7.6,0,22,22:00:00
2024-04-01,6.8,0,23,23:00:00
2024-04-02,6.9,0.2,0,0:00:00
2024-04-02,7.3,0.2,1,1:00:00
2024-04-02,7.6,0.2,2,2:00:00
2024-04-02,7.4,0,3,3:00:00
2024-04-02,7.1,0,4,4:00:00
2024-04-02,6.8,0,5,5:00:00
2024-04-02,6.7,0,6,6:00:00
2024-04-02,6.6,0,7,7:00:00
2024-04-02,6.8,0,8,8:00:00
2024-04-02,7.9,0.1,9,9:00:00
2024-04-02,9.4,0.1,10,10:00:00
2024-04-02,10.5,0.1,11,11:00:00
2024-04-02,11.1,0.1,12,12:00:00
2024-04-02,11.4,0.1,13,13:00:00
2024-04-02,11.6,0.1,14,14:00:00
2024-04-02,11.9,0.1,15,15:00:00
2024-04-02,12.1,0.1,16,16:00:00
2024-04-02,12,0.1,17,17:00:00
2024-04-02,11.4,0.1,18,18:00:00
2024-04-02,10.4,0.1,19,19:00:00
2024-04-02,9.5,0.1,20,20:00:00
2024-04-02,9.1,0.1,21,21:00:00
2024-04-02,8.7,0.1,22,22:00:00
2024-04-02,8.4,0.1,23,23:00:00
2024-04-03,8.1,0,0,0:00:00
2024-04-03,7.8,0,1,1:00:00
2024-04-03,7.7,0,2,2:00:00
2024-04-03,7.8,0.2,3,3:00:00
2024-04-03,7.9,0.2,4,4:00:00
2024-04-03,8.1,0.2,5,5:00:00
2024-04-03,8.2,0.5,6,6:00:00
2024-04-03,8.4,0.5,7,7:00:00
2024-04-03,8.6,0.5,8,8:00:00
2024-04-03,8.9,0.7,9,9:00:00
2024-04-03,9.4,0.7,10,10:00:00
2024-04-03,9.8,0.7,11,11:00:00
2024-04-03,10.1,0.5,12,12:00:00
2024-04-03,10.4,0.5,13,13:00:00
2024-04-03,10.7,0.5,14,14:00:00
2024-04-03,11.4,0.1,15,15:00:00
2024-04-03,12.1,0.1,16,16:00:00
2024-04-03,12.4,0.1,17,17:00:00
2024-04-03,12.2,0.4,18,18:00:00
2024-04-03,11.6,0.4,19,19:00:00
2024-04-03,11.1,0.4,20,20:00:00
2024-04-03,10.7,0.3,21,21:00:00
2024-04-03,10.4,0.3,22,22:00:00
2024-04-03,10.1,0.3,23,23:00:00
2024-04-04,10.1,0,0,0:00:00
2024-04-04,10.1,0,1,1:00:00
2024-04-04,9.9,0,2,2:00:00
2024-04-04,9.2,0,3,3:00:00
2024-04-04,8.4,0,4,4:00:00
2024-04-04,7.9,0,5,5:00:00
2024-04-04,7.8,0.3,6,6:00:00
2024-04-04,7.9,0.3,7,7:00:00
2024-04-04,8.2,0.3,8,8:00:00
2024-04-04,9.1,1.4,9,9:00:00
2024-04-04,10.1,1.4,10,10:00:00
2024-04-04,10.9,1.4,11,11:00:00
2024-04-04,11.4,0.3,12,12:00:00
2024-04-04,11.9,0.3,13,13:00:00
2024-04-04,12.1,0.3,14,14:00:00
2024-04-04,12.6,0.6,15,15:00:00
2024-04-04,13,0.6,16,16:00:00
2024-04-04,13.1,0.6,17,17:00:00
2024-04-04,12.6,0.1,18,18:00:00
2024-04-04,11.8,0.1,19,19:00:00
2024-04-04,11.1,0.1,20,20:00:00
2024-04-04,10.6,0,21,21:00:00
2024-04-04,10.2,0,22,22:00:00
2024-04-04,10.1,0,23,23:00:00
2024-04-05,10.2,0,0,0:00:00
2024-04-05,10.6,0,1,1:00:00
2024-04-05,10.8,0,2,2:00:00
2024-04-05,10.6,0,3,3:00:00
2024-04-05,10.3,0,4,4:00:00
2024-04-05,10.1,0,5,5:00:00
2024-04-05,10.1,0.5,6,6:00:00
2024-04-05,10.4,0.5,7,7:00:00
2024-04-05,10.9,0.5,8,8:00:00
2024-04-05,11.9,0,9,9:00:00
2024-04-05,13.4,0,10,10:00:00
2024-04-05,14.6,0,11,11:00:00
2024-04-05,15.5,0.8,12,12:00:00
2024-04-05,16.2,0.8,13,13:00:00
2024-04-05,16.6,0.8,14,14:00:00
2024-04-05,16.8,0.4,15,15:00:00
2024-04-05,16.6,0.4,16,16:00:00
2024-04-05,16.4,0.4,17,17:00:00
2024-04-05,15.9,0,18,18:00:00
2024-04-05,15.1,0,19,19:00:00
2024-04-05,14.4,0,20,20:00:00
2024-04-05,13.8,0,21,21:00:00
2024-04-05,13.1,0,22,22:00:00
2024-04-05,12.5,0,23,23:00:00
2024-04-06,12,0,0,0:00:00
2024-04-06,11.5,0,1,1:00:00
2024-04-06,11.2,0,2,2:00:00
2024-04-06,11.2,0,3,3:00:00
2024-04-06,11.4,0,4,4:00:00
2024-04-06,11.6,0,5,5:00:00
2024-04-06,11.9,0,6,6:00:00
2024-04-06,12.2,0,7,7:00:00
2024-04-06,13.1,0,8,8:00:00
2024-04-06,14.6,0,9,9:00:00
2024-04-06,16.4,0,10,10:00:00
2024-04-06,18.2,0,11,11:00:00
2024-04-06,20.1,0,12,12:00:00
2024-04-06,21.9,0,13,13:00:00
2024-04-06,23.2,0,14,14:00:00
2024-04-06,24,0,15,15:00:00
2024-04-06,24.4,0,16,16:00:00
2024-04-06,24.2,0,17,17:00:00
2024-04-06,23.4,0,18,18:00:00
2024-04-06,21.9,0,19,19:00:00
2024-04-06,20.5,0,20,20:00:00
2024-04-06,19,0,21,21:00:00
2024-04-06,17.6,0,22,22:00:00
2024-04-06,16.5,0,23,23:00:00
2024-04-07,16.3,0,0,0:00:00
2024-04-07,16.4,0,1,1:00:00
2024-04-07,16.4,0,2,2:00:00
2024-04-07,15.9,0.3,3,3:00:00
2024-04-07,15.3,0.3,4,4:00:00
2024-04-07,14.9,0.3,5,5:00:00
2024-04-07,14.6,0.2,6,6:00:00
2024-04-07,14.6,0.2,7,7:00:00
2024-04-07,14.8,0.2,8,8:00:00
2024-04-07,15.5,0,9,9:00:00
2024-04-07,16.5,0,10,10:00:00
2024-04-07,17.4,0,11,11:00:00
2024-04-07,18,0,12,12:00:00
2024-04-07,18.5,0,13,13:00:00
2024-04-07,19,0,14,14:00:00
2024-04-07,19.4,0,15,15:00:00
2024-04-07,19.6,0,16,16:00:00
2024-04-07,19.5,0,17,17:00:00
2024-04-07,18.8,0,18,18:00:00
2024-04-07,17.6,0,19,19:00:00
2024-04-07,16.5,0,20,20:00:00
2024-04-07,15.9,0.2,21,21:00:00
2024-04-07,15.5,0.2,22,22:00:00
2024-04-07,14.9,0.2,23,23:00:00
2024-04-08,14.1,0.2,0,0:00:00
2024-04-08,13.2,0.2,1,1:00:00
2024-04-08,12.5,0.2,2,2:00:00
2024-04-08,12.1,0.1,3,3:00:00
2024-04-08,12,0.1,4,4:00:00
2024-04-08,11.9,0.1,5,5:00:00
2024-04-08,11.9,0,6,6:00:00
2024-04-08,11.9,0,7,7:00:00
2024-04-08,12.2,0,8,8:00:00
2024-04-08,12.9,0,9,9:00:00
2024-04-08,13.9,0,10,10:00:00
2024-04-08,14.9,0,11,11:00:00
2024-04-08,15.6,0,12,12:00:00
2024-04-08,16.4,0,13,13:00:00
2024-04-08,17,0,14,14:00:00
2024-04-08,17.4,0,15,15:00:00
2024-04-08,17.5,0,16,16:00:00
2024-04-08,17.5,0,17,17:00:00
2024-04-08,17.1,0,18,18:00:00
2024-04-08,16.5,0,19,19:00:00
2024-04-08,15.8,0,20,20:00:00
2024-04-08,15,0,21,21:00:00
2024-04-08,14.2,0,22,22:00:00
2024-04-08,13.7,0,23,23:00:00
2024-04-09,13.8,0,0,0:00:00
2024-04-09,14,0,1,1:00:00
2024-04-09,14.1,0,2,2:00:00
2024-04-09,13.8,0,3,3:00:00
2024-04-09,13.3,0,4,4:00:00
2024-04-09,13,0,5,5:00:00
2024-04-09,13.1,0,6,6:00:00
2024-04-09,13.4,0,7,7:00:00
2024-04-09,13.6,0,8,8:00:00
2024-04-09,13.7,0.3,9,9:00:00
2024-04-09,13.8,0.3,10,10:00:00
2024-04-09,13.8,0.3,11,11:00:00
2024-04-09,13.8,0,12,12:00:00
2024-04-09,13.7,0,13,13:00:00
2024-04-09,13.6,0,14,14:00:00
2024-04-09,13.7,0,15,15:00:00
2024-04-09,13.8,0,16,16:00:00
2024-04-09,13.5,0,17,17:00:00
2024-04-09,12.6,0,18,18:00:00
2024-04-09,11.5,0,19,19:00:00
2024-04-09,10.6,0,20,20:00:00
2024-04-09,10.2,0,21,21:00:00
2024-04-09,10.1,0,22,22:00:00
2024-04-09,9.9,0,23,23:00:00
2024-04-10,9.6,0,0,0:00:00
2024-04-10,9.4,0,1,1:00:00
2024-04-10,9.1,0,2,2:00:00
2024-04-10,8.9,0,3,3:00:00
2024-04-10,8.8,0,4,4:00:00
2024-04-10,8.6,0,5,5:00:00
2024-04-10,8.4,0,6,6:00:00
2024-04-10,8.2,0,7,7:00:00
2024-04-10,8.4,0,8,8:00:00
2024-04-10,9.1,0.1,9,9:00:00
2024-04-10,10.2,0.1,10,10:00:00
2024-04-10,11.2,0.1,11,11:00:00
2024-04-10,11.9,0.1,12,12:00:00
2024-04-10,12.6,0.1,13,13:00:00
2024-04-10,13,0.1,14,14:00:00
2024-04-10,13.5,0,15,15:00:00
2024-04-10,13.9,0,16,16:00:00
2024-04-10,13.9,0,17,17:00:00
2024-04-10,13.2,0,18,18:00:00
2024-04-10,12.2,0,19,19:00:00
2024-04-10,11.2,0,20,20:00:00
2024-04-10,10.6,0,21,21:00:00
2024-04-10,10.2,0,22,22:00:00
2024-04-10,9.9,0,23,23:00:00
2024-04-11,9.8,0,0,0:00:00
2024-04-11,9.8,0,1,1:00:00
2024-04-11,10,0,2,2:00:00
2024-04-11,10.6,0,3,3:00:00
2024-04-11,11.2,0,4,4:00:00
2024-04-11,11.6,0,5,5:00:00
2024-04-11,11.3,0.3,6,6:00:00
2024-04-11,10.6,0.3,7,7:00:00
2024-04-11,10.2,0.3,8,8:00:00
2024-04-11,10.4,0.8,9,9:00:00
2024-04-11,10.8,0.8,10,10:00:00
2024-04-11,11.4,0.8,11,11:00:00
2024-04-11,12.2,0,12,12:00:00
2024-04-11,13.2,0,13,13:00:00
2024-04-11,14,0,14,14:00:00
2024-04-11,14.5,0.1,15,15:00:00
2024-04-11,14.9,0.1,16,16:00:00
2024-04-11,14.9,0.1,17,17:00:00
2024-04-11,14.7,0,18,18:00:00
2024-04-11,14.2,0,19,19:00:00
2024-04-11,13.9,0,20,20:00:00
2024-04-11,13.6,0.1,21,21:00:00
2024-04-11,13.4,0.1,22,22:00:00
2024-04-11,13.2,0.1,23,23:00:00
2024-04-12,13.1,0,0,0:00:00
2024-04-12,13.1,0,1,1:00:00
2024-04-12,13.1,0,2,2:00:00
2024-04-12,13.1,0,3,3:00:00
2024-04-12,13.1,0,4,4:00:00
2024-04-12,13.1,0,5,5:00:00
2024-04-12,12.9,0,6,6:00:00
2024-04-12,12.6,0,7,7:00:00
2024-04-12,12.7,0,8,8:00:00
2024-04-12,13.3,0,9,9:00:00
2024-04-12,14.1,0,10,10:00:00
2024-04-12,15.1,0,11,11:00:00
2024-04-12,16.5,0,12,12:00:00
2024-04-12,18,0,13,13:00:00
2024-04-12,18.9,0,14,14:00:00
2024-04-12,19.1,0,15,15:00:00
2024-04-12,18.9,0,16,16:00:00
2024-04-12,18.4,0,17,17:00:00
2024-04-12,17.5,0,18,18:00:00
2024-04-12,16.2,0,19,19:00:00
2024-04-12,15.1,0,20,20:00:00
2024-04-12,14.4,0,21,21:00:00
2024-04-12,13.9,0,22,22:00:00
2024-04-12,13.6,0,23,23:00:00
2024-04-13,13.6,0,0,0:00:00
2024-04-13,13.7,0,1,1:00:00
2024-04-13,13.7,0,2,2:00:00
2024-04-13,13.4,0,3,3:00:00
2024-04-13,13.1,0,4,4:00:00
2024-04-13,12.7,0,5,5:00:00
2024-04-13,12.4,0,6,6:00:00
2024-04-13,12,0,7,7:00:00
2024-04-13,12.1,0,8,8:00:00
2024-04-13,13.1,0,9,9:00:00
2024-04-13,14.6,0,10,10:00:00
2024-04-13,15.9,0,11,11:00:00
2024-04-13,17.1,0,12,12:00:00
2024-04-13,18.1,0,13,13:00:00
2024-04-13,19,0,14,14:00:00
2024-04-13,20,0,15,15:00:00
2024-04-13,20.8,0,16,16:00:00
2024-04-13,21.1,0,17,17:00:00
2024-04-13,20.9,0,18,18:00:00
2024-04-13,20.1,0,19,19:00:00
2024-04-13,19.2,0,20,20:00:00
2024-04-13,18.5,0,21,21:00:00
2024-04-13,17.8,0,22,22:00:00
2024-04-13,16.8,0,23,23:00:00
2024-04-14,15.7,0,0,0:00:00
2024-04-14,14.4,0,1,1:00:00
2024-04-14,13.4,0,2,2:00:00
2024-04-14,12.6,0,3,3:00:00
2024-04-14,12.1,0,4,4:00:00
2024-04-14,11.6,0,5,5:00:00
2024-04-14,10.9,0,6,6:00:00
2024-04-14,10.1,0,7,7:00:00
2024-04-14,9.8,0,8,8:00:00
2024-04-14,10.1,0,9,9:00:00
2024-04-14,10.9,0,10,10:00:00
2024-04-14,11.7,0,11,11:00:00
2024-04-14,12.4,0,12,12:00:00
2024-04-14,13.1,0,13,13:00:00
2024-04-14,13.4,0,14,14:00:00
2024-04-14,13.6,0,15,15:00:00
2024-04-14,13.4,0,16,16:00:00
2024-04-14,13.1,0,17,17:00:00
2024-04-14,12.3,0,18,18:00:00
2024-04-14,11.3,0,19,19:00:00
2024-04-14,10.2,0,20,20:00:00
2024-04-14,9.1,0,21,21:00:00
2024-04-14,8.1,0,22,22:00:00
2024-04-14,7.2,0,23,23:00:00
2024-04-15,7.1,0,0,0:00:00
2024-04-15,7.3,0,1,1:00:00
2024-04-15,7.4,0,2,2:00:00
2024-04-15,7.2,0,3,3:00:00
2024-04-15,6.8,0,4,4:00:00
2024-04-15,6.7,0,5,5:00:00
2024-04-15,6.9,0,6,6:00:00
2024-04-15,7.3,0,7,7:00:00
2024-04-15,7.8,0,8,8:00:00
2024-04-15,8.6,0,9,9:00:00
2024-04-15,9.4,0,10,10:00:00
2024-04-15,10.2,0,11,11:00:00
2024-04-15,11.2,0.5,12,12:00:00
2024-04-15,12.1,0.5,13,13:00:00
2024-04-15,12.3,0.5,14,14:00:00
2024-04-15,11.1,2.6,15,15:00:00
2024-04-15,8.9,2.6,16,16:00:00
2024-04-15,7.2,2.6,17,17:00:00
2024-04-15,6.4,0.9,18,18:00:00
2024-04-15,6.1,0.9,19,19:00:00
2024-04-15,5.7,0.9,20,20:00:00
2024-04-15,5.2,0.1,21,21:00:00
2024-04-15,4.9,0.1,22,22:00:00
2024-04-15,4.7,0.1,23,23:00:00
2024-04-16,4.7,0.6,0,0:00:00
2024-04-16,4.7,0.6,1,1:00:00
2024-04-16,4.7,0.6,2,2:00:00
2024-04-16,4.7,0.2,3,3:00:00
2024-04-16,4.7,0.2,4,4:00:00
2024-04-16,4.6,0.2,5,5:00:00
2024-04-16,4.7,0.5,6,6:00:00
2024-04-16,4.7,0.5,7,7:00:00
2024-04-16,4.8,0.5,8,8:00:00
2024-04-16,4.7,0.9,9,9:00:00
2024-04-16,4.6,0.9,10,10:00:00
2024-04-16,4.9,0.9,11,11:00:00
2024-04-16,6,0.1,12,12:00:00
2024-04-16,7.4,0.1,13,13:00:00
2024-04-16,8.6,0.1,14,14:00:00
2024-04-16,9.1,0.1,15,15:00:00
2024-04-16,9.4,0.1,16,16:00:00
2024-04-16,9.4,0.1,17,17:00:00
2024-04-16,9.2,0.1,18,18:00:00
2024-04-16,8.9,0.1,19,19:00:00
2024-04-16,8.4,0.1,20,20:00:00
2024-04-16,7.7,0,21,21:00:00
2024-04-16,6.7,0,22,22:00:00
2024-04-16,5.8,0,23,23:00:00
2024-04-17,5.1,0,0,0:00:00
2024-04-17,4.4,0,1,1:00:00
2024-04-17,3.8,0,2,2:00:00
2024-04-17,3.5,0,3,3:00:00
2024-04-17,3.2,0,4,4:00:00
2024-04-17,3,0,5,5:00:00
2024-04-17,3.3,0.8,6,6:00:00
2024-04-17,3.8,0.8,7,7:00:00
2024-04-17,4.2,0.8,8,8:00:00
2024-04-17,4.5,0.8,9,9:00:00
2024-04-17,4.7,0.8,10,10:00:00
2024-04-17,4.9,0.8,11,11:00:00
2024-04-17,5.7,0.7,12,12:00:00
2024-04-17,6.7,0.7,13,13:00:00
2024-04-17,7.3,0.7,14,14:00:00
2024-04-17,7.6,0.4,15,15:00:00
2024-04-17,7.6,0.4,16,16:00:00
2024-04-17,7.4,0.4,17,17:00:00
2024-04-17,7.1,0.1,18,18:00:00
2024-04-17,6.7,0.1,19,19:00:00
2024-04-17,6.2,0.1,20,20:00:00
2024-04-17,5.8,0,21,21:00:00
2024-04-17,5.4,0,22,22:00:00
2024-04-17,4.9,0,23,23:00:00
2024-04-18,4.4,0,0,0:00:00
2024-04-18,3.8,0,1,1:00:00
2024-04-18,3.3,0,2,2:00:00
2024-04-18,2.8,0,3,3:00:00
2024-04-18,2.3,0,4,4:00:00
2024-04-18,2.1,0,5,5:00:00
2024-04-18,2.3,0,6,6:00:00
2024-04-18,2.8,0,7,7:00:00
2024-04-18,3.8,0,8,8:00:00
2024-04-18,5.3,0.1,9,9:00:00
2024-04-18,7.3,0.1,10,10:00:00
2024-04-18,8.9,0.1,11,11:00:00
2024-04-18,9.8,0.2,12,12:00:00
2024-04-18,10.2,0.2,13,13:00:00
2024-04-18,10.4,0.2,14,14:00:00
2024-04-18,10.5,0.1,15,15:00:00
2024-04-18,10.3,0.1,16,16:00:00
2024-04-18,9.9,0.1,17,17:00:00
2024-04-18,9.2,0,18,18:00:00
2024-04-18,8.4,0,19,19:00:00
2024-04-18,7.7,0,20,20:00:00
2024-04-18,7.2,0,21,21:00:00
2024-04-18,6.8,0,22,22:00:00
2024-04-18,6.5,0,23,23:00:00
2024-04-19,6.2,0.6,0,0:00:00
2024-04-19,6,0.6,1,1:00:00
2024-04-19,5.9,0.6,2,2:00:00
2024-04-19,6,0.9,3,3:00:00
2024-04-19,6.2,0.9,4,4:00:00
2024-04-19,6.4,0.9,5,5:00:00
2024-04-19,6.9,1.6,6,6:00:00
2024-04-19,7.4,1.6,7,7:00:00
2024-04-19,8.1,1.6,8,8:00:00
2024-04-19,9,0.2,9,9:00:00
2024-04-19,10,0.2,10,10:00:00
2024-04-19,10.4,0.2,11,11:00:00
2024-04-19,9.8,0.6,12,12:00:00
2024-04-19,8.6,0.6,13,13:00:00
2024-04-19,7.7,0.6,14,14:00:00
2024-04-19,7.8,0.2,15,15:00:00
2024-04-19,8.4,0.2,16,16:00:00
2024-04-19,8.6,0.2,17,17:00:00
2024-04-19,8.2,0.2,18,18:00:00
2024-04-19,7.5,0.2,19,19:00:00
2024-04-19,6.8,0.2,20,20:00:00
2024-04-19,6.3,0,21,21:00:00
2024-04-19,5.9,0,22,22:00:00
2024-04-19,5.6,0,23,23:00:00
2024-04-20,5.3,0,0,0:00:00
2024-04-20,5.1,0,1,1:00:00
2024-04-20,4.8,0,2,2:00:00
2024-04-20,4.5,0,3,3:00:00
2024-04-20,4.1,0,4,4:00:00
2024-04-20,3.8,0,5,5:00:00
2024-04-20,4,0.2,6,6:00:00
2024-04-20,4.3,0.2,7,7:00:00
2024-04-20,4.8,0.2,8,8:00:00
2024-04-20,5.8,0.2,9,9:00:00
2024-04-20,6.9,0.2,10,10:00:00
2024-04-20,7.8,0.2,11,11:00:00
2024-04-20,8.1,0.7,12,12:00:00
2024-04-20,8.1,0.7,13,13:00:00
2024-04-20,8.2,0.7,14,14:00:00
2024-04-20,8.9,0.1,15,15:00:00
2024-04-20,9.6,0.1,16,16:00:00
2024-04-20,9.6,0.1,17,17:00:00
2024-04-20,8.8,0.7,18,18:00:00
2024-04-20,7.2,0.7,19,19:00:00
2024-04-20,5.9,0.7,20,20:00:00
2024-04-20,5.1,0.1,21,21:00:00
2024-04-20,4.6,0.1,22,22:00:00
2024-04-20,4.1,0.1,23,23:00:00
2024-04-21,3.8,0.1,0,0:00:00
2024-04-21,3.7,0.1,1,1:00:00
2024-04-21,3.5,0.1,2,2:00:00
2024-04-21,3.1,0.4,3,3:00:00
2024-04-21,2.7,0.4,4,4:00:00
2024-04-21,2.3,0.4,5,5:00:00
2024-04-21,2.2,0,6,6:00:00
2024-04-21,2.2,0,7,7:00:00
2024-04-21,2.7,0,8,8:00:00
2024-04-21,4.1,0,9,9:00:00
2024-04-21,6,0,10,10:00:00
2024-04-21,7.6,0,11,11:00:00
2024-04-21,8.6,0,12,12:00:00
2024-04-21,9.3,0,13,13:00:00
2024-04-21,9.7,0,14,14:00:00
2024-04-21,9.9,0.1,15,15:00:00
2024-04-21,9.6,0.1,16,16:00:00
2024-04-21,9.2,0.1,17,17:00:00
2024-04-21,8.4,0,18,18:00:00
2024-04-21,7.4,0,19,19:00:00
2024-04-21,6.4,0,20,20:00:00
2024-04-21,5.6,0,21,21:00:00
2024-04-21,4.7,0,22,22:00:00
2024-04-21,3.8,0,23,23:00:00
2024-04-22,3.3,0,0,0:00:00
2024-04-22,3,0,1,1:00:00
2024-04-22,2.7,0,2,2:00:00
2024-04-22,2.7,0,3,3:00:00
2024-04-22,2.8,0,4,4:00:00
2024-04-22,3,0,5,5:00:00
2024-04-22,3.1,0,6,6:00:00
2024-04-22,3.2,0,7,7:00:00
2024-04-22,3.5,0,8,8:00:00
2024-04-22,4.2,0.1,9,9:00:00
2024-04-22,5.2,0.1,10,10:00:00
2024-04-22,5.9,0.1,11,11:00:00
2024-04-22,6.7,0.1,12,12:00:00
2024-04-22,7.4,0.1,13,13:00:00
2024-04-22,7.8,0.1,14,14:00:00
2024-04-22,8,0.2,15,15:00:00
2024-04-22,7.8,0.2,16,16:00:00
2024-04-22,7.6,0.2,17,17:00:00
2024-04-22,7.3,0,18,18:00:00
2024-04-22,6.9,0,19,19:00:00
2024-04-22,6.2,0,20,20:00:00
2024-04-22,5.1,0,21,21:00:00
2024-04-22,3.7,0,22,22:00:00
2024-04-22,2.5,0,23,23:00:00
2024-04-23,2,0,0,0:00:00
2024-04-23,1.8,0,1,1:00:00
2024-04-23,1.4,0,2,2:00:00
2024-04-23,0.4,0,3,3:00:00
2024-04-23,-0.6,0,4,4:00:00
2024-04-23,-1,0,5,5:00:00
2024-04-23,-0.6,0,6,6:00:00
2024-04-23,0.6,0,7,7:00:00
2024-04-23,1.9,0,8,8:00:00
2024-04-23,3.5,0.1,9,9:00:00
2024-04-23,5.5,0.1,10,10:00:00
2024-04-23,7,0.1,11,11:00:00
2024-04-23,7.8,0.1,12,12:00:00
2024-04-23,8.1,0.1,13,13:00:00
2024-04-23,8.4,0.1,14,14:00:00
2024-04-23,9.1,0,15,15:00:00
2024-04-23,9.6,0,16,16:00:00
2024-04-23,9.6,0,17,17:00:00
2024-04-23,8.6,0.3,18,18:00:00
2024-04-23,6.9,0.3,19,19:00:00
2024-04-23,5.7,0.3,20,20:00:00
2024-04-23,5.2,0.3,21,21:00:00
2024-04-23,5.2,0.3,22,22:00:00
2024-04-23,5.1,0.3,23,23:00:00
2024-04-24,4.8,0,0,0:00:00
2024-04-24,4.4,0,1,1:00:00
2024-04-24,4.1,0,2,2:00:00
2024-04-24,3.8,0,3,3:00:00
2024-04-24,3.4,0,4,4:00:00
2024-04-24,3.2,0,5,5:00:00
2024-04-24,3.2,0.7,6,6:00:00
2024-04-24,3.3,0.7,7,7:00:00
2024-04-24,3.6,0.7,8,8:00:00
2024-04-24,4.1,0.4,9,9:00:00
2024-04-24,4.6,0.4,10,10:00:00
2024-04-24,5.2,0.4,11,11:00:00
2024-04-24,5.8,0.1,12,12:00:00
2024-04-24,6.4,0.1,13,13:00:00
2024-04-24,7.1,0.1,14,14:00:00
2024-04-24,7.8,0.2,15,15:00:00
2024-04-24,8.4,0.2,16,16:00:00
2024-04-24,8.5,0.2,17,17:00:00
2024-04-24,8,0.1,18,18:00:00
2024-04-24,7.1,0.1,19,19:00:00
2024-04-24,6.1,0.1,20,20:00:00
2024-04-24,5.2,0,21,21:00:00
2024-04-24,4.3,0,22,22:00:00
2024-04-24,3.7,0,23,23:00:00
2024-04-25,3.2,0,0,0:00:00
2024-04-25,3,0,1,1:00:00
2024-04-25,3,0,2,2:00:00
2024-04-25,3,0,3,3:00:00
2024-04-25,3.2,0,4,4:00:00
2024-04-25,3.3,0,5,5:00:00
2024-04-25,3.5,0,6,6:00:00
2024-04-25,3.8,0,7,7:00:00
2024-04-25,4.2,0,8,8:00:00
2024-04-25,5.2,0.1,9,9:00:00
2024-04-25,6.4,0.1,10,10:00:00
2024-04-25,7.3,0.1,11,11:00:00
2024-04-25,7.9,0.1,12,12:00:00
2024-04-25,8.1,0.1,13,13:00:00
2024-04-25,8.3,0.1,14,14:00:00
2024-04-25,8.6,0.1,15,15:00:00
2024-04-25,8.7,0.1,16,16:00:00
2024-04-25,8.6,0.1,17,17:00:00
2024-04-25,8.1,0.3,18,18:00:00
2024-04-25,7.4,0.3,19,19:00:00
2024-04-25,6.8,0.3,20,20:00:00
2024-04-25,6.3,0.7,21,21:00:00
2024-04-25,5.9,0.7,22,22:00:00
2024-04-25,5.6,0.7,23,23:00:00
2024-04-26,5.6,0.6,0,0:00:00
2024-04-26,5.6,0.6,1,1:00:00
2024-04-26,5.6,0.6,2,2:00:00
2024-04-26,5.5,0.5,3,3:00:00
2024-04-26,5.3,0.5,4,4:00:00
2024-04-26,5.3,0.5,5,5:00:00
2024-04-26,5.3,0.1,6,6:00:00
2024-04-26,5.4,0.1,7,7:00:00
2024-04-26,5.8,0.1,8,8:00:00
2024-04-26,6.6,0.2,9,9:00:00
2024-04-26,7.7,0.2,10,10:00:00
2024-04-26,8.6,0.2,11,11:00:00
2024-04-26,9.4,0.1,12,12:00:00
2024-04-26,9.9,0.1,13,13:00:00
2024-04-26,10.4,0.1,14,14:00:00
2024-04-26,10.8,0,15,15:00:00
2024-04-26,11.1,0,16,16:00:00
2024-04-26,11.1,0,17,17:00:00
2024-04-26,10.9,0,18,18:00:00
2024-04-26,10.5,0,19,19:00:00
2024-04-26,9.9,0,20,20:00:00
2024-04-26,9.1,0,21,21:00:00
2024-04-26,8.1,0,22,22:00:00
2024-04-26,7.1,0,23,23:00:00
2024-04-27,6.2,0,0,0:00:00
2024-04-27,5.2,0,1,1:00:00
2024-04-27,4.5,0,2,2:00:00
2024-04-27,4,0,3,3:00:00
2024-04-27,3.7,0,4,4:00:00
2024-04-27,3.8,0,5,5:00:00
2024-04-27,4.7,0,6,6:00:00
2024-04-27,5.9,0,7,7:00:00
2024-04-27,7.4,0,8,8:00:00
2024-04-27,9.4,0,9,9:00:00
2024-04-27,11.4,0,10,10:00:00
2024-04-27,13.1,0,11,11:00:00
2024-04-27,13.7,0.9,12,12:00:00
2024-04-27,13.9,0.9,13,13:00:00
2024-04-27,14.1,0.9,14,14:00:00
2024-04-27,14.8,0.3,15,15:00:00
2024-04-27,15.6,0.3,16,16:00:00
2024-04-27,15.8,0.3,17,17:00:00
2024-04-27,15.1,0.8,18,18:00:00
2024-04-27,14,0.8,19,19:00:00
2024-04-27,13,0.8,20,20:00:00
2024-04-27,12.4,0,21,21:00:00
2024-04-27,11.9,0,22,22:00:00
2024-04-27,11.7,0,23,23:00:00
2024-04-28,11.8,0,0,0:00:00
2024-04-28,12.1,0,1,1:00:00
2024-04-28,12.2,0,2,2:00:00
2024-04-28,12.1,0,3,3:00:00
2024-04-28,11.9,0,4,4:00:00
2024-04-28,11.8,0,5,5:00:00
2024-04-28,12.1,0,6,6:00:00
2024-04-28,12.8,0,7,7:00:00
2024-04-28,13.6,0,8,8:00:00
2024-04-28,14.9,0,9,9:00:00
2024-04-28,16.4,0,10,10:00:00
2024-04-28,17.5,0,11,11:00:00
2024-04-28,17.9,0,12,12:00:00
2024-04-28,17.8,0,13,13:00:00
2024-04-28,17.6,0,14,14:00:00
2024-04-28,17.5,0,15,15:00:00
2024-04-28,17.1,0,16,16:00:00
2024-04-28,16.6,0,17,17:00:00
2024-04-28,15.8,0,18,18:00:00
2024-04-28,14.6,0,19,19:00:00
2024-04-28,13.4,0,20,20:00:00
2024-04-28,12.2,0,21,21:00:00
2024-04-28,11,0,22,22:00:00
2024-04-28,9.9,0,23,23:00:00
2024-04-29,9.1,0,0,0:00:00
2024-04-29,8.3,0,1,1:00:00
2024-04-29,7.7,0,2,2:00:00
2024-04-29,7.2,0,3,3:00:00
2024-04-29,6.9,0,4,4:00:00
2024-04-29,7,0,5,5:00:00
2024-04-29,7.6,0,6,6:00:00
2024-04-29,8.5,0,7,7:00:00
2024-04-29,9.7,0,8,8:00:00
2024-04-29,11.4,0,9,9:00:00
2024-04-29,13.3,0,10,10:00:00
2024-04-29,14.9,0,11,11:00:00
2024-04-29,16,0.1,12,12:00:00
2024-04-29,16.8,0.1,13,13:00:00
2024-04-29,17.3,0.1,14,14:00:00
2024-04-29,17.9,0,15,15:00:00
2024-04-29,18.3,0,16,16:00:00
2024-04-29,18.3,0,17,17:00:00
2024-04-29,17.8,0,18,18:00:00
2024-04-29,16.9,0,19,19:00:00
2024-04-29,15.9,0,20,20:00:00
2024-04-29,14.9,0,21,21:00:00
2024-04-29,13.8,0,22,22:00:00
2024-04-29,13.1,0,23,23:00:00
2024-04-30,13.1,0,0,0:00:00
2024-04-30,13.4,0,1,1:00:00
2024-04-30,13.6,0,2,2:00:00
2024-04-30,13.3,0.1,3,3:00:00
2024-04-30,12.8,0.1,4,4:00:00
2024-04-30,12.5,0.1,5,5:00:00
2024-04-30,12.6,0.1,6,6:00:00
2024-04-30,12.8,0.1,7,7:00:00
2024-04-30,13.3,0.1,8,8:00:00
2024-04-30,14.2,0.2,9,9:00:00
2024-04-30,15.5,0.2,10,10:00:00
2024-04-30,16.9,0.2,11,11:00:00
2024-04-30,18.5,0,12,12:00:00
2024-04-30,20.1,0,13,13:00:00
2024-04-30,21.4,0,14,14:00:00
2024-04-30,22.3,0,15,15:00:00
2024-04-30,22.8,0,16,16:00:00
2024-04-30,22.8,0,17,17:00:00
2024-04-30,22.2,0,18,18:00:00
2024-04-30,21.2,0,19,19:00:00
2024-04-30,20,0,20,20:00:00
2024-04-30,18.6,0,21,21:00:00
2024-04-30,17,0,22,22:00:00
2024-04-30,15.8,0,23,23:00:00
2024-05-01,15.5,0,0,0:00:00
2024-05-01,15.6,0,1,1:00:00
2024-05-01,15.5,0,2,2:00:00
2024-05-01,14.9,0,3,3:00:00
2024-05-01,14.2,0,4,4:00:00
2024-05-01,13.9,0,5,5:00:00
2024-05-01,14.2,0,6,6:00:00
2024-05-01,14.9,0,7,7:00:00
2024-05-01,15.9,0,8,8:00:00
2024-05-01,17,0,9,9:00:00
2024-05-01,18.2,0,10,10:00:00
2024-05-01,19.6,0,11,11:00:00
2024-05-01,21.5,0,12,12:00:00
2024-05-01,23.6,0,13,13:00:00
2024-05-01,25.1,0,14,14:00:00
2024-05-01,25.7,0,15,15:00:00
2024-05-01,25.7,0,16,16:00:00
2024-05-01,25.2,0,17,17:00:00
2024-05-01,24.4,0,18,18:00:00
2024-05-01,23.1,0,19,19:00:00
2024-05-01,21.9,0,20,20:00:00
2024-05-01,20.6,0,21,21:00:00
2024-05-01,19.4,0,22,22:00:00
2024-05-01,18.3,0,23,23:00:00
2024-05-02,17.8,0,0,0:00:00
2024-05-02,17.5,0,1,1:00:00
2024-05-02,17.2,0,2,2:00:00
2024-05-02,16.7,0,3,3:00:00
2024-05-02,16.1,0,4,4:00:00
2024-05-02,15.8,0,5,5:00:00
2024-05-02,15.6,0,6,6:00:00
2024-05-02,15.6,0,7,7:00:00
2024-05-02,15.9,0,8,8:00:00
2024-05-02,17,0,9,9:00:00
2024-05-02,18.5,0,10,10:00:00
2024-05-02,19.9,0,11,11:00:00
2024-05-02,21.2,0,12,12:00:00
2024-05-02,22.6,0,13,13:00:00
2024-05-02,23.5,0,14,14:00:00
2024-05-02,23.9,0.2,15,15:00:00
2024-05-02,23.8,0.2,16,16:00:00
2024-05-02,23.4,0.2,17,17:00:00
2024-05-02,22.8,0,18,18:00:00
2024-05-02,21.9,0,19,19:00:00
2024-05-02,21,0,20,20:00:00
2024-05-02,19.9,0,21,21:00:00
2024-05-02,18.8,0,22,22:00:00
2024-05-02,17.6,0,23,23:00:00
2024-05-03,16.8,0,0,0:00:00
2024-05-03,16,0,1,1:00:00
2024-05-03,15.2,0,2,2:00:00
2024-05-03,14.2,0,3,3:00:00
2024-05-03,13.1,0,4,4:00:00
2024-05-03,12.4,0,5,5:00:00
2024-05-03,12.4,0,6,6:00:00
2024-05-03,12.6,0,7,7:00:00
2024-05-03,13,0,8,8:00:00
2024-05-03,13.6,0.2,9,9:00:00
2024-05-03,14.2,0.2,10,10:00:00
2024-05-03,14.4,0.2,11,11:00:00
2024-05-03,14,0.1,12,12:00:00
2024-05-03,13.1,0.1,13,13:00:00
2024-05-03,12.6,0.1,14,14:00:00
2024-05-03,12.8,0.1,15,15:00:00
2024-05-03,13.3,0.1,16,16:00:00
2024-05-03,13.6,0.1,17,17:00:00
2024-05-03,13.3,0,18,18:00:00
2024-05-03,12.8,0,19,19:00:00
2024-05-03,12.2,0,20,20:00:00
2024-05-03,11.6,0,21,21:00:00
2024-05-03,10.9,0,22,22:00:00
2024-05-03,10.3,0,23,23:00:00
2024-05-04,9.6,0,0,0:00:00
2024-05-04,9,0,1,1:00:00
2024-05-04,8.4,0,2,2:00:00
2024-05-04,8.1,0,3,3:00:00
2024-05-04,7.9,0,4,4:00:00
2024-05-04,7.9,0,5,5:00:00
2024-05-04,8.4,0,6,6:00:00
2024-05-04,9.1,0,7,7:00:00
2024-05-04,10.2,0,8,8:00:00
2024-05-04,12.2,0,9,9:00:00
2024-05-04,14.6,0,10,10:00:00
2024-05-04,16.2,0,11,11:00:00
2024-05-04,16.8,0,12,12:00:00
2024-05-04,16.8,0,13,13:00:00
2024-05-04,16.4,0,14,14:00:00
2024-05-04,15.6,0.2,15,15:00:00
2024-05-04,14.6,0.2,16,16:00:00
2024-05-04,13.9,0.2,17,17:00:00
2024-05-04,13.9,0,18,18:00:00
2024-05-04,14.2,0,19,19:00:00
2024-05-04,14.2,0,20,20:00:00
2024-05-04,13.6,0.3,21,21:00:00
2024-05-04,12.7,0.3,22,22:00:00
2024-05-04,11.9,0.3,23,23:00:00
2024-05-05,11.4,2.9,0,0:00:00
2024-05-05,11,2.9,1,1:00:00
2024-05-05,10.6,2.9,2,2:00:00
2024-05-05,10.1,0.1,3,3:00:00
2024-05-05,9.7,0.1,4,4:00:00
2024-05-05,9.4,0.1,5,5:00:00
2024-05-05,9.5,0,6,6:00:00
2024-05-05,9.7,0,7,7:00:00
2024-05-05,10.1,0,8,8:00:00
2024-05-05,11,0.1,9,9:00:00
2024-05-05,12.1,0.1,10,10:00:00
2024-05-05,12.9,0.1,11,11:00:00
2024-05-05,13.1,0.4,12,12:00:00
2024-05-05,13.1,0.4,13,13:00:00
2024-05-05,13.1,0.4,14,14:00:00
2024-05-05,13.2,0.3,15,15:00:00
2024-05-05,13.2,0.3,16,16:00:00
2024-05-05,13.2,0.3,17,17:00:00
2024-05-05,13.3,0.1,18,18:00:00
2024-05-05,13.2,0.1,19,19:00:00
2024-05-05,12.9,0.1,20,20:00:00
2024-05-05,12.1,0,21,21:00:00
2024-05-05,10.9,0,22,22:00:00
2024-05-05,9.9,0,23,23:00:00
2024-05-06,9.4,0,0,0:00:00
2024-05-06,8.9,0,1,1:00:00
2024-05-06,8.4,0,2,2:00:00
2024-05-06,7.6,0,3,3:00:00
2024-05-06,6.6,0,4,4:00:00
2024-05-06,6.2,0,5,5:00:00
2024-05-06,7.1,0,6,6:00:00
2024-05-06,8.5,0,7,7:00:00
2024-05-06,10.1,0,8,8:00:00
2024-05-06,11.9,0,9,9:00:00
2024-05-06,13.9,0,10,10:00:00
2024-05-06,15.4,0,11,11:00:00
2024-05-06,16.6,0,12,12:00:00
2024-05-06,17.5,0,13,13:00:00
2024-05-06,18,0,14,14:00:00
2024-05-06,18.2,0,15,15:00:00
2024-05-06,18.1,0,16,16:00:00
2024-05-06,17.8,0,17,17:00:00
2024-05-06,17.1,0,18,18:00:00
2024-05-06,16.2,0,19,19:00:00
2024-05-06,15.2,0,20,20:00:00
2024-05-06,14.1,0,21,21:00:00
2024-05-06,12.8,0,22,22:00:00
2024-05-06,11.7,0,23,23:00:00
2024-05-07,11,0,0,0:00:00
2024-05-07,10.5,0,1,1:00:00
2024-05-07,10.1,0,2,2:00:00
2024-05-07,9.6,0,3,3:00:00
2024-05-07,9.1,0,4,4:00:00
2024-05-07,9,0,5,5:00:00
2024-05-07,9.4,0,6,6:00:00
2024-05-07,9.9,0,7,7:00:00
2024-05-07,10.9,0,8,8:00:00
2024-05-07,12.4,0,9,9:00:00
2024-05-07,14.2,0,10,10:00:00
2024-05-07,15.7,0,11,11:00:00
2024-05-07,16.5,0.1,12,12:00:00
2024-05-07,17,0.1,13,13:00:00
2024-05-07,17.2,0.1,14,14:00:00
2024-05-07,17.4,0.1,15,15:00:00
2024-05-07,17.4,0.1,16,16:00:00
2024-05-07,17.1,0.1,17,17:00:00
2024-05-07,16.6,0.1,18,18:00:00
2024-05-07,15.9,0.1,19,19:00:00
2024-05-07,14.9,0.1,20,20:00:00
2024-05-07,13.4,0,21,21:00:00
2024-05-07,11.6,0,22,22:00:00
2024-05-07,10.2,0,23,23:00:00
2024-05-08,9.6,0,0,0:00:00
2024-05-08,9.4,0,1,1:00:00
2024-05-08,9.3,0,2,2:00:00
2024-05-08,9,0,3,3:00:00
2024-05-08,8.7,0,4,4:00:00
2024-05-08,8.7,0,5,5:00:00
2024-05-08,9.3,0,6,6:00:00
2024-05-08,10.2,0,7,7:00:00
2024-05-08,11.2,0,8,8:00:00
2024-05-08,12.3,0.1,9,9:00:00
2024-05-08,13.4,0.1,10,10:00:00
2024-05-08,14.3,0.1,11,11:00:00
2024-05-08,14.7,0.1,12,12:00:00
2024-05-08,14.8,0.1,13,13:00:00
2024-05-08,14.9,0.1,14,14:00:00
2024-05-08,15,0.2,15,15:00:00
2024-05-08,15.1,0.2,16,16:00:00
2024-05-08,15.1,0.2,17,17:00:00
2024-05-08,15.1,0,18,18:00:00
2024-05-08,14.9,0,19,19:00:00
2024-05-08,14.4,0,20,20:00:00
2024-05-08,13.3,0,21,21:00:00
2024-05-08,11.8,0,22,22:00:00
2024-05-08,10.5,0,23,23:00:00
2024-05-09,9.9,0,0,0:00:00
2024-05-09,9.4,0,1,1:00:00
2024-05-09,9.1,0,2,2:00:00
2024-05-09,8.8,0,3,3:00:00
2024-05-09,8.6,0,4,4:00:00
2024-05-09,8.5,0,5,5:00:00
2024-05-09,8.6,0,6,6:00:00
2024-05-09,8.8,0,7,7:00:00
2024-05-09,9.4,0,8,8:00:00
2024-05-09,10.9,0,9,9:00:00
2024-05-09,12.9,0,10,10:00:00
2024-05-09,14.6,0,11,11:00:00
2024-05-09,15.8,0,12,12:00:00
2024-05-09,16.5,0,13,13:00:00
2024-05-09,17,0,14,14:00:00
2024-05-09,17.6,0,15,15:00:00
2024-05-09,18,0,16,16:00:00
2024-05-09,18,0,17,17:00:00
2024-05-09,17.9,0,18,18:00:00
2024-05-09,17.2,0,19,19:00:00
2024-05-09,16.3,0,20,20:00:00
2024-05-09,14.7,0,21,21:00:00
2024-05-09,12.6,0,22,22:00:00
2024-05-09,10.9,0,23,23:00:00
2024-05-10,10.1,0,0,0:00:00
2024-05-10,9.6,0,1,1:00:00
2024-05-10,9.1,0,2,2:00:00
2024-05-10,8.4,0,3,3:00:00
2024-05-10,7.9,0,4,4:00:00
2024-05-10,7.8,0,5,5:00:00
2024-05-10,8.2,0,6,6:00:00
2024-05-10,9.2,0,7,7:00:00
2024-05-10,10.4,0,8,8:00:00
2024-05-10,12.4,0,9,9:00:00
2024-05-10,14.6,0,10,10:00:00
2024-05-10,16.5,0,11,11:00:00
2024-05-10,17.5,0,12,12:00:00
2024-05-10,18.2,0,13,13:00:00
2024-05-10,18.8,0,14,14:00:00
2024-05-10,19.2,0,15,15:00:00
2024-05-10,19.6,0,16,16:00:00
2024-05-10,19.5,0,17,17:00:00
2024-05-10,18.8,0,18,18:00:00
2024-05-10,17.6,0,19,19:00:00
2024-05-10,16.4,0,20,20:00:00
2024-05-10,15.1,0,21,21:00:00
2024-05-10,13.6,0,22,22:00:00
2024-05-10,12.3,0,23,23:00:00
2024-05-11,11.4,0,0,0:00:00
2024-05-11,10.7,0,1,1:00:00
2024-05-11,10.1,0,2,2:00:00
2024-05-11,9.6,0,3,3:00:00
2024-05-11,9.4,0,4,4:00:00
2024-05-11,9.4,0,5,5:00:00
2024-05-11,9.7,0,6,6:00:00
2024-05-11,10.3,0,7,7:00:00
2024-05-11,11.1,0,8,8:00:00
2024-05-11,12.3,0,9,9:00:00
2024-05-11,13.8,0,10,10:00:00
2024-05-11,15.1,0,11,11:00:00
2024-05-11,16.5,0,12,12:00:00
2024-05-11,17.8,0,13,13:00:00
2024-05-11,18.8,0,14,14:00:00
2024-05-11,19.5,0,15,15:00:00
2024-05-11,20,0,16,16:00:00
2024-05-11,20.1,0,17,17:00:00
2024-05-11,19.9,0,18,18:00:00
2024-05-11,19.3,0,19,19:00:00
2024-05-11,18.4,0,20,20:00:00
2024-05-11,17.1,0,21,21:00:00
2024-05-11,15.5,0,22,22:00:00
2024-05-11,14.2,0,23,23:00:00
2024-05-12,13.6,0,0,0:00:00
2024-05-12,13.3,0,1,1:00:00
2024-05-12,12.9,0,2,2:00:00
2024-05-12,12.2,0,3,3:00:00
2024-05-12,11.4,0,4,4:00:00
2024-05-12,11.1,0,5,5:00:00
2024-05-12,11.3,0,6,6:00:00
2024-05-12,11.9,0,7,7:00:00
2024-05-12,12.9,0,8,8:00:00
2024-05-12,14.6,0,9,9:00:00
2024-05-12,16.5,0,10,10:00:00
2024-05-12,18.2,0,11,11:00:00
2024-05-12,19.5,0,12,12:00:00
2024-05-12,20.5,0,13,13:00:00
2024-05-12,21.3,0,14,14:00:00
2024-05-12,21.8,0,15,15:00:00
2024-05-12,22,0,16,16:00:00
2024-05-12,21.9,0,17,17:00:00
2024-05-12,21.5,0,18,18:00:00
2024-05-12,20.8,0,19,19:00:00
2024-05-12,19.9,0,20,20:00:00
2024-05-12,18.9,0,21,21:00:00
2024-05-12,17.8,0,22,22:00:00
2024-05-12,16.8,0,23,23:00:00
2024-05-13,16.3,0,0,0:00:00
2024-05-13,16,0,1,1:00:00
2024-05-13,15.6,0,2,2:00:00
2024-05-13,15.1,0,3,3:00:00
2024-05-13,14.4,0,4,4:00:00
2024-05-13,14.1,0,5,5:00:00
2024-05-13,14.4,0,6,6:00:00
2024-05-13,15.1,0,7,7:00:00
2024-05-13,16.2,0,8,8:00:00
2024-05-13,17.9,0,9,9:00:00
2024-05-13,19.9,0,10,10:00:00
2024-05-13,21.6,0,11,11:00:00
2024-05-13,23,0,12,12:00:00
2024-05-13,24.3,0,13,13:00:00
2024-05-13,25.1,0,14,14:00:00
2024-05-13,25.6,0,15,15:00:00
2024-05-13,25.6,0,16,16:00:00
2024-05-13,25.2,0,17,17:00:00
2024-05-13,24.5,0,18,18:00:00
2024-05-13,23.4,0,19,19:00:00
2024-05-13,22,0,20,20:00:00
2024-05-13,20.5,0,21,21:00:00
2024-05-13,18.6,0,22,22:00:00
2024-05-13,17.4,0,23,23:00:00
2024-05-14,17.2,0,0,0:00:00
2024-05-14,17.6,0,1,1:00:00
2024-05-14,17.7,0,2,2:00:00
2024-05-14,17,0,3,3:00:00
2024-05-14,16,0,4,4:00:00
2024-05-14,15.5,0,5,5:00:00
2024-05-14,15.6,0,6,6:00:00
2024-05-14,16.1,0,7,7:00:00
2024-05-14,17,0,8,8:00:00
2024-05-14,18.6,0,9,9:00:00
2024-05-14,20.5,0,10,10:00:00
2024-05-14,22.2,0,11,11:00:00
2024-05-14,23.5,0,12,12:00:00
2024-05-14,24.6,0,13,13:00:00
2024-05-14,25.3,0,14,14:00:00
2024-05-14,25.8,0,15,15:00:00
2024-05-14,25.9,0,16,16:00:00
2024-05-14,25.6,0,17,17:00:00
2024-05-14,24.9,0,18,18:00:00
2024-05-14,23.6,0,19,19:00:00
2024-05-14,22.5,0,20,20:00:00
2024-05-14,21.5,0,21,21:00:00
2024-05-14,20.5,0,22,22:00:00
2024-05-14,19.5,0,23,23:00:00
2024-05-15,18.8,0,0,0:00:00
2024-05-15,18.2,0,1,1:00:00
2024-05-15,17.6,0,2,2:00:00
2024-05-15,17,0,3,3:00:00
2024-05-15,16.3,0,4,4:00:00
2024-05-15,15.9,0,5,5:00:00
2024-05-15,15.7,0,6,6:00:00
2024-05-15,15.8,0,7,7:00:00
2024-05-15,16.4,0,8,8:00:00
2024-05-15,17.6,0,9,9:00:00
2024-05-15,19.4,0,10,10:00:00
2024-05-15,21,0,11,11:00:00
2024-05-15,22.1,0,12,12:00:00
2024-05-15,23,0,13,13:00:00
2024-05-15,23.8,0,14,14:00:00
2024-05-15,24.5,0,15,15:00:00
2024-05-15,25.1,0,16,16:00:00
2024-05-15,25.2,0,17,17:00:00
2024-05-15,24.7,0,18,18:00:00
2024-05-15,23.6,0,19,19:00:00
2024-05-15,22.2,0,20,20:00:00
2024-05-15,20.5,0,21,21:00:00
2024-05-15,18.5,0,22,22:00:00
2024-05-15,16.9,0,23,23:00:00
2024-05-16,15.6,0,0,0:00:00
2024-05-16,14.6,0,1,1:00:00
2024-05-16,14,0,2,2:00:00
2024-05-16,14.2,0,3,3:00:00
2024-05-16,14.9,0,4,4:00:00
2024-05-16,15.6,0,5,5:00:00
2024-05-16,15.9,0,6,6:00:00
2024-05-16,16.1,0,7,7:00:00
2024-05-16,16.5,0,8,8:00:00
2024-05-16,17.5,0,9,9:00:00
2024-05-16,18.7,0,10,10:00:00
2024-05-16,19.8,0,11,11:00:00
2024-05-16,20.9,0.1,12,12:00:00
2024-05-16,21.9,0.1,13,13:00:00
2024-05-16,22.4,0.1,14,14:00:00
2024-05-16,22.1,0.4,15,15:00:00
2024-05-16,21.3,0.4,16,16:00:00
2024-05-16,20.4,0.4,17,17:00:00
2024-05-16,19.4,1.5,18,18:00:00
2024-05-16,18.2,1.5,19,19:00:00
2024-05-16,17.2,1.5,20,20:00:00
2024-05-16,16.5,0.4,21,21:00:00
2024-05-16,15.8,0.4,22,22:00:00
2024-05-16,15.1,0.4,23,23:00:00
2024-05-17,14.4,0,0,0:00:00
2024-05-17,13.7,0,1,1:00:00
2024-05-17,13.1,0,2,2:00:00
2024-05-17,12.8,0,3,3:00:00
2024-05-17,12.6,0,4,4:00:00
2024-05-17,12.6,0,5,5:00:00
2024-05-17,13.1,0,6,6:00:00
2024-05-17,13.7,0,7,7:00:00
2024-05-17,14.6,0,8,8:00:00
2024-05-17,16.1,0,9,9:00:00
2024-05-17,17.8,0,10,10:00:00
2024-05-17,19.3,0,11,11:00:00
2024-05-17,20.5,0,12,12:00:00
2024-05-17,21.5,0,13,13:00:00
2024-05-17,22.1,0,14,14:00:00
2024-05-17,22.6,0,15,15:00:00
2024-05-17,22.8,0,16,16:00:00
2024-05-17,22.6,0,17,17:00:00
2024-05-17,22.1,0.2,18,18:00:00
2024-05-17,21.4,0.2,19,19:00:00
2024-05-17,20.4,0.2,20,20:00:00
2024-05-17,19,0,21,21:00:00
2024-05-17,17.5,0,22,22:00:00
2024-05-17,16.5,0,23,23:00:00
2024-05-18,16.1,0,0,0:00:00
2024-05-18,16.2,0,1,1:00:00
2024-05-18,16.1,0,2,2:00:00
2024-05-18,15.4,0,3,3:00:00
2024-05-18,14.4,0,4,4:00:00
2024-05-18,13.9,0,5,5:00:00
2024-05-18,14.1,0,6,6:00:00
2024-05-18,14.8,0,7,7:00:00
2024-05-18,15.6,0,8,8:00:00
2024-05-18,16.9,0,9,9:00:00
2024-05-18,18.4,0,10,10:00:00
2024-05-18,19.6,0,11,11:00:00
2024-05-18,20.5,0,12,12:00:00
2024-05-18,21.2,0,13,13:00:00
2024-05-18,21.6,0,14,14:00:00
2024-05-18,21.9,0,15,15:00:00
2024-05-18,21.9,0,16,16:00:00
2024-05-18,21.6,0,17,17:00:00
2024-05-18,21,0,18,18:00:00
2024-05-18,20.1,0,19,19:00:00
2024-05-18,19,0,20,20:00:00
2024-05-18,17.8,0,21,21:00:00
2024-05-18,16.2,0,22,22:00:00
2024-05-18,14.9,0,23,23:00:00
2024-05-19,14.1,0,0,0:00:00
2024-05-19,13.6,0,1,1:00:00
2024-05-19,13.1,0,2,2:00:00
2024-05-19,12.6,0,3,3:00:00
2024-05-19,12.2,0,4,4:00:00
2024-05-19,12.2,0,5,5:00:00
2024-05-19,12.8,0,6,6:00:00
2024-05-19,13.6,0,7,7:00:00
2024-05-19,14.8,0,8,8:00:00
2024-05-19,16.4,0,9,9:00:00
2024-05-19,18.2,0,10,10:00:00
2024-05-19,19.6,0,11,11:00:00
2024-05-19,20.5,1.6,12,12:00:00
2024-05-19,21,1.6,13,13:00:00
2024-05-19,21.1,1.6,14,14:00:00
2024-05-19,20.9,1,15,15:00:00
2024-05-19,20.2,1,16,16:00:00
2024-05-19,19.5,1,17,17:00:00
2024-05-19,19.2,0,18,18:00:00
2024-05-19,18.8,0,19,19:00:00
2024-05-19,18.1,0,20,20:00:00
2024-05-19,16.9,0,21,21:00:00
2024-05-19,15.3,0,22,22:00:00
2024-05-19,14.1,0,23,23:00:00
2024-05-20,13.8,0,0,0:00:00
2024-05-20,13.9,0,1,1:00:00
2024-05-20,13.8,0,2,2:00:00
2024-05-20,13.2,0.6,3,3:00:00
2024-05-20,12.5,0.6,4,4:00:00
2024-05-20,12.1,0.6,5,5:00:00
2024-05-20,12.4,0,6,6:00:00
2024-05-20,13,0,7,7:00:00
2024-05-20,13.9,0,8,8:00:00
2024-05-20,14.9,0,9,9:00:00
2024-05-20,16.2,0,10,10:00:00
2024-05-20,17.5,0,11,11:00:00
2024-05-20,18.8,0,12,12:00:00
2024-05-20,20,0,13,13:00:00
2024-05-20,20.7,0,14,14:00:00
2024-05-20,20.4,0.9,15,15:00:00
2024-05-20,19.5,0.9,16,16:00:00
2024-05-20,18.6,0.9,17,17:00:00
2024-05-20,18,0,18,18:00:00
2024-05-20,17.5,0,19,19:00:00
2024-05-20,16.9,0,20,20:00:00
2024-05-20,16.3,0,21,21:00:00
2024-05-20,15.8,0,22,22:00:00
2024-05-20,15.2,0,23,23:00:00
2024-05-21,14.8,0,0,0:00:00
2024-05-21,14.4,0,1,1:00:00
2024-05-21,14.1,0,2,2:00:00
2024-05-21,13.7,0,3,3:00:00
2024-05-21,13.2,0,4,4:00:00
2024-05-21,13.1,0,5,5:00:00
2024-05-21,13.5,0,6,6:00:00
2024-05-21,14.2,0,7,7:00:00
2024-05-21,15.2,0,8,8:00:00
2024-05-21,17,0,9,9:00:00
2024-05-21,19.1,0,10,10:00:00
2024-05-21,20.9,0,11,11:00:00
2024-05-21,22.3,0.1,12,12:00:00
2024-05-21,23.4,0.1,13,13:00:00
2024-05-21,23.6,0.1,14,14:00:00
2024-05-21,22.5,0.6,15,15:00:00
2024-05-21,20.4,0.6,16,16:00:00
2024-05-21,19,0.6,17,17:00:00
2024-05-21,19.4,0.1,18,18:00:00
2024-05-21,20.4,0.1,19,19:00:00
2024-05-21,20.6,0.1,20,20:00:00
2024-05-21,19.5,0.9,21,21:00:00
2024-05-21,17.5,0.9,22,22:00:00
2024-05-21,16.1,0.9,23,23:00:00
2024-05-22,16,2,0,0:00:00
2024-05-22,16.3,2,1,1:00:00
2024-05-22,16.5,2,2,2:00:00
2024-05-22,16.5,0.4,3,3:00:00
2024-05-22,16.3,0.4,4,4:00:00
2024-05-22,16,0.4,5,5:00:00
2024-05-22,15.6,0,6,6:00:00
2024-05-22,15.1,0,7,7:00:00
2024-05-22,14.9,0,8,8:00:00
2024-05-22,15.1,0,9,9:00:00
2024-05-22,15.6,0,10,10:00:00
2024-05-22,15.9,0,11,11:00:00
2024-05-22,16.2,0,12,12:00:00
2024-05-22,16.4,0,13,13:00:00
2024-05-22,16.6,0,14,14:00:00
2024-05-22,17.1,0,15,15:00:00
2024-05-22,17.7,0,16,16:00:00
2024-05-22,18,0,17,17:00:00
2024-05-22,18,0,18,18:00:00
2024-05-22,17.8,0,19,19:00:00
2024-05-22,17.3,0,20,20:00:00
2024-05-22,16.5,0,21,21:00:00
2024-05-22,15.5,0,22,22:00:00
2024-05-22,14.6,0,23,23:00:00
2024-05-23,13.9,0,0,0:00:00
2024-05-23,13.2,0,1,1:00:00
2024-05-23,12.8,0,2,2:00:00
2024-05-23,12.4,0,3,3:00:00
2024-05-23,12,0,4,4:00:00
2024-05-23,11.9,0,5,5:00:00
2024-05-23,12.2,0,6,6:00:00
2024-05-23,12.8,0,7,7:00:00
2024-05-23,13.4,0,8,8:00:00
2024-05-23,14.2,0.1,9,9:00:00
2024-05-23,15.1,0.1,10,10:00:00
2024-05-23,15.9,0.1,11,11:00:00
2024-05-23,16.5,0.2,12,12:00:00
2024-05-23,17,0.2,13,13:00:00
2024-05-23,17.6,0.2,14,14:00:00
2024-05-23,18.3,0.1,15,15:00:00
2024-05-23,19,0.1,16,16:00:00
2024-05-23,19.2,0.1,17,17:00:00
2024-05-23,19,0,18,18:00:00
2024-05-23,18.4,0,19,19:00:00
2024-05-23,17.6,0,20,20:00:00
2024-05-23,17,0,21,21:00:00
2024-05-23,16.1,0,22,22:00:00
2024-05-23,15.1,0,23,23:00:00
2024-05-24,13.9,0,0,0:00:00
2024-05-24,12.6,0,1,1:00:00
2024-05-24,11.4,0,2,2:00:00
2024-05-24,10.8,0,3,3:00:00
2024-05-24,10.4,0,4,4:00:00
2024-05-24,10.6,0,5,5:00:00
2024-05-24,11.6,0,6,6:00:00
2024-05-24,13.2,0,7,7:00:00
2024-05-24,14.8,0,8,8:00:00
2024-05-24,16.3,0,9,9:00:00
2024-05-24,17.9,0,10,10:00:00
2024-05-24,19.2,0,11,11:00:00
2024-05-24,20.4,0,12,12:00:00
2024-05-24,21.2,0,13,13:00:00
2024-05-24,21.8,0,14,14:00:00
2024-05-24,22,0,15,15:00:00
2024-05-24,22.1,0,16,16:00:00
2024-05-24,21.6,0,17,17:00:00
2024-05-24,20.6,0,18,18:00:00
2024-05-24,19.1,0,19,19:00:00
2024-05-24,17.8,0,20,20:00:00
2024-05-24,17,0.2,21,21:00:00
2024-05-24,16.4,0.2,22,22:00:00
2024-05-24,15.8,0.2,23,23:00:00
2024-05-25,15.4,1.1,0,0:00:00
2024-05-25,15.2,1.1,1,1:00:00
2024-05-25,14.9,1.1,2,2:00:00
2024-05-25,14.6,0.8,3,3:00:00
2024-05-25,14.2,0.8,4,4:00:00
2024-05-25,14,0.8,5,5:00:00
2024-05-25,14.1,0.1,6,6:00:00
2024-05-25,14.3,0.1,7,7:00:00
2024-05-25,14.8,0.1,8,8:00:00
2024-05-25,15.9,0.1,9,9:00:00
2024-05-25,17.2,0.1,10,10:00:00
2024-05-25,18.3,0.1,11,11:00:00
2024-05-25,18.9,0.1,12,12:00:00
2024-05-25,19.1,0.1,13,13:00:00
2024-05-25,19.4,0.1,14,14:00:00
2024-05-25,19.6,0.1,15,15:00:00
2024-05-25,19.9,0.1,16,16:00:00
2024-05-25,19.8,0.1,17,17:00:00
2024-05-25,19.2,0,18,18:00:00
2024-05-25,18.4,0,19,19:00:00
2024-05-25,17.4,0,20,20:00:00
2024-05-25,16.4,0,21,21:00:00
2024-05-25,15.1,0,22,22:00:00
2024-05-25,14.1,0,23,23:00:00
2024-05-26,13.4,0,0,0:00:00
2024-05-26,12.8,0,1,1:00:00
2024-05-26,12.2,0,2,2:00:00
2024-05-26,11.4,0,3,3:00:00
2024-05-26,10.8,0,4,4:00:00
2024-05-26,10.7,0,5,5:00:00
2024-05-26,11.8,0,6,6:00:00
2024-05-26,13.6,0,7,7:00:00
2024-05-26,15.4,0,8,8:00:00
2024-05-26,17,0,9,9:00:00
2024-05-26,18.6,0,10,10:00:00
2024-05-26,20,0,11,11:00:00
2024-05-26,21.2,0.1,12,12:00:00
2024-05-26,22.3,0.1,13,13:00:00
2024-05-26,22.8,0.1,14,14:00:00
2024-05-26,22.5,0.2,15,15:00:00
2024-05-26,21.8,0.2,16,16:00:00
2024-05-26,21,0.2,17,17:00:00
2024-05-26,20.6,0,18,18:00:00
2024-05-26,20.4,0,19,19:00:00
2024-05-26,19.8,0,20,20:00:00
2024-05-26,18.6,2,21,21:00:00
2024-05-26,17.1,2,22,22:00:00
2024-05-26,15.9,2,23,23:00:00
2024-05-27,15.2,0,0,0:00:00
2024-05-27,14.9,0,1,1:00:00
2024-05-27,14.4,0,2,2:00:00
2024-05-27,13.6,0,3,3:00:00
2024-05-27,12.6,0,4,4:00:00
2024-05-27,12,0,5,5:00:00
2024-05-27,12.4,0,6,6:00:00
2024-05-27,13.2,0,7,7:00:00
2024-05-27,14.1,0,8,8:00:00
2024-05-27,15,0,9,9:00:00
2024-05-27,16,0,10,10:00:00
2024-05-27,16.9,0,11,11:00:00
2024-05-27,17.6,0.2,12,12:00:00
2024-05-27,18.4,0.2,13,13:00:00
2024-05-27,18.8,0.2,14,14:00:00
2024-05-27,19,0,15,15:00:00
2024-05-27,19,0,16,16:00:00
2024-05-27,18.6,0,17,17:00:00
2024-05-27,17.9,0,18,18:00:00
2024-05-27,16.9,0,19,19:00:00
2024-05-27,15.9,0,20,20:00:00
2024-05-27,15.2,2,21,21:00:00
2024-05-27,14.6,2,22,22:00:00
2024-05-27,13.9,2,23,23:00:00
2024-05-28,13.3,1.8,0,0:00:00
2024-05-28,12.6,1.8,1,1:00:00
2024-05-28,12.1,1.8,2,2:00:00
2024-05-28,11.7,0.1,3,3:00:00
2024-05-28,11.4,0.1,4,4:00:00
2024-05-28,11.1,0.1,5,5:00:00
2024-05-28,11.2,0.2,6,6:00:00
2024-05-28,11.4,0.2,7,7:00:00
2024-05-28,11.9,0.2,8,8:00:00
2024-05-28,12.9,0.1,9,9:00:00
2024-05-28,14.1,0.1,10,10:00:00
2024-05-28,15.2,0.1,11,11:00:00
2024-05-28,16.1,0,12,12:00:00
2024-05-28,16.8,0,13,13:00:00
2024-05-28,17.4,0,14,14:00:00
2024-05-28,17.9,0,15,15:00:00
2024-05-28,18.1,0,16,16:00:00
2024-05-28,18.1,0,17,17:00:00
2024-05-28,17.5,0,18,18:00:00
2024-05-28,16.6,0,19,19:00:00
2024-05-28,15.7,0,20,20:00:00
2024-05-28,14.9,0.8,21,21:00:00
2024-05-28,14.2,0.8,22,22:00:00
2024-05-28,13.8,0.8,23,23:00:00
2024-05-29,13.7,0.5,0,0:00:00
2024-05-29,13.9,0.5,1,1:00:00
2024-05-29,14,0.5,2,2:00:00
2024-05-29,14.1,0.6,3,3:00:00
2024-05-29,14,0.6,4,4:00:00
2024-05-29,14.1,0.6,5,5:00:00
2024-05-29,14.2,1.3,6,6:00:00
2024-05-29,14.6,1.3,7,7:00:00
2024-05-29,14.8,1.3,8,8:00:00
2024-05-29,14.9,0.5,9,9:00:00
2024-05-29,15.1,0.5,10,10:00:00
2024-05-29,15.2,0.5,11,11:00:00
2024-05-29,15.6,0.4,12,12:00:00
2024-05-29,16,0.4,13,13:00:00
2024-05-29,16.3,0.4,14,14:00:00
2024-05-29,16.3,1.2,15,15:00:00
2024-05-29,16.1,1.2,16,16:00:00
2024-05-29,15.9,1.2,17,17:00:00
2024-05-29,15.6,0.3,18,18:00:00
2024-05-29,15.2,0.3,19,19:00:00
2024-05-29,14.7,0.3,20,20:00:00
2024-05-29,13.8,0,21,21:00:00
2024-05-29,12.6,0,22,22:00:00
2024-05-29,11.8,0,23,23:00:00
2024-05-30,11.9,0,0,0:00:00
2024-05-30,12.4,0,1,1:00:00
2024-05-30,12.5,0,2,2:00:00
2024-05-30,11.8,0,3,3:00:00
2024-05-30,10.8,0,4,4:00:00
2024-05-30,10.3,0,5,5:00:00
2024-05-30,10.9,0,6,6:00:00
2024-05-30,12.1,0,7,7:00:00
2024-05-30,13.4,0,8,8:00:00
2024-05-30,14.6,0.1,9,9:00:00
2024-05-30,15.8,0.1,10,10:00:00
2024-05-30,16.8,0.1,11,11:00:00
2024-05-30,17.6,0,12,12:00:00
2024-05-30,18.3,0,13,13:00:00
2024-05-30,18.7,0,14,14:00:00
2024-05-30,18.9,0.4,15,15:00:00
2024-05-30,18.7,0.4,16,16:00:00
2024-05-30,18.4,0.4,17,17:00:00
2024-05-30,18.1,0,18,18:00:00
2024-05-30,17.8,0,19,19:00:00
2024-05-30,17.1,0,20,20:00:00
2024-05-30,15.9,0,21,21:00:00
2024-05-30,14.2,0,22,22:00:00
2024-05-30,12.8,0,23,23:00:00
2024-05-31,11.9,0,0,0:00:00
2024-05-31,11.2,0,1,1:00:00
2024-05-31,10.6,0,2,2:00:00
2024-05-31,9.9,0,3,3:00:00
2024-05-31,9.1,0,4,4:00:00
2024-05-31,9.1,0,5,5:00:00
2024-05-31,10.1,0,6,6:00:00
2024-05-31,11.8,0,7,7:00:00
2024-05-31,13.4,0,8,8:00:00
2024-05-31,14.7,0.1,9,9:00:00
2024-05-31,15.9,0.1,10,10:00:00
2024-05-31,16.9,0.1,11,11:00:00
2024-05-31,17.3,0.5,12,12:00:00
2024-05-31,17.4,0.5,13,13:00:00
2024-05-31,17.4,0.5,14,14:00:00
2024-05-31,17.5,0.1,15,15:00:00
2024-05-31,17.5,0.1,16,16:00:00
2024-05-31,17.4,0.1,17,17:00:00
2024-05-31,17,0,18,18:00:00
2024-05-31,16.4,0,19,19:00:00
2024-05-31,15.7,0,20,20:00:00
2024-05-31,15.2,0,21,21:00:00
2024-05-31,14.8,0,22,22:00:00
2024-05-31,14.4,0,23,23:00:00
2024-06-01,14.1,0,0,0:00:00
2024-06-01,14,0,1,1:00:00
2024-06-01,13.9,0,2,2:00:00
2024-06-01,13.9,0,3,3:00:00
2024-06-01,13.9,0,4,4:00:00
2024-06-01,14.1,0,5,5:00:00
2024-06-01,14.7,0,6,6:00:00
2024-06-01,15.6,0,7,7:00:00
2024-06-01,16.5,0,8,8:00:00
2024-06-01,17.5,0.2,9,9:00:00
2024-06-01,18.7,0.2,10,10:00:00
2024-06-01,19.5,0.2,11,11:00:00
2024-06-01,19.8,0.1,12,12:00:00
2024-06-01,19.8,0.1,13,13:00:00
2024-06-01,19.7,0.1,14,14:00:00
2024-06-01,19.9,0.1,15,15:00:00
2024-06-01,19.9,0.1,16,16:00:00
2024-06-01,19.7,0.1,17,17:00:00
2024-06-01,19,0,18,18:00:00
2024-06-01,18,0,19,19:00:00
2024-06-01,17.1,0,20,20:00:00
2024-06-01,16.3,0,21,21:00:00
2024-06-01,15.5,0,22,22:00:00
2024-06-01,14.8,0,23,23:00:00
2024-06-02,14.4,0,0,0:00:00
2024-06-02,14.1,0,1,1:00:00
2024-06-02,13.8,0,2,2:00:00
2024-06-02,13.6,0,3,3:00:00
2024-06-02,13.3,0,4,4:00:00
2024-06-02,13.1,0,5,5:00:00
2024-06-02,13.1,0,6,6:00:00
2024-06-02,13.1,0,7,7:00:00
2024-06-02,13.4,0,8,8:00:00
2024-06-02,14.1,0.1,9,9:00:00
2024-06-02,15.1,0.1,10,10:00:00
2024-06-02,15.7,0.1,11,11:00:00
2024-06-02,15.9,0,12,12:00:00
2024-06-02,15.8,0,13,13:00:00
2024-06-02,15.8,0,14,14:00:00
2024-06-02,16.2,0,15,15:00:00
2024-06-02,16.8,0,16,16:00:00
2024-06-02,16.9,0,17,17:00:00
2024-06-02,16,0,18,18:00:00
2024-06-02,14.8,0,19,19:00:00
2024-06-02,13.6,0,20,20:00:00
2024-06-02,13.1,0,21,21:00:00
2024-06-02,12.9,0,22,22:00:00
2024-06-02,12.6,0,23,23:00:00
2024-06-03,12.4,0,0,0:00:00
2024-06-03,12.3,0,1,1:00:00
2024-06-03,12.1,0,2,2:00:00
2024-06-03,11.9,0,3,3:00:00
2024-06-03,11.8,0,4,4:00:00
2024-06-03,11.6,0,5,5:00:00
2024-06-03,11.8,0,6,6:00:00
2024-06-03,11.9,0,7,7:00:00
2024-06-03,12.2,0,8,8:00:00
2024-06-03,12.7,0,9,9:00:00
2024-06-03,13.3,0,10,10:00:00
2024-06-03,13.9,0,11,11:00:00
2024-06-03,14.6,0.1,12,12:00:00
2024-06-03,15.4,0.1,13,13:00:00
2024-06-03,15.8,0.1,14,14:00:00
2024-06-03,15.9,0,15,15:00:00
2024-06-03,15.9,0,16,16:00:00
2024-06-03,15.6,0,17,17:00:00
2024-06-03,15.4,0,18,18:00:00
2024-06-03,15,0,19,19:00:00
2024-06-03,14.6,0,20,20:00:00
2024-06-03,14.4,0,21,21:00:00
2024-06-03,14.3,0,22,22:00:00
2024-06-03,14.1,0,23,23:00:00
2024-06-04,14.1,0,0,0:00:00
2024-06-04,14,0,1,1:00:00
2024-06-04,13.8,0,2,2:00:00
2024-06-04,13.4,0,3,3:00:00
2024-06-04,12.9,0,4,4:00:00
2024-06-04,12.8,0,5,5:00:00
2024-06-04,13.1,0,6,6:00:00
2024-06-04,13.6,0,7,7:00:00
2024-06-04,14.1,0,8,8:00:00
2024-06-04,14.6,0.1,9,9:00:00
2024-06-04,14.9,0.1,10,10:00:00
2024-06-04,15.4,0.1,11,11:00:00
2024-06-04,16.1,0.1,12,12:00:00
2024-06-04,16.9,0.1,13,13:00:00
2024-06-04,17.5,0.1,14,14:00:00
2024-06-04,17.9,0.1,15,15:00:00
2024-06-04,18.2,0.1,16,16:00:00
2024-06-04,18.4,0.1,17,17:00:00
2024-06-04,18.5,0,18,18:00:00
2024-06-04,18.6,0,19,19:00:00
2024-06-04,18.4,0,20,20:00:00
2024-06-04,17.8,0.2,21,21:00:00
2024-06-04,16.9,0.2,22,22:00:00
2024-06-04,16.1,0.2,23,23:00:00
2024-06-05,15.6,0.5,0,0:00:00
2024-06-05,15.1,0.5,1,1:00:00
2024-06-05,14.5,0.5,2,2:00:00
2024-06-05,13.6,0.6,3,3:00:00
2024-06-05,12.7,0.6,4,4:00:00
2024-06-05,12,0.6,5,5:00:00
2024-06-05,11.7,0,6,6:00:00
2024-06-05,11.7,0,7,7:00:00
2024-06-05,11.9,0,8,8:00:00
2024-06-05,12.6,0.2,9,9:00:00
2024-06-05,13.4,0.2,10,10:00:00
2024-06-05,14.3,0.2,11,11:00:00
2024-06-05,15.1,0,12,12:00:00
2024-06-05,15.9,0,13,13:00:00
2024-06-05,16.4,0,14,14:00:00
2024-06-05,16.4,0,15,15:00:00
2024-06-05,16,0,16,16:00:00
2024-06-05,15.6,0,17,17:00:00
2024-06-05,15,0,18,18:00:00
2024-06-05,14.2,0,19,19:00:00
2024-06-05,13.3,0,20,20:00:00
2024-06-05,11.9,0,21,21:00:00
2024-06-05,10.4,0,22,22:00:00
2024-06-05,9.2,0,23,23:00:00
2024-06-06,8.8,0,0,0:00:00
2024-06-06,8.9,0,1,1:00:00
2024-06-06,8.8,0,2,2:00:00
2024-06-06,8.6,0,3,3:00:00
2024-06-06,8.3,0,4,4:00:00
2024-06-06,8.3,0,5,5:00:00
2024-06-06,8.7,0,6,6:00:00
2024-06-06,9.4,0,7,7:00:00
2024-06-06,10.4,0,8,8:00:00
2024-06-06,12.1,0,9,9:00:00
2024-06-06,14.1,0,10,10:00:00
2024-06-06,15.6,0,11,11:00:00
2024-06-06,16,0,12,12:00:00
2024-06-06,15.9,0,13,13:00:00
2024-06-06,15.6,0,14,14:00:00
2024-06-06,15.2,0,15,15:00:00
2024-06-06,14.5,0,16,16:00:00
2024-06-06,14,0,17,17:00:00
2024-06-06,14.1,0,18,18:00:00
2024-06-06,14.5,0,19,19:00:00
2024-06-06,14.2,0,20,20:00:00
2024-06-06,12.9,0,21,21:00:00
2024-06-06,11.1,0,22,22:00:00
2024-06-06,9.4,0,23,23:00:00
2024-06-07,8.5,0,0,0:00:00
2024-06-07,7.8,0,1,1:00:00
2024-06-07,7.3,0,2,2:00:00
2024-06-07,7.1,0,3,3:00:00
2024-06-07,6.9,0,4,4:00:00
2024-06-07,7.3,0,5,5:00:00
2024-06-07,8.4,0,6,6:00:00
2024-06-07,9.9,0,7,7:00:00
2024-06-07,11.4,0,8,8:00:00
2024-06-07,13,0,9,9:00:00
2024-06-07,14.5,0,10,10:00:00
2024-06-07,15.8,0,11,11:00:00
2024-06-07,16.8,0.1,12,12:00:00
2024-06-07,17.5,0.1,13,13:00:00
2024-06-07,17.9,0.1,14,14:00:00
2024-06-07,17.8,0.3,15,15:00:00
2024-06-07,17.2,0.3,16,16:00:00
2024-06-07,16.8,0.3,17,17:00:00
2024-06-07,16.8,0.1,18,18:00:00
2024-06-07,16.6,0.1,19,19:00:00
2024-06-07,16,0.1,20,20:00:00
2024-06-07,14.4,0,21,21:00:00
2024-06-07,12.2,0,22,22:00:00
2024-06-07,10.5,0,23,23:00:00
2024-06-08,9.9,0,0,0:00:00
2024-06-08,9.9,0,1,1:00:00
2024-06-08,9.9,0,2,2:00:00
2024-06-08,9.5,0,3,3:00:00
2024-06-08,9.1,0,4,4:00:00
2024-06-08,9.2,0,5,5:00:00
2024-06-08,10,0,6,6:00:00
2024-06-08,11.2,0,7,7:00:00
2024-06-08,12.4,0,8,8:00:00
2024-06-08,13.9,0,9,9:00:00
2024-06-08,15.3,0,10,10:00:00
2024-06-08,16.4,0,11,11:00:00
2024-06-08,17,0,12,12:00:00
2024-06-08,17.2,0,13,13:00:00
2024-06-08,17.3,0,14,14:00:00
2024-06-08,17.4,0.2,15,15:00:00
2024-06-08,17.2,0.2,16,16:00:00
2024-06-08,16.8,0.2,17,17:00:00
2024-06-08,15.9,0.4,18,18:00:00
2024-06-08,14.6,0.4,19,19:00:00
2024-06-08,13.4,0.4,20,20:00:00
2024-06-08,12.8,0.1,21,21:00:00
2024-06-08,12.4,0.1,22,22:00:00
2024-06-08,11.7,0.1,23,23:00:00
2024-06-09,10.8,0,0,0:00:00
2024-06-09,9.6,0,1,1:00:00
2024-06-09,8.6,0,2,2:00:00
2024-06-09,8.1,0,3,3:00:00
2024-06-09,7.7,0,4,4:00:00
2024-06-09,7.8,0,5,5:00:00
2024-06-09,8.6,0,6,6:00:00
2024-06-09,9.9,0,7,7:00:00
2024-06-09,11.2,0,8,8:00:00
2024-06-09,12.4,0.1,9,9:00:00
2024-06-09,13.7,0.1,10,10:00:00
2024-06-09,14.7,0.1,11,11:00:00
2024-06-09,15.6,0,12,12:00:00
2024-06-09,16.2,0,13,13:00:00
2024-06-09,16.5,0,14,14:00:00
2024-06-09,16.2,0,15,15:00:00
2024-06-09,15.6,0,16,16:00:00
2024-06-09,14.8,0,17,17:00:00
2024-06-09,14.1,0,18,18:00:00
2024-06-09,13.4,0,19,19:00:00
2024-06-09,12.6,0,20,20:00:00
2024-06-09,12.2,0,21,21:00:00
2024-06-09,11.8,0,22,22:00:00
2024-06-09,11.5,0,23,23:00:00
2024-06-10,11.4,0,0,0:00:00
2024-06-10,11.4,0,1,1:00:00
2024-06-10,11.3,0,2,2:00:00
2024-06-10,11.1,0.1,3,3:00:00
2024-06-10,10.8,0.1,4,4:00:00
2024-06-10,10.6,0.1,5,5:00:00
2024-06-10,10.8,0.1,6,6:00:00
2024-06-10,11.1,0.1,7,7:00:00
2024-06-10,11.3,0.1,8,8:00:00
2024-06-10,11.4,1,9,9:00:00
2024-06-10,11.3,1,10,10:00:00
2024-06-10,11.4,1,11,11:00:00
2024-06-10,11.6,1.2,12,12:00:00
2024-06-10,11.9,1.2,13,13:00:00
2024-06-10,12.2,1.2,14,14:00:00
2024-06-10,12.9,1.8,15,15:00:00
2024-06-10,13.6,1.8,16,16:00:00
2024-06-10,13.9,1.8,17,17:00:00
2024-06-10,13.4,2.5,18,18:00:00
2024-06-10,12.4,2.5,19,19:00:00
2024-06-10,11.4,2.5,20,20:00:00
2024-06-10,10.7,1.6,21,21:00:00
2024-06-10,10.1,1.6,22,22:00:00
2024-06-10,9.6,1.6,23,23:00:00
2024-06-11,9.4,0.6,0,0:00:00
2024-06-11,9.6,0.6,1,1:00:00
2024-06-11,9.6,0.6,2,2:00:00
2024-06-11,9.3,0,3,3:00:00
2024-06-11,8.9,0,4,4:00:00
2024-06-11,8.8,0,5,5:00:00
2024-06-11,9.1,0,6,6:00:00
2024-06-11,9.6,0,7,7:00:00
2024-06-11,10.3,0,8,8:00:00
2024-06-11,11.3,0.1,9,9:00:00
2024-06-11,12.4,0.1,10,10:00:00
2024-06-11,13.3,0.1,11,11:00:00
2024-06-11,13.9,0.1,12,12:00:00
2024-06-11,14.1,0.1,13,13:00:00
2024-06-11,14.2,0.1,14,14:00:00
2024-06-11,14.1,0.6,15,15:00:00
2024-06-11,13.8,0.6,16,16:00:00
2024-06-11,13.4,0.6,17,17:00:00
2024-06-11,13.1,0.1,18,18:00:00
2024-06-11,12.9,0.1,19,19:00:00
2024-06-11,12.4,0.1,20,20:00:00
2024-06-11,11.7,0,21,21:00:00
2024-06-11,10.8,0,22,22:00:00
2024-06-11,10,0,23,23:00:00
2024-06-12,9.6,0.1,0,0:00:00
2024-06-12,9.2,0.1,1,1:00:00
2024-06-12,8.9,0.1,2,2:00:00
2024-06-12,8.6,0,3,3:00:00
2024-06-12,8.2,0,4,4:00:00
2024-06-12,8.2,0,5,5:00:00
2024-06-12,8.8,0,6,6:00:00
2024-06-12,9.7,0,7,7:00:00
2024-06-12,10.6,0,8,8:00:00
2024-06-12,11.4,0,9,9:00:00
2024-06-12,12.2,0,10,10:00:00
2024-06-12,12.7,0,11,11:00:00
2024-06-12,12.8,0.4,12,12:00:00
2024-06-12,12.6,0.4,13,13:00:00
2024-06-12,12.4,0.4,14,14:00:00
2024-06-12,12.6,0.3,15,15:00:00
2024-06-12,12.9,0.3,16,16:00:00
2024-06-12,12.9,0.3,17,17:00:00
2024-06-12,12.7,0,18,18:00:00
2024-06-12,12.1,0,19,19:00:00
2024-06-12,11.4,0,20,20:00:00
2024-06-12,10.5,0,21,21:00:00
2024-06-12,9.4,0,22,22:00:00
2024-06-12,8.6,0,23,23:00:00
2024-06-13,8.3,0,0,0:00:00
2024-06-13,8.2,0,1,1:00:00
2024-06-13,8.1,0,2,2:00:00
2024-06-13,7.8,0,3,3:00:00
2024-06-13,7.2,0,4,4:00:00
2024-06-13,7.2,0,5,5:00:00
2024-06-13,7.8,0,6,6:00:00
2024-06-13,8.8,0,7,7:00:00
2024-06-13,9.9,0,8,8:00:00
2024-06-13,11.2,0,9,9:00:00
2024-06-13,12.6,0,10,10:00:00
2024-06-13,13.6,0,11,11:00:00
2024-06-13,13.8,0,12,12:00:00
2024-06-13,13.6,0,13,13:00:00
2024-06-13,13.9,0,14,14:00:00
2024-06-13,14.9,0,15,15:00:00
2024-06-13,16.4,0,16,16:00:00
2024-06-13,17.3,0,17,17:00:00
2024-06-13,17.4,0,18,18:00:00
2024-06-13,17,0,19,19:00:00
2024-06-13,16.3,0,20,20:00:00
2024-06-13,15.4,0,21,21:00:00
2024-06-13,14.4,0,22,22:00:00
2024-06-13,13.6,0,23,23:00:00
2024-06-14,13.4,0,0,0:00:00
2024-06-14,13.6,0,1,1:00:00
2024-06-14,13.6,0,2,2:00:00
2024-06-14,13.2,0,3,3:00:00
2024-06-14,12.9,0,4,4:00:00
2024-06-14,12.6,0,5,5:00:00
2024-06-14,12.8,0,6,6:00:00
2024-06-14,13.1,0,7,7:00:00
2024-06-14,13.6,0,8,8:00:00
2024-06-14,14.4,0,9,9:00:00
2024-06-14,15.2,0,10,10:00:00
2024-06-14,15.9,0,11,11:00:00
2024-06-14,16.3,0,12,12:00:00
2024-06-14,16.5,0,13,13:00:00
2024-06-14,16.7,0,14,14:00:00
2024-06-14,17.1,0.2,15,15:00:00
2024-06-14,17.5,0.2,16,16:00:00
2024-06-14,17.6,0.2,17,17:00:00
2024-06-14,17.5,0.4,18,18:00:00
2024-06-14,17.3,0.4,19,19:00:00
2024-06-14,16.8,0.4,20,20:00:00
2024-06-14,16,0,21,21:00:00
2024-06-14,14.9,0,22,22:00:00
2024-06-14,14.2,0,23,23:00:00
2024-06-15,14,0.6,0,0:00:00
2024-06-15,14,0.6,1,1:00:00
2024-06-15,14.1,0.6,2,2:00:00
2024-06-15,14.1,1.2,3,3:00:00
2024-06-15,14.1,1.2,4,4:00:00
2024-06-15,14.1,1.2,5,5:00:00
2024-06-15,13.9,0.9,6,6:00:00
2024-06-15,13.9,0.9,7,7:00:00
2024-06-15,13.8,0.9,8,8:00:00
2024-06-15,13.8,0.4,9,9:00:00
2024-06-15,13.9,0.4,10,10:00:00
2024-06-15,14.1,0.4,11,11:00:00
2024-06-15,14.7,0.2,12,12:00:00
2024-06-15,15.4,0.2,13,13:00:00
2024-06-15,16.1,0.2,14,14:00:00
2024-06-15,16.8,0.1,15,15:00:00
2024-06-15,17.5,0.1,16,16:00:00
2024-06-15,17.8,0.1,17,17:00:00
2024-06-15,17.6,0,18,18:00:00
2024-06-15,17,0,19,19:00:00
2024-06-15,16.4,0,20,20:00:00
2024-06-15,15.8,0,21,21:00:00
2024-06-15,15.1,0,22,22:00:00
2024-06-15,14.4,0,23,23:00:00
2024-06-16,13.9,0,0,0:00:00
2024-06-16,13.6,0,1,1:00:00
2024-06-16,13.2,0,2,2:00:00
2024-06-16,12.9,0,3,3:00:00
2024-06-16,12.4,0,4,4:00:00
2024-06-16,12.2,0,5,5:00:00
2024-06-16,12.5,0,6,6:00:00
2024-06-16,13.1,0,7,7:00:00
2024-06-16,13.7,0,8,8:00:00
2024-06-16,14.7,0.1,9,9:00:00
2024-06-16,15.9,0.1,10,10:00:00
2024-06-16,16.7,0.1,11,11:00:00
2024-06-16,17,0.3,12,12:00:00
2024-06-16,17,0.3,13,13:00:00
2024-06-16,16.8,0.3,14,14:00:00
2024-06-16,16.4,1.1,15,15:00:00
2024-06-16,15.8,1.1,16,16:00:00
2024-06-16,15.3,1.1,17,17:00:00
2024-06-16,15.4,0.9,18,18:00:00
2024-06-16,15.5,0.9,19,19:00:00
2024-06-16,15.4,0.9,20,20:00:00
2024-06-16,14.7,0,21,21:00:00
2024-06-16,13.7,0,22,22:00:00
2024-06-16,12.9,0,23,23:00:00
2024-06-17,12.6,0,0,0:00:00
2024-06-17,12.4,0,1,1:00:00
2024-06-17,12.4,0,2,2:00:00
2024-06-17,12.4,0,3,3:00:00
2024-06-17,12.4,0,4,4:00:00
2024-06-17,12.5,0,5,5:00:00
2024-06-17,12.9,0,6,6:00:00
2024-06-17,13.6,0,7,7:00:00
2024-06-17,14.2,0,8,8:00:00
2024-06-17,14.9,0.1,9,9:00:00
2024-06-17,15.7,0.1,10,10:00:00
2024-06-17,16.5,0.1,11,11:00:00
2024-06-17,17.7,0,12,12:00:00
2024-06-17,19,0,13,13:00:00
2024-06-17,19.8,0,14,14:00:00
2024-06-17,19.9,0.1,15,15:00:00
2024-06-17,19.5,0.1,16,16:00:00
2024-06-17,19,0.1,17,17:00:00
2024-06-17,19,0.1,18,18:00:00
2024-06-17,18.8,0.1,19,19:00:00
2024-06-17,18,0.1,20,20:00:00
2024-06-17,16.3,0,21,21:00:00
2024-06-17,14,0,22,22:00:00
2024-06-17,12.4,0,23,23:00:00
2024-06-18,12.5,0,0,0:00:00
2024-06-18,13.2,0,1,1:00:00
2024-06-18,13.6,0,2,2:00:00
2024-06-18,12.6,0,3,3:00:00
2024-06-18,11.1,0,4,4:00:00
2024-06-18,10.4,0,5,5:00:00
2024-06-18,11.4,0,6,6:00:00
2024-06-18,13.3,0,7,7:00:00
2024-06-18,15,0,8,8:00:00
2024-06-18,16.4,0.1,9,9:00:00
2024-06-18,17.6,0.1,10,10:00:00
2024-06-18,18.4,0.1,11,11:00:00
2024-06-18,18.5,1.3,12,12:00:00
2024-06-18,18,1.3,13,13:00:00
2024-06-18,17.5,1.3,14,14:00:00
2024-06-18,17.1,1.4,15,15:00:00
2024-06-18,16.7,1.4,16,16:00:00
2024-06-18,16.2,1.4,17,17:00:00
2024-06-18,16,0.5,18,18:00:00
2024-06-18,15.8,0.5,19,19:00:00
2024-06-18,15.6,0.5,20,20:00:00
2024-06-18,15.2,0.2,21,21:00:00
2024-06-18,14.9,0.2,22,22:00:00
2024-06-18,14.5,0.2,23,23:00:00
2024-06-19,14.1,0,0,0:00:00
2024-06-19,13.8,0,1,1:00:00
2024-06-19,13.3,0,2,2:00:00
2024-06-19,12.9,0,3,3:00:00
2024-06-19,12.4,0,4,4:00:00
2024-06-19,12.1,0,5,5:00:00
2024-06-19,12.2,0,6,6:00:00
2024-06-19,12.7,0,7,7:00:00
2024-06-19,13.3,0,8,8:00:00
2024-06-19,14.3,0.1,9,9:00:00
2024-06-19,15.5,0.1,10,10:00:00
2024-06-19,16.4,0.1,11,11:00:00
2024-06-19,16.8,0.2,12,12:00:00
2024-06-19,16.8,0.2,13,13:00:00
2024-06-19,16.9,0.2,14,14:00:00
2024-06-19,17.3,0.1,15,15:00:00
2024-06-19,17.7,0.1,16,16:00:00
2024-06-19,17.8,0.1,17,17:00:00
2024-06-19,17.5,0,18,18:00:00
2024-06-19,17,0,19,19:00:00
2024-06-19,16.1,0,20,20:00:00
2024-06-19,14.8,0,21,21:00:00
2024-06-19,13.2,0,22,22:00:00
2024-06-19,11.8,0,23,23:00:00
2024-06-20,10.9,0,0,0:00:00
2024-06-20,10.4,0,1,1:00:00
2024-06-20,9.8,0,2,2:00:00
2024-06-20,9.1,0,3,3:00:00
2024-06-20,8.4,0,4,4:00:00
2024-06-20,8.3,0,5,5:00:00
2024-06-20,9.3,0,6,6:00:00
2024-06-20,10.9,0,7,7:00:00
2024-06-20,12.4,0,8,8:00:00
2024-06-20,13.9,0,9,9:00:00
2024-06-20,15.5,0,10,10:00:00
2024-06-20,16.9,0,11,11:00:00
2024-06-20,18.1,0,12,12:00:00
2024-06-20,19.1,0,13,13:00:00
2024-06-20,19.9,0,14,14:00:00
2024-06-20,20.2,0,15,15:00:00
2024-06-20,20.3,0,16,16:00:00
2024-06-20,20.1,0,17,17:00:00
2024-06-20,19.9,0.2,18,18:00:00
2024-06-20,19.5,0.2,19,19:00:00
2024-06-20,18.8,0.2,20,20:00:00
2024-06-20,17.5,0.2,21,21:00:00
2024-06-20,15.9,0.2,22,22:00:00
2024-06-20,14.8,0.2,23,23:00:00
2024-06-21,14.4,0,0,0:00:00
2024-06-21,14.3,0,1,1:00:00
2024-06-21,14.2,0,2,2:00:00
2024-06-21,14.1,0,3,3:00:00
2024-06-21,14.1,0,4,4:00:00
2024-06-21,14.1,0,5,5:00:00
2024-06-21,14.6,0,6,6:00:00
2024-06-21,15.1,0,7,7:00:00
2024-06-21,15.7,0,8,8:00:00
2024-06-21,16.5,0.7,9,9:00:00
2024-06-21,17.5,0.7,10,10:00:00
2024-06-21,18.2,0.7,11,11:00:00
2024-06-21,18.7,0,12,12:00:00
2024-06-21,19,0,13,13:00:00
2024-06-21,19.2,0,14,14:00:00
2024-06-21,19.5,1,15,15:00:00
2024-06-21,19.9,1,16,16:00:00
2024-06-21,19.9,1,17,17:00:00
2024-06-21,19.5,0.7,18,18:00:00
2024-06-21,18.8,0.7,19,19:00:00
2024-06-21,18,0.7,20,20:00:00
2024-06-21,17,0.1,21,21:00:00
2024-06-21,15.9,0.1,22,22:00:00
2024-06-21,15.1,0.1,23,23:00:00
2024-06-22,14.8,0,0,0:00:00
2024-06-22,14.6,0,1,1:00:00
2024-06-22,14.4,0,2,2:00:00
2024-06-22,13.8,0,3,3:00:00
2024-06-22,13.1,0,4,4:00:00
2024-06-22,12.8,0,5,5:00:00
2024-06-22,13.2,0,6,6:00:00
2024-06-22,14.1,0,7,7:00:00
2024-06-22,14.9,0,8,8:00:00
2024-06-22,15.7,0.1,9,9:00:00
2024-06-22,16.4,0.1,10,10:00:00
2024-06-22,17.1,0.1,11,11:00:00
2024-06-22,18,0.2,12,12:00:00
2024-06-22,19,0.2,13,13:00:00
2024-06-22,19.6,0.2,14,14:00:00
2024-06-22,20,0,15,15:00:00
2024-06-22,20,0,16,16:00:00
2024-06-22,19.9,0,17,17:00:00
2024-06-22,19.8,0,18,18:00:00
2024-06-22,19.5,0,19,19:00:00
2024-06-22,18.8,0,20,20:00:00
2024-06-22,17.6,0,21,21:00:00
2024-06-22,16.2,0,22,22:00:00
2024-06-22,14.9,0,23,23:00:00
2024-06-23,14.1,0,0,0:00:00
2024-06-23,13.4,0,1,1:00:00
2024-06-23,12.8,0,2,2:00:00
2024-06-23,12.1,0,3,3:00:00
2024-06-23,11.5,0,4,4:00:00
2024-06-23,11.4,0,5,5:00:00
2024-06-23,12.4,0,6,6:00:00
2024-06-23,13.8,0,7,7:00:00
2024-06-23,15.2,0,8,8:00:00
2024-06-23,16.7,0.1,9,9:00:00
2024-06-23,18.1,0.1,10,10:00:00
2024-06-23,19.4,0.1,11,11:00:00
2024-06-23,20.4,0,12,12:00:00
2024-06-23,21.1,0,13,13:00:00
2024-06-23,21.7,0,14,14:00:00
2024-06-23,22.2,0,15,15:00:00
2024-06-23,22.5,0,16,16:00:00
2024-06-23,22.5,0,17,17:00:00
2024-06-23,22.4,0,18,18:00:00
2024-06-23,22,0,19,19:00:00
2024-06-23,21.1,0,20,20:00:00
2024-06-23,19.5,0,21,21:00:00
2024-06-23,17.2,0,22,22:00:00
2024-06-23,15.4,0,23,23:00:00
2024-06-24,14.4,0,0,0:00:00
2024-06-24,13.6,0,1,1:00:00
2024-06-24,13.1,0,2,2:00:00
2024-06-24,12.9,0,3,3:00:00
2024-06-24,12.8,0,4,4:00:00
2024-06-24,12.8,0,5,5:00:00
2024-06-24,13.1,0,6,6:00:00
2024-06-24,13.5,0,7,7:00:00
2024-06-24,14.4,0,8,8:00:00
2024-06-24,15.9,0,9,9:00:00
2024-06-24,17.9,0,10,10:00:00
2024-06-24,19.5,0,11,11:00:00
2024-06-24,20.5,0,12,12:00:00
2024-06-24,21.1,0,13,13:00:00
2024-06-24,21.6,0,14,14:00:00
2024-06-24,22.2,0,15,15:00:00
2024-06-24,22.8,0,16,16:00:00
2024-06-24,23,0,17,17:00:00
2024-06-24,23,0,18,18:00:00
2024-06-24,22.8,0,19,19:00:00
2024-06-24,22,0,20,20:00:00
2024-06-24,20.5,0,21,21:00:00
2024-06-24,18.5,0,22,22:00:00
2024-06-24,16.8,0,23,23:00:00
2024-06-25,15.9,0,0,0:00:00
2024-06-25,15.5,0,1,1:00:00
2024-06-25,15.1,0,2,2:00:00
2024-06-25,14.4,0,3,3:00:00
2024-06-25,13.9,0,4,4:00:00
2024-06-25,13.8,0,5,5:00:00
2024-06-25,14.6,0,6,6:00:00
2024-06-25,15.8,0,7,7:00:00
2024-06-25,17.3,0,8,8:00:00
2024-06-25,19.1,0,9,9:00:00
2024-06-25,21.2,0,10,10:00:00
2024-06-25,23,0,11,11:00:00
2024-06-25,24.4,0,12,12:00:00
2024-06-25,25.5,0,13,13:00:00
2024-06-25,26.2,0,14,14:00:00
2024-06-25,26.6,0,15,15:00:00
2024-06-25,26.6,0,16,16:00:00
2024-06-25,26.3,0,17,17:00:00
2024-06-25,25.9,0,18,18:00:00
2024-06-25,25.1,0,19,19:00:00
2024-06-25,24.1,0,20,20:00:00
2024-06-25,22.7,0,21,21:00:00
2024-06-25,21,0,22,22:00:00
2024-06-25,19.7,0,23,23:00:00
2024-06-26,19,0,0,0:00:00
2024-06-26,18.6,0,1,1:00:00
2024-06-26,19.1,0,2,2:00:00
2024-06-26,18.6,0,3,3:00:00
2024-06-26,18.3,0,4,4:00:00
2024-06-26,17.8,0,5,5:00:00
2024-06-26,17.7,0,6,6:00:00
2024-06-26,18.4,0,7,7:00:00
2024-06-26,20.5,0,8,8:00:00
2024-06-26,22.9,0,9,9:00:00
2024-06-26,24.8,0,10,10:00:00
2024-06-26,26.1,0,11,11:00:00
2024-06-26,27.4,0,12,12:00:00
2024-06-26,28.2,0,13,13:00:00
2024-06-26,29.1,0,14,14:00:00
2024-06-26,29.6,0,15,15:00:00
2024-06-26,30.2,0,16,16:00:00
2024-06-26,30,0,17,17:00:00
2024-06-26,30.2,0,18,18:00:00
2024-06-26,29.4,0,19,19:00:00
2024-06-26,27.7,0,20,20:00:00
2024-06-26,27.9,0,21,21:00:00
2024-06-26,25.4,0,22,22:00:00
2024-06-26,23.9,0,23,23:00:00
2024-06-27,23.5,0,0,0:00:00
2024-06-27,22.9,0,1,1:00:00
2024-06-27,21.1,0,2,2:00:00
2024-06-27,21.5,0,3,3:00:00
2024-06-27,22.2,0,4,4:00:00
2024-06-27,19.9,0,5,5:00:00
2024-06-27,21.2,0,6,6:00:00
2024-06-27,22.6,0,7,7:00:00
2024-06-27,23.4,0,8,8:00:00
2024-06-27,26.2,0,9,9:00:00
2024-06-27,27.6,0,10,10:00:00
2024-06-27,29.3,0,11,11:00:00
2024-06-27,30.8,0,12,12:00:00
2024-06-27,31.4,0,13,13:00:00
2024-06-27,30.4,0,14,14:00:00
2024-06-27,31.1,0,15,15:00:00
2024-06-27,30,0,16,16:00:00
2024-06-27,29.7,0,17,17:00:00
2024-06-27,29.7,0,18,18:00:00
2024-06-27,29.1,0,19,19:00:00
2024-06-27,28.2,0,20,20:00:00
2024-06-27,27.8,0,21,21:00:00
2024-06-27,25.5,0,22,22:00:00
2024-06-27,23.9,0,23,23:00:00
2024-06-28,22.9,0,0,0:00:00
2024-06-28,21.5,0,1,1:00:00
2024-06-28,20.6,0,2,2:00:00
2024-06-28,18.9,0,3,3:00:00
2024-06-28,17.9,0,4,4:00:00
2024-06-28,18.4,0,5,5:00:00
2024-06-28,17.1,0,6,6:00:00
2024-06-28,16.7,0,7,7:00:00
2024-06-28,18.3,0,8,8:00:00
2024-06-28,19.7,0,9,9:00:00
2024-06-28,20.4,0,10,10:00:00
2024-06-28,21.6,0,11,11:00:00
2024-06-28,22,0,12,12:00:00
2024-06-28,22.4,0,13,13:00:00
2024-06-28,23,0,14,14:00:00
2024-06-28,23,0,15,15:00:00
2024-06-28,23.4,0,16,16:00:00
2024-06-28,23.7,0,17,17:00:00
2024-06-28,23.2,0,18,18:00:00
2024-06-28,21.8,0,19,19:00:00
2024-06-28,20.3,0,20,20:00:00
2024-06-28,19.2,0,21,21:00:00
2024-06-28,17.9,0,22,22:00:00
2024-06-28,16.8,0,23,23:00:00
2024-06-29,15.9,0,0,0:00:00
2024-06-29,14.8,0,1,1:00:00
2024-06-29,14.6,0,2,2:00:00
2024-06-29,15,0,3,3:00:00
2024-06-29,13.9,0,4,4:00:00
2024-06-29,13.8,0,5,5:00:00
2024-06-29,13.9,0,6,6:00:00
2024-06-29,15.2,0,7,7:00:00
2024-06-29,16.8,0,8,8:00:00
2024-06-29,18.2,0,9,9:00:00
2024-06-29,19.3,0,10,10:00:00
2024-06-29,21.7,0,11,11:00:00
2024-06-29,23.4,0,12,12:00:00
2024-06-29,24,0,13,13:00:00
2024-06-29,25.6,0,14,14:00:00
2024-06-29,26.3,0,15,15:00:00
2024-06-29,26.5,0,16,16:00:00
2024-06-29,26.6,0,17,17:00:00
2024-06-29,26.7,0,18,18:00:00
2024-06-29,25.8,0,19,19:00:00
2024-06-29,24.3,0,20,20:00:00
2024-06-29,22.1,0.2,21,21:00:00
2024-06-29,19.7,0.2,22,22:00:00
2024-06-29,18.8,0.2,23,23:00:00
2024-06-30,18,0.1,0,0:00:00
2024-06-30,18.1,0.1,1,1:00:00
2024-06-30,17.8,0.1,2,2:00:00
2024-06-30,16,0.6,3,3:00:00
2024-06-30,15.2,0.6,4,4:00:00
2024-06-30,15.6,0.6,5,5:00:00
2024-06-30,15.9,0.8,6,6:00:00
2024-06-30,15.3,0.8,7,7:00:00
2024-06-30,16.4,0.8,8,8:00:00
2024-06-30,17.3,1,9,9:00:00
2024-06-30,17.7,1,10,10:00:00
2024-06-30,20,1,11,11:00:00
2024-06-30,21,0.1,12,12:00:00
2024-06-30,20.9,0.1,13,13:00:00
2024-06-30,23,0.1,14,14:00:00
2024-06-30,23.6,0,15,15:00:00
2024-06-30,22.2,0,16,16:00:00
2024-06-30,21.1,0,17,17:00:00
2024-06-30,20.5,0.1,18,18:00:00
2024-06-30,20.6,0.1,19,19:00:00
2024-06-30,19.7,0.1,20,20:00:00
2024-06-30,19.4,0,21,21:00:00
2024-06-30,16.7,0,22,22:00:00
2024-06-30,17.8,0,23,23:00:00
2024-07-01,16.9,0.8,0,0:00:00
2024-07-01,15.6,0.8,1,1:00:00
2024-07-01,15.4,0.8,2,2:00:00
2024-07-01,15.2,0.8,3,3:00:00
2024-07-01,14.8,0.8,4,4:00:00
2024-07-01,14.5,0.8,5,5:00:00
2024-07-01,13.9,0.1,6,6:00:00
2024-07-01,14.2,0.1,7,7:00:00
2024-07-01,15.1,0.1,8,8:00:00
2024-07-01,15.8,0.2,9,9:00:00
2024-07-01,16.7,0.2,10,10:00:00
2024-07-01,17.8,0.2,11,11:00:00
2024-07-01,17.8,0.8,12,12:00:00
2024-07-01,15.8,0.8,13,13:00:00
2024-07-01,16.7,0.8,14,14:00:00
2024-07-01,17.2,0.9,15,15:00:00
2024-07-01,16.5,0.9,16,16:00:00
2024-07-01,16.9,0.9,17,17:00:00
2024-07-01,16.9,0.5,18,18:00:00
2024-07-01,15.7,0.5,19,19:00:00
2024-07-01,15.7,0.5,20,20:00:00
2024-07-01,16.4,0,21,21:00:00
2024-07-01,15.3,0,22,22:00:00
2024-07-01,14.4,0,23,23:00:00
2024-07-02,14.7,0.1,0,0:00:00
2024-07-02,13.8,0.1,1,1:00:00
2024-07-02,13.9,0.1,2,2:00:00
2024-07-02,14,0.1,3,3:00:00
2024-07-02,14.1,0.1,4,4:00:00
2024-07-02,13.7,0.1,5,5:00:00
2024-07-02,14.3,0.1,6,6:00:00
2024-07-02,14.1,0.1,7,7:00:00
2024-07-02,14.1,0.1,8,8:00:00
2024-07-02,14.4,0.2,9,9:00:00
2024-07-02,14.3,0.2,10,10:00:00
2024-07-02,14.3,0.2,11,11:00:00
2024-07-02,14.1,0.5,12,12:00:00
2024-07-02,13.4,0.5,13,13:00:00
2024-07-02,13.9,0.5,14,14:00:00
2024-07-02,14.8,0.3,15,15:00:00
2024-07-02,14.5,0.3,16,16:00:00
2024-07-02,15,0.3,17,17:00:00
2024-07-02,14.2,0,18,18:00:00
2024-07-02,15.6,0,19,19:00:00
2024-07-02,15.5,0,20,20:00:00
2024-07-02,14.6,0,21,21:00:00
2024-07-02,13.8,0,22,22:00:00
2024-07-02,13.3,0,23,23:00:00
2024-07-03,12.9,0,0,0:00:00
2024-07-03,12.1,0,1,1:00:00
2024-07-03,11.2,0,2,2:00:00
2024-07-03,12.1,0,3,3:00:00
2024-07-03,10.5,0,4,4:00:00
2024-07-03,10.1,0,5,5:00:00
2024-07-03,11.1,0,6,6:00:00
2024-07-03,11.9,0,7,7:00:00
2024-07-03,13.2,0,8,8:00:00
2024-07-03,14.7,0,9,9:00:00
2024-07-03,15.1,0,10,10:00:00
2024-07-03,15,0,11,11:00:00
2024-07-03,14.5,0.9,12,12:00:00
2024-07-03,12.9,0.9,13,13:00:00
2024-07-03,12.1,0.9,14,14:00:00
2024-07-03,12.7,0.4,15,15:00:00
2024-07-03,12.5,0.4,16,16:00:00
2024-07-03,12.9,0.4,17,17:00:00
2024-07-03,14.5,0.1,18,18:00:00
2024-07-03,14.7,0.1,19,19:00:00
2024-07-03,14.5,0.1,20,20:00:00
2024-07-03,14.5,0,21,21:00:00
2024-07-03,13.5,0,22,22:00:00
2024-07-03,12.9,0,23,23:00:00
2024-07-04,12.8,0.1,0,0:00:00
2024-07-04,13.1,0.1,1,1:00:00
2024-07-04,12.9,0.1,2,2:00:00
2024-07-04,13,0.5,3,3:00:00
2024-07-04,13.3,0.5,4,4:00:00
2024-07-04,13.3,0.5,5,5:00:00
2024-07-04,13.6,0.8,6,6:00:00
2024-07-04,13.5,0.8,7,7:00:00
2024-07-04,15.3,0.8,8,8:00:00
2024-07-04,15.5,0,9,9:00:00
2024-07-04,15.8,0,10,10:00:00
2024-07-04,15.5,0,11,11:00:00
2024-07-04,17.6,0,12,12:00:00
2024-07-04,17.8,0,13,13:00:00
2024-07-04,18.4,0,14,14:00:00
2024-07-04,19.1,0,15,15:00:00
2024-07-04,18.8,0,16,16:00:00
2024-07-04,18.4,0,17,17:00:00
2024-07-04,17.5,0,18,18:00:00
2024-07-04,17,0,19,19:00:00
2024-07-04,16.4,0,20,20:00:00
2024-07-04,15.7,0,21,21:00:00
2024-07-04,15,0,22,22:00:00
2024-07-04,13.7,0,23,23:00:00
2024-07-05,13.3,0,0,0:00:00
2024-07-05,12.8,0,1,1:00:00
2024-07-05,12.7,0,2,2:00:00
2024-07-05,12.6,0,3,3:00:00
2024-07-05,12.2,0,4,4:00:00
2024-07-05,11.8,0,5,5:00:00
2024-07-05,13.2,0,6,6:00:00
2024-07-05,12.8,0,7,7:00:00
2024-07-05,14.1,0,8,8:00:00
2024-07-05,15.1,0,9,9:00:00
2024-07-05,15.9,0,10,10:00:00
2024-07-05,15.6,0,11,11:00:00
2024-07-05,14.7,0.2,12,12:00:00
2024-07-05,15.2,0.2,13,13:00:00
2024-07-05,15.5,0.2,14,14:00:00
2024-07-05,15.8,0.1,15,15:00:00
2024-07-05,15.2,0.1,16,16:00:00
2024-07-05,15.6,0.1,17,17:00:00
2024-07-05,16.9,0,18,18:00:00
2024-07-05,16.8,0,19,19:00:00
2024-07-05,15.8,0,20,20:00:00
2024-07-05,16.5,0,21,21:00:00
2024-07-05,15.5,0,22,22:00:00
2024-07-05,14.8,0,23,23:00:00
2024-07-06,15.5,0,0,0:00:00
2024-07-06,15.1,0,1,1:00:00
2024-07-06,14.8,0,2,2:00:00
2024-07-06,15.2,0,3,3:00:00
2024-07-06,15.3,0,4,4:00:00
2024-07-06,14.7,0,5,5:00:00
2024-07-06,14.9,0,6,6:00:00
2024-07-06,16,0,7,7:00:00
2024-07-06,16.7,0,8,8:00:00
2024-07-06,18.7,0,9,9:00:00
2024-07-06,20.2,0,10,10:00:00
2024-07-06,20.6,0,11,11:00:00
2024-07-06,21.5,0.2,12,12:00:00
2024-07-06,20.8,0.2,13,13:00:00
2024-07-06,18.8,0.2,14,14:00:00
2024-07-06,19.2,0.1,15,15:00:00
2024-07-06,18.4,0.1,16,16:00:00
2024-07-06,18.5,0.1,17,17:00:00
2024-07-06,16.8,0,18,18:00:00
2024-07-06,15.4,0,19,19:00:00
2024-07-06,15,0,20,20:00:00
2024-07-06,13.7,0,21,21:00:00
2024-07-06,13,0,22,22:00:00
2024-07-06,13.4,0,23,23:00:00
2024-07-07,12.5,0,0,0:00:00
2024-07-07,11.9,0,1,1:00:00
2024-07-07,12,0,2,2:00:00
2024-07-07,11.6,0,3,3:00:00
2024-07-07,11.4,0,4,4:00:00
2024-07-07,11.4,0,5,5:00:00
2024-07-07,11.1,0,6,6:00:00
2024-07-07,12,0,7,7:00:00
2024-07-07,12.9,0,8,8:00:00
2024-07-07,14.8,0.1,9,9:00:00
2024-07-07,15.8,0.1,10,10:00:00
2024-07-07,18.3,0.1,11,11:00:00
2024-07-07,19.2,0.1,12,12:00:00
2024-07-07,18.1,0.1,13,13:00:00
2024-07-07,19.7,0.1,14,14:00:00
2024-07-07,18.8,0.1,15,15:00:00
2024-07-07,14.9,0.1,16,16:00:00
2024-07-07,17,0.1,17,17:00:00
2024-07-07,18.7,0.1,18,18:00:00
2024-07-07,17.2,0.1,19,19:00:00
2024-07-07,14.4,0.1,20,20:00:00
2024-07-07,15,0,21,21:00:00
2024-07-07,13.9,0,22,22:00:00
2024-07-07,13.8,0,23,23:00:00
2024-07-08,13.3,0,0,0:00:00
2024-07-08,13.2,0,1,1:00:00
2024-07-08,13.8,0,2,2:00:00
2024-07-08,12.5,0,3,3:00:00
2024-07-08,12.2,0,4,4:00:00
2024-07-08,12,0,5,5:00:00
2024-07-08,11.6,0,6,6:00:00
2024-07-08,12.5,0,7,7:00:00
2024-07-08,14.2,0,8,8:00:00
2024-07-08,15.7,0,9,9:00:00
2024-07-08,17.1,0,10,10:00:00
2024-07-08,18.8,0,11,11:00:00
2024-07-08,18.9,0,12,12:00:00
2024-07-08,20.2,0,13,13:00:00
2024-07-08,20.9,0,14,14:00:00
2024-07-08,22.5,0,15,15:00:00
2024-07-08,20.6,0,16,16:00:00
2024-07-08,21.8,0,17,17:00:00
2024-07-08,23.4,0,18,18:00:00
2024-07-08,22.1,0,19,19:00:00
2024-07-08,20.2,0,20,20:00:00
2024-07-08,19.5,0,21,21:00:00
2024-07-08,18.5,0,22,22:00:00
2024-07-08,17.6,0,23,23:00:00
2024-07-09,17.8,0,0,0:00:00
2024-07-09,17.5,0,1,1:00:00
2024-07-09,17,0,2,2:00:00
2024-07-09,17.2,0,3,3:00:00
2024-07-09,16.8,0,4,4:00:00
2024-07-09,16.5,0,5,5:00:00
2024-07-09,16.3,0,6,6:00:00
2024-07-09,16.4,0,7,7:00:00
2024-07-09,18.4,0,8,8:00:00
2024-07-09,20.5,0,9,9:00:00
2024-07-09,21.8,0,10,10:00:00
2024-07-09,24.6,0,11,11:00:00
2024-07-09,26.8,0,12,12:00:00
2024-07-09,26,0,13,13:00:00
2024-07-09,26.8,0,14,14:00:00
2024-07-09,29.7,0,15,15:00:00
2024-07-09,28.3,0,16,16:00:00
2024-07-09,29.3,0,17,17:00:00
2024-07-09,29.8,0,18,18:00:00
2024-07-09,28.7,0,19,19:00:00
2024-07-09,27.7,0,20,20:00:00
2024-07-09,26.8,1.5,21,21:00:00
2024-07-09,25.2,1.5,22,22:00:00
2024-07-09,19.2,1.5,23,23:00:00
2024-07-10,19.1,0.8,0,0:00:00
2024-07-10,19.2,0.8,1,1:00:00
2024-07-10,18.3,0.8,2,2:00:00
2024-07-10,18.7,0,3,3:00:00
2024-07-10,18.8,0,4,4:00:00
2024-07-10,17.3,0,5,5:00:00
2024-07-10,18.2,0.1,6,6:00:00
2024-07-10,18.1,0.1,7,7:00:00
2024-07-10,17.6,0.1,8,8:00:00
2024-07-10,18.4,0.4,9,9:00:00
2024-07-10,19.9,0.4,10,10:00:00
2024-07-10,21.3,0.4,11,11:00:00
2024-07-10,21.4,0,12,12:00:00
2024-07-10,23.2,0,13,13:00:00
2024-07-10,23,0,14,14:00:00
2024-07-10,23.2,0.2,15,15:00:00
2024-07-10,20.5,0.2,16,16:00:00
2024-07-10,21.6,0.2,17,17:00:00
2024-07-10,22.3,0,18,18:00:00
2024-07-10,21.6,0,19,19:00:00
2024-07-10,20.6,0,20,20:00:00
2024-07-10,19.8,0,21,21:00:00
2024-07-10,18.6,0,22,22:00:00
2024-07-10,18.3,0,23,23:00:00
2024-07-11,18.2,0,0,0:00:00
2024-07-11,16.9,0,1,1:00:00
2024-07-11,16.3,0,2,2:00:00
2024-07-11,15.9,0,3,3:00:00
2024-07-11,15.2,0,4,4:00:00
2024-07-11,15.7,0,5,5:00:00
2024-07-11,15.1,0,6,6:00:00
2024-07-11,15.3,0,7,7:00:00
2024-07-11,15.9,0,8,8:00:00
2024-07-11,16.7,0,9,9:00:00
2024-07-11,18.4,0,10,10:00:00
2024-07-11,19.3,0,11,11:00:00
2024-07-11,21.5,0.1,12,12:00:00
2024-07-11,21.7,0.1,13,13:00:00
2024-07-11,21.2,0.1,14,14:00:00
2024-07-11,19.6,0.1,15,15:00:00
2024-07-11,19.7,0.1,16,16:00:00
2024-07-11,22.2,0.1,17,17:00:00
2024-07-11,20.6,0,18,18:00:00
2024-07-11,20.6,0,19,19:00:00
2024-07-11,19.4,0,20,20:00:00
2024-07-11,18.8,0,21,21:00:00
2024-07-11,17.8,0,22,22:00:00
2024-07-11,16.9,0,23,23:00:00
2024-07-12,16.3,0,0,0:00:00
2024-07-12,15.4,0,1,1:00:00
2024-07-12,15,0,2,2:00:00
2024-07-12,14.7,0,3,3:00:00
2024-07-12,13.9,0,4,4:00:00
2024-07-12,14,0,5,5:00:00
2024-07-12,13.6,0,6,6:00:00
2024-07-12,13.6,0,7,7:00:00
2024-07-12,15.5,0,8,8:00:00
2024-07-12,15.8,0.2,9,9:00:00
2024-07-12,16.3,0.2,10,10:00:00
2024-07-12,16.1,0.2,11,11:00:00
2024-07-12,16.8,3.2,12,12:00:00
2024-07-12,14.7,3.2,13,13:00:00
2024-07-12,13.9,3.2,14,14:00:00
2024-07-12,13.9,2.3,15,15:00:00
2024-07-12,14,2.3,16,16:00:00
2024-07-12,13.4,2.3,17,17:00:00
2024-07-12,13.6,1.2,18,18:00:00
2024-07-12,12.7,1.2,19,19:00:00
2024-07-12,13.1,1.2,20,20:00:00
2024-07-12,13.3,0.4,21,21:00:00
2024-07-12,12.2,0.4,22,22:00:00
2024-07-12,13.3,0.4,23,23:00:00
2024-07-13,13.4,0,0,0:00:00
2024-07-13,12.3,0,1,1:00:00
2024-07-13,13.3,0,2,2:00:00
2024-07-13,13.7,0,3,3:00:00
2024-07-13,13.2,0,4,4:00:00
2024-07-13,13.5,0,5,5:00:00
2024-07-13,13.6,0,6,6:00:00
2024-07-13,13.5,0,7,7:00:00
2024-07-13,14,0,8,8:00:00
2024-07-13,15,0.2,9,9:00:00
2024-07-13,14.5,0.2,10,10:00:00
2024-07-13,14.4,0.2,11,11:00:00
2024-07-13,16.3,1.5,12,12:00:00
2024-07-13,15.9,1.5,13,13:00:00
2024-07-13,15,1.5,14,14:00:00
2024-07-13,16.9,0.5,15,15:00:00
2024-07-13,16.5,0.5,16,16:00:00
2024-07-13,17.4,0.5,17,17:00:00
2024-07-13,15.7,0.1,18,18:00:00
2024-07-13,15.6,0.1,19,19:00:00
2024-07-13,15.8,0.1,20,20:00:00
2024-07-13,14.7,0,21,21:00:00
2024-07-13,14.6,0,22,22:00:00
2024-07-13,13.9,0,23,23:00:00
2024-07-14,13.3,0,0,0:00:00
2024-07-14,13.2,0,1,1:00:00
2024-07-14,12.8,0,2,2:00:00
2024-07-14,11.6,0,3,3:00:00
2024-07-14,12.5,0,4,4:00:00
2024-07-14,12.2,0,5,5:00:00
2024-07-14,11.5,0,6,6:00:00
2024-07-14,12.3,0,7,7:00:00
2024-07-14,14,0,8,8:00:00
2024-07-14,15.3,0,9,9:00:00
2024-07-14,17.3,0,10,10:00:00
2024-07-14,19,0,11,11:00:00
2024-07-14,19.8,0,12,12:00:00
2024-07-14,21,0,13,13:00:00
2024-07-14,21.5,0,14,14:00:00
2024-07-14,21.5,0,15,15:00:00
2024-07-14,21.4,0,16,16:00:00
2024-07-14,21.5,0,17,17:00:00
2024-07-14,18.3,0.2,18,18:00:00
2024-07-14,20.3,0.2,19,19:00:00
2024-07-14,19.5,0.2,20,20:00:00
2024-07-14,18.2,0,21,21:00:00
2024-07-14,17.4,0,22,22:00:00
2024-07-14,16,0,23,23:00:00
2024-07-15,14.8,0,0,0:00:00
2024-07-15,14.6,0,1,1:00:00
2024-07-15,13.7,0,2,2:00:00
2024-07-15,13.1,0,3,3:00:00
2024-07-15,13.1,0,4,4:00:00
2024-07-15,12.4,0,5,5:00:00
2024-07-15,12.4,0,6,6:00:00
2024-07-15,13.2,0,7,7:00:00
2024-07-15,15,0,8,8:00:00
2024-07-15,17.1,0,9,9:00:00
2024-07-15,19.5,0,10,10:00:00
2024-07-15,21,0,11,11:00:00
2024-07-15,22.2,0,12,12:00:00
2024-07-15,23.5,0,13,13:00:00
2024-07-15,23.9,0,14,14:00:00
2024-07-15,24.9,0,15,15:00:00
2024-07-15,25.2,0,16,16:00:00
2024-07-15,25.7,0,17,17:00:00
2024-07-15,25.1,0,18,18:00:00
2024-07-15,24.6,0,19,19:00:00
2024-07-15,24,0,20,20:00:00
2024-07-15,22.5,0.1,21,21:00:00
2024-07-15,21.7,0.1,22,22:00:00
2024-07-15,20.4,0.1,23,23:00:00
2024-07-16,19.6,0.1,0,0:00:00
2024-07-16,19.8,0.1,1,1:00:00
2024-07-16,18.2,0.1,2,2:00:00
2024-07-16,18.1,2,3,3:00:00
2024-07-16,18.9,2,4,4:00:00
2024-07-16,17.4,2,5,5:00:00
2024-07-16,18.3,0,6,6:00:00
2024-07-16,19,0,7,7:00:00
2024-07-16,17.7,0,8,8:00:00
2024-07-16,17.9,0.1,9,9:00:00
2024-07-16,18.2,0.1,10,10:00:00
2024-07-16,18.3,0.1,11,11:00:00
2024-07-16,19.9,0.1,12,12:00:00
2024-07-16,20.6,0.1,13,13:00:00
2024-07-16,20,0.1,14,14:00:00
2024-07-16,22.9,0.8,15,15:00:00
2024-07-16,21.7,0.8,16,16:00:00
2024-07-16,19.8,0.8,17,17:00:00
2024-07-16,18.7,0.6,18,18:00:00
2024-07-16,18.7,0.6,19,19:00:00
2024-07-16,18.5,0.6,20,20:00:00
2024-07-16,17.6,0.2,21,21:00:00
2024-07-16,16.8,0.2,22,22:00:00
2024-07-16,16.8,0.2,23,23:00:00
2024-07-17,16.1,0.1,0,0:00:00
2024-07-17,16.7,0.1,1,1:00:00
2024-07-17,16.2,0.1,2,2:00:00
2024-07-17,15.3,0,3,3:00:00
2024-07-17,15.6,0,4,4:00:00
2024-07-17,15.3,0,5,5:00:00
2024-07-17,15.4,0.1,6,6:00:00
2024-07-17,15.4,0.1,7,7:00:00
2024-07-17,15.9,0.1,8,8:00:00
2024-07-17,16.2,0.3,9,9:00:00
2024-07-17,17.3,0.3,10,10:00:00
2024-07-17,16.8,0.3,11,11:00:00
2024-07-17,18,0.1,12,12:00:00
2024-07-17,18.4,0.1,13,13:00:00
2024-07-17,18.8,0.1,14,14:00:00
2024-07-17,20.8,0.1,15,15:00:00
2024-07-17,20.9,0.1,16,16:00:00
2024-07-17,21.3,0.1,17,17:00:00
2024-07-17,22.1,0.1,18,18:00:00
2024-07-17,21.4,0.1,19,19:00:00
2024-07-17,21,0.1,20,20:00:00
2024-07-17,20,0,21,21:00:00
2024-07-17,19,0,22,22:00:00
2024-07-17,17.7,0,23,23:00:00
2024-07-18,16.7,0,0,0:00:00
2024-07-18,16.8,0,1,1:00:00
2024-07-18,15.5,0,2,2:00:00
2024-07-18,15.3,0,3,3:00:00
2024-07-18,15.3,0,4,4:00:00
2024-07-18,15.2,0,5,5:00:00
2024-07-18,14.2,0,6,6:00:00
2024-07-18,15.1,0,7,7:00:00
2024-07-18,16.5,0,8,8:00:00
2024-07-18,18.2,0,9,9:00:00
2024-07-18,20.5,0,10,10:00:00
2024-07-18,21.6,0,11,11:00:00
2024-07-18,22.1,0,12,12:00:00
2024-07-18,23.5,0,13,13:00:00
2024-07-18,24.3,0,14,14:00:00
2024-07-18,25,0,15,15:00:00
2024-07-18,25.1,0,16,16:00:00
2024-07-18,25.2,0,17,17:00:00
2024-07-18,25.7,0,18,18:00:00
2024-07-18,25.3,0,19,19:00:00
2024-07-18,24.4,0,20,20:00:00
2024-07-18,23.4,0,21,21:00:00
2024-07-18,22.1,0,22,22:00:00
2024-07-18,20.1,0,23,23:00:00
2024-07-19,19.4,0,0,0:00:00
2024-07-19,18.4,0,1,1:00:00
2024-07-19,17.6,0,2,2:00:00
2024-07-19,16.9,0,3,3:00:00
2024-07-19,17,0,4,4:00:00
2024-07-19,16.5,0,5,5:00:00
2024-07-19,15.8,0,6,6:00:00
2024-07-19,17.6,0,7,7:00:00
2024-07-19,19.4,0,8,8:00:00
2024-07-19,20.9,0,9,9:00:00
2024-07-19,23.9,0,10,10:00:00
2024-07-19,24,0,11,11:00:00
2024-07-19,25.8,0,12,12:00:00
2024-07-19,26.5,0,13,13:00:00
2024-07-19,25.7,0,14,14:00:00
2024-07-19,28.8,0,15,15:00:00
2024-07-19,29.1,0,16,16:00:00
2024-07-19,28.5,0,17,17:00:00
2024-07-19,28.9,0,18,18:00:00
2024-07-19,27.9,0,19,19:00:00
2024-07-19,26.3,0,20,20:00:00
2024-07-19,25.3,0,21,21:00:00
2024-07-19,23.9,0,22,22:00:00
2024-07-19,22.7,0,23,23:00:00
2024-07-20,21.4,0,0,0:00:00
2024-07-20,20.7,0,1,1:00:00
2024-07-20,20,0,2,2:00:00
2024-07-20,19.2,0,3,3:00:00
2024-07-20,18.5,0,4,4:00:00
2024-07-20,18.1,0,5,5:00:00
2024-07-20,17.2,0,6,6:00:00
2024-07-20,18.3,0,7,7:00:00
2024-07-20,19.8,0,8,8:00:00
2024-07-20,22.5,0,9,9:00:00
2024-07-20,24.5,0,10,10:00:00
2024-07-20,26.1,0,11,11:00:00
2024-07-20,28,0,12,12:00:00
2024-07-20,28.9,0,13,13:00:00
2024-07-20,30.3,0,14,14:00:00
2024-07-20,30.8,0,15,15:00:00
2024-07-20,31.2,0,16,16:00:00
2024-07-20,31.5,0,17,17:00:00
2024-07-20,30.8,0,18,18:00:00
2024-07-20,30.7,0,19,19:00:00
2024-07-20,30.4,0,20,20:00:00
2024-07-20,28.6,0.1,21,21:00:00
2024-07-20,26.4,0.1,22,22:00:00
2024-07-20,25.7,0.1,23,23:00:00
2024-07-21,24.7,0,0,0:00:00
2024-07-21,23.2,0,1,1:00:00
2024-07-21,23.3,0,2,2:00:00
2024-07-21,22.1,0,3,3:00:00
2024-07-21,21.3,0,4,4:00:00
2024-07-21,20.7,0,5,5:00:00
2024-07-21,20.4,0,6,6:00:00
2024-07-21,20.1,0,7,7:00:00
2024-07-21,22.8,0,8,8:00:00
2024-07-21,24.3,0,9,9:00:00
2024-07-21,26.2,0,10,10:00:00
2024-07-21,25.8,0,11,11:00:00
2024-07-21,27.9,2.3,12,12:00:00
2024-07-21,26.1,2.3,13,13:00:00
2024-07-21,26.8,2.3,14,14:00:00
2024-07-21,21.9,0.7,15,15:00:00
2024-07-21,22,0.7,16,16:00:00
2024-07-21,24.9,0.7,17,17:00:00
2024-07-21,22.9,3,18,18:00:00
2024-07-21,22.5,3,19,19:00:00
2024-07-21,20.4,3,20,20:00:00
2024-07-21,19.4,6.8,21,21:00:00
2024-07-21,19.4,6.8,22,22:00:00
2024-07-21,19,6.8,23,23:00:00
2024-07-22,18.5,0.8,0,0:00:00
2024-07-22,17.7,0.8,1,1:00:00
2024-07-22,17.4,0.8,2,2:00:00
2024-07-22,17.2,0,3,3:00:00
2024-07-22,16.3,0,4,4:00:00
2024-07-22,16,0,5,5:00:00
2024-07-22,16,0,6,6:00:00
2024-07-22,15.8,0,7,7:00:00
2024-07-22,16.3,0,8,8:00:00
2024-07-22,17.6,0,9,9:00:00
2024-07-22,18.3,0,10,10:00:00
2024-07-22,19.5,0,11,11:00:00
2024-07-22,21.4,0,12,12:00:00
2024-07-22,22.4,0,13,13:00:00
2024-07-22,23.9,0,14,14:00:00
2024-07-22,24.1,0,15,15:00:00
2024-07-22,21.5,0,16,16:00:00
2024-07-22,23.2,0,17,17:00:00
2024-07-22,20.6,0.1,18,18:00:00
2024-07-22,22.1,0.1,19,19:00:00
2024-07-22,21.9,0.1,20,20:00:00
2024-07-22,21.1,0,21,21:00:00
2024-07-22,20.8,0,22,22:00:00
2024-07-22,20.6,0,23,23:00:00
2024-07-23,20.3,0,0,0:00:00
2024-07-23,19.7,0,1,1:00:00
2024-07-23,19.8,0,2,2:00:00
2024-07-23,18.9,0.1,3,3:00:00
2024-07-23,18.9,0.1,4,4:00:00
2024-07-23,18.6,0.1,5,5:00:00
2024-07-23,18.3,0,6,6:00:00
2024-07-23,18.3,0,7,7:00:00
2024-07-23,18.7,0,8,8:00:00
2024-07-23,18.6,1,9,9:00:00
2024-07-23,19.2,1,10,10:00:00
2024-07-23,19.2,1,11,11:00:00
2024-07-23,19.9,0.3,12,12:00:00
2024-07-23,20.7,0.3,13,13:00:00
2024-07-23,21.9,0.3,14,14:00:00
2024-07-23,21.3,0.6,15,15:00:00
2024-07-23,19.8,0.6,16,16:00:00
2024-07-23,22.1,0.6,17,17:00:00
2024-07-23,21.4,0.2,18,18:00:00
2024-07-23,18.7,0.2,19,19:00:00
2024-07-23,20.6,0.2,20,20:00:00
2024-07-23,20,0.1,21,21:00:00
2024-07-23,17.7,0.1,22,22:00:00
2024-07-23,17.8,0.1,23,23:00:00
2024-07-24,17.1,0,0,0:00:00
2024-07-24,15.4,0,1,1:00:00
2024-07-24,16.4,0,2,2:00:00
2024-07-24,16,0.1,3,3:00:00
2024-07-24,15.5,0.1,4,4:00:00
2024-07-24,16.4,0.1,5,5:00:00
2024-07-24,15.8,0,6,6:00:00
2024-07-24,15.4,0,7,7:00:00
2024-07-24,16.5,0,8,8:00:00
2024-07-24,17.4,0,9,9:00:00
2024-07-24,18.1,0,10,10:00:00
2024-07-24,19.5,0,11,11:00:00
2024-07-24,20,0,12,12:00:00
2024-07-24,21,0,13,13:00:00
2024-07-24,22.1,0,14,14:00:00
2024-07-24,21.8,0,15,15:00:00
2024-07-24,22.4,0,16,16:00:00
2024-07-24,21.8,0,17,17:00:00
2024-07-24,21.5,0,18,18:00:00
2024-07-24,21.3,0,19,19:00:00
2024-07-24,19.4,0,20,20:00:00
2024-07-24,18.1,0,21,21:00:00
2024-07-24,16.4,0,22,22:00:00
2024-07-24,15.8,0,23,23:00:00
2024-07-25,15,0,0,0:00:00
2024-07-25,14.6,0,1,1:00:00
2024-07-25,14.2,0,2,2:00:00
2024-07-25,13.5,0,3,3:00:00
2024-07-25,13.1,0,4,4:00:00
2024-07-25,12.8,0,5,5:00:00
2024-07-25,13.2,0,6,6:00:00
2024-07-25,13.3,0,7,7:00:00
2024-07-25,14.4,0,8,8:00:00
2024-07-25,16.1,0,9,9:00:00
2024-07-25,17.1,0,10,10:00:00
2024-07-25,18.7,0,11,11:00:00
2024-07-25,19.5,0,12,12:00:00
2024-07-25,18.6,0,13,13:00:00
2024-07-25,21.7,0,14,14:00:00
2024-07-25,23.9,0,15,15:00:00
2024-07-25,23.5,0,16,16:00:00
2024-07-25,23.9,0,17,17:00:00
2024-07-25,22,0,18,18:00:00
2024-07-25,22.7,0,19,19:00:00
2024-07-25,22.1,0,20,20:00:00
2024-07-25,20.2,0.2,21,21:00:00
2024-07-25,18.7,0.2,22,22:00:00
2024-07-25,18.5,0.2,23,23:00:00
2024-07-26,18.6,0.6,0,0:00:00
2024-07-26,18.8,0.6,1,1:00:00
2024-07-26,18.2,0.6,2,2:00:00
2024-07-26,18.4,0.2,3,3:00:00
2024-07-26,18.4,0.2,4,4:00:00
2024-07-26,17.7,0.2,5,5:00:00
2024-07-26,17.9,0.8,6,6:00:00
2024-07-26,17.9,0.8,7,7:00:00
2024-07-26,18.5,0.8,8,8:00:00
2024-07-26,17.8,0.1,9,9:00:00
2024-07-26,18.2,0.1,10,10:00:00
2024-07-26,18.5,0.1,11,11:00:00
2024-07-26,18.7,0.3,12,12:00:00
2024-07-26,19.2,0.3,13,13:00:00
2024-07-26,19.2,0.3,14,14:00:00
2024-07-26,21.5,0.1,15,15:00:00
2024-07-26,21.6,0.1,16,16:00:00
2024-07-26,22.6,0.1,17,17:00:00
2024-07-26,22.4,0,18,18:00:00
2024-07-26,21.4,0,19,19:00:00
2024-07-26,20.6,0,20,20:00:00
2024-07-26,19.9,0,21,21:00:00
2024-07-26,18.6,0,22,22:00:00
2024-07-26,18,0,23,23:00:00
2024-07-27,16.9,0,0,0:00:00
2024-07-27,15.9,0,1,1:00:00
2024-07-27,15.6,0,2,2:00:00
2024-07-27,15.4,0,3,3:00:00
2024-07-27,14.8,0,4,4:00:00
2024-07-27,14.2,0,5,5:00:00
2024-07-27,13.2,0.1,6,6:00:00
2024-07-27,13.9,0.1,7,7:00:00
2024-07-27,16,0.1,8,8:00:00
2024-07-27,17.6,0.1,9,9:00:00
2024-07-27,19.6,0.1,10,10:00:00
2024-07-27,21.4,0.1,11,11:00:00
2024-07-27,22.7,0,12,12:00:00
2024-07-27,23.7,0,13,13:00:00
2024-07-27,23.7,0,14,14:00:00
2024-07-27,24.5,0,15,15:00:00
2024-07-27,23.4,0,16,16:00:00
2024-07-27,22.7,0,17,17:00:00
2024-07-27,24.1,0,18,18:00:00
2024-07-27,22.9,0,19,19:00:00
2024-07-27,22.4,0,20,20:00:00
2024-07-27,22.1,0.2,21,21:00:00
2024-07-27,20.3,0.2,22,22:00:00
2024-07-27,18.2,0.2,23,23:00:00
2024-07-28,16.8,0.3,0,0:00:00
2024-07-28,16.3,0.3,1,1:00:00
2024-07-28,15.7,0.3,2,2:00:00
2024-07-28,15.9,0,3,3:00:00
2024-07-28,14.5,0,4,4:00:00
2024-07-28,13.7,0,5,5:00:00
2024-07-28,14.4,0,6,6:00:00
2024-07-28,14.8,0,7,7:00:00
2024-07-28,16.4,0,8,8:00:00
2024-07-28,18.6,0,9,9:00:00
2024-07-28,18.8,0,10,10:00:00
2024-07-28,20.4,0,11,11:00:00
2024-07-28,21.5,0,12,12:00:00
2024-07-28,21.8,0,13,13:00:00
2024-07-28,23.3,0,14,14:00:00
2024-07-28,23.8,0,15,15:00:00
2024-07-28,23.6,0,16,16:00:00
2024-07-28,24,0,17,17:00:00
2024-07-28,23.3,0,18,18:00:00
2024-07-28,21.5,0,19,19:00:00
2024-07-28,20.3,0,20,20:00:00
2024-07-28,19.4,0,21,21:00:00
2024-07-28,17.2,0,22,22:00:00
2024-07-28,16.3,0,23,23:00:00
2024-07-29,15.8,0,0,0:00:00
2024-07-29,14.9,0,1,1:00:00
2024-07-29,14.2,0,2,2:00:00
2024-07-29,14,0,3,3:00:00
2024-07-29,13.8,0,4,4:00:00
2024-07-29,13.2,0,5,5:00:00
2024-07-29,13.2,0,6,6:00:00
2024-07-29,13.9,0,7,7:00:00
2024-07-29,15.3,0,8,8:00:00
2024-07-29,17.3,0,9,9:00:00
2024-07-29,19.1,0,10,10:00:00
2024-07-29,20.6,0,11,11:00:00
2024-07-29,22.4,0,12,12:00:00
2024-07-29,23.6,0,13,13:00:00
2024-07-29,24.4,0,14,14:00:00
2024-07-29,25.4,0,15,15:00:00
2024-07-29,25.3,0,16,16:00:00
2024-07-29,25.7,0,17,17:00:00
2024-07-29,25.8,0,18,18:00:00
2024-07-29,25.2,0,19,19:00:00
2024-07-29,23.9,0,20,20:00:00
2024-07-29,22.4,0,21,21:00:00
2024-07-29,21.2,0,22,22:00:00
2024-07-29,19.6,0,23,23:00:00
2024-07-30,19.3,0,0,0:00:00
2024-07-30,18.9,0,1,1:00:00
2024-07-30,16.5,0,2,2:00:00
2024-07-30,16.7,0,3,3:00:00
2024-07-30,15.9,0,4,4:00:00
2024-07-30,15.7,0,5,5:00:00
2024-07-30,15.4,0,6,6:00:00
2024-07-30,15.9,0,7,7:00:00
2024-07-30,17.8,0,8,8:00:00
2024-07-30,19.9,0,9,9:00:00
2024-07-30,23,0,10,10:00:00
2024-07-30,24.4,0,11,11:00:00
2024-07-30,26.5,0,12,12:00:00
2024-07-30,28.2,0,13,13:00:00
2024-07-30,28.5,0,14,14:00:00
2024-07-30,29.5,0,15,15:00:00
2024-07-30,29.2,0,16,16:00:00
2024-07-30,29.4,0,17,17:00:00
2024-07-30,29.1,0,18,18:00:00
2024-07-30,28.3,0,19,19:00:00
2024-07-30,25.9,0,20,20:00:00
2024-07-30,24.3,0,21,21:00:00
2024-07-30,22.4,0,22,22:00:00
2024-07-30,21.8,0,23,23:00:00
2024-07-31,20.5,0,0,0:00:00
2024-07-31,18.8,0,1,1:00:00
2024-07-31,18.6,0,2,2:00:00
2024-07-31,17.7,0,3,3:00:00
2024-07-31,16.7,0,4,4:00:00
2024-07-31,16.3,0,5,5:00:00
2024-07-31,16.1,0,6,6:00:00
2024-07-31,16.3,0,7,7:00:00
2024-07-31,17.6,0,8,8:00:00
2024-07-31,19,0,9,9:00:00
2024-07-31,21.4,0,10,10:00:00
2024-07-31,22.7,0,11,11:00:00
2024-07-31,24,0,12,12:00:00
2024-07-31,25.4,0,13,13:00:00
2024-07-31,26.8,0,14,14:00:00
2024-07-31,27.2,0,15,15:00:00
2024-07-31,27.2,0,16,16:00:00
2024-07-31,27.3,0,17,17:00:00
2024-07-31,25.5,0,18,18:00:00
2024-07-31,25.4,0,19,19:00:00
2024-07-31,23.3,0,20,20:00:00
2024-07-31,21.5,0,21,21:00:00
2024-07-31,20.5,0,22,22:00:00
2024-07-31,19.2,0,23,23:00:00
2024-08-01,18.2,0,0,0:00:00
2024-08-01,17.1,0,1,1:00:00
2024-08-01,16,0,2,2:00:00
2024-08-01,15.7,0,3,3:00:00
2024-08-01,15.1,0,4,4:00:00
2024-08-01,14.2,0,5,5:00:00
2024-08-01,14.1,0,6,6:00:00
2024-08-01,14.3,0,7,7:00:00
2024-08-01,15.3,0,8,8:00:00
2024-08-01,17.3,0,9,9:00:00
2024-08-01,19.3,0,10,10:00:00
2024-08-01,20.5,0,11,11:00:00
2024-08-01,22.1,0,12,12:00:00
2024-08-01,23.8,0,13,13:00:00
2024-08-01,23.9,0,14,14:00:00
2024-08-01,24.3,0,15,15:00:00
2024-08-01,24.1,0,16,16:00:00
2024-08-01,23.3,0,17,17:00:00
2024-08-01,22.5,0,18,18:00:00
2024-08-01,20,0,19,19:00:00
2024-08-01,20,0,20,20:00:00
2024-08-01,19.1,0,21,21:00:00
2024-08-01,18.1,0,22,22:00:00
2024-08-01,17.4,0,23,23:00:00
2024-08-02,16.6,0,0,0:00:00
2024-08-02,15.7,0,1,1:00:00
2024-08-02,16.1,0,2,2:00:00
2024-08-02,15.4,0,3,3:00:00
2024-08-02,14.6,0,4,4:00:00
2024-08-02,14,0,5,5:00:00
2024-08-02,15,0,6,6:00:00
2024-08-02,14.6,0,7,7:00:00
2024-08-02,16.2,0,8,8:00:00
2024-08-02,18,0,9,9:00:00
2024-08-02,19.8,0,10,10:00:00
2024-08-02,20.8,0,11,11:00:00
2024-08-02,22,0,12,12:00:00
2024-08-02,23.6,0,13,13:00:00
2024-08-02,24.4,0,14,14:00:00
2024-08-02,24.9,0,15,15:00:00
2024-08-02,25.5,0,16,16:00:00
2024-08-02,25.4,0,17,17:00:00
2024-08-02,25.6,0,18,18:00:00
2024-08-02,24.5,0,19,19:00:00
2024-08-02,23.9,0,20,20:00:00
2024-08-02,22.5,0,21,21:00:00
2024-08-02,20.7,0,22,22:00:00
2024-08-02,19.7,0,23,23:00:00
2024-08-03,18.6,0,0,0:00:00
2024-08-03,17.4,0,1,1:00:00
2024-08-03,17.3,0,2,2:00:00
2024-08-03,16.6,0,3,3:00:00
2024-08-03,16.9,0,4,4:00:00
2024-08-03,17,0,5,5:00:00
2024-08-03,16.7,0,6,6:00:00
2024-08-03,17.3,0,7,7:00:00
2024-08-03,18.2,0,8,8:00:00
2024-08-03,19.4,0,9,9:00:00
2024-08-03,20.5,0,10,10:00:00
2024-08-03,20.5,0,11,11:00:00
2024-08-03,25.9,1.7,12,12:00:00
2024-08-03,25,0,13,13:00:00
2024-08-03,24.2,0,14,14:00:00
2024-08-03,25.5,0,15,15:00:00
2024-08-03,24.9,0,16,16:00:00
2024-08-03,23.2,0,17,17:00:00
2024-08-03,24.6,0,18,18:00:00
2024-08-03,22.8,0.4,19,19:00:00
2024-08-03,20,0,20,20:00:00
2024-08-03,19.7,0.5,21,21:00:00
2024-08-03,19.3,0.2,22,22:00:00
2024-08-03,19,0,23,23:00:00
2024-08-04,18.9,0,0,0:00:00
2024-08-04,18.6,0,1,1:00:00
2024-08-04,18.2,0,2,2:00:00
2024-08-04,18.2,1.5,3,3:00:00
2024-08-04,18,0,4,4:00:00
2024-08-04,17.6,0,5,5:00:00
2024-08-04,17.1,0,6,6:00:00
2024-08-04,16.5,0,7,7:00:00
2024-08-04,16.5,0,8,8:00:00
2024-08-04,17,0,9,9:00:00
2024-08-04,18.1,0,10,10:00:00
2024-08-04,18.3,0,11,11:00:00
2024-08-04,19.2,0,12,12:00:00
2024-08-04,19.3,0,13,13:00:00
2024-08-04,19.1,0,14,14:00:00
2024-08-04,19.9,0,15,15:00:00
2024-08-04,19.8,0,16,16:00:00
2024-08-04,20.1,0,17,17:00:00
2024-08-04,20.1,0,18,18:00:00
2024-08-04,19.7,0,19,19:00:00
2024-08-04,19.4,0,20,20:00:00
2024-08-04,19,0,21,21:00:00
2024-08-04,17.1,0,22,22:00:00
2024-08-04,16.1,0,23,23:00:00
2024-08-05,16.5,0,0,0:00:00
2024-08-05,15.9,0,1,1:00:00
2024-08-05,15.8,0,2,2:00:00
2024-08-05,16.3,0,3,3:00:00
2024-08-05,16.2,0,4,4:00:00
2024-08-05,16.1,0,5,5:00:00
2024-08-05,15.4,0,6,6:00:00
2024-08-05,15.7,0,7,7:00:00
2024-08-05,16.6,0,8,8:00:00
2024-08-05,17,0,9,9:00:00
2024-08-05,18.3,0,10,10:00:00
2024-08-05,20.3,0,11,11:00:00
2024-08-05,21.9,0,12,12:00:00
2024-08-05,21.3,0,13,13:00:00
2024-08-05,22.9,0,14,14:00:00
2024-08-05,22.6,0,15,15:00:00
2024-08-05,22.8,0,16,16:00:00
2024-08-05,25.9,0,17,17:00:00
2024-08-05,24.3,0,18,18:00:00
2024-08-05,25.2,0,19,19:00:00
2024-08-05,24.4,0,20,20:00:00
2024-08-05,22.6,0,21,21:00:00
2024-08-05,21.5,0,22,22:00:00
2024-08-05,20.6,0,23,23:00:00
2024-08-06,18.7,0,0,0:00:00
2024-08-06,18.1,0,1,1:00:00
2024-08-06,17,0,2,2:00:00
2024-08-06,16.9,0,3,3:00:00
2024-08-06,17.2,0,4,4:00:00
2024-08-06,16.1,0,5,5:00:00
2024-08-06,15.6,0,6,6:00:00
2024-08-06,15.9,0,7,7:00:00
2024-08-06,18.1,0,8,8:00:00
2024-08-06,19.7,0,9,9:00:00
2024-08-06,22.8,0,10,10:00:00
2024-08-06,24.4,0,11,11:00:00
2024-08-06,25.8,0,12,12:00:00
2024-08-06,27.5,0,13,13:00:00
2024-08-06,28.4,0,14,14:00:00
2024-08-06,28.5,0,15,15:00:00
2024-08-06,29,0,16,16:00:00
2024-08-06,29.2,0,17,17:00:00
2024-08-06,28.6,0,18,18:00:00
2024-08-06,28.6,0,19,19:00:00
2024-08-06,27.4,0,20,20:00:00
2024-08-06,25.9,0,21,21:00:00
2024-08-06,24.8,0,22,22:00:00
2024-08-06,24.1,0,23,23:00:00
2024-08-07,21.1,0,0,0:00:00
2024-08-07,21.1,0,1,1:00:00
2024-08-07,20.7,0,2,2:00:00
2024-08-07,19.5,0,3,3:00:00
2024-08-07,19.9,0,4,4:00:00
2024-08-07,19,0,5,5:00:00
2024-08-07,18.8,0.1,6,6:00:00
2024-08-07,18.4,0,7,7:00:00
2024-08-07,19,1.2,8,8:00:00
2024-08-07,19.1,0,9,9:00:00
2024-08-07,19.6,0,10,10:00:00
2024-08-07,21,0,11,11:00:00
2024-08-07,21.8,0,12,12:00:00
2024-08-07,22,0,13,13:00:00
2024-08-07,22.2,0,14,14:00:00
2024-08-07,22.2,0,15,15:00:00
2024-08-07,23.6,0,16,16:00:00
2024-08-07,23.1,0,17,17:00:00
2024-08-07,23,0,18,18:00:00
2024-08-07,22,0,19,19:00:00
2024-08-07,21,0,20,20:00:00
2024-08-07,19.4,0,21,21:00:00
2024-08-07,17.8,0,22,22:00:00
2024-08-07,17.4,0,23,23:00:00
2024-08-08,16.9,0,0,0:00:00
2024-08-08,15,0,1,1:00:00
2024-08-08,14.9,0,2,2:00:00
2024-08-08,16.1,0,3,3:00:00
2024-08-08,15.4,0,4,4:00:00
2024-08-08,15.9,0,5,5:00:00
2024-08-08,16.2,0,6,6:00:00
2024-08-08,15.9,0,7,7:00:00
2024-08-08,16.7,0,8,8:00:00
2024-08-08,17.9,0,9,9:00:00
2024-08-08,18.3,0,10,10:00:00
2024-08-08,21.7,0,11,11:00:00
2024-08-08,21.8,0,12,12:00:00
2024-08-08,22.7,0,13,13:00:00
2024-08-08,22.4,0,14,14:00:00
2024-08-08,22.5,0,15,15:00:00
2024-08-08,24.4,0,16,16:00:00
2024-08-08,24.7,0,17,17:00:00
2024-08-08,24.5,0,18,18:00:00
2024-08-08,24,0,19,19:00:00
2024-08-08,23.1,0,20,20:00:00
2024-08-08,22.1,0,21,21:00:00
2024-08-08,20.4,0,22,22:00:00
2024-08-08,20.2,0,23,23:00:00
2024-08-09,20,0,0,0:00:00
2024-08-09,19.3,0.1,1,1:00:00
2024-08-09,19.9,1.5,2,2:00:00
2024-08-09,18.3,0,3,3:00:00
2024-08-09,17.3,1.3,4,4:00:00
2024-08-09,19.1,0,5,5:00:00
2024-08-09,18.2,0,6,6:00:00
2024-08-09,18,0,7,7:00:00
2024-08-09,19.5,0,8,8:00:00
2024-08-09,19,0.1,9,9:00:00
2024-08-09,18.5,0,10,10:00:00
2024-08-09,18.6,0.1,11,11:00:00
2024-08-09,19,0.2,12,12:00:00
2024-08-09,18.7,0,13,13:00:00
2024-08-09,19.5,0.1,14,14:00:00
2024-08-09,21.6,0.1,15,15:00:00
2024-08-09,21.6,0.1,16,16:00:00
2024-08-09,21.3,0,17,17:00:00
2024-08-09,21,0,18,18:00:00
2024-08-09,19.9,0,19,19:00:00
2024-08-09,20.1,0,20,20:00:00
2024-08-09,19,0,21,21:00:00
2024-08-09,17.1,0,22,22:00:00
2024-08-09,17.4,0,23,23:00:00
2024-08-10,17.3,0,0,0:00:00
2024-08-10,16,0,1,1:00:00
2024-08-10,15.6,0,2,2:00:00
2024-08-10,15,0,3,3:00:00
2024-08-10,14.6,0,4,4:00:00
2024-08-10,14.6,0,5,5:00:00
2024-08-10,14.1,0,6,6:00:00
2024-08-10,14.3,0,7,7:00:00
2024-08-10,15.6,0,8,8:00:00
2024-08-10,16.5,0,9,9:00:00
2024-08-10,19.1,0,10,10:00:00
2024-08-10,18.9,0,11,11:00:00
2024-08-10,20,0,12,12:00:00
2024-08-10,21.2,0,13,13:00:00
2024-08-10,23.5,0,14,14:00:00
2024-08-10,24.8,0,15,15:00:00
2024-08-10,25.3,0,16,16:00:00
2024-08-10,24.2,0,17,17:00:00
2024-08-10,23.6,0,18,18:00:00
2024-08-10,22.7,0,19,19:00:00
2024-08-10,22.1,0,20,20:00:00
2024-08-10,20.5,0,21,21:00:00
2024-08-10,20.4,0.3,22,22:00:00
2024-08-10,20.1,0,23,23:00:00
2024-08-11,18.3,0,0,0:00:00
2024-08-11,18.8,0,1,1:00:00
2024-08-11,18.5,0,2,2:00:00
2024-08-11,17.6,0,3,3:00:00
2024-08-11,18.3,0,4,4:00:00
2024-08-11,17.4,0,5,5:00:00
2024-08-11,16.7,0,6,6:00:00
2024-08-11,16.1,0,7,7:00:00
2024-08-11,18.1,0,8,8:00:00
2024-08-11,19.3,0,9,9:00:00
2024-08-11,21.4,0,10,10:00:00
2024-08-11,22.7,0,11,11:00:00
2024-08-11,23.7,0,12,12:00:00
2024-08-11,25.3,0,13,13:00:00
2024-08-11,25.7,0,14,14:00:00
2024-08-11,26.5,0,15,15:00:00
2024-08-11,27,0,16,16:00:00
2024-08-11,26.5,0,17,17:00:00
2024-08-11,26.4,0,18,18:00:00
2024-08-11,25.9,0,19,19:00:00
2024-08-11,23.2,0,20,20:00:00
2024-08-11,21.5,0,21,21:00:00
2024-08-11,20.3,0,22,22:00:00
2024-08-11,18.7,0,23,23:00:00
2024-08-12,17.7,0,0,0:00:00
2024-08-12,17.3,0,1,1:00:00
2024-08-12,16.1,0,2,2:00:00
2024-08-12,15.6,0,3,3:00:00
2024-08-12,15.3,0,4,4:00:00
2024-08-12,14.6,0,5,5:00:00
2024-08-12,14.1,0,6,6:00:00
2024-08-12,14.5,0,7,7:00:00
2024-08-12,15.5,0,8,8:00:00
2024-08-12,17.8,0,9,9:00:00
2024-08-12,21.3,0,10,10:00:00
2024-08-12,22.9,0,11,11:00:00
2024-08-12,24.9,0,12,12:00:00
2024-08-12,26.9,0,13,13:00:00
2024-08-12,27.9,0,14,14:00:00
2024-08-12,28.9,0,15,15:00:00
2024-08-12,29.9,0,16,16:00:00
2024-08-12,29.1,0,17,17:00:00
2024-08-12,29.8,0,18,18:00:00
2024-08-12,29.3,0,19,19:00:00
2024-08-12,27.5,0,20,20:00:00
2024-08-12,26.2,0,21,21:00:00
2024-08-12,25.3,0,22,22:00:00
2024-08-12,23.7,0,23,23:00:00
2024-08-13,23.2,0,0,0:00:00
2024-08-13,22.9,0,1,1:00:00
2024-08-13,22,0,2,2:00:00
2024-08-13,21.5,0,3,3:00:00
2024-08-13,21.1,0,4,4:00:00
2024-08-13,20.6,0,5,5:00:00
2024-08-13,20.8,0,6,6:00:00
2024-08-13,21.1,0,7,7:00:00
2024-08-13,22.3,0,8,8:00:00
2024-08-13,24.3,0,9,9:00:00
2024-08-13,27.5,0,10,10:00:00
2024-08-13,30.4,0,11,11:00:00
2024-08-13,31.4,0,12,12:00:00
2024-08-13,33.1,0,13,13:00:00
2024-08-13,34.5,0,14,14:00:00
2024-08-13,33.6,0,15,15:00:00
2024-08-13,34.1,0,16,16:00:00
2024-08-13,34.3,0,17,17:00:00
2024-08-13,34,0,18,18:00:00
2024-08-13,31.7,0,19,19:00:00
2024-08-13,25.4,0,20,20:00:00
2024-08-13,24,4.9,21,21:00:00
2024-08-13,22.6,11.9,22,22:00:00
2024-08-13,21.3,0,23,23:00:00
2024-08-14,21.3,0,0,0:00:00
2024-08-14,21.6,0,1,1:00:00
2024-08-14,21.2,0,2,2:00:00
2024-08-14,20.9,0,3,3:00:00
2024-08-14,20.8,0,4,4:00:00
2024-08-14,20,0,5,5:00:00
2024-08-14,19.4,0,6,6:00:00
2024-08-14,19.8,0,7,7:00:00
2024-08-14,20.3,0,8,8:00:00
2024-08-14,21.6,0,9,9:00:00
2024-08-14,22.9,0,10,10:00:00
2024-08-14,24.5,0,11,11:00:00
2024-08-14,24.2,0,12,12:00:00
2024-08-14,22.2,0,13,13:00:00
2024-08-14,25.2,5.6,14,14:00:00
2024-08-14,25.5,0,15,15:00:00
2024-08-14,20.7,0.3,16,16:00:00
2024-08-14,24.5,0.4,17,17:00:00
2024-08-14,21.3,0,18,18:00:00
2024-08-14,21.9,0.6,19,19:00:00
2024-08-14,20,0,20,20:00:00
2024-08-14,19.7,2.3,21,21:00:00
2024-08-14,20.6,4.7,22,22:00:00
2024-08-14,18.9,0,23,23:00:00
2024-08-15,19.4,0,0,0:00:00
2024-08-15,20.1,0,1,1:00:00
2024-08-15,19.3,0,2,2:00:00
2024-08-15,19.3,0,3,3:00:00
2024-08-15,19.4,0,4,4:00:00
2024-08-15,18.5,0,5,5:00:00
2024-08-15,18.5,0,6,6:00:00
2024-08-15,17.8,0,7,7:00:00
2024-08-15,18.6,0,8,8:00:00
2024-08-15,18.6,0,9,9:00:00
2024-08-15,20.5,0,10,10:00:00
2024-08-15,22,0,11,11:00:00
2024-08-15,22.5,0,12,12:00:00
2024-08-15,24.2,0,13,13:00:00
2024-08-15,25.4,0,14,14:00:00
2024-08-15,26.2,0,15,15:00:00
2024-08-15,26.3,0,16,16:00:00
2024-08-15,26.2,0,17,17:00:00
2024-08-15,26,0,18,18:00:00
2024-08-15,25.3,0,19,19:00:00
2024-08-15,24,0,20,20:00:00
2024-08-15,22.2,0,21,21:00:00
2024-08-15,22,0,22,22:00:00
2024-08-15,20.8,0,23,23:00:00
2024-08-16,19.1,0,0,0:00:00
2024-08-16,19.1,0,1,1:00:00
2024-08-16,19.6,0,2,2:00:00
2024-08-16,19.4,0,3,3:00:00
2024-08-16,19.4,0,4,4:00:00
2024-08-16,19.1,0,5,5:00:00
2024-08-16,18.8,0,6,6:00:00
2024-08-16,19,0,7,7:00:00
2024-08-16,19.2,0,8,8:00:00
2024-08-16,17.5,0.5,9,9:00:00
2024-08-16,18.3,2.5,10,10:00:00
2024-08-16,17.2,1.3,11,11:00:00
2024-08-16,18.3,0.3,12,12:00:00
2024-08-16,18.6,0.3,13,13:00:00
2024-08-16,20.5,0,14,14:00:00
2024-08-16,19.9,0.1,15,15:00:00
2024-08-16,20.2,0.7,16,16:00:00
2024-08-16,19.4,0.1,17,17:00:00
2024-08-16,20.1,2,18,18:00:00
2024-08-16,19.4,0.1,19,19:00:00
2024-08-16,18.6,0.2,20,20:00:00
2024-08-16,18.7,0,21,21:00:00
2024-08-16,18.5,0,22,22:00:00
2024-08-16,18.5,0,23,23:00:00
2024-08-17,17.6,0,0,0:00:00
2024-08-17,17,0,1,1:00:00
2024-08-17,17.1,0,2,2:00:00
2024-08-17,16.5,0,3,3:00:00
2024-08-17,15.9,0,4,4:00:00
2024-08-17,16.1,0,5,5:00:00
2024-08-17,15.6,0,6,6:00:00
2024-08-17,16,0,7,7:00:00
2024-08-17,16,0,8,8:00:00
2024-08-17,17,0,9,9:00:00
2024-08-17,18.2,0,10,10:00:00
2024-08-17,19.4,0,11,11:00:00
2024-08-17,20,0,12,12:00:00
2024-08-17,20.8,0,13,13:00:00
2024-08-17,22.3,0,14,14:00:00
2024-08-17,22.8,0,15,15:00:00
2024-08-17,23.4,0,16,16:00:00
2024-08-17,23.2,0,17,17:00:00
2024-08-17,23,0,18,18:00:00
2024-08-17,22.3,0,19,19:00:00
2024-08-17,20.8,0,20,20:00:00
2024-08-17,19,0,21,21:00:00
2024-08-17,18,0,22,22:00:00
2024-08-17,17.3,0,23,23:00:00
2024-08-18,16,0,0,0:00:00
2024-08-18,16.5,0,1,1:00:00
2024-08-18,15.9,0,2,2:00:00
2024-08-18,15.9,0,3,3:00:00
2024-08-18,15.9,0,4,4:00:00
2024-08-18,15.8,0,5,5:00:00
2024-08-18,15.6,0,6,6:00:00
2024-08-18,15.4,0,7,7:00:00
2024-08-18,16.3,0,8,8:00:00
2024-08-18,16.6,0,9,9:00:00
2024-08-18,19.1,0,10,10:00:00
2024-08-18,20.1,0,11,11:00:00
2024-08-18,20.7,0,12,12:00:00
2024-08-18,22.8,0,13,13:00:00
2024-08-18,23,0,14,14:00:00
2024-08-18,23.1,0,15,15:00:00
2024-08-18,24.1,0,16,16:00:00
2024-08-18,24.1,0,17,17:00:00
2024-08-18,22.7,0,18,18:00:00
2024-08-18,21.5,0,19,19:00:00
2024-08-18,20.6,0,20,20:00:00
2024-08-18,19.5,0,21,21:00:00
2024-08-18,18.7,0,22,22:00:00
2024-08-18,17,0,23,23:00:00
2024-08-19,16.1,0,0,0:00:00
2024-08-19,14.7,0,1,1:00:00
2024-08-19,14.5,0,2,2:00:00
2024-08-19,13.1,0,3,3:00:00
2024-08-19,13.7,0,4,4:00:00
2024-08-19,12.7,0,5,5:00:00
2024-08-19,11.8,0,6,6:00:00
2024-08-19,12.9,0,7,7:00:00
2024-08-19,14.7,0,8,8:00:00
2024-08-19,15.5,0,9,9:00:00
2024-08-19,19,0,10,10:00:00
2024-08-19,20,0,11,11:00:00
2024-08-19,20.8,0,12,12:00:00
2024-08-19,22,0,13,13:00:00
2024-08-19,22.8,0,14,14:00:00
2024-08-19,23,0,15,15:00:00
2024-08-19,23.5,0,16,16:00:00
2024-08-19,23.5,0,17,17:00:00
2024-08-19,22.9,0,18,18:00:00
2024-08-19,22.3,0,19,19:00:00
2024-08-19,21.1,0,20,20:00:00
2024-08-19,19.7,0,21,21:00:00
2024-08-19,18.9,0,22,22:00:00
2024-08-19,17.8,0,23,23:00:00
2024-08-20,17,0,0,0:00:00
2024-08-20,16.8,0,1,1:00:00
2024-08-20,16.2,0,2,2:00:00
2024-08-20,15.5,0,3,3:00:00
2024-08-20,15.7,0,4,4:00:00
2024-08-20,15.4,0,5,5:00:00
2024-08-20,15.1,0,6,6:00:00
2024-08-20,14.6,0,7,7:00:00
2024-08-20,16,0,8,8:00:00
2024-08-20,17.3,0,9,9:00:00
2024-08-20,20.1,0,10,10:00:00
2024-08-20,21.8,0,11,11:00:00
2024-08-20,22.6,0,12,12:00:00
2024-08-20,24.2,0,13,13:00:00
2024-08-20,24.7,0,14,14:00:00
2024-08-20,25.2,0,15,15:00:00
2024-08-20,25.4,0,16,16:00:00
2024-08-20,25.3,0,17,17:00:00
2024-08-20,23.7,0,18,18:00:00
2024-08-20,19.1,0,19,19:00:00
2024-08-20,18.6,0.5,20,20:00:00
2024-08-20,18.2,1.2,21,21:00:00
2024-08-20,17.9,1.4,22,22:00:00
2024-08-20,18,2.9,23,23:00:00
2024-08-21,17.9,5,0,0:00:00
2024-08-21,17.4,3,1,1:00:00
2024-08-21,16.6,0,2,2:00:00
2024-08-21,16,0,3,3:00:00
2024-08-21,14.7,0,4,4:00:00
2024-08-21,13.8,0,5,5:00:00
2024-08-21,13.3,0,6,6:00:00
2024-08-21,13.1,0,7,7:00:00
2024-08-21,13.9,0,8,8:00:00
2024-08-21,15.2,0,9,9:00:00
2024-08-21,16.7,0,10,10:00:00
2024-08-21,17.1,0.1,11,11:00:00
2024-08-21,16.6,0,12,12:00:00
2024-08-21,18,0,13,13:00:00
2024-08-21,17.9,0,14,14:00:00
2024-08-21,18.8,0,15,15:00:00
2024-08-21,19.2,0,16,16:00:00
2024-08-21,18.7,0,17,17:00:00
2024-08-21,18.3,0,18,18:00:00
2024-08-21,17.9,0,19,19:00:00
2024-08-21,16.8,0,20,20:00:00
2024-08-21,15.5,0,21,21:00:00
2024-08-21,15.6,0,22,22:00:00
2024-08-21,14.8,0,23,23:00:00
2024-08-22,14.4,0,0,0:00:00
2024-08-22,14.2,0,1,1:00:00
2024-08-22,14.4,0,2,2:00:00
2024-08-22,13.5,0,3,3:00:00
2024-08-22,14.5,0,4,4:00:00
2024-08-22,13.6,0,5,5:00:00
2024-08-22,13.5,0,6,6:00:00
2024-08-22,13.3,0,7,7:00:00
2024-08-22,13.6,0,8,8:00:00
2024-08-22,14.1,0,9,9:00:00
2024-08-22,15.4,0,10,10:00:00
2024-08-22,17.5,0,11,11:00:00
2024-08-22,19.6,0,12,12:00:00
2024-08-22,21.6,0,13,13:00:00
2024-08-22,20.6,0,14,14:00:00
2024-08-22,21.9,0,15,15:00:00
2024-08-22,22,0,16,16:00:00
2024-08-22,21.7,0,17,17:00:00
2024-08-22,21.3,0,18,18:00:00
2024-08-22,21.3,0,19,19:00:00
2024-08-22,20.6,0,20,20:00:00
2024-08-22,20.1,0,21,21:00:00
2024-08-22,20.5,0,22,22:00:00
2024-08-22,20.6,0,23,23:00:00
2024-08-23,19.9,0,0,0:00:00
2024-08-23,19.9,0,1,1:00:00
2024-08-23,19.9,0,2,2:00:00
2024-08-23,19.7,0,3,3:00:00
2024-08-23,19.4,0,4,4:00:00
2024-08-23,19.3,0,5,5:00:00
2024-08-23,18.8,0,6,6:00:00
2024-08-23,18.6,0,7,7:00:00
2024-08-23,18.7,0,8,8:00:00
2024-08-23,19.1,0,9,9:00:00
2024-08-23,19.8,0,10,10:00:00
2024-08-23,20.3,0,11,11:00:00
2024-08-23,21.7,0,12,12:00:00
2024-08-23,21.9,0,13,13:00:00
2024-08-23,20.9,0.2,14,14:00:00
2024-08-23,18.9,0.2,15,15:00:00
2024-08-23,19.9,0,16,16:00:00
2024-08-23,20.5,0.1,17,17:00:00
2024-08-23,19.5,0,18,18:00:00
2024-08-23,19.9,0,19,19:00:00
2024-08-23,20.3,0,20,20:00:00
2024-08-23,17.9,0,21,21:00:00
2024-08-23,18,0,22,22:00:00
2024-08-23,17.5,0,23,23:00:00
2024-08-24,16.3,0,0,0:00:00
2024-08-24,15.7,0,1,1:00:00
2024-08-24,16.1,0,2,2:00:00
2024-08-24,15.7,0,3,3:00:00
2024-08-24,16.2,0,4,4:00:00
2024-08-24,16.2,0,5,5:00:00
2024-08-24,15.2,0,6,6:00:00
2024-08-24,15.9,0,7,7:00:00
2024-08-24,17.5,0,8,8:00:00
2024-08-24,18.4,0,9,9:00:00
2024-08-24,19.3,0,10,10:00:00
2024-08-24,19.3,0,11,11:00:00
2024-08-24,21.6,0,12,12:00:00
2024-08-24,23,0,13,13:00:00
2024-08-24,23.7,0,14,14:00:00
2024-08-24,26.5,0,15,15:00:00
2024-08-24,27.7,0,16,16:00:00
2024-08-24,27.6,0,17,17:00:00
2024-08-24,27,0,18,18:00:00
2024-08-24,27.9,0,19,19:00:00
2024-08-24,18.5,3.8,20,20:00:00
2024-08-24,17.4,2.9,21,21:00:00
2024-08-24,16.4,1.3,22,22:00:00
2024-08-24,17.1,0.2,23,23:00:00
2024-08-25,16.5,0,0,0:00:00
2024-08-25,16.4,0,1,1:00:00
2024-08-25,16.2,0,2,2:00:00
2024-08-25,16.5,0,3,3:00:00
2024-08-25,15.9,0,4,4:00:00
2024-08-25,15.3,0,5,5:00:00
2024-08-25,14.1,0,6,6:00:00
2024-08-25,14,0,7,7:00:00
2024-08-25,14.6,0,8,8:00:00
2024-08-25,15.4,0,9,9:00:00
2024-08-25,16.7,0,10,10:00:00
2024-08-25,17.5,0,11,11:00:00
2024-08-25,18.3,0,12,12:00:00
2024-08-25,18.8,0,13,13:00:00
2024-08-25,19.2,0,14,14:00:00
2024-08-25,20.6,0,15,15:00:00
2024-08-25,19.7,0.8,16,16:00:00
2024-08-25,18.4,0.1,17,17:00:00
2024-08-25,19.7,0,18,18:00:00
2024-08-25,18.5,0,19,19:00:00
2024-08-25,17.9,0,20,20:00:00
2024-08-25,16.1,0,21,21:00:00
2024-08-25,16.4,0,22,22:00:00
2024-08-25,15.9,0,23,23:00:00
2024-08-26,14.7,0,0,0:00:00
2024-08-26,14.2,0,1,1:00:00
2024-08-26,14.2,0,2,2:00:00
2024-08-26,13.7,0,3,3:00:00
2024-08-26,13.4,0,4,4:00:00
2024-08-26,13.1,0,5,5:00:00
2024-08-26,12.4,0,6,6:00:00
2024-08-26,13,0,7,7:00:00
2024-08-26,13.5,0,8,8:00:00
2024-08-26,14.9,0,9,9:00:00
2024-08-26,16.6,0,10,10:00:00
2024-08-26,16.4,0,11,11:00:00
2024-08-26,18.2,0,12,12:00:00
2024-08-26,19,0,13,13:00:00
2024-08-26,18,0,14,14:00:00
2024-08-26,18.7,0,15,15:00:00
2024-08-26,20.1,0,16,16:00:00
2024-08-26,21.1,0,17,17:00:00
2024-08-26,19.5,0,18,18:00:00
2024-08-26,20.3,0,19,19:00:00
2024-08-26,19.3,0,20,20:00:00
2024-08-26,18,0.1,21,21:00:00
2024-08-26,17.4,0,22,22:00:00
2024-08-26,16.2,0,23,23:00:00
2024-08-27,16.4,0,0,0:00:00
2024-08-27,15.2,0,1,1:00:00
2024-08-27,14.8,0,2,2:00:00
2024-08-27,14.2,0,3,3:00:00
2024-08-27,13.6,0,4,4:00:00
2024-08-27,13.3,0,5,5:00:00
2024-08-27,12.4,0,6,6:00:00
2024-08-27,12.9,0,7,7:00:00
2024-08-27,13.8,0,8,8:00:00
2024-08-27,15.4,0,9,9:00:00
2024-08-27,18.2,0,10,10:00:00
2024-08-27,20.5,0,11,11:00:00
2024-08-27,21.6,0,12,12:00:00
2024-08-27,23.8,0,13,13:00:00
2024-08-27,24.2,0,14,14:00:00
2024-08-27,24.5,0,15,15:00:00
2024-08-27,24.9,0,16,16:00:00
2024-08-27,25.1,0,17,17:00:00
2024-08-27,24.6,0,18,18:00:00
2024-08-27,24.5,0,19,19:00:00
2024-08-27,22.7,0,20,20:00:00
2024-08-27,21,0,21,21:00:00
2024-08-27,20.4,0,22,22:00:00
2024-08-27,19,0,23,23:00:00
2024-08-28,18.2,0,0,0:00:00
2024-08-28,17.7,0,1,1:00:00
2024-08-28,17,0,2,2:00:00
2024-08-28,16.3,0,3,3:00:00
2024-08-28,15.8,0,4,4:00:00
2024-08-28,15.5,0,5,5:00:00
2024-08-28,14.8,0,6,6:00:00
2024-08-28,14.7,0,7,7:00:00
2024-08-28,15.8,0,8,8:00:00
2024-08-28,18,0,9,9:00:00
2024-08-28,21,0,10,10:00:00
2024-08-28,23.3,0,11,11:00:00
2024-08-28,25.2,0,12,12:00:00
2024-08-28,27.9,0,13,13:00:00
2024-08-28,28.1,0,14,14:00:00
2024-08-28,29.3,0,15,15:00:00
2024-08-28,30.1,0,16,16:00:00
2024-08-28,29.3,0,17,17:00:00
2024-08-28,29.7,0,18,18:00:00
2024-08-28,29.5,0,19,19:00:00
2024-08-28,26.8,0,20,20:00:00
2024-08-28,25.2,0,21,21:00:00
2024-08-28,25.3,0,22,22:00:00
2024-08-28,22.9,0,23,23:00:00
2024-08-29,22.3,0,0,0:00:00
2024-08-29,22,0,1,1:00:00
2024-08-29,20.6,0,2,2:00:00
2024-08-29,20.5,0,3,3:00:00
2024-08-29,20.2,0,4,4:00:00
2024-08-29,19.1,0,5,5:00:00
2024-08-29,19,0,6,6:00:00
2024-08-29,18.3,0,7,7:00:00
2024-08-29,19,0,8,8:00:00
2024-08-29,20.7,0,9,9:00:00
2024-08-29,23.1,0,10,10:00:00
2024-08-29,25.5,0,11,11:00:00
2024-08-29,26.7,0,12,12:00:00
2024-08-29,28.2,0,13,13:00:00
2024-08-29,28.9,0,14,14:00:00
2024-08-29,28.2,0,15,15:00:00
2024-08-29,27.8,0,16,16:00:00
2024-08-29,26.7,0,17,17:00:00
2024-08-29,24.9,0,18,18:00:00
2024-08-29,23.7,0,19,19:00:00
2024-08-29,22.2,0,20,20:00:00
2024-08-29,20.2,0,21,21:00:00
2024-08-29,18.9,0,22,22:00:00
2024-08-29,18.1,0,23,23:00:00
2024-08-30,16.6,0,0,0:00:00
2024-08-30,17.3,0,1,1:00:00
2024-08-30,17.5,0,2,2:00:00
2024-08-30,16.1,0,3,3:00:00
2024-08-30,16.4,0,4,4:00:00
2024-08-30,15.3,0,5,5:00:00
2024-08-30,15,0,6,6:00:00
2024-08-30,15.3,0,7,7:00:00
2024-08-30,15.8,0,8,8:00:00
2024-08-30,16.5,0,9,9:00:00
2024-08-30,18.5,0,10,10:00:00
2024-08-30,18.5,0,11,11:00:00
2024-08-30,19.3,0,12,12:00:00
2024-08-30,21.7,0,13,13:00:00
2024-08-30,21.5,0,14,14:00:00
2024-08-30,21.8,0,15,15:00:00
2024-08-30,23.2,0,16,16:00:00
2024-08-30,22.5,0,17,17:00:00
2024-08-30,21.4,0,18,18:00:00
2024-08-30,21.1,0,19,19:00:00
2024-08-30,19.1,0,20,20:00:00
2024-08-30,17.8,0,21,21:00:00
2024-08-30,17.1,0,22,22:00:00
2024-08-30,16.2,0,23,23:00:00
2024-08-31,15.4,0,0,0:00:00
2024-08-31,15.2,0,1,1:00:00
2024-08-31,14.5,0,2,2:00:00
2024-08-31,13.8,0,3,3:00:00
2024-08-31,13.7,0,4,4:00:00
2024-08-31,13.6,0,5,5:00:00
2024-08-31,13,0,6,6:00:00
2024-08-31,12.3,0,7,7:00:00
2024-08-31,13.3,0,8,8:00:00
2024-08-31,14.8,0,9,9:00:00
2024-08-31,16,0,10,10:00:00
2024-08-31,17.6,0,11,11:00:00
2024-08-31,18.7,0,12,12:00:00
2024-08-31,21.2,0,13,13:00:00
2024-08-31,22.1,0,14,14:00:00
2024-08-31,22.6,0,15,15:00:00
2024-08-31,22.9,0,16,16:00:00
2024-08-31,22.7,0,17,17:00:00
2024-08-31,22.4,0,18,18:00:00
2024-08-31,22,0,19,19:00:00
2024-08-31,20.4,0,20,20:00:00
2024-08-31,18.7,0,21,21:00:00
2024-08-31,18.3,0,22,22:00:00
2024-08-31,16.8,0,23,23:00:00
2024-09-01,16.4,0,0,0:00:00
2024-09-01,16.4,0,1,1:00:00
2024-09-01,16,0,2,2:00:00
2024-09-01,15.5,0,3,3:00:00
2024-09-01,15.4,0,4,4:00:00
2024-09-01,15,0,5,5:00:00
2024-09-01,13.9,0,6,6:00:00
2024-09-01,14.6,0,7,7:00:00
2024-09-01,15.2,0,8,8:00:00
2024-09-01,16.7,0,9,9:00:00
2024-09-01,19.3,0,10,10:00:00
2024-09-01,21.2,0,11,11:00:00
2024-09-01,23.2,0,12,12:00:00
2024-09-01,25.2,0,13,13:00:00
2024-09-01,25.8,0,14,14:00:00
2024-09-01,26.8,0,15,15:00:00
2024-09-01,27.6,0,16,16:00:00
2024-09-01,26.8,0,17,17:00:00
2024-09-01,26.4,0,18,18:00:00
2024-09-01,26.5,0,19,19:00:00
2024-09-01,24.1,0,20,20:00:00
2024-09-01,23,0,21,21:00:00
2024-09-01,22.5,0,22,22:00:00
2024-09-01,21.2,0,23,23:00:00
2024-09-02,20.4,0,0,0:00:00
2024-09-02,20.3,0,1,1:00:00
2024-09-02,19.6,0,2,2:00:00
2024-09-02,19.1,0,3,3:00:00
2024-09-02,18.5,0,4,4:00:00
2024-09-02,17.9,0,5,5:00:00
2024-09-02,17.3,0,6,6:00:00
2024-09-02,16.8,0,7,7:00:00
2024-09-02,17.4,0,8,8:00:00
2024-09-02,18.6,0,9,9:00:00
2024-09-02,21,0,10,10:00:00
2024-09-02,22.8,0,11,11:00:00
2024-09-02,24.1,0,12,12:00:00
2024-09-02,26.9,0,13,13:00:00
2024-09-02,28.1,0,14,14:00:00
2024-09-02,28.5,0,15,15:00:00
2024-09-02,29.6,0,16,16:00:00
2024-09-02,29.5,0,17,17:00:00
2024-09-02,29.5,0,18,18:00:00
2024-09-02,28.8,0,19,19:00:00
2024-09-02,27.3,0,20,20:00:00
2024-09-02,19.6,0,21,21:00:00
2024-09-02,19.3,0,22,22:00:00
2024-09-02,20.2,2.6,23,23:00:00
2024-09-03,20,0.2,0,0:00:00
2024-09-03,19,0,1,1:00:00
2024-09-03,19.7,0,2,2:00:00
2024-09-03,19.5,1.4,3,3:00:00
2024-09-03,18.7,0,4,4:00:00
2024-09-03,19.3,0,5,5:00:00
2024-09-03,18.2,0,6,6:00:00
2024-09-03,18.6,0,7,7:00:00
2024-09-03,19.3,0,8,8:00:00
2024-09-03,19,0,9,9:00:00
2024-09-03,21.3,0,10,10:00:00
2024-09-03,22.7,0,11,11:00:00
2024-09-03,23.3,0,12,12:00:00
2024-09-03,25.5,0,13,13:00:00
2024-09-03,25.6,0,14,14:00:00
2024-09-03,25,0,15,15:00:00
2024-09-03,25.5,2.4,16,16:00:00
2024-09-03,22.2,0,17,17:00:00
2024-09-03,21.8,0,18,18:00:00
2024-09-03,22.3,0,19,19:00:00
2024-09-03,21.7,0,20,20:00:00
2024-09-03,20,0,21,21:00:00
2024-09-03,21.1,0,22,22:00:00
2024-09-03,20.2,0,23,23:00:00
2024-09-04,19,0,0,0:00:00
2024-09-04,18.9,0,1,1:00:00
2024-09-04,19.4,0.2,2,2:00:00
2024-09-04,18.4,0,3,3:00:00
2024-09-04,18.8,0,4,4:00:00
2024-09-04,18.9,0.1,5,5:00:00
2024-09-04,18.2,0,6,6:00:00
2024-09-04,18,0,7,7:00:00
2024-09-04,18.1,0,8,8:00:00
2024-09-04,18.1,0,9,9:00:00
2024-09-04,19.2,0,10,10:00:00
2024-09-04,19.7,0,11,11:00:00
2024-09-04,19.8,0.6,12,12:00:00
2024-09-04,19.4,0.9,13,13:00:00
2024-09-04,18.1,1,14,14:00:00
2024-09-04,18.4,3.7,15,15:00:00
2024-09-04,18.2,1.4,16,16:00:00
2024-09-04,17.1,0.1,17,17:00:00
2024-09-04,17.4,0.2,18,18:00:00
2024-09-04,17.2,0,19,19:00:00
2024-09-04,16.8,0,20,20:00:00
2024-09-04,16.9,0,21,21:00:00
2024-09-04,16.2,0,22,22:00:00
2024-09-04,16.4,0,23,23:00:00
2024-09-05,16.1,0,0,0:00:00
2024-09-05,16.6,0,1,1:00:00
2024-09-05,16.1,0,2,2:00:00
2024-09-05,16.3,0,3,3:00:00
2024-09-05,17.6,0,4,4:00:00
2024-09-05,17.2,0,5,5:00:00
2024-09-05,17.1,0,6,6:00:00
2024-09-05,18.1,0,7,7:00:00
2024-09-05,18.5,0,8,8:00:00
2024-09-05,19.5,0,9,9:00:00
2024-09-05,20.6,0,10,10:00:00
2024-09-05,21.9,0,11,11:00:00
2024-09-05,22.7,0,12,12:00:00
2024-09-05,25.7,0,13,13:00:00
2024-09-05,26.1,0,14,14:00:00
2024-09-05,27.2,0,15,15:00:00
2024-09-05,29.3,0,16,16:00:00
2024-09-05,27.8,0,17,17:00:00
2024-09-05,28,0,18,18:00:00
2024-09-05,28.6,0,19,19:00:00
2024-09-05,25.6,0,20,20:00:00
2024-09-05,25.1,0,21,21:00:00
2024-09-05,24.5,0,22,22:00:00
2024-09-05,22.7,0,23,23:00:00
2024-09-06,22,0,0,0:00:00
2024-09-06,22.3,0,1,1:00:00
2024-09-06,19.9,0,2,2:00:00
2024-09-06,20.3,0,3,3:00:00
2024-09-06,20.9,0,4,4:00:00
2024-09-06,18.6,0,5,5:00:00
2024-09-06,20,0,6,6:00:00
2024-09-06,18.5,0,7,7:00:00
2024-09-06,19,0,8,8:00:00
2024-09-06,17.8,0,9,9:00:00
2024-09-06,19.5,0,10,10:00:00
2024-09-06,21.1,0,11,11:00:00
2024-09-06,19,0,12,12:00:00
2024-09-06,25.3,0,13,13:00:00
2024-09-06,21.6,0,14,14:00:00
2024-09-06,24.6,0,15,15:00:00
2024-09-06,26,0,16,16:00:00
2024-09-06,25,0,17,17:00:00
2024-09-06,24,0,18,18:00:00
2024-09-06,24.8,0.5,19,19:00:00
2024-09-06,22.9,0.1,20,20:00:00
2024-09-06,19.9,0,21,21:00:00
2024-09-06,21.8,0,22,22:00:00
2024-09-06,20.7,0,23,23:00:00
2024-09-07,18.7,0.2,0,0:00:00
2024-09-07,20.4,0,1,1:00:00
2024-09-07,18.4,0,2,2:00:00
2024-09-07,17.5,0,3,3:00:00
2024-09-07,18.3,0,4,4:00:00
2024-09-07,17.3,0,5,5:00:00
2024-09-07,16.4,0,6,6:00:00
2024-09-07,15.9,0,7,7:00:00
2024-09-07,17.2,0,8,8:00:00
2024-09-07,18.3,0,9,9:00:00
2024-09-07,19.9,0,10,10:00:00
2024-09-07,20.2,0,11,11:00:00
2024-09-07,20.8,0,12,12:00:00
2024-09-07,23.5,0,13,13:00:00
2024-09-07,22.1,0,14,14:00:00
2024-09-07,24,0,15,15:00:00
2024-09-07,26.6,0,16,16:00:00
2024-09-07,25.9,0,17,17:00:00
2024-09-07,25.8,0,18,18:00:00
2024-09-07,26.4,0,19,19:00:00
2024-09-07,23.7,0,20,20:00:00
2024-09-07,22.1,0,21,21:00:00
2024-09-07,22.3,0,22,22:00:00
2024-09-07,20.4,0,23,23:00:00
2024-09-08,19.4,0,0,0:00:00
2024-09-08,19.8,0,1,1:00:00
2024-09-08,19.6,0,2,2:00:00
2024-09-08,19.4,0,3,3:00:00
2024-09-08,20.3,0,4,4:00:00
2024-09-08,20,0,5,5:00:00
2024-09-08,19.6,0,6,6:00:00
2024-09-08,19.7,0,7,7:00:00
2024-09-08,19.5,0,8,8:00:00
2024-09-08,20,0.4,9,9:00:00
2024-09-08,21.1,0,10,10:00:00
2024-09-08,20.1,0,11,11:00:00
2024-09-08,19.4,0,12,12:00:00
2024-09-08,22.7,0,13,13:00:00
2024-09-08,24.2,0,14,14:00:00
2024-09-08,24,0,15,15:00:00
2024-09-08,24.6,0,16,16:00:00
2024-09-08,23.6,0,17,17:00:00
2024-09-08,22.2,0,18,18:00:00
2024-09-08,21.8,0,19,19:00:00
2024-09-08,20.2,0,20,20:00:00
2024-09-08,18.2,0,21,21:00:00
2024-09-08,18.5,0,22,22:00:00
2024-09-08,18.2,0,23,23:00:00
2024-09-09,17,0,0,0:00:00
2024-09-09,17.4,0,1,1:00:00
2024-09-09,16.6,0,2,2:00:00
2024-09-09,15.8,0,3,3:00:00
2024-09-09,16.1,0,4,4:00:00
2024-09-09,14.6,0,5,5:00:00
2024-09-09,13.3,0,6,6:00:00
2024-09-09,13.8,0,7,7:00:00
2024-09-09,14.1,0,8,8:00:00
2024-09-09,15.6,0,9,9:00:00
2024-09-09,17.7,0,10,10:00:00
2024-09-09,18.9,0,11,11:00:00
2024-09-09,20.1,0,12,12:00:00
2024-09-09,21.7,0,13,13:00:00
2024-09-09,22.5,0,14,14:00:00
2024-09-09,22.7,0,15,15:00:00
2024-09-09,22.8,0,16,16:00:00
2024-09-09,22.1,0,17,17:00:00
2024-09-09,18.8,0,18,18:00:00
2024-09-09,18.4,0.2,19,19:00:00
2024-09-09,18.1,0.3,20,20:00:00
2024-09-09,16.3,0.2,21,21:00:00
2024-09-09,15.5,0,22,22:00:00
2024-09-09,15.7,0,23,23:00:00
2024-09-10,13.6,0,0,0:00:00
2024-09-10,13.7,0,1,1:00:00
2024-09-10,13.4,0,2,2:00:00
2024-09-10,11.9,0,3,3:00:00
2024-09-10,12.1,0,4,4:00:00
2024-09-10,11.5,0,5,5:00:00
2024-09-10,11.3,0,6,6:00:00
2024-09-10,11.7,0,7,7:00:00
2024-09-10,12.7,0,8,8:00:00
2024-09-10,13.4,0,9,9:00:00
2024-09-10,15.2,0,10,10:00:00
2024-09-10,16.5,0,11,11:00:00
2024-09-10,16.7,0,12,12:00:00
2024-09-10,16.8,0,13,13:00:00
2024-09-10,18.4,0,14,14:00:00
2024-09-10,17.1,0,15,15:00:00
2024-09-10,16.1,0.1,16,16:00:00
2024-09-10,14.9,2.2,17,17:00:00
2024-09-10,14.7,1.4,18,18:00:00
2024-09-10,14.5,2.1,19,19:00:00
2024-09-10,14.5,1.9,20,20:00:00
2024-09-10,14.3,3,21,21:00:00
2024-09-10,14.4,0.7,22,22:00:00
2024-09-10,13.4,0.5,23,23:00:00
2024-09-11,12.3,0.7,0,0:00:00
2024-09-11,13.2,1.6,1,1:00:00
2024-09-11,11.7,4,2,2:00:00
2024-09-11,11.7,3.9,3,3:00:00
2024-09-11,11.1,1.2,4,4:00:00
2024-09-11,10.4,0,5,5:00:00
2024-09-11,9.7,0,6,6:00:00
2024-09-11,9.7,0,7,7:00:00
2024-09-11,9.6,0.8,8,8:00:00
2024-09-11,10.8,0.1,9,9:00:00
2024-09-11,11.6,0,10,10:00:00
2024-09-11,11.6,0.5,11,11:00:00
2024-09-11,13,0.9,12,12:00:00
2024-09-11,10.9,0.2,13,13:00:00
2024-09-11,13.8,0,14,14:00:00
2024-09-11,12.3,0.3,15,15:00:00
2024-09-11,12.2,1.1,16,16:00:00
2024-09-11,12.4,0,17,17:00:00
2024-09-11,11.5,0,18,18:00:00
2024-09-11,11.5,0.2,19,19:00:00
2024-09-11,10.8,0,20,20:00:00
2024-09-11,9.3,0,21,21:00:00
2024-09-11,8.6,0,22,22:00:00
2024-09-11,9.6,0.2,23,23:00:00
2024-09-12,8.2,0,0,0:00:00
2024-09-12,7.8,0,1,1:00:00
2024-09-12,7.8,0,2,2:00:00
2024-09-12,6.6,0,3,3:00:00
2024-09-12,6.5,0,4,4:00:00
2024-09-12,8.3,0,5,5:00:00
2024-09-12,6.1,0,6,6:00:00
2024-09-12,5.8,0,7,7:00:00
2024-09-12,7.3,0,8,8:00:00
2024-09-12,8.1,0,9,9:00:00
2024-09-12,9.7,0,10,10:00:00
2024-09-12,11.7,0,11,11:00:00
2024-09-12,12.4,0,12,12:00:00
2024-09-12,13.8,0,13,13:00:00
2024-09-12,13.9,2.2,14,14:00:00
2024-09-12,14.2,0,15,15:00:00
2024-09-12,13.3,0,16,16:00:00
2024-09-12,14.7,0.2,17,17:00:00
2024-09-12,13.3,0,18,18:00:00
2024-09-12,11,0,19,19:00:00
2024-09-12,12.4,1,20,20:00:00
2024-09-12,11.2,0,21,21:00:00
2024-09-12,10,0,22,22:00:00
2024-09-12,9.5,0,23,23:00:00
2024-09-13,8,0,0,0:00:00
2024-09-13,7.3,0,1,1:00:00
2024-09-13,6.9,0,2,2:00:00
2024-09-13,7.1,0,3,3:00:00
2024-09-13,7.6,0,4,4:00:00
2024-09-13,6.1,0,5,5:00:00
2024-09-13,8.5,0.1,6,6:00:00
2024-09-13,7,0,7,7:00:00
2024-09-13,10,0,8,8:00:00
2024-09-13,10.8,0,9,9:00:00
2024-09-13,12,0.1,10,10:00:00
2024-09-13,12,0,11,11:00:00
2024-09-13,15.1,0,12,12:00:00
2024-09-13,16,0,13,13:00:00
2024-09-13,16.2,0,14,14:00:00
2024-09-13,16.2,0,15,15:00:00
2024-09-13,16.2,0,16,16:00:00
2024-09-13,15.5,0,17,17:00:00
2024-09-13,14.9,0,18,18:00:00
2024-09-13,14.3,0,19,19:00:00
2024-09-13,12.4,0,20,20:00:00
2024-09-13,11.3,0,21,21:00:00
2024-09-13,11.6,0,22,22:00:00
2024-09-13,9.3,0,23,23:00:00
2024-09-14,10.4,0,0,0:00:00
2024-09-14,10.8,0,1,1:00:00
2024-09-14,7.4,0,2,2:00:00
2024-09-14,9.1,0,3,3:00:00
2024-09-14,8.7,0,4,4:00:00
2024-09-14,6.5,0,5,5:00:00
2024-09-14,6.5,0,6,6:00:00
2024-09-14,7.5,0,7,7:00:00
2024-09-14,7,0,8,8:00:00
2024-09-14,9.1,0,9,9:00:00
2024-09-14,12.2,0,10,10:00:00
2024-09-14,14.5,0,11,11:00:00
2024-09-14,15.8,0,12,12:00:00
2024-09-14,16.5,0,13,13:00:00
2024-09-14,17,0,14,14:00:00
2024-09-14,17.4,0,15,15:00:00
2024-09-14,17.6,0,16,16:00:00
2024-09-14,17.2,0,17,17:00:00
2024-09-14,16.8,0,18,18:00:00
2024-09-14,16.1,0,19,19:00:00
2024-09-14,13.8,0,20,20:00:00
2024-09-14,12,0,21,21:00:00
2024-09-14,11.4,0,22,22:00:00
2024-09-14,10.4,0,23,23:00:00
2024-09-15,9.8,0,0,0:00:00
2024-09-15,9.5,0,1,1:00:00
2024-09-15,8.6,0,2,2:00:00
2024-09-15,8.2,0,3,3:00:00
2024-09-15,8.2,0,4,4:00:00
2024-09-15,7.6,0,5,5:00:00
2024-09-15,7.3,0,6,6:00:00
2024-09-15,7.2,0,7,7:00:00
2024-09-15,7.5,0,8,8:00:00
2024-09-15,9.3,0,9,9:00:00
2024-09-15,11.6,0,10,10:00:00
2024-09-15,14.8,0,11,11:00:00
2024-09-15,15.3,0,12,12:00:00
2024-09-15,17.9,0,13,13:00:00
2024-09-15,19.1,0,14,14:00:00
2024-09-15,19.6,0,15,15:00:00
2024-09-15,20.3,0,16,16:00:00
2024-09-15,20,0,17,17:00:00
2024-09-15,19.3,0,18,18:00:00
2024-09-15,18.2,0,19,19:00:00
2024-09-15,17,0,20,20:00:00
2024-09-15,15.2,0,21,21:00:00
2024-09-15,14.3,0,22,22:00:00
2024-09-15,14,0,23,23:00:00
2024-09-16,13.8,0,0,0:00:00
2024-09-16,13.5,0,1,1:00:00
2024-09-16,12.6,0,2,2:00:00
2024-09-16,11.9,0,3,3:00:00
2024-09-16,12.3,0,4,4:00:00
2024-09-16,12.5,0,5,5:00:00
2024-09-16,12.3,0,6,6:00:00
2024-09-16,12.3,0,7,7:00:00
2024-09-16,12.6,0,8,8:00:00
2024-09-16,13.1,0,9,9:00:00
2024-09-16,13.5,0,10,10:00:00
2024-09-16,15.1,0,11,11:00:00
2024-09-16,17.8,0,12,12:00:00
2024-09-16,17.8,0,13,13:00:00
2024-09-16,18.9,0,14,14:00:00
2024-09-16,19,0,15,15:00:00
2024-09-16,17.2,0.1,16,16:00:00
2024-09-16,18.5,0,17,17:00:00
2024-09-16,17,0,18,18:00:00
2024-09-16,17.7,0,19,19:00:00
2024-09-16,16.5,0,20,20:00:00
2024-09-16,15.8,0,21,21:00:00
2024-09-16,15.4,0,22,22:00:00
2024-09-16,15.5,0,23,23:00:00
2024-09-17,15.5,0,0,0:00:00
2024-09-17,15.6,0,1,1:00:00
2024-09-17,15.1,0,2,2:00:00
2024-09-17,15.4,0,3,3:00:00
2024-09-17,15.1,0,4,4:00:00
2024-09-17,15.1,0,5,5:00:00
2024-09-17,14.5,0,6,6:00:00
2024-09-17,14.3,0,7,7:00:00
2024-09-17,15.8,0,8,8:00:00
2024-09-17,15.4,0,9,9:00:00
2024-09-17,17.1,0,10,10:00:00
2024-09-17,17.1,0,11,11:00:00
2024-09-17,18.7,0,12,12:00:00
2024-09-17,19.3,0,13,13:00:00
2024-09-17,20.4,0,14,14:00:00
2024-09-17,20.8,0,15,15:00:00
2024-09-17,21.1,0,16,16:00:00
2024-09-17,20.5,0,17,17:00:00
2024-09-17,19.4,0,18,18:00:00
2024-09-17,19.1,0,19,19:00:00
2024-09-17,17.5,0,20,20:00:00
2024-09-17,16.2,0,21,21:00:00
2024-09-17,15.8,0,22,22:00:00
2024-09-17,15.2,0,23,23:00:00
2024-09-18,14.7,0,0,0:00:00
2024-09-18,14.3,0,1,1:00:00
2024-09-18,13.9,0,2,2:00:00
2024-09-18,13.7,0,3,3:00:00
2024-09-18,13.3,0,4,4:00:00
2024-09-18,12.9,0,5,5:00:00
2024-09-18,12.6,0,6,6:00:00
2024-09-18,12.7,0,7,7:00:00
2024-09-18,12.6,0,8,8:00:00
2024-09-18,13.2,0,9,9:00:00
2024-09-18,13.8,0,10,10:00:00
2024-09-18,15.3,0,11,11:00:00
2024-09-18,16.9,0,12,12:00:00
2024-09-18,19.5,0,13,13:00:00
2024-09-18,20.7,0,14,14:00:00
2024-09-18,22,0,15,15:00:00
2024-09-18,22.7,0,16,16:00:00
2024-09-18,22.7,0,17,17:00:00
2024-09-18,22.5,0,18,18:00:00
2024-09-18,21.1,0,19,19:00:00
2024-09-18,19.3,0,20,20:00:00
2024-09-18,18.3,0,21,21:00:00
2024-09-18,17.5,0,22,22:00:00
2024-09-18,16.5,0,23,23:00:00
2024-09-19,15.7,0,0,0:00:00
2024-09-19,15.1,0,1,1:00:00
2024-09-19,14.2,0,2,2:00:00
2024-09-19,14.1,0,3,3:00:00
2024-09-19,13.5,0,4,4:00:00
2024-09-19,13.4,0,5,5:00:00
2024-09-19,14.3,0,6,6:00:00
2024-09-19,13.2,0,7,7:00:00
2024-09-19,12.9,0,8,8:00:00
2024-09-19,13.9,0,9,9:00:00
2024-09-19,14.3,0,10,10:00:00
2024-09-19,15.1,0,11,11:00:00
2024-09-19,17.1,0,12,12:00:00
2024-09-19,19.2,0,13,13:00:00
2024-09-19,20,0,14,14:00:00
2024-09-19,21.3,0,15,15:00:00
2024-09-19,21.9,0,16,16:00:00
2024-09-19,21.2,0,17,17:00:00
2024-09-19,20.6,0,18,18:00:00
2024-09-19,19.5,0,19,19:00:00
2024-09-19,17.9,0,20,20:00:00
2024-09-19,17.2,0,21,21:00:00
2024-09-19,16.1,0,22,22:00:00
2024-09-19,15.5,0,23,23:00:00
2024-09-20,15.5,0,0,0:00:00
2024-09-20,16.4,0,1,1:00:00
2024-09-20,16.3,0,2,2:00:00
2024-09-20,15.3,0,3,3:00:00
2024-09-20,15.4,0,4,4:00:00
2024-09-20,14.1,0,5,5:00:00
2024-09-20,13.9,0,6,6:00:00
2024-09-20,13.7,0,7,7:00:00
2024-09-20,13.9,0,8,8:00:00
2024-09-20,15.6,0,9,9:00:00
2024-09-20,16.9,0,10,10:00:00
2024-09-20,17.3,0,11,11:00:00
2024-09-20,20.3,0,12,12:00:00
2024-09-20,21.9,0,13,13:00:00
2024-09-20,22,0,14,14:00:00
2024-09-20,23,0,15,15:00:00
2024-09-20,23.2,0,16,16:00:00
2024-09-20,22.3,0,17,17:00:00
2024-09-20,22.1,0,18,18:00:00
2024-09-20,21.5,0,19,19:00:00
2024-09-20,18.8,0,20,20:00:00
2024-09-20,18.1,0,21,21:00:00
2024-09-20,17.1,0,22,22:00:00
2024-09-20,16.3,0,23,23:00:00
2024-09-21,15.8,0,0,0:00:00
2024-09-21,14.7,0,1,1:00:00
2024-09-21,14.3,0,2,2:00:00
2024-09-21,13.6,0,3,3:00:00
2024-09-21,13.1,0,4,4:00:00
2024-09-21,12.8,0,5,5:00:00
2024-09-21,12.1,0,6,6:00:00
2024-09-21,12,0,7,7:00:00
2024-09-21,11.9,0,8,8:00:00
2024-09-21,13.1,0,9,9:00:00
2024-09-21,15.5,0,10,10:00:00
2024-09-21,17.5,0,11,11:00:00
2024-09-21,20.1,0,12,12:00:00
2024-09-21,22,0,13,13:00:00
2024-09-21,22.3,0,14,14:00:00
2024-09-21,23.5,0,15,15:00:00
2024-09-21,23.7,0,16,16:00:00
2024-09-21,23.1,0,17,17:00:00
2024-09-21,22.9,0,18,18:00:00
2024-09-21,22,0,19,19:00:00
2024-09-21,19.2,0,20,20:00:00
2024-09-21,17.8,0,21,21:00:00
2024-09-21,17.9,0,22,22:00:00
2024-09-21,16,0,23,23:00:00
2024-09-22,14.9,0,0,0:00:00
2024-09-22,14.8,0,1,1:00:00
2024-09-22,13.7,0,2,2:00:00
2024-09-22,12.7,0,3,3:00:00
2024-09-22,12.6,0,4,4:00:00
2024-09-22,11.7,0,5,5:00:00
2024-09-22,11.4,0,6,6:00:00
2024-09-22,11.2,0,7,7:00:00
2024-09-22,11.6,0,8,8:00:00
2024-09-22,14,0,9,9:00:00
2024-09-22,16,0,10,10:00:00
2024-09-22,17.8,0,11,11:00:00
2024-09-22,19.8,0,12,12:00:00
2024-09-22,22.8,0,13,13:00:00
2024-09-22,22.2,0,14,14:00:00
2024-09-22,24,0,15,15:00:00
2024-09-22,24.6,0,16,16:00:00
2024-09-22,24,0,17,17:00:00
2024-09-22,23.4,0,18,18:00:00
2024-09-22,22.8,0,19,19:00:00
2024-09-22,20.3,0,20,20:00:00
2024-09-22,18.7,0,21,21:00:00
2024-09-22,18.4,0,22,22:00:00
2024-09-22,17.1,0,23,23:00:00
2024-09-23,15.9,0,0,0:00:00
2024-09-23,15.1,0,1,1:00:00
2024-09-23,15.2,0,2,2:00:00
2024-09-23,14.6,0,3,3:00:00
2024-09-23,15.1,0,4,4:00:00
2024-09-23,13.4,0,5,5:00:00
2024-09-23,13.3,0,6,6:00:00
2024-09-23,13.4,0,7,7:00:00
2024-09-23,13.7,0,8,8:00:00
2024-09-23,14.8,0,9,9:00:00
2024-09-23,16.4,0,10,10:00:00
2024-09-23,17.7,0,11,11:00:00
2024-09-23,18.6,0.1,12,12:00:00
2024-09-23,21.5,0,13,13:00:00
2024-09-23,20.5,0,14,14:00:00
2024-09-23,21.7,0,15,15:00:00
2024-09-23,21.4,0,16,16:00:00
2024-09-23,21.5,0,17,17:00:00
2024-09-23,21,0,18,18:00:00
2024-09-23,20.5,0,19,19:00:00
2024-09-23,18.3,0,20,20:00:00
2024-09-23,17.8,0,21,21:00:00
2024-09-23,17.2,0,22,22:00:00
2024-09-23,16.3,0,23,23:00:00
2024-09-24,16.3,0,0,0:00:00
2024-09-24,15.4,0,1,1:00:00
2024-09-24,14,0,2,2:00:00
2024-09-24,13.8,0,3,3:00:00
2024-09-24,13,0,4,4:00:00
2024-09-24,12.4,0,5,5:00:00
2024-09-24,12.4,0,6,6:00:00
2024-09-24,11.5,0,7,7:00:00
2024-09-24,11.5,0,8,8:00:00
2024-09-24,12.4,0,9,9:00:00
2024-09-24,14.6,0,10,10:00:00
2024-09-24,15.8,0,11,11:00:00
2024-09-24,17.2,0,12,12:00:00
2024-09-24,18.8,0,13,13:00:00
2024-09-24,18.8,0,14,14:00:00
2024-09-24,19,0,15,15:00:00
2024-09-24,19.7,0,16,16:00:00
2024-09-24,19.3,0,17,17:00:00
2024-09-24,18.7,0,18,18:00:00
2024-09-24,18.1,0,19,19:00:00
2024-09-24,16.3,0.7,20,20:00:00
2024-09-24,15.5,0,21,21:00:00
2024-09-24,15.2,0,22,22:00:00
2024-09-24,14.9,0,23,23:00:00
2024-09-25,13.8,0,0,0:00:00
2024-09-25,13.2,0,1,1:00:00
2024-09-25,13.5,0,2,2:00:00
2024-09-25,13.3,0,3,3:00:00
2024-09-25,13,0,4,4:00:00
2024-09-25,13.6,0,5,5:00:00
2024-09-25,13,0,6,6:00:00
2024-09-25,13.7,0,7,7:00:00
2024-09-25,13.5,1.1,8,8:00:00
2024-09-25,13.8,3.2,9,9:00:00
2024-09-25,14.1,0.9,10,10:00:00
2024-09-25,13.7,0.1,11,11:00:00
2024-09-25,14.5,1.1,12,12:00:00
2024-09-25,14,0.1,13,13:00:00
2024-09-25,14.4,0,14,14:00:00
2024-09-25,16.1,0,15,15:00:00
2024-09-25,16.8,0,16,16:00:00
2024-09-25,16.3,0,17,17:00:00
2024-09-25,16.6,0,18,18:00:00
2024-09-25,15.9,0,19,19:00:00
2024-09-25,15,0,20,20:00:00
2024-09-25,15,0,21,21:00:00
2024-09-25,14.3,0,22,22:00:00
2024-09-25,14.4,0,23,23:00:00
2024-09-26,14.6,0,0,0:00:00
2024-09-26,14.1,0,1,1:00:00
2024-09-26,13.8,0.1,2,2:00:00
2024-09-26,13.6,0.6,3,3:00:00
2024-09-26,13.4,1.5,4,4:00:00
2024-09-26,13.4,2.3,5,5:00:00
2024-09-26,13.5,2.7,6,6:00:00
2024-09-26,14.1,0.3,7,7:00:00
2024-09-26,14.6,0,8,8:00:00
2024-09-26,15.1,0.1,9,9:00:00
2024-09-26,15.8,0.1,10,10:00:00
2024-09-26,16.3,0,11,11:00:00
2024-09-26,17.2,0,12,12:00:00
2024-09-26,17.6,0,13,13:00:00
2024-09-26,16.9,0,14,14:00:00
2024-09-26,17.2,0.3,15,15:00:00
2024-09-26,18.4,0,16,16:00:00
2024-09-26,17.9,0,17,17:00:00
2024-09-26,16.8,0,18,18:00:00
2024-09-26,17.4,0.1,19,19:00:00
2024-09-26,16.5,0,20,20:00:00
2024-09-26,14.9,13.5,21,21:00:00
2024-09-26,13.7,0.1,22,22:00:00
2024-09-26,13.5,0.4,23,23:00:00
2024-09-27,13.3,0.1,0,0:00:00
2024-09-27,13.3,0,1,1:00:00
2024-09-27,13.3,0,2,2:00:00
2024-09-27,13.7,0,3,3:00:00
2024-09-27,13.3,0.4,4,4:00:00
2024-09-27,12.9,0,5,5:00:00
2024-09-27,12.2,0,6,6:00:00
2024-09-27,11.6,0,7,7:00:00
2024-09-27,11.7,0,8,8:00:00
2024-09-27,12,0,9,9:00:00
2024-09-27,12.3,0,10,10:00:00
2024-09-27,12.5,0,11,11:00:00
2024-09-27,12.8,0,12,12:00:00
2024-09-27,12.5,1,13,13:00:00
2024-09-27,12.4,0.6,14,14:00:00
2024-09-27,11.5,1.1,15,15:00:00
2024-09-27,11,3.8,16,16:00:00
2024-09-27,11.3,2.2,17,17:00:00
2024-09-27,12.5,0,18,18:00:00
2024-09-27,12.6,0.1,19,19:00:00
2024-09-27,12.1,0,20,20:00:00
2024-09-27,12.1,0,21,21:00:00
2024-09-27,10.9,0,22,22:00:00
2024-09-27,10.6,0,23,23:00:00
2024-09-28,10.3,0,0,0:00:00
2024-09-28,10,0,1,1:00:00
2024-09-28,10.8,0,2,2:00:00
2024-09-28,9,0,3,3:00:00
2024-09-28,8.1,0,4,4:00:00
2024-09-28,8.8,0,5,5:00:00
2024-09-28,8.1,0.3,6,6:00:00
2024-09-28,8,0,7,7:00:00
2024-09-28,8.1,0,8,8:00:00
2024-09-28,8.9,0,9,9:00:00
2024-09-28,10.1,1.2,10,10:00:00
2024-09-28,10.7,0,11,11:00:00
2024-09-28,11.8,0.2,12,12:00:00
2024-09-28,10.6,0,13,13:00:00
2024-09-28,12.9,0,14,14:00:00
2024-09-28,13,0.2,15,15:00:00
2024-09-28,12.4,0,16,16:00:00
2024-09-28,12.7,0,17,17:00:00
2024-09-28,12.2,0,18,18:00:00
2024-09-28,11.4,0,19,19:00:00
2024-09-28,9.4,0,20,20:00:00
2024-09-28,9,0,21,21:00:00
2024-09-28,8.6,0,22,22:00:00
2024-09-28,7,0,23,23:00:00
2024-09-29,7,0,0,0:00:00
2024-09-29,6.5,0,1,1:00:00
2024-09-29,5.9,0,2,2:00:00
2024-09-29,6.2,0,3,3:00:00
2024-09-29,7.2,0,4,4:00:00
2024-09-29,5.5,0,5,5:00:00
2024-09-29,6,0,6,6:00:00
2024-09-29,6.4,0,7,7:00:00
2024-09-29,5.1,0,8,8:00:00
2024-09-29,7.3,0,9,9:00:00
2024-09-29,9.6,0,10,10:00:00
2024-09-29,11.1,0,11,11:00:00
2024-09-29,13.6,0,12,12:00:00
2024-09-29,14.3,0,13,13:00:00
2024-09-29,14.5,0,14,14:00:00
2024-09-29,15,0,15,15:00:00
2024-09-29,15.1,0,16,16:00:00
2024-09-29,14.6,0,17,17:00:00
2024-09-29,14.1,0,18,18:00:00
2024-09-29,13.2,0,19,19:00:00
2024-09-29,12.1,0,20,20:00:00
2024-09-29,11.5,0,21,21:00:00
2024-09-29,11.2,0,22,22:00:00
2024-09-29,10.6,0,23,23:00:00
2024-09-30,10.3,0,0,0:00:00
2024-09-30,10.1,0,1,1:00:00
2024-09-30,9.3,0,2,2:00:00
2024-09-30,8.8,0,3,3:00:00
2024-09-30,8.8,0,4,4:00:00
2024-09-30,8,0,5,5:00:00
2024-09-30,7.9,0,6,6:00:00
2024-09-30,8,0,7,7:00:00
2024-09-30,7.7,0,8,8:00:00
2024-09-30,8.5,0,9,9:00:00
2024-09-30,10,0,10,10:00:00
2024-09-30,11.1,0,11,11:00:00
2024-09-30,11.7,0,12,12:00:00
2024-09-30,13.8,0,13,13:00:00
2024-09-30,14.8,0,14,14:00:00
2024-09-30,15.4,0,15,15:00:00
2024-09-30,15.1,0,16,16:00:00
2024-09-30,13.3,0.2,17,17:00:00
2024-09-30,13.3,0.6,18,18:00:00
2024-09-30,11.2,0.5,19,19:00:00
2024-09-30,11.4,1.4,20,20:00:00
2024-09-30,10.8,1.5,21,21:00:00
2024-09-30,11.5,4.2,22,22:00:00
2024-09-30,12.3,1.3,23,23:00:00
2024-10-01,12.4,0.7,0,0:00:00
2024-10-01,12.8,0.7,1,1:00:00
2024-10-01,13.3,0.1,2,2:00:00
2024-10-01,13.2,0,3,3:00:00
2024-10-01,13.2,0.5,4,4:00:00
2024-10-01,13.2,0.1,5,5:00:00
2024-10-01,12.4,0,6,6:00:00
2024-10-01,12.2,0,7,7:00:00
2024-10-01,12.9,0,8,8:00:00
2024-10-01,12.2,0,9,9:00:00
2024-10-01,12.3,0.5,10,10:00:00
2024-10-01,13.4,0.1,11,11:00:00
2024-10-01,12.9,0,12,12:00:00
2024-10-01,12.4,0,13,13:00:00
2024-10-01,12.3,0.1,14,14:00:00
2024-10-01,12.3,0.2,15,15:00:00
2024-10-01,12.4,1.1,16,16:00:00
2024-10-01,12.6,0.5,17,17:00:00
2024-10-01,12.8,0.6,18,18:00:00
2024-10-01,12.7,0.5,19,19:00:00
2024-10-01,12.7,0.7,20,20:00:00
2024-10-01,12.7,3.2,21,21:00:00
2024-10-01,12.5,1.1,22,22:00:00
2024-10-01,12.6,0.4,23,23:00:00
2024-10-02,12.4,2.5,0,0:00:00
2024-10-02,11.6,1.1,1,1:00:00
2024-10-02,11.4,0,2,2:00:00
2024-10-02,10.6,0,3,3:00:00
2024-10-02,9.5,0.2,4,4:00:00
2024-10-02,9.5,0,5,5:00:00
2024-10-02,9.2,0,6,6:00:00
2024-10-02,9.1,0,7,7:00:00
2024-10-02,9.4,0,8,8:00:00
2024-10-02,9.6,0,9,9:00:00
2024-10-02,9.4,0.1,10,10:00:00
2024-10-02,9.7,0,11,11:00:00
2024-10-02,10.5,0,12,12:00:00
2024-10-02,11.9,0,13,13:00:00
2024-10-02,11.3,0,14,14:00:00
2024-10-02,12.3,0,15,15:00:00
2024-10-02,12.2,0,16,16:00:00
2024-10-02,12.5,0,17,17:00:00
2024-10-02,12.6,0,18,18:00:00
2024-10-02,11.6,0,19,19:00:00
2024-10-02,11.4,0,20,20:00:00
2024-10-02,10,0,21,21:00:00
2024-10-02,9.5,0,22,22:00:00
2024-10-02,8.1,0,23,23:00:00
2024-10-03,8.1,0,0,0:00:00
2024-10-03,7.2,0,1,1:00:00
2024-10-03,6.8,0,2,2:00:00
2024-10-03,7.6,0,3,3:00:00
2024-10-03,6.2,0,4,4:00:00
2024-10-03,5.9,0,5,5:00:00
2024-10-03,5.9,0,6,6:00:00
2024-10-03,6.2,0,7,7:00:00
2024-10-03,5.9,0,8,8:00:00
2024-10-03,7,0,9,9:00:00
2024-10-03,9.5,0,10,10:00:00
2024-10-03,11.6,0,11,11:00:00
2024-10-03,12.8,0,12,12:00:00
2024-10-03,13.9,0,13,13:00:00
2024-10-03,14.3,0,14,14:00:00
2024-10-03,14.8,0,15,15:00:00
2024-10-03,14.7,0,16,16:00:00
2024-10-03,14.1,0,17,17:00:00
2024-10-03,13.8,0,18,18:00:00
2024-10-03,12.2,0,19,19:00:00
2024-10-03,10.2,0,20,20:00:00
2024-10-03,9.4,0,21,21:00:00
2024-10-03,8.8,0,22,22:00:00
2024-10-03,8,0,23,23:00:00
2024-10-04,7.4,0,0,0:00:00
2024-10-04,6.7,0,1,1:00:00
2024-10-04,6.2,0,2,2:00:00
2024-10-04,5.8,0,3,3:00:00
2024-10-04,5.3,0,4,4:00:00
2024-10-04,4.6,0,5,5:00:00
2024-10-04,4.6,0,6,6:00:00
2024-10-04,4.5,0,7,7:00:00
2024-10-04,4.3,0,8,8:00:00
2024-10-04,5.6,0,9,9:00:00
2024-10-04,8.7,0,10,10:00:00
2024-10-04,10,0,11,11:00:00
2024-10-04,12.9,0,12,12:00:00
2024-10-04,14.4,0,13,13:00:00
2024-10-04,14.9,0,14,14:00:00
2024-10-04,15.4,0,15,15:00:00
2024-10-04,15.5,0,16,16:00:00
2024-10-04,15,0,17,17:00:00
2024-10-04,14.6,0,18,18:00:00
2024-10-04,13,0,19,19:00:00
2024-10-04,12.2,0,20,20:00:00
2024-10-04,11.9,0,21,21:00:00
2024-10-04,9,0,22,22:00:00
2024-10-04,9.3,0,23,23:00:00
2024-10-05,8.1,0,0,0:00:00
2024-10-05,7.1,0,1,1:00:00
2024-10-05,6.8,0,2,2:00:00
2024-10-05,6.6,0,3,3:00:00
2024-10-05,5.7,0,4,4:00:00
2024-10-05,5.5,0,5,5:00:00
2024-10-05,4.1,0,6,6:00:00
2024-10-05,5.2,0,7,7:00:00
2024-10-05,4.6,0,8,8:00:00
2024-10-05,5.6,0,9,9:00:00
2024-10-05,8.5,0,10,10:00:00
2024-10-05,9.9,0,11,11:00:00
2024-10-05,12.3,0,12,12:00:00
2024-10-05,14.2,0,13,13:00:00
2024-10-05,14.7,0,14,14:00:00
2024-10-05,15.2,0,15,15:00:00
2024-10-05,15.5,0,16,16:00:00
2024-10-05,14.6,0,17,17:00:00
2024-10-05,13.8,0,18,18:00:00
2024-10-05,13.3,0,19,19:00:00
2024-10-05,10.9,0,20,20:00:00
2024-10-05,10,0,21,21:00:00
2024-10-05,9.3,0,22,22:00:00
2024-10-05,8.3,0,23,23:00:00
2024-10-06,7.9,0,0,0:00:00
2024-10-06,7.6,0,1,1:00:00
2024-10-06,6.7,0,2,2:00:00
2024-10-06,6.7,0,3,3:00:00
2024-10-06,6.1,0,4,4:00:00
2024-10-06,5.6,0,5,5:00:00
2024-10-06,5.8,0,6,6:00:00
2024-10-06,5.3,0,7,7:00:00
2024-10-06,5.2,0,8,8:00:00
2024-10-06,6.2,0,9,9:00:00
2024-10-06,7.9,0,10,10:00:00
2024-10-06,10.1,0,11,11:00:00
2024-10-06,12.2,0,12,12:00:00
2024-10-06,13.5,0,13,13:00:00
2024-10-06,14.3,0,14,14:00:00
2024-10-06,15.3,0,15,15:00:00
2024-10-06,15.1,0,16,16:00:00
2024-10-06,14.7,0,17,17:00:00
2024-10-06,14.6,0,18,18:00:00
2024-10-06,13.6,0,19,19:00:00
2024-10-06,11.8,0,20,20:00:00
2024-10-06,11.2,0,21,21:00:00
2024-10-06,10.4,0,22,22:00:00
2024-10-06,9.4,0,23,23:00:00
2024-10-07,9.7,0,0,0:00:00
2024-10-07,9.8,0,1,1:00:00
2024-10-07,9.3,0,2,2:00:00
2024-10-07,11,0,3,3:00:00
2024-10-07,10,1.3,4,4:00:00
2024-10-07,10.4,0,5,5:00:00
2024-10-07,11,0,6,6:00:00
2024-10-07,11.3,0,7,7:00:00
2024-10-07,12.4,0,8,8:00:00
2024-10-07,13.4,0,9,9:00:00
2024-10-07,14.2,0,10,10:00:00
2024-10-07,15.5,0,11,11:00:00
2024-10-07,16.3,0,12,12:00:00
2024-10-07,16.6,0,13,13:00:00
2024-10-07,18,0,14,14:00:00
2024-10-07,18,0,15,15:00:00
2024-10-07,18.5,0,16,16:00:00
2024-10-07,18.2,0,17,17:00:00
2024-10-07,17.4,0,18,18:00:00
2024-10-07,16.2,0,19,19:00:00
2024-10-07,14.7,0,20,20:00:00
2024-10-07,14,0,21,21:00:00
2024-10-07,13.6,0,22,22:00:00
2024-10-07,13.2,0,23,23:00:00
2024-10-08,13.1,0,0,0:00:00
2024-10-08,13.6,0,1,1:00:00
2024-10-08,13.6,0,2,2:00:00
2024-10-08,13.6,0,3,3:00:00
2024-10-08,14,0.4,4,4:00:00
2024-10-08,14.3,0.2,5,5:00:00
2024-10-08,14.4,0,6,6:00:00
2024-10-08,15,0,7,7:00:00
2024-10-08,15.2,0,8,8:00:00
2024-10-08,15.7,0,9,9:00:00
2024-10-08,16.1,0,10,10:00:00
2024-10-08,16.3,0,11,11:00:00
2024-10-08,16.8,0,12,12:00:00
2024-10-08,17.1,0,13,13:00:00
2024-10-08,18,0,14,14:00:00
2024-10-08,17.6,0,15,15:00:00
2024-10-08,16.9,0,16,16:00:00
2024-10-08,17.4,0,17,17:00:00
2024-10-08,16.7,0,18,18:00:00
2024-10-08,16.1,0,19,19:00:00
2024-10-08,15.5,0,20,20:00:00
2024-10-08,14.7,0,21,21:00:00
2024-10-08,14.6,0,22,22:00:00
2024-10-08,14.7,0,23,23:00:00
2024-10-09,13.7,0,0,0:00:00
2024-10-09,13.5,0,1,1:00:00
2024-10-09,13.4,0,2,2:00:00
2024-10-09,12.5,0,3,3:00:00
2024-10-09,13,0,4,4:00:00
2024-10-09,12.9,0,5,5:00:00
2024-10-09,12.9,0,6,6:00:00
2024-10-09,13.3,0,7,7:00:00
2024-10-09,13.8,0,8,8:00:00
2024-10-09,13.8,0,9,9:00:00
2024-10-09,14.1,0,10,10:00:00
2024-10-09,14.9,0,11,11:00:00
2024-10-09,15.7,0,12,12:00:00
2024-10-09,16.1,0,13,13:00:00
2024-10-09,15.7,0,14,14:00:00
2024-10-09,15.8,0,15,15:00:00
2024-10-09,16.1,0,16,16:00:00
2024-10-09,15.2,0,17,17:00:00
2024-10-09,14.7,0,18,18:00:00
2024-10-09,14.3,0.2,19,19:00:00
2024-10-09,13.7,0.6,20,20:00:00
2024-10-09,13.7,0.4,21,21:00:00
2024-10-09,13.5,1,22,22:00:00
2024-10-09,12.9,1.9,23,23:00:00
2024-10-10,12.8,0.7,0,0:00:00
2024-10-10,13,0.8,1,1:00:00
2024-10-10,12.4,1,2,2:00:00
2024-10-10,12.1,0.3,3,3:00:00
2024-10-10,12.1,0.2,4,4:00:00
2024-10-10,12.3,0,5,5:00:00
2024-10-10,12.4,0,6,6:00:00
2024-10-10,12.3,1.1,7,7:00:00
2024-10-10,12.7,0,8,8:00:00
2024-10-10,13,0,9,9:00:00
2024-10-10,12.7,0,10,10:00:00
2024-10-10,12.6,0,11,11:00:00
2024-10-10,12.5,0,12,12:00:00
2024-10-10,12,0,13,13:00:00
2024-10-10,13.1,0,14,14:00:00
2024-10-10,13.7,0,15,15:00:00
2024-10-10,13,0,16,16:00:00
2024-10-10,12.6,0,17,17:00:00
2024-10-10,11.6,0,18,18:00:00
2024-10-10,10.3,0,19,19:00:00
2024-10-10,9.3,0,20,20:00:00
2024-10-10,8,0,21,21:00:00
2024-10-10,7.3,0,22,22:00:00
2024-10-10,7.2,0,23,23:00:00
2024-10-11,7.5,0,0,0:00:00
2024-10-11,7.8,0,1,1:00:00
2024-10-11,6.4,0,2,2:00:00
2024-10-11,6,0,3,3:00:00
2024-10-11,5.6,0,4,4:00:00
2024-10-11,4.9,0,5,5:00:00
2024-10-11,4.8,0,6,6:00:00
2024-10-11,4.8,0,7,7:00:00
2024-10-11,4.6,0,8,8:00:00
2024-10-11,4.8,0,9,9:00:00
2024-10-11,7.8,0,10,10:00:00
2024-10-11,9.8,0,11,11:00:00
2024-10-11,11.5,0,12,12:00:00
2024-10-11,12,0,13,13:00:00
2024-10-11,13,0,14,14:00:00
2024-10-11,13.1,0,15,15:00:00
2024-10-11,12.7,0,16,16:00:00
2024-10-11,12.3,0,17,17:00:00
2024-10-11,11.9,0,18,18:00:00
2024-10-11,10.4,0,19,19:00:00
2024-10-11,8.6,0,20,20:00:00
2024-10-11,8.5,0,21,21:00:00
2024-10-11,7.9,0,22,22:00:00
2024-10-11,6.3,0,23,23:00:00
2024-10-12,7.2,0,0,0:00:00
2024-10-12,5.8,0,1,1:00:00
2024-10-12,4.9,0,2,2:00:00
2024-10-12,5.1,0,3,3:00:00
2024-10-12,6.5,0,4,4:00:00
2024-10-12,5,0,5,5:00:00
2024-10-12,4.6,0,6,6:00:00
2024-10-12,4.5,0,7,7:00:00
2024-10-12,4.6,0,8,8:00:00
2024-10-12,5.1,0,9,9:00:00
2024-10-12,6.4,0,10,10:00:00
2024-10-12,8.2,0,11,11:00:00
2024-10-12,9.1,0,12,12:00:00
2024-10-12,10.4,0,13,13:00:00
2024-10-12,10,0,14,14:00:00
2024-10-12,10.3,0,15,15:00:00
2024-10-12,10.8,0,16,16:00:00
2024-10-12,11.3,0,17,17:00:00
2024-10-12,11,0,18,18:00:00
2024-10-12,10.6,0,19,19:00:00
2024-10-12,10.4,0,20,20:00:00
2024-10-12,9.4,0,21,21:00:00
2024-10-12,9.6,0,22,22:00:00
2024-10-12,10.1,0,23,23:00:00
2024-10-13,9.5,0.1,0,0:00:00
2024-10-13,10.1,2,1,1:00:00
2024-10-13,9.6,2.4,2,2:00:00
2024-10-13,8.9,0.2,3,3:00:00
2024-10-13,8.8,0.1,4,4:00:00
2024-10-13,7.8,0.1,5,5:00:00
2024-10-13,7.3,1.1,6,6:00:00
2024-10-13,7.6,0,7,7:00:00
2024-10-13,7.9,0.7,8,8:00:00
2024-10-13,8.5,0,9,9:00:00
2024-10-13,9.4,0,10,10:00:00
2024-10-13,11.1,0,11,11:00:00
2024-10-13,11.1,0,12,12:00:00
2024-10-13,11.9,0.2,13,13:00:00
2024-10-13,12.5,0,14,14:00:00
2024-10-13,12.3,0,15,15:00:00
2024-10-13,12.1,0,16,16:00:00
2024-10-13,11.5,0,17,17:00:00
2024-10-13,11,0,18,18:00:00
2024-10-13,10.1,0,19,19:00:00
2024-10-13,8.7,0,20,20:00:00
2024-10-13,8.5,0,21,21:00:00
2024-10-13,8.6,0,22,22:00:00
2024-10-13,8.2,0,23,23:00:00
2024-10-14,7.6,0,0,0:00:00
2024-10-14,7.8,0,1,1:00:00
2024-10-14,7.9,0,2,2:00:00
2024-10-14,7.4,0,3,3:00:00
2024-10-14,7.6,0,4,4:00:00
2024-10-14,7.3,0,5,5:00:00
2024-10-14,7.2,0,6,6:00:00
2024-10-14,7.5,0,7,7:00:00
2024-10-14,7.2,0.1,8,8:00:00
2024-10-14,7.7,0,9,9:00:00
2024-10-14,8.4,0,10,10:00:00
2024-10-14,9.3,0.1,11,11:00:00
2024-10-14,8.6,0,12,12:00:00
2024-10-14,9.8,0,13,13:00:00
2024-10-14,11,0,14,14:00:00
2024-10-14,10.2,0,15,15:00:00
2024-10-14,11.4,0,16,16:00:00
2024-10-14,11.1,0,17,17:00:00
2024-10-14,10.5,0,18,18:00:00
2024-10-14,9.7,0,19,19:00:00
2024-10-14,7.9,0,20,20:00:00
2024-10-14,7,0,21,21:00:00
2024-10-14,6.2,0,22,22:00:00
2024-10-14,5.7,0,23,23:00:00
2024-10-15,5.1,0,0,0:00:00
2024-10-15,4.7,0,1,1:00:00
2024-10-15,3.6,0,2,2:00:00
2024-10-15,3.4,0,3,3:00:00
2024-10-15,4.7,0,4,4:00:00
2024-10-15,2.5,0,5,5:00:00
2024-10-15,3.5,0,6,6:00:00
2024-10-15,3.6,0,7,7:00:00
2024-10-15,2.1,0,8,8:00:00
2024-10-15,3.8,0,9,9:00:00
2024-10-15,5.8,0,10,10:00:00
2024-10-15,5.6,0,11,11:00:00
2024-10-15,10.5,0,12,12:00:00
2024-10-15,11.7,0,13,13:00:00
2024-10-15,12,0,14,14:00:00
2024-10-15,13,0,15,15:00:00
2024-10-15,13,0,16,16:00:00
2024-10-15,12.7,0,17,17:00:00
2024-10-15,12,0,18,18:00:00
2024-10-15,10.9,0,19,19:00:00
2024-10-15,9.8,0,20,20:00:00
2024-10-15,9.4,0,21,21:00:00
2024-10-15,9.2,0,22,22:00:00
2024-10-15,8.6,0,23,23:00:00
2024-10-16,8.8,0,0,0:00:00
2024-10-16,8.5,0,1,1:00:00
2024-10-16,8.4,0,2,2:00:00
2024-10-16,8.5,0,3,3:00:00
2024-10-16,8.5,0,4,4:00:00
2024-10-16,8.2,0,5,5:00:00
2024-10-16,7.9,0,6,6:00:00
2024-10-16,8.5,0,7,7:00:00
2024-10-16,8.1,0,8,8:00:00
2024-10-16,8.2,0,9,9:00:00
2024-10-16,9.6,0,10,10:00:00
2024-10-16,11.1,0,11,11:00:00
2024-10-16,12.4,0,12,12:00:00
2024-10-16,14.4,0,13,13:00:00
2024-10-16,15.6,0,14,14:00:00
2024-10-16,15.8,0,15,15:00:00
2024-10-16,16.2,0,16,16:00:00
2024-10-16,16.5,0,17,17:00:00
2024-10-16,15.8,0,18,18:00:00
2024-10-16,15.1,0,19,19:00:00
2024-10-16,15.2,0,20,20:00:00
2024-10-16,14.9,0,21,21:00:00
2024-10-16,15.4,0,22,22:00:00
2024-10-16,14.8,0,23,23:00:00
2024-10-17,13.9,0,0,0:00:00
2024-10-17,14.7,0,1,1:00:00
2024-10-17,13.5,0,2,2:00:00
2024-10-17,13.1,0,3,3:00:00
2024-10-17,13.4,0,4,4:00:00
2024-10-17,11.7,0.9,5,5:00:00
2024-10-17,12,0,6,6:00:00
2024-10-17,12.4,0,7,7:00:00
2024-10-17,12.8,0,8,8:00:00
2024-10-17,13.5,0,9,9:00:00
2024-10-17,14.1,0.3,10,10:00:00
2024-10-17,16.1,0.5,11,11:00:00
2024-10-17,17.1,0,12,12:00:00
2024-10-17,17.7,0,13,13:00:00
2024-10-17,18,0,14,14:00:00
2024-10-17,17,0,15,15:00:00
2024-10-17,17.3,0,16,16:00:00
2024-10-17,17.8,0,17,17:00:00
2024-10-17,17.6,0,18,18:00:00
2024-10-17,17.2,0,19,19:00:00
2024-10-17,16.7,0,20,20:00:00
2024-10-17,16.9,0,21,21:00:00
2024-10-17,16.5,0,22,22:00:00
2024-10-17,15.6,0,23,23:00:00
2024-10-18,15.2,0,0,0:00:00
2024-10-18,15.5,0,1,1:00:00
2024-10-18,16,0,2,2:00:00
2024-10-18,14.5,0,3,3:00:00
2024-10-18,15.3,0.5,4,4:00:00
2024-10-18,14.6,0,5,5:00:00
2024-10-18,14.6,0,6,6:00:00
2024-10-18,14.5,0,7,7:00:00
2024-10-18,13.4,0,8,8:00:00
2024-10-18,15.2,0,9,9:00:00
2024-10-18,15.1,0,10,10:00:00
2024-10-18,15.3,0,11,11:00:00
2024-10-18,17.9,0,12,12:00:00
2024-10-18,18.4,0,13,13:00:00
2024-10-18,20.2,0,14,14:00:00
2024-10-18,20.7,0,15,15:00:00
2024-10-18,20.9,0,16,16:00:00
2024-10-18,20.7,0,17,17:00:00
2024-10-18,20.3,0,18,18:00:00
2024-10-18,19.1,0,19,19:00:00
2024-10-18,17.5,0,20,20:00:00
2024-10-18,17.9,0,21,21:00:00
2024-10-18,17.7,0,22,22:00:00
2024-10-18,16.6,0,23,23:00:00
2024-10-19,16.8,0,0,0:00:00
2024-10-19,16.4,0,1,1:00:00
2024-10-19,15.8,0,2,2:00:00
2024-10-19,15.6,0,3,3:00:00
2024-10-19,15.7,0.2,4,4:00:00
2024-10-19,15.3,0,5,5:00:00
2024-10-19,15.2,0,6,6:00:00
2024-10-19,15.2,0.1,7,7:00:00
2024-10-19,15,0.1,8,8:00:00
2024-10-19,14.2,0,9,9:00:00
2024-10-19,14.9,1.2,10,10:00:00
2024-10-19,14.8,2.1,11,11:00:00
2024-10-19,14.4,0.6,12,12:00:00
2024-10-19,14.9,0.1,13,13:00:00
2024-10-19,14.5,0,14,14:00:00
2024-10-19,13.7,0.4,15,15:00:00
2024-10-19,14.4,0.1,16,16:00:00
2024-10-19,13.9,0,17,17:00:00
2024-10-19,13.9,0,18,18:00:00
2024-10-19,14.2,0,19,19:00:00
2024-10-19,14.5,0,20,20:00:00
2024-10-19,13.6,0,21,21:00:00
2024-10-19,13.7,0,22,22:00:00
2024-10-19,13,0,23,23:00:00
2024-10-20,13,0,0,0:00:00
2024-10-20,13.1,0,1,1:00:00
2024-10-20,13.1,0,2,2:00:00
2024-10-20,12,0,3,3:00:00
2024-10-20,13,0,4,4:00:00
2024-10-20,12.3,0,5,5:00:00
2024-10-20,12,0,6,6:00:00
2024-10-20,12.2,0,7,7:00:00
2024-10-20,12.1,0,8,8:00:00
2024-10-20,12.6,0,9,9:00:00
2024-10-20,12.6,0,10,10:00:00
2024-10-20,13.1,0,11,11:00:00
2024-10-20,14.1,0,12,12:00:00
2024-10-20,15.8,0,13,13:00:00
2024-10-20,15.5,0,14,14:00:00
2024-10-20,15.7,0,15,15:00:00
2024-10-20,16.1,0,16,16:00:00
2024-10-20,15.8,0,17,17:00:00
2024-10-20,15.9,0,18,18:00:00
2024-10-20,16.4,0,19,19:00:00
2024-10-20,15.9,0.2,20,20:00:00
2024-10-20,15.7,0,21,21:00:00
2024-10-20,15.3,0.8,22,22:00:00
2024-10-20,15.4,0.5,23,23:00:00
2024-10-21,14.9,0.8,0,0:00:00
2024-10-21,15.5,0.6,1,1:00:00
2024-10-21,15.4,0.1,2,2:00:00
2024-10-21,15.7,0.6,3,3:00:00
2024-10-21,15,0,4,4:00:00
2024-10-21,14.8,0,5,5:00:00
2024-10-21,14.4,0,6,6:00:00
2024-10-21,13.8,0,7,7:00:00
2024-10-21,13.5,0,8,8:00:00
2024-10-21,14.3,0,9,9:00:00
2024-10-21,14.3,0,10,10:00:00
2024-10-21,14.7,0,11,11:00:00
2024-10-21,13.9,0,12,12:00:00
2024-10-21,14.7,0.3,13,13:00:00
2024-10-21,13.2,0,14,14:00:00
2024-10-21,13.4,0,15,15:00:00
2024-10-21,14.6,0,16,16:00:00
2024-10-21,13.9,0.1,17,17:00:00
2024-10-21,13.2,0,18,18:00:00
2024-10-21,13.4,0,19,19:00:00
2024-10-21,13.3,0.2,20,20:00:00
2024-10-21,13.2,0,21,21:00:00
2024-10-21,13.1,0,22,22:00:00
2024-10-21,12.8,0.1,23,23:00:00
2024-10-22,13,0.5,0,0:00:00
2024-10-22,12.3,3.1,1,1:00:00
2024-10-22,11.4,3.3,2,2:00:00
2024-10-22,11.3,2.4,3,3:00:00
2024-10-22,11.2,1.6,4,4:00:00
2024-10-22,10.2,0,5,5:00:00
2024-10-22,10.1,0,6,6:00:00
2024-10-22,9.8,0,7,7:00:00
2024-10-22,9.5,0,8,8:00:00
2024-10-22,8.6,0,9,9:00:00
2024-10-22,10.6,0,10,10:00:00
2024-10-22,11.8,0,11,11:00:00
2024-10-22,13.2,0,12,12:00:00
2024-10-22,14.4,0,13,13:00:00
2024-10-22,15.2,0,14,14:00:00
2024-10-22,15.4,0,15,15:00:00
2024-10-22,15.2,0,16,16:00:00
2024-10-22,14.7,0,17,17:00:00
2024-10-22,13.9,0,18,18:00:00
2024-10-22,12.7,0,19,19:00:00
2024-10-22,11.5,0,20,20:00:00
2024-10-22,10.7,0,21,21:00:00
2024-10-22,11.8,0,22,22:00:00
2024-10-22,11.3,0,23,23:00:00
2024-10-23,10.3,0,0,0:00:00
2024-10-23,10.9,0,1,1:00:00
2024-10-23,10.5,1.2,2,2:00:00
2024-10-23,9.4,0,3,3:00:00
2024-10-23,9.2,0,4,4:00:00
2024-10-23,9,0,5,5:00:00
2024-10-23,8.7,0,6,6:00:00
2024-10-23,9.3,0,7,7:00:00
2024-10-23,8.7,0,8,8:00:00
2024-10-23,8.4,0.1,9,9:00:00
2024-10-23,9.4,0,10,10:00:00
2024-10-23,9.5,0,11,11:00:00
2024-10-23,10.8,0,12,12:00:00
2024-10-23,11.1,0,13,13:00:00
2024-10-23,12.3,0,14,14:00:00
2024-10-23,12.8,0,15,15:00:00
2024-10-23,12.9,0,16,16:00:00
2024-10-23,13.3,0,17,17:00:00
2024-10-23,12.6,0,18,18:00:00
2024-10-23,12.8,0,19,19:00:00
2024-10-23,12.3,0,20,20:00:00
2024-10-23,11.4,0,21,21:00:00
2024-10-23,10.2,0,22,22:00:00
2024-10-23,11.3,0,23,23:00:00
2024-10-24,9.6,0,0,0:00:00
2024-10-24,8.3,0,1,1:00:00
2024-10-24,8.6,0,2,2:00:00
2024-10-24,8.2,0,3,3:00:00
2024-10-24,7,0,4,4:00:00
2024-10-24,6.6,0,5,5:00:00
2024-10-24,6.5,0,6,6:00:00
2024-10-24,5.5,0,7,7:00:00
2024-10-24,5.8,0,8,8:00:00
2024-10-24,5.1,0,9,9:00:00
2024-10-24,6.2,0,10,10:00:00
2024-10-24,7.8,0,11,11:00:00
2024-10-24,11.2,0,12,12:00:00
2024-10-24,11.5,0,13,13:00:00
2024-10-24,13.7,0,14,14:00:00
2024-10-24,14.6,0,15,15:00:00
2024-10-24,14.9,0,16,16:00:00
2024-10-24,14.7,0,17,17:00:00
2024-10-24,14,0,18,18:00:00
2024-10-24,12.9,0,19,19:00:00
2024-10-24,12,0,20,20:00:00
2024-10-24,11.7,0,21,21:00:00
2024-10-24,11,0,22,22:00:00
2024-10-24,12,0,23,23:00:00
2024-10-25,11.7,0,0,0:00:00
2024-10-25,11.6,0,1,1:00:00
2024-10-25,12.4,0,2,2:00:00
2024-10-25,10.2,0,3,3:00:00
2024-10-25,10.1,0,4,4:00:00
2024-10-25,10.3,0,5,5:00:00
2024-10-25,10,0,6,6:00:00
2024-10-25,9.5,0.4,7,7:00:00
2024-10-25,10.3,0,8,8:00:00
2024-10-25,10.8,2.3,9,9:00:00
2024-10-25,11.5,0,10,10:00:00
2024-10-25,11.9,0,11,11:00:00
2024-10-25,13.5,0,12,12:00:00
2024-10-25,15,0,13,13:00:00
2024-10-25,15.1,0,14,14:00:00
2024-10-25,15.6,0,15,15:00:00
2024-10-25,16.2,0,16,16:00:00
2024-10-25,16.6,0,17,17:00:00
2024-10-25,16,0,18,18:00:00
2024-10-25,14.3,0,19,19:00:00
2024-10-25,13.5,0,20,20:00:00
2024-10-25,12.9,0,21,21:00:00
2024-10-25,12.5,0,22,22:00:00
2024-10-25,11,0,23,23:00:00
2024-10-26,11.7,0,0,0:00:00
2024-10-26,11.1,0,1,1:00:00
2024-10-26,11,0,2,2:00:00
2024-10-26,10.9,0,3,3:00:00
2024-10-26,10.5,0,4,4:00:00
2024-10-26,10.5,0,5,5:00:00
2024-10-26,10.6,0,6,6:00:00
2024-10-26,10.2,0,7,7:00:00
2024-10-26,10.7,0,8,8:00:00
2024-10-26,10.4,0,9,9:00:00
2024-10-26,11.5,0,10,10:00:00
2024-10-26,12.4,0,11,11:00:00
2024-10-26,14.4,0,12,12:00:00
2024-10-26,16.5,0,13,13:00:00
2024-10-26,17.6,0,14,14:00:00
2024-10-26,18.4,0,15,15:00:00
2024-10-26,18.6,0,16,16:00:00
2024-10-26,18.3,0,17,17:00:00
2024-10-26,17.3,0,18,18:00:00
2024-10-26,16.5,0,19,19:00:00
2024-10-26,15.4,0,20,20:00:00
2024-10-26,14.8,0,21,21:00:00
2024-10-26,15.1,0,22,22:00:00
2024-10-26,14.1,0,23,23:00:00
2024-10-27,13.8,0,0,0:00:00
2024-10-27,13.3,0,1,1:00:00
2024-10-27,11.8,0,2,2:00:00
2024-10-27,12.3,0,3,3:00:00
2024-10-27,12.2,0,4,4:00:00
2024-10-27,11.1,0,5,5:00:00
2024-10-27,10.8,0,6,6:00:00
2024-10-27,12.1,0,7,7:00:00
2024-10-27,12.1,0,8,8:00:00
2024-10-27,12.3,0,9,9:00:00
2024-10-27,12.6,0,10,10:00:00
2024-10-27,13.5,0,11,11:00:00
2024-10-27,14.6,0,12,12:00:00
2024-10-27,15.4,0,13,13:00:00
2024-10-27,15.4,0,14,14:00:00
2024-10-27,15.9,0,15,15:00:00
2024-10-27,15.9,0,16,16:00:00
2024-10-27,14.4,0,17,17:00:00
2024-10-27,14.4,0,18,18:00:00
2024-10-27,13.2,0,19,19:00:00
2024-10-27,13.2,0,20,20:00:00
2024-10-27,13,0,21,21:00:00
2024-10-27,12.5,0,22,22:00:00
2024-10-27,11.5,0,23,23:00:00
2024-10-28,10.9,0,0,0:00:00
2024-10-28,9.7,0,1,1:00:00
2024-10-28,9.4,0,2,2:00:00
2024-10-28,9.4,0,3,3:00:00
2024-10-28,9.1,0,4,4:00:00
2024-10-28,9.1,0,5,5:00:00
2024-10-28,9.1,0,6,6:00:00
2024-10-28,9.2,0,7,7:00:00
2024-10-28,9.9,0,8,8:00:00
2024-10-28,9.9,0,9,9:00:00
2024-10-28,10.3,0,10,10:00:00
2024-10-28,11.3,0,11,11:00:00
2024-10-28,11.2,0.2,12,12:00:00
2024-10-28,11.4,1.2,13,13:00:00
2024-10-28,12.1,0.9,14,14:00:00
2024-10-28,12.1,0,15,15:00:00
2024-10-28,12.5,0.2,16,16:00:00
2024-10-28,12.9,0,17,17:00:00
2024-10-28,12.8,0.2,18,18:00:00
2024-10-28,12.9,0,19,19:00:00
2024-10-28,12.9,0,20,20:00:00
2024-10-28,12.9,0.1,21,21:00:00
2024-10-28,12.7,0,22,22:00:00
2024-10-28,12.8,0.2,23,23:00:00
2024-10-29,12.8,0.8,0,0:00:00
2024-10-29,12.5,0.3,1,1:00:00
2024-10-29,12.7,0.2,2,2:00:00
2024-10-29,12.6,0.1,3,3:00:00
2024-10-29,12.4,0,4,4:00:00
2024-10-29,12.5,0,5,5:00:00
2024-10-29,12.1,0,6,6:00:00
2024-10-29,12.2,0.1,7,7:00:00
2024-10-29,12.6,0,8,8:00:00
2024-10-29,12.5,0.1,9,9:00:00
2024-10-29,12.8,0,10,10:00:00
2024-10-29,12.9,0.1,11,11:00:00
2024-10-29,13,0,12,12:00:00
2024-10-29,14.4,0,13,13:00:00
2024-10-29,13.9,0.1,14,14:00:00
2024-10-29,15.1,0.1,15,15:00:00
2024-10-29,14.9,0,16,16:00:00
2024-10-29,14.2,0.1,17,17:00:00
2024-10-29,13.9,0,18,18:00:00
2024-10-29,13.9,0,19,19:00:00
2024-10-29,13.3,0.4,20,20:00:00
2024-10-29,13.4,0,21,21:00:00
2024-10-29,13.2,0.3,22,22:00:00
2024-10-29,13.1,0.2,23,23:00:00
2024-10-30,13,0.2,0,0:00:00
2024-10-30,13.2,0,1,1:00:00
2024-10-30,13.3,0,2,2:00:00
2024-10-30,12.8,0,3,3:00:00
2024-10-30,13,0,4,4:00:00
2024-10-30,12.4,0,5,5:00:00
2024-10-30,10.5,0,6,6:00:00
2024-10-30,12.1,0,7,7:00:00
2024-10-30,12.6,0,8,8:00:00
2024-10-30,11.9,0,9,9:00:00
2024-10-30,12.6,0,10,10:00:00
2024-10-30,13.2,0,11,11:00:00
2024-10-30,13.1,0,12,12:00:00
2024-10-30,14.2,0.1,13,13:00:00
2024-10-30,14.8,0,14,14:00:00
2024-10-30,14.7,0,15,15:00:00
2024-10-30,14.7,0,16,16:00:00
2024-10-30,14.2,0,17,17:00:00
2024-10-30,13.3,0,18,18:00:00
2024-10-30,13.4,0,19,19:00:00
2024-10-30,13.3,0,20,20:00:00
2024-10-30,12.7,0,21,21:00:00
2024-10-30,12.8,0,22,22:00:00
2024-10-30,12.6,0,23,23:00:00
2024-10-31,12.5,0,0,0:00:00
2024-10-31,12.5,0,1,1:00:00
2024-10-31,12.1,0,2,2:00:00
2024-10-31,12.3,0,3,3:00:00
2024-10-31,12.2,0,4,4:00:00
2024-10-31,12.1,0,5,5:00:00
2024-10-31,11.9,0,6,6:00:00
2024-10-31,11.2,0,7,7:00:00
2024-10-31,11.7,0,8,8:00:00
2024-10-31,11.8,0,9,9:00:00
2024-10-31,11.4,0,10,10:00:00
2024-10-31,12.7,0,11,11:00:00
2024-10-31,13.2,0,12,12:00:00
2024-10-31,13.4,0,13,13:00:00
2024-10-31,13.7,0,14,14:00:00
2024-10-31,14.4,0,15,15:00:00
2024-10-31,14.1,0,16,16:00:00
2024-10-31,13.7,0,17,17:00:00
2024-10-31,13,0,18,18:00:00
2024-10-31,12.1,0,19,19:00:00
2024-10-31,12.5,0,20,20:00:00
2024-10-31,11.8,0,21,21:00:00
2024-10-31,10.4,0,22,22:00:00
2024-10-31,11.9,0,23,23:00:00
2024-11-01,9.9,0,0,0:00:00
2024-11-01,9.2,0,1,1:00:00
2024-11-01,10.4,0,2,2:00:00
2024-11-01,8.7,0,3,3:00:00
2024-11-01,9.3,0,4,4:00:00
2024-11-01,10.4,0,5,5:00:00
2024-11-01,9.5,0,6,6:00:00
2024-11-01,10,0,7,7:00:00
2024-11-01,11,0,8,8:00:00
2024-11-01,10.8,0,9,9:00:00
2024-11-01,11.4,0,10,10:00:00
2024-11-01,11.7,0,11,11:00:00
2024-11-01,12,0,12,12:00:00
2024-11-01,11.7,0,13,13:00:00
2024-11-01,11.9,0,14,14:00:00
2024-11-01,11.6,0,15,15:00:00
2024-11-01,12,0,16,16:00:00
2024-11-01,12,0,17,17:00:00
2024-11-01,11.5,0,18,18:00:00
2024-11-01,11.2,0,19,19:00:00
2024-11-01,11.3,0,20,20:00:00
2024-11-01,11.2,0,21,21:00:00
2024-11-01,10.9,0,22,22:00:00
2024-11-01,11.3,0,23,23:00:00
2024-11-02,11.3,0.1,0,0:00:00
2024-11-02,11.2,0.1,1,1:00:00
2024-11-02,12.2,0,2,2:00:00
2024-11-02,11.9,0,3,3:00:00
2024-11-02,11.7,0,4,4:00:00
2024-11-02,10.3,0,5,5:00:00
2024-11-02,9.8,0,6,6:00:00
2024-11-02,10.3,0,7,7:00:00
2024-11-02,8.1,0,8,8:00:00
2024-11-02,7.8,0,9,9:00:00
2024-11-02,9.1,0,10,10:00:00
2024-11-02,10.1,0,11,11:00:00
2024-11-02,11.4,0,12,12:00:00
2024-11-02,12.2,0,13,13:00:00
2024-11-02,12,0,14,14:00:00
2024-11-02,11.8,0,15,15:00:00
2024-11-02,12,0,16,16:00:00
2024-11-02,11.2,0,17,17:00:00
2024-11-02,9.6,0,18,18:00:00
2024-11-02,10.5,0,19,19:00:00
2024-11-02,8.1,0,20,20:00:00
2024-11-02,7.1,0,21,21:00:00
2024-11-02,7.6,0,22,22:00:00
2024-11-02,5.9,0,23,23:00:00
2024-11-03,5.6,0,0,0:00:00
2024-11-03,5.6,0,1,1:00:00
2024-11-03,4.2,0,2,2:00:00
2024-11-03,4.1,0,3,3:00:00
2024-11-03,4.1,0,4,4:00:00
2024-11-03,3,0,5,5:00:00
2024-11-03,2.8,0,6,6:00:00
2024-11-03,3.3,0,7,7:00:00
2024-11-03,2.6,0,8,8:00:00
2024-11-03,2.7,0,9,9:00:00
2024-11-03,4.1,0,10,10:00:00
2024-11-03,5.7,0,11,11:00:00
2024-11-03,7.7,0,12,12:00:00
2024-11-03,9,0,13,13:00:00
2024-11-03,9.6,0,14,14:00:00
2024-11-03,10.6,0,15,15:00:00
2024-11-03,10.6,0,16,16:00:00
2024-11-03,10,0,17,17:00:00
2024-11-03,8.9,0,18,18:00:00
2024-11-03,7.7,0,19,19:00:00
2024-11-03,6.2,0,20,20:00:00
2024-11-03,5.8,0,21,21:00:00
2024-11-03,5.3,0,22,22:00:00
2024-11-03,4.2,0,23,23:00:00
2024-11-04,4.5,0,0,0:00:00
2024-11-04,4.2,0,1,1:00:00
2024-11-04,4.3,0,2,2:00:00
2024-11-04,4.8,0,3,3:00:00
2024-11-04,4,0,4,4:00:00
2024-11-04,4.5,0,5,5:00:00
2024-11-04,4.9,0,6,6:00:00
2024-11-04,6,0,7,7:00:00
2024-11-04,7.1,0,8,8:00:00
2024-11-04,7.8,0,9,9:00:00
2024-11-04,5.8,0,10,10:00:00
2024-11-04,9,0,11,11:00:00
2024-11-04,8.7,0,12,12:00:00
2024-11-04,9.2,0,13,13:00:00
2024-11-04,10.8,0,14,14:00:00
2024-11-04,10.6,0,15,15:00:00
2024-11-04,10.6,0,16,16:00:00
2024-11-04,10.6,0,17,17:00:00
2024-11-04,10.1,0,18,18:00:00
2024-11-04,9.4,0,19,19:00:00
2024-11-04,7.8,0,20,20:00:00
2024-11-04,8.6,0,21,21:00:00
2024-11-04,8.4,0,22,22:00:00
2024-11-04,6.5,0,23,23:00:00
2024-11-05,7.6,0,0,0:00:00
2024-11-05,7.2,0,1,1:00:00
2024-11-05,7,0,2,2:00:00
2024-11-05,6.7,0,3,3:00:00
2024-11-05,6.6,0,4,4:00:00
2024-11-05,6.3,0,5,5:00:00
2024-11-05,6.4,0,6,6:00:00
2024-11-05,5.2,0,7,7:00:00
2024-11-05,5.4,0,8,8:00:00
2024-11-05,5,0,9,9:00:00
2024-11-05,4.9,0,10,10:00:00
2024-11-05,5.2,0,11,11:00:00
2024-11-05,6,0,12,12:00:00
2024-11-05,7.4,0,13,13:00:00
2024-11-05,8.3,0,14,14:00:00
2024-11-05,10.3,0,15,15:00:00
2024-11-05,10,0,16,16:00:00
2024-11-05,9.4,0,17,17:00:00
2024-11-05,9,0,18,18:00:00
2024-11-05,7.2,0,19,19:00:00
2024-11-05,6.2,0,20,20:00:00
2024-11-05,5.7,0,21,21:00:00
2024-11-05,5.4,0,22,22:00:00
2024-11-05,4.1,0,23,23:00:00
2024-11-06,3.6,0,0,0:00:00
2024-11-06,4.6,0,1,1:00:00
2024-11-06,2.6,0,2,2:00:00
2024-11-06,3,0,3,3:00:00
2024-11-06,3.6,0,4,4:00:00
2024-11-06,2.3,0,5,5:00:00
2024-11-06,2.4,0,6,6:00:00
2024-11-06,2.9,0,7,7:00:00
2024-11-06,0.5,0,8,8:00:00
2024-11-06,1.8,0,9,9:00:00
2024-11-06,3.9,0,10,10:00:00
2024-11-06,3.7,0,11,11:00:00
2024-11-06,4.5,0,12,12:00:00
2024-11-06,6.3,0,13,13:00:00
2024-11-06,7.9,0,14,14:00:00
2024-11-06,6.9,0,15,15:00:00
2024-11-06,7.1,0,16,16:00:00
2024-11-06,8.4,0,17,17:00:00
2024-11-06,7,0,18,18:00:00
2024-11-06,7,0,19,19:00:00
2024-11-06,7.6,0,20,20:00:00
2024-11-06,7.1,0,21,21:00:00
2024-11-06,6.9,0,22,22:00:00
2024-11-06,7.6,0,23,23:00:00
2024-11-07,7.3,0,0,0:00:00
2024-11-07,6.5,0,1,1:00:00
2024-11-07,7.4,0,2,2:00:00
2024-11-07,6.5,0,3,3:00:00
2024-11-07,6.1,0,4,4:00:00
2024-11-07,6.6,0,5,5:00:00
2024-11-07,6.1,0,6,6:00:00
2024-11-07,5.4,0,7,7:00:00
2024-11-07,6.2,0,8,8:00:00
2024-11-07,5.6,0,9,9:00:00
2024-11-07,5.3,0,10,10:00:00
2024-11-07,5.6,0,11,11:00:00
2024-11-07,5.6,0,12,12:00:00
2024-11-07,5,0,13,13:00:00
2024-11-07,5.6,0,14,14:00:00
2024-11-07,5.7,0,15,15:00:00
2024-11-07,5.3,0,16,16:00:00
2024-11-07,5.7,0,17,17:00:00
2024-11-07,5.3,0,18,18:00:00
2024-11-07,5,0,19,19:00:00
2024-11-07,5.3,0,20,20:00:00
2024-11-07,4.7,0,21,21:00:00
2024-11-07,4.6,0,22,22:00:00
2024-11-07,5.1,0,23,23:00:00
2024-11-08,4.6,0,0,0:00:00
2024-11-08,4.2,0,1,1:00:00
2024-11-08,4.6,0,2,2:00:00
2024-11-08,4.4,0,3,3:00:00
2024-11-08,4.2,0,4,4:00:00
2024-11-08,4.6,0,5,5:00:00
2024-11-08,4.3,0,6,6:00:00
2024-11-08,4,0,7,7:00:00
2024-11-08,4.7,0,8,8:00:00
2024-11-08,4.4,0,9,9:00:00
2024-11-08,4,0,10,10:00:00
2024-11-08,4.4,0,11,11:00:00
2024-11-08,4.6,0,12,12:00:00
2024-11-08,4.5,0,13,13:00:00
2024-11-08,4.9,0,14,14:00:00
2024-11-08,5.2,0,15,15:00:00
2024-11-08,4.9,0,16,16:00:00
2024-11-08,4.9,0,17,17:00:00
2024-11-08,5.1,0,18,18:00:00
2024-11-08,5.3,0,19,19:00:00
2024-11-08,5.1,0,20,20:00:00
2024-11-08,5.3,0,21,21:00:00
2024-11-08,5.5,0,22,22:00:00
2024-11-08,4.7,0,23,23:00:00
2024-11-09,5,0,0,0:00:00
2024-11-09,5.5,0,1,1:00:00
2024-11-09,5.4,0,2,2:00:00
2024-11-09,5.4,0,3,3:00:00
2024-11-09,5.3,0,4,4:00:00
2024-11-09,5.3,0,5,5:00:00
2024-11-09,5.5,0,6,6:00:00
2024-11-09,5.5,0,7,7:00:00
2024-11-09,5.5,0,8,8:00:00
2024-11-09,4.6,0,9,9:00:00
2024-11-09,6.2,0,10,10:00:00
2024-11-09,6.5,0,11,11:00:00
2024-11-09,5.7,0,12,12:00:00
2024-11-09,7.6,0,13,13:00:00
2024-11-09,8.6,0,14,14:00:00
2024-11-09,8,0,15,15:00:00
2024-11-09,8.1,0,16,16:00:00
2024-11-09,8.5,0,17,17:00:00
2024-11-09,7.7,0,18,18:00:00
2024-11-09,7.7,0,19,19:00:00
2024-11-09,6.9,0,20,20:00:00
2024-11-09,7,0,21,21:00:00
2024-11-09,7.2,0,22,22:00:00
2024-11-09,6.6,0,23,23:00:00
2024-11-10,7,0,0,0:00:00
2024-11-10,6.9,0,1,1:00:00
2024-11-10,6.3,0,2,2:00:00
2024-11-10,7.1,0,3,3:00:00
2024-11-10,7,0,4,4:00:00
2024-11-10,6.4,0,5,5:00:00
2024-11-10,7.2,0.1,6,6:00:00
2024-11-10,7.1,0,7,7:00:00
2024-11-10,6.6,0,8,8:00:00
2024-11-10,6.6,0,9,9:00:00
2024-11-10,7.3,0,10,10:00:00
2024-11-10,6.6,0,11,11:00:00
2024-11-10,7.7,0,12,12:00:00
2024-11-10,9,0,13,13:00:00
2024-11-10,8.2,0,14,14:00:00
2024-11-10,8.6,0,15,15:00:00
2024-11-10,9.7,0,16,16:00:00
2024-11-10,8.7,0,17,17:00:00
2024-11-10,8.6,0,18,18:00:00
2024-11-10,9.2,0.1,19,19:00:00
2024-11-10,8.8,0.1,20,20:00:00
2024-11-10,8.4,0,21,21:00:00
2024-11-10,8.9,0,22,22:00:00
2024-11-10,8.6,0,23,23:00:00
2024-11-11,8.4,0,0,0:00:00
2024-11-11,8.8,0,1,1:00:00
2024-11-11,8.5,0,2,2:00:00
2024-11-11,8.6,0,3,3:00:00
2024-11-11,8.7,0,4,4:00:00
2024-11-11,8.2,0,5,5:00:00
2024-11-11,8.5,0.1,6,6:00:00
2024-11-11,8.4,1.9,7,7:00:00
2024-11-11,8.1,0.3,8,8:00:00
2024-11-11,7.9,0.9,9,9:00:00
2024-11-11,9.6,0,10,10:00:00
2024-11-11,10.2,0,11,11:00:00
2024-11-11,10.9,0,12,12:00:00
2024-11-11,11.6,0,13,13:00:00
2024-11-11,9.7,0.9,14,14:00:00
2024-11-11,10,0.8,15,15:00:00
2024-11-11,9.4,0.2,16,16:00:00
2024-11-11,9.9,2.2,17,17:00:00
2024-11-11,10.1,0.1,18,18:00:00
2024-11-11,10.1,1,19,19:00:00
2024-11-11,9.8,0.5,20,20:00:00
2024-11-11,9.6,0.7,21,21:00:00
2024-11-11,9.3,0.1,22,22:00:00
2024-11-11,9.4,4.1,23,23:00:00
2024-11-12,9.4,0.5,0,0:00:00
2024-11-12,9.3,0.3,1,1:00:00
2024-11-12,9.2,0.5,2,2:00:00
2024-11-12,8.7,0,3,3:00:00
2024-11-12,8.4,0,4,4:00:00
2024-11-12,8.2,0,5,5:00:00
2024-11-12,8,0,6,6:00:00
2024-11-12,8.3,0,7,7:00:00
2024-11-12,7.9,0,8,8:00:00
2024-11-12,6.4,0,9,9:00:00
2024-11-12,7.7,0,10,10:00:00
2024-11-12,7,0,11,11:00:00
2024-11-12,7.5,0,12,12:00:00
2024-11-12,8.7,0,13,13:00:00
2024-11-12,9.9,0,14,14:00:00
2024-11-12,9.8,0,15,15:00:00
2024-11-12,9.5,0,16,16:00:00
2024-11-12,9.1,0,17,17:00:00
2024-11-12,9.4,0,18,18:00:00
2024-11-12,7,0,19,19:00:00
2024-11-12,6.8,0,20,20:00:00
2024-11-12,6.7,0,21,21:00:00
2024-11-12,8.1,0,22,22:00:00
2024-11-12,7.8,0,23,23:00:00
2024-11-13,6.9,0,0,0:00:00
2024-11-13,7.9,0,1,1:00:00
2024-11-13,7.2,0,2,2:00:00
2024-11-13,6.4,0,3,3:00:00
2024-11-13,7.2,0,4,4:00:00
2024-11-13,6.6,0,5,5:00:00
2024-11-13,6.1,0,6,6:00:00
2024-11-13,6.2,0,7,7:00:00
2024-11-13,6.7,0,8,8:00:00
2024-11-13,6.4,0,9,9:00:00
2024-11-13,7.1,0,10,10:00:00
2024-11-13,7.3,0.1,11,11:00:00
2024-11-13,7.9,0,12,12:00:00
2024-11-13,7.8,0,13,13:00:00
2024-11-13,8.7,0,14,14:00:00
2024-11-13,9.5,0,15,15:00:00
2024-11-13,9.4,0,16,16:00:00
2024-11-13,9.9,0,17,17:00:00
2024-11-13,10.2,0,18,18:00:00
2024-11-13,9.9,0,19,19:00:00
2024-11-13,10,0,20,20:00:00
2024-11-13,10.1,0,21,21:00:00
2024-11-13,9.9,0,22,22:00:00
2024-11-13,10.1,0.1,23,23:00:00
2024-11-14,9.8,0,0,0:00:00
2024-11-14,9.7,0.2,1,1:00:00
2024-11-14,10.1,0,2,2:00:00
2024-11-14,10.2,0,3,3:00:00
2024-11-14,10.3,0,4,4:00:00
2024-11-14,10.8,0,5,5:00:00
2024-11-14,10.4,0,6,6:00:00
2024-11-14,9.7,0,7,7:00:00
2024-11-14,9.8,0,8,8:00:00
2024-11-14,9.9,0,9,9:00:00
2024-11-14,9.2,0,10,10:00:00
2024-11-14,10,0,11,11:00:00
2024-11-14,10.1,0,12,12:00:00
2024-11-14,10.5,0,13,13:00:00
2024-11-14,11.1,0,14,14:00:00
2024-11-14,10.7,0,15,15:00:00
2024-11-14,10.8,0,16,16:00:00
2024-11-14,10.6,0,17,17:00:00
2024-11-14,10.1,0,18,18:00:00
2024-11-14,9.9,0,19,19:00:00
2024-11-14,9.6,0,20,20:00:00
2024-11-14,9.3,0,21,21:00:00
2024-11-14,9.3,0,22,22:00:00
2024-11-14,8,0,23,23:00:00
2024-11-15,8.2,0,0,0:00:00
2024-11-15,7.9,0,1,1:00:00
2024-11-15,8.1,0,2,2:00:00
2024-11-15,8.1,0,3,3:00:00
2024-11-15,7.2,0,4,4:00:00
2024-11-15,8.3,0,5,5:00:00
2024-11-15,8.4,0,6,6:00:00
2024-11-15,8,0,7,7:00:00
2024-11-15,8.5,0,8,8:00:00
2024-11-15,8.5,0,9,9:00:00
2024-11-15,8.3,0,10,10:00:00
2024-11-15,8.6,0,11,11:00:00
2024-11-15,9.4,0,12,12:00:00
2024-11-15,10.3,0,13,13:00:00
2024-11-15,10.7,0,14,14:00:00
2024-11-15,9.9,0,15,15:00:00
2024-11-15,10.5,0,16,16:00:00
2024-11-15,10.1,0,17,17:00:00
2024-11-15,9.3,0,18,18:00:00
2024-11-15,9.6,0,19,19:00:00
2024-11-15,8.6,0,20,20:00:00
2024-11-15,7.1,0,21,21:00:00
2024-11-15,8.5,0,22,22:00:00
2024-11-15,7.7,0,23,23:00:00
2024-11-16,6.5,0,0,0:00:00
2024-11-16,7,0,1,1:00:00
2024-11-16,6.7,0,2,2:00:00
2024-11-16,7.3,0,3,3:00:00
2024-11-16,7.1,0,4,4:00:00
2024-11-16,7.4,0,5,5:00:00
2024-11-16,7.6,0,6,6:00:00
2024-11-16,7.5,0,7,7:00:00
2024-11-16,7.8,0,8,8:00:00
2024-11-16,7.5,0,9,9:00:00
2024-11-16,7.8,0,10,10:00:00
2024-11-16,7.9,0,11,11:00:00
2024-11-16,7.8,0,12,12:00:00
2024-11-16,7.9,0,13,13:00:00
2024-11-16,8,0,14,14:00:00
2024-11-16,7.9,0,15,15:00:00
2024-11-16,7.5,0,16,16:00:00
2024-11-16,7.4,0,17,17:00:00
2024-11-16,7.5,0.1,18,18:00:00
2024-11-16,7.4,0.2,19,19:00:00
2024-11-16,7.4,0.1,20,20:00:00
2024-11-16,7.5,0.4,21,21:00:00
2024-11-16,7.1,0.6,22,22:00:00
2024-11-16,7.6,0.9,23,23:00:00
2024-11-17,7.6,0.7,0,0:00:00
2024-11-17,7.8,0.1,1,1:00:00
2024-11-17,8.1,0,2,2:00:00
2024-11-17,7.8,0,3,3:00:00
2024-11-17,8.1,0,4,4:00:00
2024-11-17,7.8,0,5,5:00:00
2024-11-17,8.2,0,6,6:00:00
2024-11-17,7.4,0.3,7,7:00:00
2024-11-17,7.1,0,8,8:00:00
2024-11-17,6.6,0,9,9:00:00
2024-11-17,6.6,0,10,10:00:00
2024-11-17,6.6,0,11,11:00:00
2024-11-17,7.7,0,12,12:00:00
2024-11-17,8,0,13,13:00:00
2024-11-17,8.2,0,14,14:00:00
2024-11-17,6.7,2.2,15,15:00:00
2024-11-17,6.9,2.9,16,16:00:00
2024-11-17,5.7,0.1,17,17:00:00
2024-11-17,5.3,0,18,18:00:00
2024-11-17,5.7,0.7,19,19:00:00
2024-11-17,4.8,0.1,20,20:00:00
2024-11-17,4.7,0,21,21:00:00
2024-11-17,4.4,0.1,22,22:00:00
2024-11-17,4.2,0.1,23,23:00:00
2024-11-18,4.3,0.4,0,0:00:00
2024-11-18,4.5,0.1,1,1:00:00
2024-11-18,4.1,2.8,2,2:00:00
2024-11-18,4.4,0,3,3:00:00
2024-11-18,3.4,0,4,4:00:00
2024-11-18,3.9,0,5,5:00:00
2024-11-18,4.6,2,6,6:00:00
2024-11-18,3.3,0,7,7:00:00
2024-11-18,2.8,0,8,8:00:00
2024-11-18,3.4,0,9,9:00:00
2024-11-18,3.3,0,10,10:00:00
2024-11-18,3.6,0,11,11:00:00
2024-11-18,5.2,0,12,12:00:00
2024-11-18,6.3,0.1,13,13:00:00
2024-11-18,6.8,0,14,14:00:00
2024-11-18,7.6,0,15,15:00:00
2024-11-18,7.2,0,16,16:00:00
2024-11-18,6.4,0,17,17:00:00
2024-11-18,5.4,0,18,18:00:00
2024-11-18,4.3,0,19,19:00:00
2024-11-18,3.9,0,20,20:00:00
2024-11-18,3.7,0,21,21:00:00
2024-11-18,2.9,0,22,22:00:00
2024-11-18,3.4,0,23,23:00:00
2024-11-19,3.4,0,0,0:00:00
2024-11-19,3.4,0,1,1:00:00
2024-11-19,3.5,0,2,2:00:00
2024-11-19,3.7,0.1,3,3:00:00
2024-11-19,3.6,0.3,4,4:00:00
2024-11-19,3.2,0.4,5,5:00:00
2024-11-19,3.6,1.8,6,6:00:00
2024-11-19,3,2.6,7,7:00:00
2024-11-19,1.4,2.9,8,8:00:00
2024-11-19,1.7,2.3,9,9:00:00
2024-11-19,0.9,1.9,10,10:00:00
2024-11-19,1.2,0.5,11,11:00:00
2024-11-19,2,0.1,12,12:00:00
2024-11-19,1.5,0,13,13:00:00
2024-11-19,2.1,0,14,14:00:00
2024-11-19,2.7,0.3,15,15:00:00
2024-11-19,1.5,0,16,16:00:00
2024-11-19,2.8,0,17,17:00:00
2024-11-19,2.4,0,18,18:00:00
2024-11-19,2.5,0,19,19:00:00
2024-11-19,2.1,0.2,20,20:00:00
2024-11-19,1.4,0,21,21:00:00
2024-11-19,2.2,0,22,22:00:00
2024-11-19,0.8,0,23,23:00:00
2024-11-20,1.5,0,0,0:00:00
2024-11-20,0.3,0.1,1,1:00:00
2024-11-20,-0.1,0,2,2:00:00
2024-11-20,0.5,0,3,3:00:00
2024-11-20,0.6,0,4,4:00:00
2024-11-20,0.3,0,5,5:00:00
2024-11-20,1,0.1,6,6:00:00
2024-11-20,1.3,0,7,7:00:00
2024-11-20,1.6,0,8,8:00:00
2024-11-20,1.8,0.1,9,9:00:00
2024-11-20,2,0,10,10:00:00
2024-11-20,1.7,0,11,11:00:00
2024-11-20,2.6,0.7,12,12:00:00
2024-11-20,3.1,0.1,13,13:00:00
2024-11-20,1.2,0.1,14,14:00:00
2024-11-20,2.9,1,15,15:00:00
2024-11-20,2.5,0,16,16:00:00
2024-11-20,1.8,0,17,17:00:00
2024-11-20,2.2,0.1,18,18:00:00
2024-11-20,1.3,7.7,19,19:00:00
2024-11-20,1.6,0.7,20,20:00:00
2024-11-20,0.7,0,21,21:00:00
2024-11-20,0.7,0.3,22,22:00:00
2024-11-20,-0.1,0,23,23:00:00
2024-11-21,-0.3,0,0,0:00:00
2024-11-21,-0.5,0,1,1:00:00
2024-11-21,-0.3,0,2,2:00:00
2024-11-21,0.5,0,3,3:00:00
2024-11-21,1.3,0.1,4,4:00:00
2024-11-21,0.9,0.4,5,5:00:00
2024-11-21,1.4,0,6,6:00:00
2024-11-21,1.5,0,7,7:00:00
2024-11-21,0.8,0.1,8,8:00:00
2024-11-21,1,0,9,9:00:00
2024-11-21,1,0,10,10:00:00
2024-11-21,0.9,0,11,11:00:00
2024-11-21,1.1,0.4,12,12:00:00
2024-11-21,1.6,0.7,13,13:00:00
2024-11-21,1.2,0,14,14:00:00
2024-11-21,0.9,0.7,15,15:00:00
2024-11-21,2.2,1,16,16:00:00
2024-11-21,0.8,0,17,17:00:00
2024-11-21,0.6,0.5,18,18:00:00
2024-11-21,0.8,1.1,19,19:00:00
2024-11-21,0.6,0.6,20,20:00:00
2024-11-21,0.5,0.6,21,21:00:00
2024-11-21,0.7,0.1,22,22:00:00
2024-11-21,1.1,0.2,23,23:00:00
2024-11-22,0.6,0.2,0,0:00:00
2024-11-22,0.2,0,1,1:00:00
2024-11-22,0.1,0,2,2:00:00
2024-11-22,0,0,3,3:00:00
2024-11-22,-0.5,0,4,4:00:00
2024-11-22,-0.1,0,5,5:00:00
2024-11-22,0,0.5,6,6:00:00
2024-11-22,0.2,0.1,7,7:00:00
2024-11-22,0.8,0,8,8:00:00
2024-11-22,0.7,1,9,9:00:00
2024-11-22,1,0,10,10:00:00
2024-11-22,1.3,0,11,11:00:00
2024-11-22,2.5,0,12,12:00:00
2024-11-22,2.3,0.1,13,13:00:00
2024-11-22,2.7,0.2,14,14:00:00
2024-11-22,2.7,0.2,15,15:00:00
2024-11-22,2,0.5,16,16:00:00
2024-11-22,1.4,0.4,17,17:00:00
2024-11-22,2.4,0.4,18,18:00:00
2024-11-22,3.5,0,19,19:00:00
2024-11-22,2.3,0,20,20:00:00
2024-11-22,0.9,0,21,21:00:00
2024-11-22,0.7,0,22,22:00:00
2024-11-22,-0.1,0,23,23:00:00
2024-11-23,-0.5,0,0,0:00:00
2024-11-23,0.1,0,1,1:00:00
2024-11-23,-0.1,0,2,2:00:00
2024-11-23,-0.3,0,3,3:00:00
2024-11-23,1.4,0,4,4:00:00
2024-11-23,1.4,0.2,5,5:00:00
2024-11-23,0.6,0,6,6:00:00
2024-11-23,1.4,0,7,7:00:00
2024-11-23,0.8,0,8,8:00:00
2024-11-23,0.7,0,9,9:00:00
2024-11-23,1.2,0,10,10:00:00
2024-11-23,1.4,0.1,11,11:00:00
2024-11-23,1.7,0,12,12:00:00
2024-11-23,2.7,0,13,13:00:00
2024-11-23,2.4,0.1,14,14:00:00
2024-11-23,3,0.4,15,15:00:00
2024-11-23,3.9,0.6,16,16:00:00
2024-11-23,3.6,0.2,17,17:00:00
2024-11-23,3.2,0.3,18,18:00:00
2024-11-23,4.2,0.7,19,19:00:00
2024-11-23,3.9,0.8,20,20:00:00
2024-11-23,3.8,2.3,21,21:00:00
2024-11-23,3.8,3,22,22:00:00
2024-11-23,3.7,3.6,23,23:00:00
2024-11-24,4.7,3.4,0,0:00:00
2024-11-24,5.7,1.2,1,1:00:00
2024-11-24,6.2,0.8,2,2:00:00
2024-11-24,7,3.1,3,3:00:00
2024-11-24,8.2,0.2,4,4:00:00
2024-11-24,8.4,0,5,5:00:00
2024-11-24,8.3,0.5,6,6:00:00
2024-11-24,8.8,0.4,7,7:00:00
2024-11-24,8.8,0,8,8:00:00
2024-11-24,9.4,0,9,9:00:00
2024-11-24,10,0,10,10:00:00
2024-11-24,10.6,0,11,11:00:00
2024-11-24,11.8,0,12,12:00:00
2024-11-24,12.8,0,13,13:00:00
2024-11-24,13.4,0,14,14:00:00
2024-11-24,13.8,0,15,15:00:00
2024-11-24,14.2,0,16,16:00:00
2024-11-24,14.5,0,17,17:00:00
2024-11-24,14.4,0,18,18:00:00
2024-11-24,14.6,0,19,19:00:00
2024-11-24,14.2,0,20,20:00:00
2024-11-24,14.2,0,21,21:00:00
2024-11-24,13.9,0,22,22:00:00
2024-11-24,13.8,0,23,23:00:00
2024-11-25,14.1,0,0,0:00:00
2024-11-25,14.3,0,1,1:00:00
2024-11-25,13.9,0,2,2:00:00
2024-11-25,13.9,0,3,3:00:00
2024-11-25,13.5,0,4,4:00:00
2024-11-25,13.5,0,5,5:00:00
2024-11-25,13.3,0,6,6:00:00
2024-11-25,13.7,0,7,7:00:00
2024-11-25,13.5,0.1,8,8:00:00
2024-11-25,13.2,0,9,9:00:00
2024-11-25,14,0,10,10:00:00
2024-11-25,14.7,0,11,11:00:00
2024-11-25,14.7,0,12,12:00:00
2024-11-25,14.8,0.1,13,13:00:00
2024-11-25,14.1,0.3,14,14:00:00
2024-11-25,11.4,2.7,15,15:00:00
2024-11-25,8.5,1.7,16,16:00:00
2024-11-25,9.7,0.7,17,17:00:00
2024-11-25,9.4,0.3,18,18:00:00
2024-11-25,9.3,0,19,19:00:00
2024-11-25,9.6,0,20,20:00:00
2024-11-25,9.4,0,21,21:00:00
2024-11-25,9.3,0,22,22:00:00
2024-11-25,9,0,23,23:00:00
2024-11-26,8.7,0,0,0:00:00
2024-11-26,8.5,0,1,1:00:00
2024-11-26,8.3,0,2,2:00:00
2024-11-26,7.9,0,3,3:00:00
2024-11-26,7.5,0,4,4:00:00
2024-11-26,7.1,0,5,5:00:00
2024-11-26,6.4,0,6,6:00:00
2024-11-26,6.5,0,7,7:00:00
2024-11-26,6.5,0,8,8:00:00
2024-11-26,6.2,0,9,9:00:00
2024-11-26,6.4,0,10,10:00:00
2024-11-26,7.5,0,11,11:00:00
2024-11-26,8,0,12,12:00:00
2024-11-26,8.5,0,13,13:00:00
2024-11-26,9.3,0,14,14:00:00
2024-11-26,9.4,0,15,15:00:00
2024-11-26,9.2,1.9,16,16:00:00
2024-11-26,9,0.2,17,17:00:00
2024-11-26,7.7,0.8,18,18:00:00
2024-11-26,7.3,0,19,19:00:00
2024-11-26,6.6,0,20,20:00:00
2024-11-26,6.9,0,21,21:00:00
2024-11-26,6.8,0,22,22:00:00
2024-11-26,5.9,0,23,23:00:00
2024-11-27,5.7,0,0,0:00:00
2024-11-27,6.1,0,1,1:00:00
2024-11-27,4.1,0,2,2:00:00
2024-11-27,4.4,0,3,3:00:00
2024-11-27,4.3,0,4,4:00:00
2024-11-27,4.5,0,5,5:00:00
2024-11-27,3.9,0,6,6:00:00
2024-11-27,4.7,0,7,7:00:00
2024-11-27,5.6,0,8,8:00:00
2024-11-27,5.3,0,9,9:00:00
2024-11-27,5.6,0.7,10,10:00:00
2024-11-27,6.5,2.2,11,11:00:00
2024-11-27,6.4,1.5,12,12:00:00
2024-11-27,6.3,2.2,13,13:00:00
2024-11-27,6.9,2.4,14,14:00:00
2024-11-27,7.3,0.2,15,15:00:00
2024-11-27,8.2,0.1,16,16:00:00
2024-11-27,9.7,1.9,17,17:00:00
2024-11-27,9.9,5.9,18,18:00:00
2024-11-27,10.1,0.3,19,19:00:00
2024-11-27,10.1,0.3,20,20:00:00
2024-11-27,7.7,0,21,21:00:00
2024-11-27,7,0,22,22:00:00
2024-11-27,7.1,0,23,23:00:00
2024-11-28,6,0,0,0:00:00
2024-11-28,6.1,0.5,1,1:00:00
2024-11-28,6.2,0.8,2,2:00:00
2024-11-28,6.4,0.8,3,3:00:00
2024-11-28,6.7,0,4,4:00:00
2024-11-28,6.2,0.4,5,5:00:00
2024-11-28,6.1,1.4,6,6:00:00
2024-11-28,6.4,0,7,7:00:00
2024-11-28,6.4,0,8,8:00:00
2024-11-28,6.3,0.3,9,9:00:00
2024-11-28,6.4,0,10,10:00:00
2024-11-28,7.4,0,11,11:00:00
2024-11-28,8,0,12,12:00:00
2024-11-28,7.9,0,13,13:00:00
2024-11-28,8.2,0.2,14,14:00:00
2024-11-28,8.8,0,15,15:00:00
2024-11-28,8.3,0,16,16:00:00
2024-11-28,7.9,0,17,17:00:00
2024-11-28,7.4,0,18,18:00:00
2024-11-28,5.6,0,19,19:00:00
2024-11-28,5.2,0,20,20:00:00
2024-11-28,5.9,0,21,21:00:00
2024-11-28,3.8,0,22,22:00:00
2024-11-28,4.9,0,23,23:00:00
2024-11-29,5.1,0,0,0:00:00
2024-11-29,4.6,0,1,1:00:00
2024-11-29,6,0,2,2:00:00
2024-11-29,4.2,0,3,3:00:00
2024-11-29,4.3,0,4,4:00:00
2024-11-29,3.4,0,5,5:00:00
2024-11-29,3.5,0,6,6:00:00
2024-11-29,2.7,0,7,7:00:00
2024-11-29,1.4,0,8,8:00:00
2024-11-29,3.4,0,9,9:00:00
2024-11-29,2.9,0,10,10:00:00
2024-11-29,3.5,0,11,11:00:00
2024-11-29,3.6,0,12,12:00:00
2024-11-29,6.3,0,13,13:00:00
2024-11-29,7,0,14,14:00:00
2024-11-29,7.5,0,15,15:00:00
2024-11-29,7.3,0,16,16:00:00
2024-11-29,6.5,0,17,17:00:00
2024-11-29,5.3,0,18,18:00:00
2024-11-29,4.6,0,19,19:00:00
2024-11-29,3.8,0,20,20:00:00
2024-11-29,1.7,0,21,21:00:00
2024-11-29,2.8,0,22,22:00:00
2024-11-29,2.5,0,23,23:00:00
2024-11-30,1.5,0,0,0:00:00
2024-11-30,1.3,0,1,1:00:00
2024-11-30,1.3,0,2,2:00:00
2024-11-30,1.1,0,3,3:00:00
2024-11-30,0.7,0,4,4:00:00
2024-11-30,0.3,0,5,5:00:00
2024-11-30,0.4,0,6,6:00:00
2024-11-30,0.2,0,7,7:00:00
2024-11-30,0.3,0,8,8:00:00
2024-11-30,0.3,0,9,9:00:00
2024-11-30,0.2,0,10,10:00:00
2024-11-30,1.3,0,11,11:00:00
2024-11-30,2.7,0,12,12:00:00
2024-11-30,3.3,0,13,13:00:00
2024-11-30,4.8,0,14,14:00:00
2024-11-30,5.4,0,15,15:00:00
2024-11-30,4.9,0,16,16:00:00
2024-11-30,5.4,0,17,17:00:00
2024-11-30,4.6,0,18,18:00:00
2024-11-30,3.4,0,19,19:00:00
2024-11-30,3.5,0,20,20:00:00
2024-11-30,4.2,0,21,21:00:00
2024-11-30,4,0,22,22:00:00
2024-11-30,4,0,23,23:00:00
2024-12-01,4.4,0,0,0:00:00
2024-12-01,4.5,0,1,1:00:00
2024-12-01,4.4,0,2,2:00:00
2024-12-01,4.1,0,3,3:00:00
2024-12-01,4.5,0,4,4:00:00
2024-12-01,4.1,0,5,5:00:00
2024-12-01,4,0,6,6:00:00
2024-12-01,4.1,0,7,7:00:00
2024-12-01,3.2,0,8,8:00:00
2024-12-01,3.2,0,9,9:00:00
2024-12-01,2.9,0,10,10:00:00
2024-12-01,1.8,0,11,11:00:00
2024-12-01,2.8,0,12,12:00:00
2024-12-01,4.6,0,13,13:00:00
2024-12-01,5.1,0,14,14:00:00
2024-12-01,5.5,0,15,15:00:00
2024-12-01,6.1,0,16,16:00:00
2024-12-01,5.2,0,17,17:00:00
2024-12-01,4.3,0,18,18:00:00
2024-12-01,4.8,0,19,19:00:00
2024-12-01,4.3,0,20,20:00:00
2024-12-01,3.8,0.1,21,21:00:00
2024-12-01,4.7,0,22,22:00:00
2024-12-01,4.3,0,23,23:00:00
2024-12-02,4.6,0,0,0:00:00
2024-12-02,5.3,0,1,1:00:00
2024-12-02,5.2,0,2,2:00:00
2024-12-02,5.4,0,3,3:00:00
2024-12-02,5.8,0,4,4:00:00
2024-12-02,5.9,0,5,5:00:00
2024-12-02,6.1,0.1,6,6:00:00
2024-12-02,6.9,0,7,7:00:00
2024-12-02,7.2,1.4,8,8:00:00
2024-12-02,7.3,0.9,9,9:00:00
2024-12-02,7.9,0.2,10,10:00:00
2024-12-02,8.1,0.8,11,11:00:00
2024-12-02,8.2,0.1,12,12:00:00
2024-12-02,8.7,0,13,13:00:00
2024-12-02,9.4,0,14,14:00:00
2024-12-02,9.5,0.1,15,15:00:00
2024-12-02,9.9,0,16,16:00:00
2024-12-02,9.5,0,17,17:00:00
2024-12-02,9.5,0.5,18,18:00:00
2024-12-02,9.7,0,19,19:00:00
2024-12-02,8.8,0.1,20,20:00:00
2024-12-02,8,0,21,21:00:00
2024-12-02,7.8,0,22,22:00:00
2024-12-02,7.3,0,23,23:00:00
2024-12-03,6.7,0.4,0,0:00:00
2024-12-03,6.3,0,1,1:00:00
2024-12-03,7.1,0.2,2,2:00:00
2024-12-03,7.2,0,3,3:00:00
2024-12-03,6.9,0,4,4:00:00
2024-12-03,7.4,0,5,5:00:00
2024-12-03,7.1,0,6,6:00:00
2024-12-03,6.6,0.2,7,7:00:00
2024-12-03,6.3,1,8,8:00:00
2024-12-03,6.4,0,9,9:00:00
2024-12-03,6.2,0,10,10:00:00
2024-12-03,5.5,0,11,11:00:00
2024-12-03,6.4,0,12,12:00:00
2024-12-03,6.5,0,13,13:00:00
2024-12-03,6.8,0,14,14:00:00
2024-12-03,7.2,0,15,15:00:00
2024-12-03,6.6,0,16,16:00:00
2024-12-03,6.1,0,17,17:00:00
2024-12-03,5.7,0.1,18,18:00:00
2024-12-03,5.4,0.5,19,19:00:00
2024-12-03,4.8,0.2,20,20:00:00
2024-12-03,4.9,0,21,21:00:00
2024-12-03,4.9,0,22,22:00:00
2024-12-03,3.7,0,23,23:00:00
2024-12-04,4.3,0,0,0:00:00
2024-12-04,2.9,0,1,1:00:00
2024-12-04,2.2,0,2,2:00:00
2024-12-04,3.5,0,3,3:00:00
2024-12-04,3,0,4,4:00:00
2024-12-04,2.4,0,5,5:00:00
2024-12-04,2.7,0,6,6:00:00
2024-12-04,2,0,7,7:00:00
2024-12-04,1.2,0,8,8:00:00
2024-12-04,2.2,0,9,9:00:00
2024-12-04,2.3,0,10,10:00:00
2024-12-04,2.4,0,11,11:00:00
2024-12-04,4.2,0,12,12:00:00
2024-12-04,4.6,0,13,13:00:00
2024-12-04,5.5,0,14,14:00:00
2024-12-04,6.5,0,15,15:00:00
2024-12-04,6,0,16,16:00:00
2024-12-04,5.2,0,17,17:00:00
2024-12-04,4.2,0,18,18:00:00
2024-12-04,3.5,0,19,19:00:00
2024-12-04,3.2,0,20,20:00:00
2024-12-04,2.8,0,21,21:00:00
2024-12-04,2.1,0,22,22:00:00
2024-12-04,2,0,23,23:00:00
2024-12-05,1.5,0,0,0:00:00
2024-12-05,2.2,0,1,1:00:00
2024-12-05,2,0,2,2:00:00
2024-12-05,1.9,0,3,3:00:00
2024-12-05,2.7,0,4,4:00:00
2024-12-05,2.8,0,5,5:00:00
2024-12-05,3.1,0,6,6:00:00
2024-12-05,3.6,0,7,7:00:00
2024-12-05,3.5,0,8,8:00:00
2024-12-05,3.7,0,9,9:00:00
2024-12-05,3.7,0,10,10:00:00
2024-12-05,3.9,0,11,11:00:00
2024-12-05,4.3,0,12,12:00:00
2024-12-05,4.7,0.6,13,13:00:00
2024-12-05,4.6,2.7,14,14:00:00
2024-12-05,4.5,1.5,15,15:00:00
2024-12-05,4.6,0.8,16,16:00:00
2024-12-05,5,0.1,17,17:00:00
2024-12-05,4.7,0.2,18,18:00:00
2024-12-05,5.1,0,19,19:00:00
2024-12-05,5.3,0.1,20,20:00:00
2024-12-05,5.2,0,21,21:00:00
2024-12-05,5,0,22,22:00:00
2024-12-05,5.5,0.9,23,23:00:00
2024-12-06,6,2.5,0,0:00:00
2024-12-06,6.2,1.2,1,1:00:00
2024-12-06,6.5,2.1,2,2:00:00
2024-12-06,6.9,2.1,3,3:00:00
2024-12-06,9,0.8,4,4:00:00
2024-12-06,8.9,0,5,5:00:00
2024-12-06,8.1,1.1,6,6:00:00
2024-12-06,8,0.2,7,7:00:00
2024-12-06,7.6,1.2,8,8:00:00
2024-12-06,7.6,3,9,9:00:00
2024-12-06,8.2,3.2,10,10:00:00
2024-12-06,8.8,1.9,11,11:00:00
2024-12-06,8.7,1.3,12,12:00:00
2024-12-06,8.9,0.9,13,13:00:00
2024-12-06,9.2,0.3,14,14:00:00
2024-12-06,9.4,0,15,15:00:00
2024-12-06,8.7,0.7,16,16:00:00
2024-12-06,9,0,17,17:00:00
2024-12-06,8.9,0,18,18:00:00
2024-12-06,8.2,0,19,19:00:00
2024-12-06,7.9,0,20,20:00:00
2024-12-06,7,0,21,21:00:00
2024-12-06,6.1,0,22,22:00:00
2024-12-06,5.2,0,23,23:00:00
2024-12-07,4.6,0,0,0:00:00
2024-12-07,4.6,0,1,1:00:00
2024-12-07,5.5,0,2,2:00:00
2024-12-07,5,0,3,3:00:00
2024-12-07,4.8,0,4,4:00:00
2024-12-07,4.8,0,5,5:00:00
2024-12-07,4.9,0.3,6,6:00:00
2024-12-07,5.4,0.2,7,7:00:00
2024-12-07,5.3,0.9,8,8:00:00
2024-12-07,5.3,2.1,9,9:00:00
2024-12-07,5.6,0.6,10,10:00:00
2024-12-07,6.2,0,11,11:00:00
2024-12-07,6.9,0.1,12,12:00:00
2024-12-07,7.3,0,13,13:00:00
2024-12-07,8.6,0,14,14:00:00
2024-12-07,8.7,0.1,15,15:00:00
2024-12-07,8.8,0,16,16:00:00
2024-12-07,8.5,0.3,17,17:00:00
2024-12-07,7.8,0,18,18:00:00
2024-12-07,7.5,0,19,19:00:00
2024-12-07,7.2,0,20,20:00:00
2024-12-07,6.8,0,21,21:00:00
2024-12-07,6.8,0,22,22:00:00
2024-12-07,6.8,0,23,23:00:00
2024-12-08,6.9,0.1,0,0:00:00
2024-12-08,6.8,0,1,1:00:00
2024-12-08,7,0,2,2:00:00
2024-12-08,6.8,0.3,3,3:00:00
2024-12-08,6.7,0.2,4,4:00:00
2024-12-08,6,0.3,5,5:00:00
2024-12-08,5.8,0.4,6,6:00:00
2024-12-08,5.8,0.7,7,7:00:00
2024-12-08,6,0.4,8,8:00:00
2024-12-08,6,0,9,9:00:00
2024-12-08,5.6,0,10,10:00:00
2024-12-08,5.3,0,11,11:00:00
2024-12-08,5,0,12,12:00:00
2024-12-08,5.4,0,13,13:00:00
2024-12-08,4.2,0,14,14:00:00
2024-12-08,4.9,0,15,15:00:00
2024-12-08,4.8,0,16,16:00:00
2024-12-08,5.1,0,17,17:00:00
2024-12-08,5.5,0,18,18:00:00
2024-12-08,6.3,0,19,19:00:00
2024-12-08,6,0,20,20:00:00
2024-12-08,5.9,0,21,21:00:00
2024-12-08,6,0,22,22:00:00
2024-12-08,5.7,0,23,23:00:00
2024-12-09,5.6,0,0,0:00:00
2024-12-09,5.2,0,1,1:00:00
2024-12-09,5.3,0.8,2,2:00:00
2024-12-09,5.5,0.1,3,3:00:00
2024-12-09,5.2,0,4,4:00:00
2024-12-09,5.2,0.1,5,5:00:00
2024-12-09,4.7,0,6,6:00:00
2024-12-09,5,0,7,7:00:00
2024-12-09,5.2,0,8,8:00:00
2024-12-09,4.9,0,9,9:00:00
2024-12-09,5.2,0,10,10:00:00
2024-12-09,5.4,0.2,11,11:00:00
2024-12-09,5.3,0.1,12,12:00:00
2024-12-09,5.5,0.1,13,13:00:00
2024-12-09,5.4,0.3,14,14:00:00
2024-12-09,5.2,0.2,15,15:00:00
2024-12-09,5.2,0,16,16:00:00
2024-12-09,5.4,0,17,17:00:00
2024-12-09,5.1,0,18,18:00:00
2024-12-09,5.1,0.1,19,19:00:00
2024-12-09,4.9,0.1,20,20:00:00
2024-12-09,4.9,0,21,21:00:00
2024-12-09,5.3,0,22,22:00:00
2024-12-09,5.1,0.1,23,23:00:00
2024-12-10,5,0,0,0:00:00
2024-12-10,4.8,0,1,1:00:00
2024-12-10,4.7,0,2,2:00:00
2024-12-10,4.8,0.1,3,3:00:00
2024-12-10,4.6,0,4,4:00:00
2024-12-10,4.5,0,5,5:00:00
2024-12-10,4.6,0,6,6:00:00
2024-12-10,4.6,0,7,7:00:00
2024-12-10,4.6,0,8,8:00:00
2024-12-10,4.4,0,9,9:00:00
2024-12-10,4.7,0,10,10:00:00
2024-12-10,4.7,0,11,11:00:00
2024-12-10,4.6,0,12,12:00:00
2024-12-10,4.8,0,13,13:00:00
2024-12-10,5.1,0.1,14,14:00:00
2024-12-10,4.9,0,15,15:00:00
2024-12-10,4.7,0,16,16:00:00
2024-12-10,4.9,0,17,17:00:00
2024-12-10,4.7,0,18,18:00:00
2024-12-10,4.7,0,19,19:00:00
2024-12-10,4.5,0,20,20:00:00
2024-12-10,4.5,0,21,21:00:00
2024-12-10,4.5,0,22,22:00:00
2024-12-10,4.5,0,23,23:00:00
2024-12-11,4.4,0,0,0:00:00
2024-12-11,4.2,0,1,1:00:00
2024-12-11,4.3,0,2,2:00:00
2024-12-11,4.3,0,3,3:00:00
2024-12-11,3.8,0,4,4:00:00
2024-12-11,3.8,0,5,5:00:00
2024-12-11,4,0,6,6:00:00
2024-12-11,3.6,0,7,7:00:00
2024-12-11,3.6,0,8,8:00:00
2024-12-11,3.7,0,9,9:00:00
2024-12-11,3.3,0,10,10:00:00
2024-12-11,3.6,0,11,11:00:00
2024-12-11,3.8,0,12,12:00:00
2024-12-11,3.8,0,13,13:00:00
2024-12-11,4.4,0,14,14:00:00
2024-12-11,4.2,0,15,15:00:00
2024-12-11,4.1,0,16,16:00:00
2024-12-11,4.2,0,17,17:00:00
2024-12-11,2.8,0,18,18:00:00
2024-12-11,3.2,0,19,19:00:00
2024-12-11,3.5,0,20,20:00:00
2024-12-11,2.5,0,21,21:00:00
2024-12-11,2.8,0,22,22:00:00
2024-12-11,3.2,0,23,23:00:00
2024-12-12,2.9,0,0,0:00:00
2024-12-12,2.8,0,1,1:00:00
2024-12-12,3.1,0,2,2:00:00
2024-12-12,3.2,0,3,3:00:00
2024-12-12,3,0,4,4:00:00
2024-12-12,3.3,0,5,5:00:00
2024-12-12,3.3,0,6,6:00:00
2024-12-12,2.9,0,7,7:00:00
2024-12-12,3.3,0,8,8:00:00
2024-12-12,4,0,9,9:00:00
2024-12-12,3.6,0,10,10:00:00
2024-12-12,4.2,0,11,11:00:00
2024-12-12,4,0,12,12:00:00
2024-12-12,4.7,0,13,13:00:00
2024-12-12,4.5,0,14,14:00:00
2024-12-12,4.4,0,15,15:00:00
2024-12-12,4.8,0,16,16:00:00
2024-12-12,4.7,0,17,17:00:00
2024-12-12,4.3,0,18,18:00:00
2024-12-12,4.3,0,19,19:00:00
2024-12-12,4.3,0,20,20:00:00
2024-12-12,3.5,0,21,21:00:00
2024-12-12,3.5,0,22,22:00:00
2024-12-12,3.6,0,23,23:00:00
2024-12-13,3.3,0,0,0:00:00
2024-12-13,3.3,0,1,1:00:00
2024-12-13,3.4,0,2,2:00:00
2024-12-13,3.3,0,3,3:00:00
2024-12-13,3.2,0,4,4:00:00
2024-12-13,3.1,0,5,5:00:00
2024-12-13,3.3,0,6,6:00:00
2024-12-13,3,0,7,7:00:00
2024-12-13,3.3,0,8,8:00:00
2024-12-13,3.1,0,9,9:00:00
2024-12-13,2.8,0,10,10:00:00
2024-12-13,3,0,11,11:00:00
2024-12-13,2.9,0,12,12:00:00
2024-12-13,2.6,0,13,13:00:00
2024-12-13,2.6,0,14,14:00:00
2024-12-13,2.3,0,15,15:00:00
2024-12-13,2.1,0,16,16:00:00
2024-12-13,2.1,0,17,17:00:00
2024-12-13,2,0,18,18:00:00
2024-12-13,1.4,0,19,19:00:00
2024-12-13,1.7,0,20,20:00:00
2024-12-13,0,0,21,21:00:00
2024-12-13,0,0,22,22:00:00
2024-12-13,0.3,0,23,23:00:00
2024-12-14,-0.9,0,0,0:00:00
2024-12-14,0,0,1,1:00:00
2024-12-14,0.1,0,2,2:00:00
2024-12-14,-1.6,0,3,3:00:00
2024-12-14,-0.1,0,4,4:00:00
2024-12-14,0.2,0,5,5:00:00
2024-12-14,-0.4,0,6,6:00:00
2024-12-14,0.2,0,7,7:00:00
2024-12-14,0.8,0,8,8:00:00
2024-12-14,0.6,0,9,9:00:00
2024-12-14,1.1,0,10,10:00:00
2024-12-14,1.5,0,11,11:00:00
2024-12-14,1.7,0,12,12:00:00
2024-12-14,2,0,13,13:00:00
2024-12-14,2.8,0.3,14,14:00:00
2024-12-14,2.7,0,15,15:00:00
2024-12-14,3.3,0,16,16:00:00
2024-12-14,3.8,0,17,17:00:00
2024-12-14,3.3,0.4,18,18:00:00
2024-12-14,4.1,0.5,19,19:00:00
2024-12-14,4.4,0.3,20,20:00:00
2024-12-14,3.7,0,21,21:00:00
2024-12-14,3.8,0,22,22:00:00
2024-12-14,2.8,0,23,23:00:00
2024-12-15,3.8,0,0,0:00:00
2024-12-15,4.3,0,1,1:00:00
2024-12-15,3.9,0.2,2,2:00:00
2024-12-15,3.7,0,3,3:00:00
2024-12-15,3.3,0,4,4:00:00
2024-12-15,2.5,0,5,5:00:00
2024-12-15,3.7,0,6,6:00:00
2024-12-15,3.7,0,7,7:00:00
2024-12-15,3.3,0,8,8:00:00
2024-12-15,3.5,0,9,9:00:00
2024-12-15,5,0,10,10:00:00
2024-12-15,4.5,0,11,11:00:00
2024-12-15,5,0.2,12,12:00:00
2024-12-15,6.5,0.1,13,13:00:00
2024-12-15,6.5,0.1,14,14:00:00
2024-12-15,6.9,0.2,15,15:00:00
2024-12-15,6.9,0,16,16:00:00
2024-12-15,7.1,0,17,17:00:00
2024-12-15,7.6,0.1,18,18:00:00
2024-12-15,8.6,0,19,19:00:00
2024-12-15,9.2,0.1,20,20:00:00
2024-12-15,9.7,0.1,21,21:00:00
2024-12-15,10.1,0,22,22:00:00
2024-12-15,10.5,0.1,23,23:00:00
2024-12-16,10.6,0,0,0:00:00
2024-12-16,10.8,0.1,1,1:00:00
2024-12-16,10.7,0.2,2,2:00:00
2024-12-16,10.7,0,3,3:00:00
2024-12-16,10.6,0,4,4:00:00
2024-12-16,10.7,0,5,5:00:00
2024-12-16,10.8,0,6,6:00:00
2024-12-16,10.7,0,7,7:00:00
2024-12-16,10.9,0,8,8:00:00
2024-12-16,10.4,0,9,9:00:00
2024-12-16,10.4,0.1,10,10:00:00
2024-12-16,10.2,0,11,11:00:00
2024-12-16,10.2,0.1,12,12:00:00
2024-12-16,10.2,0.1,13,13:00:00
2024-12-16,10.3,0.1,14,14:00:00
2024-12-16,9.9,0,15,15:00:00
2024-12-16,10.1,0,16,16:00:00
2024-12-16,9.9,0,17,17:00:00
2024-12-16,9.3,0,18,18:00:00
2024-12-16,9.5,0,19,19:00:00
2024-12-16,9.4,0,20,20:00:00
2024-12-16,8.8,0,21,21:00:00
2024-12-16,8.7,0,22,22:00:00
2024-12-16,9,0,23,23:00:00
2024-12-17,9.2,0,0,0:00:00
2024-12-17,9.5,0,1,1:00:00
2024-12-17,9.2,0,2,2:00:00
2024-12-17,9.6,0,3,3:00:00
2024-12-17,9.5,0,4,4:00:00
2024-12-17,9.2,0,5,5:00:00
2024-12-17,9,0,6,6:00:00
2024-12-17,8.9,0,7,7:00:00
2024-12-17,9,0,8,8:00:00
2024-12-17,8.7,0,9,9:00:00
2024-12-17,8.6,0,10,10:00:00
2024-12-17,8.6,0,11,11:00:00
2024-12-17,9,0,12,12:00:00
2024-12-17,9.2,0,13,13:00:00
2024-12-17,8.7,0,14,14:00:00
2024-12-17,9.3,0,15,15:00:00
2024-12-17,9.1,0,16,16:00:00
2024-12-17,8.5,0,17,17:00:00
2024-12-17,8.2,0,18,18:00:00
2024-12-17,8.4,0,19,19:00:00
2024-12-17,8.1,0,20,20:00:00
2024-12-17,7.6,0,21,21:00:00
2024-12-17,7.6,0,22,22:00:00
2024-12-17,7.8,0,23,23:00:00
2024-12-18,7.6,0,0,0:00:00
2024-12-18,7.3,0,1,1:00:00
2024-12-18,7.4,0,2,2:00:00
2024-12-18,6.8,0,3,3:00:00
2024-12-18,6.8,0.4,4,4:00:00
2024-12-18,6.4,0.5,5,5:00:00
2024-12-18,6.3,0,6,6:00:00
2024-12-18,6.4,0,7,7:00:00
2024-12-18,6.7,0.5,8,8:00:00
2024-12-18,6.7,0.1,9,9:00:00
2024-12-18,7.5,0.3,10,10:00:00
2024-12-18,8.2,0.2,11,11:00:00
2024-12-18,8.5,0,12,12:00:00
2024-12-18,9.5,0,13,13:00:00
2024-12-18,9.9,0,14,14:00:00
2024-12-18,11,0,15,15:00:00
2024-12-18,11.5,0,16,16:00:00
2024-12-18,11.4,0,17,17:00:00
2024-12-18,12.1,0,18,18:00:00
2024-12-18,12.3,0,19,19:00:00
2024-12-18,12.2,0,20,20:00:00
2024-12-18,11.9,0,21,21:00:00
2024-12-18,12,0.1,22,22:00:00
2024-12-18,12,0.1,23,23:00:00
2024-12-19,11.9,0.1,0,0:00:00
2024-12-19,12.1,0.3,1,1:00:00
2024-12-19,11.4,0.2,2,2:00:00
2024-12-19,11.4,0.4,3,3:00:00
2024-12-19,11.3,1.1,4,4:00:00
2024-12-19,11.5,1.6,5,5:00:00
2024-12-19,12.4,2.8,6,6:00:00
2024-12-19,12.2,2,7,7:00:00
2024-12-19,12.5,1.5,8,8:00:00
2024-12-19,11.9,0.6,9,9:00:00
2024-12-19,11.6,1.7,10,10:00:00
2024-12-19,10.5,0.6,11,11:00:00
2024-12-19,8.5,0,12,12:00:00
2024-12-19,7.7,0.4,13,13:00:00
2024-12-19,7.7,0.1,14,14:00:00
2024-12-19,6.9,1.1,15,15:00:00
2024-12-19,6.2,1.7,16,16:00:00
2024-12-19,5.9,1.6,17,17:00:00
2024-12-19,5.8,0,18,18:00:00
2024-12-19,5.4,0,19,19:00:00
2024-12-19,4.5,0,20,20:00:00
2024-12-19,4.7,0,21,21:00:00
2024-12-19,4.6,0.2,22,22:00:00
2024-12-19,5.4,0.1,23,23:00:00
2024-12-20,5.3,0,0,0:00:00
2024-12-20,5.3,0,1,1:00:00
2024-12-20,5.1,0,2,2:00:00
2024-12-20,4.9,0,3,3:00:00
2024-12-20,5.5,0.1,4,4:00:00
2024-12-20,4.4,0,5,5:00:00
2024-12-20,4.3,0,6,6:00:00
2024-12-20,3.8,0,7,7:00:00
2024-12-20,3.8,0.4,8,8:00:00
2024-12-20,3.7,0,9,9:00:00
2024-12-20,4.2,0,10,10:00:00
2024-12-20,3.9,0,11,11:00:00
2024-12-20,4.2,0,12,12:00:00
2024-12-20,5,0,13,13:00:00
2024-12-20,5.4,0,14,14:00:00
2024-12-20,6,0,15,15:00:00
2024-12-20,6,0,16,16:00:00
2024-12-20,6,0,17,17:00:00
2024-12-20,5.3,0,18,18:00:00
2024-12-20,5.7,0,19,19:00:00
2024-12-20,5.2,0,20,20:00:00
2024-12-20,3.8,0,21,21:00:00
2024-12-20,4,0,22,22:00:00
2024-12-20,4.7,0,23,23:00:00
2024-12-21,4.8,0,0,0:00:00
2024-12-21,4.8,0.3,1,1:00:00
2024-12-21,5.2,0.4,2,2:00:00
2024-12-21,5.4,0.6,3,3:00:00
2024-12-21,5.8,0.3,4,4:00:00
2024-12-21,6.4,0.2,5,5:00:00
2024-12-21,6.4,0.4,6,6:00:00
2024-12-21,6.6,0,7,7:00:00
2024-12-21,7,0,8,8:00:00
2024-12-21,7,0,9,9:00:00
2024-12-21,7.1,0,10,10:00:00
2024-12-21,7.2,0,11,11:00:00
2024-12-21,7.2,0,12,12:00:00
2024-12-21,7.4,0,13,13:00:00
2024-12-21,7.5,0.3,14,14:00:00
2024-12-21,7.5,0,15,15:00:00
2024-12-21,7.1,0.1,16,16:00:00
2024-12-21,7,0.1,17,17:00:00
2024-12-21,7.6,0.2,18,18:00:00
2024-12-21,7.7,1,19,19:00:00
2024-12-21,8.2,0.1,20,20:00:00
2024-12-21,8.3,0.4,21,21:00:00
2024-12-21,8.5,0.1,22,22:00:00
2024-12-21,8.8,0.3,23,23:00:00
2024-12-22,8.8,0.1,0,0:00:00
2024-12-22,8.1,0.4,1,1:00:00
2024-12-22,8.4,0.6,2,2:00:00
2024-12-22,6.5,0.6,3,3:00:00
2024-12-22,6.6,0,4,4:00:00
2024-12-22,6.4,0,5,5:00:00
2024-12-22,6,0,6,6:00:00
2024-12-22,5.4,1,7,7:00:00
2024-12-22,5.6,0.3,8,8:00:00
2024-12-22,4.4,1.2,9,9:00:00
2024-12-22,4.4,0,10,10:00:00
2024-12-22,4.7,1.4,11,11:00:00
2024-12-22,4.6,0,12,12:00:00
2024-12-22,4.7,0,13,13:00:00
2024-12-22,5.7,0.3,14,14:00:00
2024-12-22,4.7,0.1,15,15:00:00
2024-12-22,5.1,0.7,16,16:00:00
2024-12-22,4.6,0,17,17:00:00
2024-12-22,2.9,0,18,18:00:00
2024-12-22,3.7,0.2,19,19:00:00
2024-12-22,3.7,0,20,20:00:00
2024-12-22,2.6,0,21,21:00:00
2024-12-22,3,0,22,22:00:00
2024-12-22,3,0,23,23:00:00
2024-12-23,1.4,0,0,0:00:00
2024-12-23,2.2,0,1,1:00:00
2024-12-23,1.8,0.1,2,2:00:00
2024-12-23,2.8,0,3,3:00:00
2024-12-23,3.6,0.7,4,4:00:00
2024-12-23,3.5,0.3,5,5:00:00
2024-12-23,4.1,0.3,6,6:00:00
2024-12-23,5.5,0.3,7,7:00:00
2024-12-23,5.4,0.4,8,8:00:00
2024-12-23,6.3,0,9,9:00:00
2024-12-23,6.3,0.1,10,10:00:00
2024-12-23,6.2,0,11,11:00:00
2024-12-23,6.3,0,12,12:00:00
2024-12-23,6.5,0.1,13,13:00:00
2024-12-23,7.2,0,14,14:00:00
2024-12-23,7.4,0,15,15:00:00
2024-12-23,6.5,0,16,16:00:00
2024-12-23,6.9,0,17,17:00:00
2024-12-23,5.6,0,18,18:00:00
2024-12-23,5.4,0,19,19:00:00
2024-12-23,4.3,0,20,20:00:00
2024-12-23,3.5,0,21,21:00:00
2024-12-23,3.6,0,22,22:00:00
2024-12-23,4.4,0,23,23:00:00
2024-12-24,2.3,0,0,0:00:00
2024-12-24,3.7,0,1,1:00:00
2024-12-24,4.1,0,2,2:00:00
2024-12-24,3.4,0,3,3:00:00
2024-12-24,3.7,0.1,4,4:00:00
2024-12-24,3.4,0,5,5:00:00
2024-12-24,1.8,0,6,6:00:00
2024-12-24,2.3,0,7,7:00:00
2024-12-24,2.7,0,8,8:00:00
2024-12-24,3.4,0,9,9:00:00
2024-12-24,3.5,0,10,10:00:00
2024-12-24,3.8,0,11,11:00:00
2024-12-24,3.7,0.2,12,12:00:00
2024-12-24,4,0.3,13,13:00:00
2024-12-24,4.6,0.5,14,14:00:00
2024-12-24,4.6,0,15,15:00:00
2024-12-24,4.7,0,16,16:00:00
2024-12-24,4.6,0,17,17:00:00
2024-12-24,4.3,0.1,18,18:00:00
2024-12-24,4.4,0,19,19:00:00
2024-12-24,4.6,0,20,20:00:00
2024-12-24,4.6,0.1,21,21:00:00
2024-12-24,4.6,0.1,22,22:00:00
2024-12-24,4.8,0.1,23,23:00:00
2024-12-25,5,0,0,0:00:00
2024-12-25,5.1,0,1,1:00:00
2024-12-25,5.1,0,2,2:00:00
2024-12-25,5.5,0,3,3:00:00
2024-12-25,5.7,0,4,4:00:00
2024-12-25,5.7,0,5,5:00:00
2024-12-25,6,0,6,6:00:00
2024-12-25,6.2,0,7,7:00:00
2024-12-25,6.5,0,8,8:00:00
2024-12-25,6.5,0,9,9:00:00
2024-12-25,6.7,0,10,10:00:00
2024-12-25,6.8,0,11,11:00:00
2024-12-25,7,0,12,12:00:00
2024-12-25,7.2,0,13,13:00:00
2024-12-25,7.5,0,14,14:00:00
2024-12-25,7.5,0,15,15:00:00
2024-12-25,7.7,0,16,16:00:00
2024-12-25,7.9,0,17,17:00:00
2024-12-25,7.6,0,18,18:00:00
2024-12-25,7.6,0,19,19:00:00
2024-12-25,8,0,20,20:00:00
2024-12-25,7.7,0,21,21:00:00
2024-12-25,7.7,0,22,22:00:00
2024-12-25,7.8,0,23,23:00:00
2024-12-26,7.5,0,0,0:00:00
2024-12-26,7.6,0,1,1:00:00
2024-12-26,7.7,0,2,2:00:00
2024-12-26,7.7,0,3,3:00:00
2024-12-26,7.5,0,4,4:00:00
2024-12-26,7.5,0,5,5:00:00
2024-12-26,7.7,0,6,6:00:00
2024-12-26,7.5,0,7,7:00:00
2024-12-26,7.6,0,8,8:00:00
2024-12-26,7.6,0,9,9:00:00
2024-12-26,7.4,0,10,10:00:00
2024-12-26,7.5,0,11,11:00:00
2024-12-26,7.6,0,12,12:00:00
2024-12-26,7.3,0,13,13:00:00
2024-12-26,7.4,0,14,14:00:00
2024-12-26,7.7,0,15,15:00:00
2024-12-26,7.5,0,16,16:00:00
2024-12-26,7.3,0,17,17:00:00
2024-12-26,7.5,0,18,18:00:00
2024-12-26,7.2,0,19,19:00:00
2024-12-26,6.9,0,20,20:00:00
2024-12-26,7.2,0,21,21:00:00
2024-12-26,6.5,0,22,22:00:00
2024-12-26,6.6,0,23,23:00:00
2024-12-27,7,0,0,0:00:00
2024-12-27,6.2,0,1,1:00:00
2024-12-27,6.3,0,2,2:00:00
2024-12-27,5.6,0,3,3:00:00
2024-12-27,5.7,0,4,4:00:00
2024-12-27,5.9,0,5,5:00:00
2024-12-27,5.2,0,6,6:00:00
2024-12-27,5.4,0,7,7:00:00
2024-12-27,5.5,0,8,8:00:00
2024-12-27,4.9,0,9,9:00:00
2024-12-27,5.2,0,10,10:00:00
2024-12-27,4.6,0,11,11:00:00
2024-12-27,4.7,0,12,12:00:00
2024-12-27,4.9,0,13,13:00:00
2024-12-27,4.6,0,14,14:00:00
2024-12-27,4.9,0,15,15:00:00
2024-12-27,5,0,16,16:00:00
2024-12-27,4.4,0,17,17:00:00
2024-12-27,3.6,0,18,18:00:00
2024-12-27,3.2,0,19,19:00:00
2024-12-27,2.1,0,20,20:00:00
2024-12-27,1.1,0,21,21:00:00
2024-12-27,1.8,0,22,22:00:00
2024-12-27,0.7,0,23,23:00:00
2024-12-28,0.1,0,0,0:00:00
2024-12-28,0.8,0,1,1:00:00
2024-12-28,0.1,0,2,2:00:00
2024-12-28,-0.7,0,3,3:00:00
2024-12-28,0.1,0,4,4:00:00
2024-12-28,-0.8,0,5,5:00:00
2024-12-28,-1.2,0,6,6:00:00
2024-12-28,-1,0,7,7:00:00
2024-12-28,-1.3,0,8,8:00:00
2024-12-28,-1.5,0,9,9:00:00
2024-12-28,-1.5,0,10,10:00:00
2024-12-28,-1.5,0,11,11:00:00
2024-12-28,-1.1,0,12,12:00:00
2024-12-28,-0.8,0,13,13:00:00
2024-12-28,-0.4,0,14,14:00:00
2024-12-28,0.1,0,15,15:00:00
2024-12-28,0.1,0,16,16:00:00
2024-12-28,0.1,0,17,17:00:00
2024-12-28,0,0,18,18:00:00
2024-12-28,0.1,0,19,19:00:00
2024-12-28,-0.3,0,20,20:00:00
2024-12-28,-0.3,0,21,21:00:00
2024-12-28,-0.1,0,22,22:00:00
2024-12-28,-0.3,0,23,23:00:00
2024-12-29,-0.3,0,0,0:00:00
2024-12-29,-0.2,0,1,1:00:00
2024-12-29,-0.4,0,2,2:00:00
2024-12-29,-0.1,0,3,3:00:00
2024-12-29,-0.1,0,4,4:00:00
2024-12-29,0.4,0,5,5:00:00
2024-12-29,0.7,0,6,6:00:00
2024-12-29,0.6,0,7,7:00:00
2024-12-29,1.1,0,8,8:00:00
2024-12-29,1.1,0.1,9,9:00:00
2024-12-29,1.4,0,10,10:00:00
2024-12-29,1.6,0,11,11:00:00
2024-12-29,1.8,0,12,12:00:00
2024-12-29,2.2,0,13,13:00:00
2024-12-29,2.2,0,14,14:00:00
2024-12-29,2.6,0,15,15:00:00
2024-12-29,2.6,0,16,16:00:00
2024-12-29,2.3,0,17,17:00:00
2024-12-29,2.6,0,18,18:00:00
2024-12-29,2.4,0,19,19:00:00
2024-12-29,2.7,0,20,20:00:00
2024-12-29,2.8,0,21,21:00:00
2024-12-29,2.8,0,22,22:00:00
2024-12-29,2.9,0,23,23:00:00
2024-12-30,3.5,0,0,0:00:00
2024-12-30,3.6,0.1,1,1:00:00
2024-12-30,3.9,0,2,2:00:00
2024-12-30,3.9,0,3,3:00:00
2024-12-30,4,0.1,4,4:00:00
2024-12-30,4.1,0.1,5,5:00:00
2024-12-30,4.2,0,6,6:00:00
2024-12-30,4.5,0.1,7,7:00:00
2024-12-30,4.4,0,8,8:00:00
2024-12-30,4.5,0.1,9,9:00:00
2024-12-30,4.7,0,10,10:00:00
2024-12-30,4.4,0,11,11:00:00
2024-12-30,4.6,0,12,12:00:00
2024-12-30,4.7,0,13,13:00:00
2024-12-30,5.1,0,14,14:00:00
2024-12-30,5.3,0,15,15:00:00
2024-12-30,6.3,0,16,16:00:00
2024-12-30,6.4,0,17,17:00:00
2024-12-30,6.4,0,18,18:00:00
2024-12-30,6.6,0,19,19:00:00
2024-12-30,5.9,0,20,20:00:00
2024-12-30,6.4,0,21,21:00:00
2024-12-30,6.3,0,22,22:00:00
2024-12-30,6.1,0,23,23:00:00
2024-12-31,6.5,0,0,0:00:00
2024-12-31,6.1,0,1,1:00:00
2024-12-31,5.9,0,2,2:00:00
2024-12-31,5.8,0.1,3,3:00:00
2024-12-31,5.5,0.1,4,4:00:00
2024-12-31,5.6,0,5,5:00:00
2024-12-31,4.7,0,6,6:00:00
2024-12-31,4,0,7,7:00:00
2024-12-31,3.7,0,8,8:00:00
2024-12-31,3.4,0,9,9:00:00
2024-12-31,3.2,0,10,10:00:00
2024-12-31,2.9,0,11,11:00:00
2024-12-31,2.6,0,12,12:00:00
2024-12-31,2.3,0,13,13:00:00
2024-12-31,1.9,0,14,14:00:00
2024-12-31,1.9,0,15,15:00:00
2024-12-31,2.1,0,16,16:00:00
2024-12-31,2.1,0,17,17:00:00
2024-12-31,2.6,0,18,18:00:00
2024-12-31,2.8,0,19,19:00:00
2024-12-31,2.7,0,20,20:00:00
2024-12-31,3.7,0,21,21:00:00
2024-12-31,3.5,0,22,22:00:00
2024-12-31,3.4,0,23,23:00:00
2025-01-01,4.2,0,0,0:00:00
2025-01-01,5,0,1,1:00:00
2025-01-01,5.3,0,2,2:00:00
2025-01-01,6.4,0,3,3:00:00
2025-01-01,6.6,0,4,4:00:00
2025-01-01,7.3,0,5,5:00:00
2025-01-01,7.5,0.2,6,6:00:00
2025-01-01,6.7,0.1,7,7:00:00
2025-01-01,6.9,0.1,8,8:00:00
2025-01-01,6.9,0.1,9,9:00:00
2025-01-01,7.1,0.1,10,10:00:00
2025-01-01,6.7,0.1,11,11:00:00
2025-01-01,7.2,0.4,12,12:00:00
2025-01-01,7.1,0.6,13,13:00:00
2025-01-01,7.2,1.8,14,14:00:00
2025-01-01,7.4,0.6,15,15:00:00
2025-01-01,7.3,2,16,16:00:00
2025-01-01,7.4,1,17,17:00:00
2025-01-01,7.6,2.1,18,18:00:00
2025-01-01,7.7,3,19,19:00:00
2025-01-01,7.4,3.4,20,20:00:00
2025-01-01,5.2,1.4,21,21:00:00
2025-01-01,5.1,2.9,22,22:00:00
2025-01-01,4.9,2.5,23,23:00:00
2025-01-02,4.1,1.5,0,0:00:00
2025-01-02,5.2,1.8,1,1:00:00
2025-01-02,5.2,0,2,2:00:00
2025-01-02,4.5,0.1,3,3:00:00
2025-01-02,5.1,0,4,4:00:00
2025-01-02,4.1,0,5,5:00:00
2025-01-02,3.7,0.2,6,6:00:00
2025-01-02,2.9,0,7,7:00:00
2025-01-02,2.8,0,8,8:00:00
2025-01-02,1.6,0,9,9:00:00
2025-01-02,1.8,0,10,10:00:00
2025-01-02,1.4,0,11,11:00:00
2025-01-02,3.1,0,12,12:00:00
2025-01-02,4.3,0,13,13:00:00
2025-01-02,5,0,14,14:00:00
2025-01-02,5.6,0,15,15:00:00
2025-01-02,5.5,0,16,16:00:00
2025-01-02,4.1,0,17,17:00:00
2025-01-02,3,0,18,18:00:00
2025-01-02,2.4,0,19,19:00:00
2025-01-02,2.3,0,20,20:00:00
2025-01-02,1.1,0,21,21:00:00
2025-01-02,0.7,0,22,22:00:00
2025-01-02,1.2,0,23,23:00:00
2025-01-03,1.7,0,0,0:00:00
2025-01-03,1.2,0,1,1:00:00
2025-01-03,1.5,0.3,2,2:00:00
2025-01-03,1.8,0,3,3:00:00
2025-01-03,1,0,4,4:00:00
2025-01-03,1.6,0,5,5:00:00
2025-01-03,1.5,0,6,6:00:00
2025-01-03,1.1,0,7,7:00:00
2025-01-03,1.1,0.3,8,8:00:00
2025-01-03,1.8,0,9,9:00:00
2025-01-03,0.9,0,10,10:00:00
2025-01-03,0.8,0,11,11:00:00
2025-01-03,2.3,0,12,12:00:00
2025-01-03,1.3,1.3,13,13:00:00
2025-01-03,1.1,0.1,14,14:00:00
2025-01-03,2.2,0.2,15,15:00:00
2025-01-03,3.1,0.1,16,16:00:00
2025-01-03,3.1,0,17,17:00:00
2025-01-03,1.3,0,18,18:00:00
2025-01-03,1.6,0,19,19:00:00
2025-01-03,1,0,20,20:00:00
2025-01-03,0.2,0,21,21:00:00
2025-01-03,-0.3,0,22,22:00:00
2025-01-03,-0.7,0,23,23:00:00
2025-01-04,-0.6,0,0,0:00:00
2025-01-04,-0.6,0,1,1:00:00
2025-01-04,-0.2,0,2,2:00:00
2025-01-04,-0.3,0,3,3:00:00
2025-01-04,-0.2,0,4,4:00:00
2025-01-04,0.1,0,5,5:00:00
2025-01-04,-0.5,0,6,6:00:00
2025-01-04,0.5,0,7,7:00:00
2025-01-04,0.3,0,8,8:00:00
2025-01-04,0,0,9,9:00:00
2025-01-04,0.3,0,10,10:00:00
2025-01-04,0.3,0,11,11:00:00
2025-01-04,0.8,0,12,12:00:00
2025-01-04,1.7,0,13,13:00:00
2025-01-04,1.6,0.1,14,14:00:00
2025-01-04,2.3,0,15,15:00:00
2025-01-04,1.3,0.1,16,16:00:00
2025-01-04,2.1,0.8,17,17:00:00
2025-01-04,1.9,0,18,18:00:00
2025-01-04,1.6,0,19,19:00:00
2025-01-04,1.1,0,20,20:00:00
2025-01-04,1,0,21,21:00:00
2025-01-04,0.9,0,22,22:00:00
2025-01-04,1.1,0,23,23:00:00
2025-01-05,0.9,0,0,0:00:00
2025-01-05,0.4,0,1,1:00:00
2025-01-05,0.5,0,2,2:00:00
2025-01-05,0.5,0,3,3:00:00
2025-01-05,0.4,0,4,4:00:00
2025-01-05,0.5,0,5,5:00:00
2025-01-05,0.6,0,6,6:00:00
2025-01-05,0.6,0,7,7:00:00
2025-01-05,0.4,0,8,8:00:00
2025-01-05,0.2,0.5,9,9:00:00
2025-01-05,0.1,0.4,10,10:00:00
2025-01-05,-0.1,0.6,11,11:00:00
2025-01-05,0.1,0.4,12,12:00:00
2025-01-05,0.2,0.1,13,13:00:00
2025-01-05,0.1,0.9,14,14:00:00
2025-01-05,0.5,2,15,15:00:00
2025-01-05,1.1,2.1,16,16:00:00
2025-01-05,1.2,2.3,17,17:00:00
2025-01-05,2.2,1.3,18,18:00:00
2025-01-05,4.1,0.6,19,19:00:00
2025-01-05,5.7,0.7,20,20:00:00
2025-01-05,7.9,1.5,21,21:00:00
2025-01-05,8.9,1.3,22,22:00:00
2025-01-05,9.3,2.4,23,23:00:00
2025-01-06,10,0.5,0,0:00:00
2025-01-06,9.7,0.1,1,1:00:00
2025-01-06,9.6,1.3,2,2:00:00
2025-01-06,9.9,1.2,3,3:00:00
2025-01-06,10,0.7,4,4:00:00
2025-01-06,9.8,0,5,5:00:00
2025-01-06,10,0,6,6:00:00
2025-01-06,10.2,0,7,7:00:00
2025-01-06,10,0,8,8:00:00
2025-01-06,9.9,0,9,9:00:00
2025-01-06,10.1,0.1,10,10:00:00
2025-01-06,10.4,0,11,11:00:00
2025-01-06,10.2,0,12,12:00:00
2025-01-06,10.3,0.5,13,13:00:00
2025-01-06,10.7,0,14,14:00:00
2025-01-06,10.8,0,15,15:00:00
2025-01-06,10.9,0.1,16,16:00:00
2025-01-06,10.9,0.6,17,17:00:00
2025-01-06,7.2,0.2,18,18:00:00
2025-01-06,6.2,0.1,19,19:00:00
2025-01-06,5.4,0.2,20,20:00:00
2025-01-06,5.7,0.4,21,21:00:00
2025-01-06,5.3,0,22,22:00:00
2025-01-06,5,0.1,23,23:00:00
2025-01-07,4.5,0.1,0,0:00:00
2025-01-07,4.2,0,1,1:00:00
2025-01-07,3.9,0,2,2:00:00
2025-01-07,4.1,0,3,3:00:00
2025-01-07,4.2,0,4,4:00:00
2025-01-07,3.6,0,5,5:00:00
2025-01-07,3.8,0,6,6:00:00
2025-01-07,3.8,0,7,7:00:00
2025-01-07,3.8,0.1,8,8:00:00
2025-01-07,3.6,0,9,9:00:00
2025-01-07,3.7,0.1,10,10:00:00
2025-01-07,3.8,0,11,11:00:00
2025-01-07,3.6,0,12,12:00:00
2025-01-07,4,0.1,13,13:00:00
2025-01-07,3.7,0,14,14:00:00
2025-01-07,4.2,0,15,15:00:00
2025-01-07,3.4,0,16,16:00:00
2025-01-07,3.6,0,17,17:00:00
2025-01-07,3.1,0.1,18,18:00:00
2025-01-07,2.8,0,19,19:00:00
2025-01-07,2,0,20,20:00:00
2025-01-07,2.4,0,21,21:00:00
2025-01-07,1.4,0,22,22:00:00
2025-01-07,2.1,0,23,23:00:00
2025-01-08,2.5,0,0,0:00:00
2025-01-08,2.4,0.2,1,1:00:00
2025-01-08,2.2,0.1,2,2:00:00
2025-01-08,2.4,0,3,3:00:00
2025-01-08,2.1,0,4,4:00:00
2025-01-08,2.1,0,5,5:00:00
2025-01-08,1.7,0,6,6:00:00
2025-01-08,1.2,0,7,7:00:00
2025-01-08,0.8,0,8,8:00:00
2025-01-08,1,0,9,9:00:00
2025-01-08,0.8,0,10,10:00:00
2025-01-08,1.4,0,11,11:00:00
2025-01-08,2,0,12,12:00:00
2025-01-08,3.3,0,13,13:00:00
2025-01-08,3.7,0,14,14:00:00
2025-01-08,4.1,0,15,15:00:00
2025-01-08,3.9,0,16,16:00:00
2025-01-08,3.4,0,17,17:00:00
2025-01-08,3.1,0,18,18:00:00
2025-01-08,1.9,0,19,19:00:00
2025-01-08,1.6,0,20,20:00:00
2025-01-08,2,0,21,21:00:00
2025-01-08,1.9,0,22,22:00:00
2025-01-08,1.4,0,23,23:00:00
2025-01-09,1.9,0,0,0:00:00
2025-01-09,1.9,0.2,1,1:00:00
2025-01-09,0.8,0.1,2,2:00:00
2025-01-09,0.8,0.1,3,3:00:00
2025-01-09,0.6,0,4,4:00:00
2025-01-09,0.6,0,5,5:00:00
2025-01-09,0.5,0.1,6,6:00:00
2025-01-09,0.4,0.3,7,7:00:00
2025-01-09,0.5,0.4,8,8:00:00
2025-01-09,0.7,0,9,9:00:00
2025-01-09,0.8,0,10,10:00:00
2025-01-09,0.8,0,11,11:00:00
2025-01-09,0.9,0,12,12:00:00
2025-01-09,1.1,0,13,13:00:00
2025-01-09,2.5,0,14,14:00:00
2025-01-09,3.6,0,15,15:00:00
2025-01-09,4.1,0,16,16:00:00
2025-01-09,3.8,0,17,17:00:00
2025-01-09,3.1,0,18,18:00:00
2025-01-09,2.6,0,19,19:00:00
2025-01-09,1.6,0,20,20:00:00
2025-01-09,1,0,21,21:00:00
2025-01-09,1.4,0,22,22:00:00
2025-01-09,0.8,0,23,23:00:00
2025-01-10,0.3,0,0,0:00:00
2025-01-10,0,0,1,1:00:00
2025-01-10,0,0,2,2:00:00
2025-01-10,0.6,0,3,3:00:00
2025-01-10,0.9,0.1,4,4:00:00
2025-01-10,1.2,0,5,5:00:00
2025-01-10,1.4,0,6,6:00:00
2025-01-10,1.7,0,7,7:00:00
2025-01-10,1.5,0,8,8:00:00
2025-01-10,1.2,0,9,9:00:00
2025-01-10,1.8,0,10,10:00:00
2025-01-10,1.5,0,11,11:00:00
2025-01-10,1,0.6,12,12:00:00
2025-01-10,3.1,0,13,13:00:00
2025-01-10,3.2,0,14,14:00:00
2025-01-10,3.4,0,15,15:00:00
2025-01-10,4.1,0,16,16:00:00
2025-01-10,3.2,0.5,17,17:00:00
2025-01-10,2.9,0.1,18,18:00:00
2025-01-10,2.7,0,19,19:00:00
2025-01-10,2.4,0,20,20:00:00
2025-01-10,1.7,0.5,21,21:00:00
2025-01-10,1.2,0,22,22:00:00
2025-01-10,0,0,23,23:00:00
2025-01-11,1,0,0,0:00:00
2025-01-11,0.9,0,1,1:00:00
2025-01-11,-0.7,0,2,2:00:00
2025-01-11,-0.6,0,3,3:00:00
2025-01-11,-0.5,0,4,4:00:00
2025-01-11,-1.1,0,5,5:00:00
2025-01-11,-1.2,0,6,6:00:00
2025-01-11,-1,0,7,7:00:00
2025-01-11,0,0,8,8:00:00
2025-01-11,-0.5,0,9,9:00:00
2025-01-11,-0.8,0,10,10:00:00
2025-01-11,0.2,0,11,11:00:00
2025-01-11,1.5,0,12,12:00:00
2025-01-11,2.7,0,13,13:00:00
2025-01-11,2.7,0,14,14:00:00
2025-01-11,3.2,0,15,15:00:00
2025-01-11,3.3,0,16,16:00:00
2025-01-11,3,0,17,17:00:00
2025-01-11,2.5,0,18,18:00:00
2025-01-11,2.2,0,19,19:00:00
2025-01-11,1.5,0,20,20:00:00
2025-01-11,1.5,0,21,21:00:00
2025-01-11,1.2,0,22,22:00:00
2025-01-11,0.7,0,23,23:00:00
2025-01-12,0.9,0,0,0:00:00
2025-01-12,1.3,0,1,1:00:00
2025-01-12,0,0,2,2:00:00
2025-01-12,0.5,0,3,3:00:00
2025-01-12,0.7,0,4,4:00:00
2025-01-12,-0.3,0,5,5:00:00
2025-01-12,-0.4,0,6,6:00:00
2025-01-12,-0.3,0,7,7:00:00
2025-01-12,-0.8,0,8,8:00:00
2025-01-12,0.9,0,9,9:00:00
2025-01-12,1.5,0,10,10:00:00
2025-01-12,1.5,0,11,11:00:00
2025-01-12,2.3,0,12,12:00:00
2025-01-12,3.1,0,13,13:00:00
2025-01-12,3.7,0,14,14:00:00
2025-01-12,4.5,0,15,15:00:00
2025-01-12,5,0,16,16:00:00
2025-01-12,4.1,0,17,17:00:00
2025-01-12,3.6,0,18,18:00:00
2025-01-12,2.6,0,19,19:00:00
2025-01-12,0.9,0,20,20:00:00
2025-01-12,2.1,0,21,21:00:00
2025-01-12,1.5,0,22,22:00:00
2025-01-12,0.4,0,23,23:00:00
2025-01-13,1.4,0,0,0:00:00
2025-01-13,-0.1,0,1,1:00:00
2025-01-13,1.1,0,2,2:00:00
2025-01-13,0.8,0,3,3:00:00
2025-01-13,-1.4,0,4,4:00:00
2025-01-13,-1,0,5,5:00:00
2025-01-13,-0.1,0,6,6:00:00
2025-01-13,-1.5,0,7,7:00:00
2025-01-13,-0.6,0,8,8:00:00
2025-01-13,0.3,0,9,9:00:00
2025-01-13,-1.9,0,10,10:00:00
2025-01-13,-0.6,0,11,11:00:00
2025-01-13,0.4,0,12,12:00:00
2025-01-13,1.3,0,13,13:00:00
2025-01-13,1.8,0,14,14:00:00
2025-01-13,1.5,0,15,15:00:00
2025-01-13,2.7,0,16,16:00:00
2025-01-13,2,0,17,17:00:00
2025-01-13,1.3,0,18,18:00:00
2025-01-13,0.7,0,19,19:00:00
2025-01-13,-0.3,0,20,20:00:00
2025-01-13,-0.1,0,21,21:00:00
2025-01-13,-0.5,0,22,22:00:00
2025-01-13,-0.7,0,23,23:00:00
2025-01-14,-0.6,0,0,0:00:00
2025-01-14,-0.7,0,1,1:00:00
2025-01-14,-1.1,0,2,2:00:00
2025-01-14,-1.4,0,3,3:00:00
2025-01-14,-1.4,0,4,4:00:00
2025-01-14,-1,0,5,5:00:00
2025-01-14,-0.8,0,6,6:00:00
2025-01-14,-0.3,0,7,7:00:00
2025-01-14,-0.6,0,8,8:00:00
2025-01-14,-0.2,0,9,9:00:00
2025-01-14,-0.3,0,10,10:00:00
2025-01-14,0,0,11,11:00:00
2025-01-14,0.6,0,12,12:00:00
2025-01-14,0.9,0,13,13:00:00
2025-01-14,1.7,0,14,14:00:00
2025-01-14,1.7,0,15,15:00:00
2025-01-14,1.9,0,16,16:00:00
2025-01-14,2.3,0,17,17:00:00
2025-01-14,1.9,0,18,18:00:00
2025-01-14,2.4,0,19,19:00:00
2025-01-14,2.3,0.1,20,20:00:00
2025-01-14,2.1,0.1,21,21:00:00
2025-01-14,2.9,0,22,22:00:00
2025-01-14,3.1,0,23,23:00:00
2025-01-15,3.1,0,0,0:00:00
2025-01-15,3.8,0,1,1:00:00
2025-01-15,3.9,0,2,2:00:00
2025-01-15,4,0,3,3:00:00
2025-01-15,4.5,0,4,4:00:00
2025-01-15,5.1,0,5,5:00:00
2025-01-15,4.8,0,6,6:00:00
2025-01-15,5.1,0,7,7:00:00
2025-01-15,5.9,0,8,8:00:00
2025-01-15,5.5,0,9,9:00:00
2025-01-15,5.6,0,10,10:00:00
2025-01-15,5.8,0,11,11:00:00
2025-01-15,5.6,0,12,12:00:00
2025-01-15,6,0,13,13:00:00
2025-01-15,6.5,0,14,14:00:00
2025-01-15,6.8,0,15,15:00:00
2025-01-15,6.5,0,16,16:00:00
2025-01-15,6.5,0,17,17:00:00
2025-01-15,6.5,0,18,18:00:00
2025-01-15,6.2,0,19,19:00:00
2025-01-15,5.7,0,20,20:00:00
2025-01-15,6,0,21,21:00:00
2025-01-15,5.6,0,22,22:00:00
2025-01-15,5.2,0,23,23:00:00
2025-01-16,5.3,0,0,0:00:00
2025-01-16,5.1,0,1,1:00:00
2025-01-16,4.9,0,2,2:00:00
2025-01-16,5,0,3,3:00:00
2025-01-16,4.8,0,4,4:00:00
2025-01-16,4.7,0,5,5:00:00
2025-01-16,5.1,0.1,6,6:00:00
2025-01-16,4.4,0,7,7:00:00
2025-01-16,4.4,0,8,8:00:00
2025-01-16,4.7,0,9,9:00:00
2025-01-16,4.3,0,10,10:00:00
2025-01-16,4.2,0,11,11:00:00
2025-01-16,4.9,0,12,12:00:00
2025-01-16,4.5,0,13,13:00:00
2025-01-16,4.4,0,14,14:00:00
2025-01-16,5,0,15,15:00:00
2025-01-16,4.3,0,16,16:00:00
2025-01-16,4,0,17,17:00:00
2025-01-16,3.6,0,18,18:00:00
2025-01-16,2.8,0,19,19:00:00
2025-01-16,2,0,20,20:00:00
2025-01-16,2.2,0,21,21:00:00
2025-01-16,1.9,0,22,22:00:00
2025-01-16,1.4,0,23,23:00:00
2025-01-17,1.2,0,0,0:00:00
2025-01-17,1.1,0,1,1:00:00
2025-01-17,0.7,0,2,2:00:00
2025-01-17,0.7,0,3,3:00:00
2025-01-17,0.5,0,4,4:00:00
2025-01-17,0.3,0,5,5:00:00
2025-01-17,0.3,0,6,6:00:00
2025-01-17,0.5,0,7,7:00:00
2025-01-17,0.4,0,8,8:00:00
2025-01-17,-0.1,0,9,9:00:00
2025-01-17,0.5,0,10,10:00:00
2025-01-17,0.4,0,11,11:00:00
2025-01-17,0.3,0,12,12:00:00
2025-01-17,0.9,0,13,13:00:00
2025-01-17,1.1,0,14,14:00:00
2025-01-17,1.6,0,15,15:00:00
2025-01-17,1.4,0,16,16:00:00
2025-01-17,1.3,0,17,17:00:00
2025-01-17,1.3,0,18,18:00:00
2025-01-17,0.5,0,19,19:00:00
2025-01-17,0.2,0,20,20:00:00
2025-01-17,0.2,0,21,21:00:00
2025-01-17,0.1,0,22,22:00:00
2025-01-17,-0.4,0,23,23:00:00
2025-01-18,-0.2,0,0,0:00:00
2025-01-18,-0.2,0,1,1:00:00
2025-01-18,-0.5,0,2,2:00:00
2025-01-18,-0.5,0,3,3:00:00
2025-01-18,-1,0,4,4:00:00
2025-01-18,-1,0,5,5:00:00
2025-01-18,-0.9,0,6,6:00:00
2025-01-18,-1.1,0,7,7:00:00
2025-01-18,-1.2,0,8,8:00:00
2025-01-18,-1.2,0,9,9:00:00
2025-01-18,-1.4,0,10,10:00:00
2025-01-18,-1.5,0,11,11:00:00
2025-01-18,-0.8,0,12,12:00:00
2025-01-18,-0.2,0,13,13:00:00
2025-01-18,0.6,0,14,14:00:00
2025-01-18,1.8,0,15,15:00:00
2025-01-18,2.1,0,16,16:00:00
2025-01-18,1.6,0,17,17:00:00
2025-01-18,0.8,0,18,18:00:00
2025-01-18,0,0,19,19:00:00
2025-01-18,-0.3,0,20,20:00:00
2025-01-18,-0.8,0,21,21:00:00
2025-01-18,-1.2,0,22,22:00:00
2025-01-18,-1,0,23,23:00:00
2025-01-19,-1.5,0,0,0:00:00
2025-01-19,-2,0,1,1:00:00
2025-01-19,-1.7,0,2,2:00:00
2025-01-19,-1.4,0,3,3:00:00
2025-01-19,-2.2,0,4,4:00:00
2025-01-19,-1.8,0,5,5:00:00
2025-01-19,-1.6,0,6,6:00:00
2025-01-19,-2.5,0,7,7:00:00
2025-01-19,-1.9,0,8,8:00:00
2025-01-19,-2.1,0,9,9:00:00
2025-01-19,-2.9,0,10,10:00:00
2025-01-19,-1.3,0,11,11:00:00
2025-01-19,-1.7,0,12,12:00:00
2025-01-19,0.1,0,13,13:00:00
2025-01-19,1.9,0,14,14:00:00
2025-01-19,0,0,15,15:00:00
2025-01-19,1.5,0,16,16:00:00
2025-01-19,1.6,0,17,17:00:00
2025-01-19,-1.2,0,18,18:00:00
2025-01-19,-0.4,0,19,19:00:00
2025-01-19,-0.4,0,20,20:00:00
2025-01-19,-2.2,0,21,21:00:00
2025-01-19,-1.7,0,22,22:00:00
2025-01-19,-2.2,0,23,23:00:00
2025-01-20,-2.3,0,0,0:00:00
2025-01-20,-2.6,0,1,1:00:00
2025-01-20,-3.3,0,2,2:00:00
2025-01-20,-2.4,0,3,3:00:00
2025-01-20,-3.6,0,4,4:00:00
2025-01-20,-2.4,0,5,5:00:00
2025-01-20,-2.8,0,6,6:00:00
2025-01-20,-2,0,7,7:00:00
2025-01-20,-1.8,0,8,8:00:00
2025-01-20,-2.2,0,9,9:00:00
2025-01-20,-1.2,0,10,10:00:00
2025-01-20,-1.4,0,11,11:00:00
2025-01-20,-0.8,0,12,12:00:00
2025-01-20,-0.6,0,13,13:00:00
2025-01-20,-0.5,0,14,14:00:00
2025-01-20,-0.6,0,15,15:00:00
2025-01-20,-0.2,0,16,16:00:00
2025-01-20,-0.1,0,17,17:00:00
2025-01-20,-0.1,0,18,18:00:00
2025-01-20,-0.7,0,19,19:00:00
2025-01-20,-0.4,0,20,20:00:00
2025-01-20,-0.7,0,21,21:00:00
2025-01-20,-1.1,0,22,22:00:00
2025-01-20,-0.9,0,23,23:00:00
2025-01-21,-1.2,0,0,0:00:00
2025-01-21,-1.1,0,1,1:00:00
2025-01-21,-1,0,2,2:00:00
2025-01-21,-1.3,0,3,3:00:00
2025-01-21,-1.8,0,4,4:00:00
2025-01-21,-1.3,0,5,5:00:00
2025-01-21,-2,0,6,6:00:00
2025-01-21,-1.3,0,7,7:00:00
2025-01-21,-1.6,0,8,8:00:00
2025-01-21,-2.7,0,9,9:00:00
2025-01-21,-1.4,0,10,10:00:00
2025-01-21,-0.6,0,11,11:00:00
2025-01-21,-0.7,0,12,12:00:00
2025-01-21,0.2,0,13,13:00:00
2025-01-21,0.8,0,14,14:00:00
2025-01-21,1.4,0,15,15:00:00
2025-01-21,1.5,0,16,16:00:00
2025-01-21,1.3,0,17,17:00:00
2025-01-21,0.4,0,18,18:00:00
2025-01-21,0.8,0,19,19:00:00
2025-01-21,-0.1,0,20,20:00:00
2025-01-21,-0.7,0,21,21:00:00
2025-01-21,-0.1,0,22,22:00:00
2025-01-21,-0.2,0,23,23:00:00
2025-01-22,-0.6,0,0,0:00:00
2025-01-22,-0.7,0,1,1:00:00
2025-01-22,-0.6,0,2,2:00:00
2025-01-22,-0.5,0,3,3:00:00
2025-01-22,-0.5,0,4,4:00:00
2025-01-22,-0.5,0,5,5:00:00
2025-01-22,-0.2,0,6,6:00:00
2025-01-22,-0.4,0,7,7:00:00
2025-01-22,0,0,8,8:00:00
2025-01-22,-0.1,0,9,9:00:00
2025-01-22,0.2,0,10,10:00:00
2025-01-22,0.7,0,11,11:00:00
2025-01-22,1.2,0,12,12:00:00
2025-01-22,2.1,0,13,13:00:00
2025-01-22,2.8,0,14,14:00:00
2025-01-22,3,0,15,15:00:00
2025-01-22,2.6,0,16,16:00:00
2025-01-22,3.4,0.1,17,17:00:00
2025-01-22,2.8,0.2,18,18:00:00
2025-01-22,2.9,0,19,19:00:00
2025-01-22,3.3,0.4,20,20:00:00
2025-01-22,2.7,0,21,21:00:00
2025-01-22,2.9,0.2,22,22:00:00
2025-01-22,3.1,0.7,23,23:00:00
2025-01-23,2.7,1.1,0,0:00:00
2025-01-23,3,1.3,1,1:00:00
2025-01-23,2.9,0.8,2,2:00:00
2025-01-23,1.9,1,3,3:00:00
2025-01-23,1.7,2,4,4:00:00
2025-01-23,2.4,0.9,5,5:00:00
2025-01-23,2.5,0.5,6,6:00:00
2025-01-23,3.1,0.3,7,7:00:00
2025-01-23,3.6,0,8,8:00:00
2025-01-23,3.7,0.1,9,9:00:00
2025-01-23,4,0,10,10:00:00
2025-01-23,3.9,0,11,11:00:00
2025-01-23,4.5,0,12,12:00:00
2025-01-23,5.5,0,13,13:00:00
2025-01-23,5.7,0.1,14,14:00:00
2025-01-23,5.9,0.5,15,15:00:00
2025-01-23,6,0,16,16:00:00
2025-01-23,5,0.1,17,17:00:00
2025-01-23,4.9,0,18,18:00:00
2025-01-23,4.5,0,19,19:00:00
2025-01-23,4,0,20,20:00:00
2025-01-23,4.3,0.2,21,21:00:00
2025-01-23,3.9,0.1,22,22:00:00
2025-01-23,4.3,0.1,23,23:00:00
2025-01-24,3.7,0.1,0,0:00:00
2025-01-24,4.5,0.1,1,1:00:00
2025-01-24,5.2,0,2,2:00:00
2025-01-24,5.7,0.1,3,3:00:00
2025-01-24,5.5,0.1,4,4:00:00
2025-01-24,5.7,0,5,5:00:00
2025-01-24,5.3,0,6,6:00:00
2025-01-24,5,0,7,7:00:00
2025-01-24,5.7,0,8,8:00:00
2025-01-24,5.9,0,9,9:00:00
2025-01-24,6.3,0.1,10,10:00:00
2025-01-24,6.4,0.5,11,11:00:00
2025-01-24,6.8,0.9,12,12:00:00
2025-01-24,7.2,1.1,13,13:00:00
2025-01-24,7.2,0.8,14,14:00:00
2025-01-24,6.8,1,15,15:00:00
2025-01-24,7.1,0,16,16:00:00
2025-01-24,7.4,0,17,17:00:00
2025-01-24,7.9,0,18,18:00:00
2025-01-24,8,0,19,19:00:00
2025-01-24,7.8,0,20,20:00:00
2025-01-24,7.7,0,21,21:00:00
2025-01-24,7.6,0,22,22:00:00
2025-01-24,7.5,0,23,23:00:00
2025-01-25,7.1,0,0,0:00:00
2025-01-25,7.4,0,1,1:00:00
2025-01-25,7.1,0,2,2:00:00
2025-01-25,7.2,0,3,3:00:00
2025-01-25,7.1,0,4,4:00:00
2025-01-25,6.8,0.2,5,5:00:00
2025-01-25,6.8,0.6,6,6:00:00
2025-01-25,6.3,0.7,7,7:00:00
2025-01-25,6.3,0.9,8,8:00:00
2025-01-25,6.3,0.5,9,9:00:00
2025-01-25,5.7,1.4,10,10:00:00
2025-01-25,5.1,0.4,11,11:00:00
2025-01-25,6.2,0.6,12,12:00:00
2025-01-25,5.6,0,13,13:00:00
2025-01-25,6.9,0,14,14:00:00
2025-01-25,7.8,0,15,15:00:00
2025-01-25,7.2,0,16,16:00:00
2025-01-25,7,0,17,17:00:00
2025-01-25,6.3,0,18,18:00:00
2025-01-25,5.4,0,19,19:00:00
2025-01-25,3.9,0,20,20:00:00
2025-01-25,3.6,0,21,21:00:00
2025-01-25,3.2,0,22,22:00:00
2025-01-25,3.5,0,23,23:00:00
2025-01-26,3.8,0,0,0:00:00
2025-01-26,3.3,0,1,1:00:00
2025-01-26,3.8,0,2,2:00:00
2025-01-26,3.2,0,3,3:00:00
2025-01-26,3.2,0,4,4:00:00
2025-01-26,3.3,0,5,5:00:00
2025-01-26,3.5,0.2,6,6:00:00
2025-01-26,2.7,0.6,7,7:00:00
2025-01-26,2.9,0.4,8,8:00:00
2025-01-26,3.2,1.2,9,9:00:00
2025-01-26,2.5,0.4,10,10:00:00
2025-01-26,2.5,0.2,11,11:00:00
2025-01-26,4.2,0,12,12:00:00
2025-01-26,3.5,0,13,13:00:00
2025-01-26,4.9,0,14,14:00:00
2025-01-26,5.2,0,15,15:00:00
2025-01-26,4.3,0,16,16:00:00
2025-01-26,4.6,0,17,17:00:00
2025-01-26,4.3,0,18,18:00:00
2025-01-26,3.4,0,19,19:00:00
2025-01-26,3.4,0,20,20:00:00
2025-01-26,2.5,0,21,21:00:00
2025-01-26,2.7,0,22,22:00:00
2025-01-26,3,0.5,23,23:00:00
2025-01-27,3.2,1.9,0,0:00:00
2025-01-27,3.5,0,1,1:00:00
2025-01-27,3.8,0,2,2:00:00
2025-01-27,4.9,0,3,3:00:00
2025-01-27,5.5,0,4,4:00:00
2025-01-27,5.4,0.1,5,5:00:00
2025-01-27,5.9,1.6,6,6:00:00
2025-01-27,6.7,1.3,7,7:00:00
2025-01-27,7.2,0.4,8,8:00:00
2025-01-27,8.7,0,9,9:00:00
2025-01-27,8.9,0.2,10,10:00:00
2025-01-27,9.4,0,11,11:00:00
2025-01-27,9.8,0,12,12:00:00
2025-01-27,10.5,0,13,13:00:00
2025-01-27,10.5,0,14,14:00:00
2025-01-27,11,0,15,15:00:00
2025-01-27,10.4,0,16,16:00:00
2025-01-27,10.1,0,17,17:00:00
2025-01-27,9.3,0,18,18:00:00
2025-01-27,8.4,0,19,19:00:00
2025-01-27,7.7,0,20,20:00:00
2025-01-27,8,0,21,21:00:00
2025-01-27,8.3,0,22,22:00:00
2025-01-27,8.3,0,23,23:00:00
2025-01-28,7.8,0,0,0:00:00
2025-01-28,7.2,0,1,1:00:00
2025-01-28,8.1,0,2,2:00:00
2025-01-28,6.6,0,3,3:00:00
2025-01-28,6.1,0,4,4:00:00
2025-01-28,5.8,0,5,5:00:00
2025-01-28,5.8,0,6,6:00:00
2025-01-28,5.6,0,7,7:00:00
2025-01-28,5.5,0,8,8:00:00
2025-01-28,5.5,0,9,9:00:00
2025-01-28,4.8,0,10,10:00:00
2025-01-28,6.1,0,11,11:00:00
2025-01-28,7.9,0,12,12:00:00
2025-01-28,8.7,0,13,13:00:00
2025-01-28,8.6,0,14,14:00:00
2025-01-28,8.6,0,15,15:00:00
2025-01-28,9.3,0,16,16:00:00
2025-01-28,8.8,0.2,17,17:00:00
2025-01-28,8.3,0,18,18:00:00
2025-01-28,8,0,19,19:00:00
2025-01-28,7.6,0,20,20:00:00
2025-01-28,7.3,0,21,21:00:00
2025-01-28,7.5,0,22,22:00:00
2025-01-28,7.4,0,23,23:00:00
2025-01-29,6.8,0.4,0,0:00:00
2025-01-29,6.9,0.1,1,1:00:00
2025-01-29,7.3,0,2,2:00:00
2025-01-29,7.2,0,3,3:00:00
2025-01-29,7.1,0,4,4:00:00
2025-01-29,7.1,0.9,5,5:00:00
2025-01-29,7,2.4,6,6:00:00
2025-01-29,7.3,0.7,7,7:00:00
2025-01-29,7.1,0.2,8,8:00:00
2025-01-29,6.5,0.4,9,9:00:00
2025-01-29,6.6,0.6,10,10:00:00
2025-01-29,6.6,0,11,11:00:00
2025-01-29,6.5,0,12,12:00:00
2025-01-29,6.8,0,13,13:00:00
2025-01-29,7,0.2,14,14:00:00
2025-01-29,7.1,0,15,15:00:00
2025-01-29,7.2,0,16,16:00:00
2025-01-29,7.1,0.4,17,17:00:00
2025-01-29,6.9,0,18,18:00:00
2025-01-29,6.8,0,19,19:00:00
2025-01-29,6,0,20,20:00:00
2025-01-29,5.6,0,21,21:00:00
2025-01-29,5.7,0,22,22:00:00
2025-01-29,4.5,0,23,23:00:00
2025-01-30,4.9,0,0,0:00:00
2025-01-30,5.5,0,1,1:00:00
2025-01-30,5.1,0,2,2:00:00
2025-01-30,4.5,0,3,3:00:00
2025-01-30,5.2,0,4,4:00:00
2025-01-30,5.3,0,5,5:00:00
2025-01-30,3.8,0,6,6:00:00
2025-01-30,4.7,0,7,7:00:00
2025-01-30,4.9,0,8,8:00:00
2025-01-30,4.1,0,9,9:00:00
2025-01-30,4.6,0,10,10:00:00
2025-01-30,4.9,0.2,11,11:00:00
2025-01-30,5,0.4,12,12:00:00
2025-01-30,5.6,0.5,13,13:00:00
2025-01-30,5.8,0.4,14,14:00:00
2025-01-30,5.6,0,15,15:00:00
2025-01-30,6,0.2,16,16:00:00
2025-01-30,6.2,0,17,17:00:00
2025-01-30,6,0,18,18:00:00
2025-01-30,5.4,0,19,19:00:00
2025-01-30,5.1,0,20,20:00:00
2025-01-30,4.3,0,21,21:00:00
2025-01-30,2.4,0,22,22:00:00
2025-01-30,2.5,0.1,23,23:00:00
2025-01-31,1.4,0,0,0:00:00
2025-01-31,1,0,1,1:00:00
2025-01-31,1.6,0.3,2,2:00:00
2025-01-31,1.8,0.3,3,3:00:00
2025-01-31,0.5,0.1,4,4:00:00
2025-01-31,1.3,0,5,5:00:00
2025-01-31,1.7,0,6,6:00:00
2025-01-31,0.7,0,7,7:00:00
2025-01-31,1.9,0,8,8:00:00
2025-01-31,1.1,0,9,9:00:00
2025-01-31,1.1,0,10,10:00:00
2025-01-31,1.8,0,11,11:00:00
2025-01-31,2.8,0,12,12:00:00
2025-01-31,4.5,0,13,13:00:00
2025-01-31,5.6,0,14,14:00:00
2025-01-31,6.4,0,15,15:00:00
2025-01-31,6,0,16,16:00:00
2025-01-31,6.4,0,17,17:00:00
2025-01-31,5.5,0,18,18:00:00
2025-01-31,4.9,0,19,19:00:00
2025-01-31,3,0,20,20:00:00
2025-01-31,3.2,0,21,21:00:00
2025-01-31,1.9,0,22,22:00:00
2025-01-31,1,0,23,23:00:00
2025-02-01,1.2,0,0,0:00:00
2025-02-01,0.6,0,1,1:00:00
2025-02-01,-0.6,0,2,2:00:00
2025-02-01,1.3,0,3,3:00:00
2025-02-01,0.6,0,4,4:00:00
2025-02-01,0,0,5,5:00:00
2025-02-01,2.1,0,6,6:00:00
2025-02-01,0.9,0,7,7:00:00
2025-02-01,0.4,0,8,8:00:00
2025-02-01,2.1,0,9,9:00:00
2025-02-01,-0.4,0,10,10:00:00
2025-02-01,-0.5,0,11,11:00:00
2025-02-01,4.2,0,12,12:00:00
2025-02-01,3.4,0,13,13:00:00
2025-02-01,3.8,0,14,14:00:00
2025-02-01,5.8,0,15,15:00:00
2025-02-01,6,0,16,16:00:00
2025-02-01,5.9,0,17,17:00:00
2025-02-01,5.5,0,18,18:00:00
2025-02-01,3.7,0,19,19:00:00
2025-02-01,2.8,0,20,20:00:00
2025-02-01,3.7,0,21,21:00:00
2025-02-01,1.7,0,22,22:00:00
2025-02-01,0.8,0,23,23:00:00
2025-02-02,0.5,0,0,0:00:00
2025-02-02,0.6,0,1,1:00:00
2025-02-02,-1,0,2,2:00:00
2025-02-02,0.5,0,3,3:00:00
2025-02-02,-1,0,4,4:00:00
2025-02-02,-2.1,0,5,5:00:00
2025-02-02,-0.9,0,6,6:00:00
2025-02-02,-3.3,0,7,7:00:00
2025-02-02,-2.6,0,8,8:00:00
2025-02-02,-1.7,0,9,9:00:00
2025-02-02,-2.7,0,10,10:00:00
2025-02-02,-1.9,0,11,11:00:00
2025-02-02,-0.7,0,12,12:00:00
2025-02-02,-0.4,0,13,13:00:00
2025-02-02,0.6,0,14,14:00:00
2025-02-02,1.5,0,15,15:00:00
2025-02-02,2.6,0,16,16:00:00
2025-02-02,2.5,0,17,17:00:00
2025-02-02,1.9,0,18,18:00:00
2025-02-02,1.2,0,19,19:00:00
2025-02-02,0.2,0,20,20:00:00
2025-02-02,-0.4,0,21,21:00:00
2025-02-02,-0.5,0,22,22:00:00
2025-02-02,-0.7,0,23,23:00:00
2025-02-03,-0.9,0,0,0:00:00
2025-02-03,-1.7,0,1,1:00:00
2025-02-03,-2.7,0,2,2:00:00
2025-02-03,-2.1,0,3,3:00:00
2025-02-03,-2.5,0,4,4:00:00
2025-02-03,-2.8,0,5,5:00:00
2025-02-03,-3.3,0,6,6:00:00
2025-02-03,-3.7,0,7,7:00:00
2025-02-03,-3.4,0,8,8:00:00
2025-02-03,-3.6,0,9,9:00:00
2025-02-03,-2.9,0,10,10:00:00
2025-02-03,-1.8,0,11,11:00:00
2025-02-03,-1.8,0,12,12:00:00
2025-02-03,1.5,0,13,13:00:00
2025-02-03,2.6,0,14,14:00:00
2025-02-03,3.7,0,15,15:00:00
2025-02-03,3.9,0,16,16:00:00
2025-02-03,4,0,17,17:00:00
2025-02-03,4.2,0,18,18:00:00
2025-02-03,2.4,0,19,19:00:00
2025-02-03,2.5,0,20,20:00:00
2025-02-03,1.7,0,21,21:00:00
2025-02-03,0.8,0,22,22:00:00
2025-02-03,1.4,0,23,23:00:00
2025-02-04,1.4,0,0,0:00:00
2025-02-04,0.9,0,1,1:00:00
2025-02-04,1.7,0,2,2:00:00
2025-02-04,1.7,0,3,3:00:00
2025-02-04,1.2,0,4,4:00:00
2025-02-04,0.3,0,5,5:00:00
2025-02-04,1.4,0,6,6:00:00
2025-02-04,0.9,0,7,7:00:00
2025-02-04,-0.3,0,8,8:00:00
2025-02-04,1.5,0,9,9:00:00
2025-02-04,0.6,0,10,10:00:00
2025-02-04,1.1,0,11,11:00:00
2025-02-04,1.9,0,12,12:00:00
2025-02-04,1.9,0,13,13:00:00
2025-02-04,1.9,0,14,14:00:00
2025-02-04,2.4,0,15,15:00:00
2025-02-04,3.7,0,16,16:00:00
2025-02-04,2.5,0,17,17:00:00
2025-02-04,2.6,0,18,18:00:00
2025-02-04,2.3,0,19,19:00:00
2025-02-04,2.2,0,20,20:00:00
2025-02-04,2,0,21,21:00:00
2025-02-04,2,0,22,22:00:00
2025-02-04,1.9,0,23,23:00:00
2025-02-05,1.6,0,0,0:00:00
2025-02-05,1.9,0,1,1:00:00
2025-02-05,2,0,2,2:00:00
2025-02-05,1.6,0,3,3:00:00
2025-02-05,1.4,0,4,4:00:00
2025-02-05,2.1,0,5,5:00:00
2025-02-05,2,0,6,6:00:00
2025-02-05,2.3,0,7,7:00:00
2025-02-05,2.8,0,8,8:00:00
2025-02-05,2.9,0,9,9:00:00
2025-02-05,3.3,0,10,10:00:00
2025-02-05,3.8,0,11,11:00:00
2025-02-05,4.5,0,12,12:00:00
2025-02-05,5.4,0,13,13:00:00
2025-02-05,5.6,0,14,14:00:00
2025-02-05,6.2,0,15,15:00:00
2025-02-05,6.9,0,16,16:00:00
2025-02-05,7.4,0,17,17:00:00
2025-02-05,6.5,0,18,18:00:00
2025-02-05,5.8,0,19,19:00:00
2025-02-05,5,0,20,20:00:00
2025-02-05,5,0,21,21:00:00
2025-02-05,3.7,0,22,22:00:00
2025-02-05,4,0,23,23:00:00
2025-02-06,3.7,0,0,0:00:00
2025-02-06,2.4,0,1,1:00:00
2025-02-06,3.4,0,2,2:00:00
2025-02-06,3.1,0,3,3:00:00
2025-02-06,1.5,0,4,4:00:00
2025-02-06,3.3,0,5,5:00:00
2025-02-06,3.3,0,6,6:00:00
2025-02-06,1.8,0,7,7:00:00
2025-02-06,3.5,0,8,8:00:00
2025-02-06,3.3,0,9,9:00:00
2025-02-06,3.3,0,10,10:00:00
2025-02-06,3.7,0,11,11:00:00
2025-02-06,4.5,0,12,12:00:00
2025-02-06,4.7,0,13,13:00:00
2025-02-06,5.3,0,14,14:00:00
2025-02-06,6.7,0,15,15:00:00
2025-02-06,7,0,16,16:00:00
2025-02-06,6.9,0,17,17:00:00
2025-02-06,6,0,18,18:00:00
2025-02-06,4.6,0,19,19:00:00
2025-02-06,3.4,0,20,20:00:00
2025-02-06,2.3,0,21,21:00:00
2025-02-06,3,0,22,22:00:00
2025-02-06,2.9,0,23,23:00:00
2025-02-07,3.2,0,0,0:00:00
2025-02-07,2.8,0,1,1:00:00
2025-02-07,2.3,0,2,2:00:00
2025-02-07,3.1,0,3,3:00:00
2025-02-07,1.7,0,4,4:00:00
2025-02-07,2.5,0,5,5:00:00
2025-02-07,3,0,6,6:00:00
2025-02-07,2.4,0,7,7:00:00
2025-02-07,2.4,0,8,8:00:00
2025-02-07,2.1,0,9,9:00:00
2025-02-07,2.6,0,10,10:00:00
2025-02-07,2.6,0,11,11:00:00
2025-02-07,3,0,12,12:00:00
2025-02-07,3.3,0,13,13:00:00
2025-02-07,3.3,0,14,14:00:00
2025-02-07,3.2,0,15,15:00:00
2025-02-07,3.4,0,16,16:00:00
2025-02-07,2.7,0,17,17:00:00
2025-02-07,2.3,0,18,18:00:00
2025-02-07,1.6,0,19,19:00:00
2025-02-07,1.5,0,20,20:00:00
2025-02-07,2,0,21,21:00:00
2025-02-07,1.7,0,22,22:00:00
2025-02-07,1.6,0,23,23:00:00
2025-02-08,1.7,0,0,0:00:00
2025-02-08,1.8,0,1,1:00:00
2025-02-08,1.7,0,2,2:00:00
2025-02-08,1.5,0,3,3:00:00
2025-02-08,1.5,0,4,4:00:00
2025-02-08,1.3,0,5,5:00:00
2025-02-08,1.7,0,6,6:00:00
2025-02-08,1.4,0,7,7:00:00
2025-02-08,1.5,0,8,8:00:00
2025-02-08,1.4,0,9,9:00:00
2025-02-08,1.5,0,10,10:00:00
2025-02-08,1.6,0,11,11:00:00
2025-02-08,2.7,0,12,12:00:00
2025-02-08,3.2,0.1,13,13:00:00
2025-02-08,3.9,0,14,14:00:00
2025-02-08,3.8,0,15,15:00:00
2025-02-08,4.9,0,16,16:00:00
2025-02-08,5.2,0,17,17:00:00
2025-02-08,5.1,0,18,18:00:00
2025-02-08,5.2,0,19,19:00:00
2025-02-08,4.4,0,20,20:00:00
2025-02-08,4.2,0,21,21:00:00
2025-02-08,3.6,0,22,22:00:00
2025-02-08,3.5,0,23,23:00:00
2025-02-09,3.6,0,0,0:00:00
2025-02-09,3.2,0,1,1:00:00
2025-02-09,3.5,0,2,2:00:00
2025-02-09,3.2,0,3,3:00:00
2025-02-09,2.7,0,4,4:00:00
2025-02-09,3.3,0,5,5:00:00
2025-02-09,2.7,0,6,6:00:00
2025-02-09,2.4,0,7,7:00:00
2025-02-09,2.6,0,8,8:00:00
2025-02-09,2.5,0,9,9:00:00
2025-02-09,1.6,0,10,10:00:00
2025-02-09,2.2,0,11,11:00:00
2025-02-09,3.7,0,12,12:00:00
2025-02-09,4.5,0,13,13:00:00
2025-02-09,5.6,0,14,14:00:00
2025-02-09,6,0,15,15:00:00
2025-02-09,5.9,0,16,16:00:00
2025-02-09,5.7,0,17,17:00:00
2025-02-09,5.1,0,18,18:00:00
2025-02-09,4.3,0,19,19:00:00
2025-02-09,3.4,0,20,20:00:00
2025-02-09,2.6,0,21,21:00:00
2025-02-09,2.1,0,22,22:00:00
2025-02-09,1.8,0,23,23:00:00
2025-02-10,1.8,0,0,0:00:00
2025-02-10,2.1,0,1,1:00:00
2025-02-10,2.2,0,2,2:00:00
2025-02-10,2,0,3,3:00:00
2025-02-10,1.3,0,4,4:00:00
2025-02-10,1.9,0,5,5:00:00
2025-02-10,1.5,0,6,6:00:00
2025-02-10,1.7,0,7,7:00:00
2025-02-10,1.9,0,8,8:00:00
2025-02-10,1.6,0,9,9:00:00
2025-02-10,2,0,10,10:00:00
2025-02-10,2.2,0,11,11:00:00
2025-02-10,2.2,0,12,12:00:00
2025-02-10,2.7,0,13,13:00:00
2025-02-10,3,0,14,14:00:00
2025-02-10,2.7,0,15,15:00:00
2025-02-10,4.4,0,16,16:00:00
2025-02-10,3.3,0,17,17:00:00
2025-02-10,2.9,0,18,18:00:00
2025-02-10,2.8,0,19,19:00:00
2025-02-10,2.3,0,20,20:00:00
2025-02-10,2.4,0,21,21:00:00
2025-02-10,2.1,0.7,22,22:00:00
2025-02-10,1.5,0,23,23:00:00
2025-02-11,2.1,0,0,0:00:00
2025-02-11,1.4,0,1,1:00:00
2025-02-11,1.6,0,2,2:00:00
2025-02-11,1.9,0,3,3:00:00
2025-02-11,1.1,1.3,4,4:00:00
2025-02-11,0.8,3,5,5:00:00
2025-02-11,1.3,2.6,6,6:00:00
2025-02-11,0.8,2.6,7,7:00:00
2025-02-11,0.7,0.2,8,8:00:00
2025-02-11,1.1,0.1,9,9:00:00
2025-02-11,0.4,0,10,10:00:00
2025-02-11,0.6,0,11,11:00:00
2025-02-11,1.7,0,12,12:00:00
2025-02-11,1.4,0,13,13:00:00
2025-02-11,1.6,0,14,14:00:00
2025-02-11,2.7,0,15,15:00:00
2025-02-11,3.5,0,16,16:00:00
2025-02-11,2.6,0,17,17:00:00
2025-02-11,2.1,0.1,18,18:00:00
2025-02-11,2.1,0,19,19:00:00
2025-02-11,1.4,0,20,20:00:00
2025-02-11,0.7,0.1,21,21:00:00
2025-02-11,0.3,0,22,22:00:00
2025-02-11,0.4,0,23,23:00:00
2025-02-12,0.6,0,0,0:00:00
2025-02-12,0.6,0,1,1:00:00
2025-02-12,1,0,2,2:00:00
2025-02-12,0.9,0,3,3:00:00
2025-02-12,0.8,0,4,4:00:00
2025-02-12,1,0,5,5:00:00
2025-02-12,1,0.2,6,6:00:00
2025-02-12,0.7,0.6,7,7:00:00
2025-02-12,0.8,0.2,8,8:00:00
2025-02-12,0.8,0.9,9,9:00:00
2025-02-12,0.5,0.1,10,10:00:00
2025-02-12,0.3,0.5,11,11:00:00
2025-02-12,0.7,0.3,12,12:00:00
2025-02-12,1.1,0.2,13,13:00:00
2025-02-12,1.1,0.3,14,14:00:00
2025-02-12,1.9,0,15,15:00:00
2025-02-12,1.1,0.7,16,16:00:00
2025-02-12,1.6,0,17,17:00:00
2025-02-12,1.4,0.1,18,18:00:00
2025-02-12,0.7,0,19,19:00:00
2025-02-12,0.4,0,20,20:00:00
2025-02-12,0.2,0,21,21:00:00
2025-02-12,0.1,0,22,22:00:00
2025-02-12,-0.3,0,23,23:00:00
2025-02-13,-0.3,0,0,0:00:00
2025-02-13,-0.7,0.1,1,1:00:00
2025-02-13,-0.6,0,2,2:00:00
2025-02-13,-0.5,0,3,3:00:00
2025-02-13,-1.2,0.1,4,4:00:00
2025-02-13,-1.3,0.2,5,5:00:00
2025-02-13,-1.9,0.4,6,6:00:00
2025-02-13,-2.3,0,7,7:00:00
2025-02-13,-3.3,0,8,8:00:00
2025-02-13,-2.8,0,9,9:00:00
2025-02-13,-2.5,0,10,10:00:00
2025-02-13,-2.5,0,11,11:00:00
2025-02-13,-1.7,0,12,12:00:00
2025-02-13,-0.9,0.1,13,13:00:00
2025-02-13,-0.6,0.1,14,14:00:00
2025-02-13,0.5,0,15,15:00:00
2025-02-13,0,0.1,16,16:00:00
2025-02-13,0.9,0,17,17:00:00
2025-02-13,0.7,0,18,18:00:00
2025-02-13,0.3,0,19,19:00:00
2025-02-13,-0.1,0,20,20:00:00
2025-02-13,-0.3,0.2,21,21:00:00
2025-02-13,-0.8,0,22,22:00:00
2025-02-13,-0.8,0,23,23:00:00
2025-02-14,-0.1,0,0,0:00:00
2025-02-14,-0.3,0,1,1:00:00
2025-02-14,-0.9,0.1,2,2:00:00
2025-02-14,0.3,0,3,3:00:00
2025-02-14,0,0,4,4:00:00
2025-02-14,-0.1,0,5,5:00:00
2025-02-14,0.1,0,6,6:00:00
2025-02-14,-0.3,0,7,7:00:00
2025-02-14,0.1,0,8,8:00:00
2025-02-14,-0.6,0,9,9:00:00
2025-02-14,0,0,10,10:00:00
2025-02-14,0.2,0,11,11:00:00
2025-02-14,1.1,0,12,12:00:00
2025-02-14,1.5,0,13,13:00:00
2025-02-14,1.6,0,14,14:00:00
2025-02-14,1.8,0,15,15:00:00
2025-02-14,1.9,0,16,16:00:00
2025-02-14,1.6,0,17,17:00:00
2025-02-14,1.4,0,18,18:00:00
2025-02-14,1.3,0,19,19:00:00
2025-02-14,1,0,20,20:00:00
2025-02-14,0.8,0,21,21:00:00
2025-02-14,0.6,0,22,22:00:00
2025-02-14,0.8,0,23,23:00:00
2025-02-15,0.4,0,0,0:00:00
2025-02-15,0.6,0,1,1:00:00
2025-02-15,0.7,0,2,2:00:00
2025-02-15,0.4,0,3,3:00:00
2025-02-15,0.5,0,4,4:00:00
2025-02-15,0.4,0,5,5:00:00
2025-02-15,0,0,6,6:00:00
2025-02-15,0.2,0,7,7:00:00
2025-02-15,0.2,0,8,8:00:00
2025-02-15,0.3,0,9,9:00:00
2025-02-15,0.5,0,10,10:00:00
2025-02-15,0.1,0,11,11:00:00
2025-02-15,2,0,12,12:00:00
2025-02-15,2.2,0,13,13:00:00
2025-02-15,2.3,0,14,14:00:00
2025-02-15,2.8,0,15,15:00:00
2025-02-15,3.1,0,16,16:00:00
2025-02-15,3,0,17,17:00:00
2025-02-15,2.4,0,18,18:00:00
2025-02-15,1.8,0,19,19:00:00
2025-02-15,0.8,0,20,20:00:00
2025-02-15,0.4,0,21,21:00:00
2025-02-15,0.1,0,22,22:00:00
2025-02-15,-0.3,0,23,23:00:00
2025-02-16,-0.9,0,0,0:00:00
2025-02-16,-1,0,1,1:00:00
2025-02-16,-1.2,0,2,2:00:00
2025-02-16,-2,0,3,3:00:00
2025-02-16,-2,0,4,4:00:00
2025-02-16,-2.3,0,5,5:00:00
2025-02-16,-2.7,0,6,6:00:00
2025-02-16,-2.7,0,7,7:00:00
2025-02-16,-2.6,0,8,8:00:00
2025-02-16,-2.7,0,9,9:00:00
2025-02-16,-1.8,0,10,10:00:00
2025-02-16,-0.4,0,11,11:00:00
2025-02-16,1.2,0,12,12:00:00
2025-02-16,1.9,0,13,13:00:00
2025-02-16,2.1,0,14,14:00:00
2025-02-16,2.2,0,15,15:00:00
2025-02-16,2.3,0,16,16:00:00
2025-02-16,2.4,0,17,17:00:00
2025-02-16,1.8,0,18,18:00:00
2025-02-16,0.6,0,19,19:00:00
2025-02-16,-0.3,0,20,20:00:00
2025-02-16,-0.7,0,21,21:00:00
2025-02-16,-1.3,0,22,22:00:00
2025-02-16,-1.6,0,23,23:00:00
2025-02-17,-1.7,0,0,0:00:00
2025-02-17,-1.4,0,1,1:00:00
2025-02-17,-2.1,0,2,2:00:00
2025-02-17,-2.1,0,3,3:00:00
2025-02-17,-2.9,0,4,4:00:00
2025-02-17,-3.6,0,5,5:00:00
2025-02-17,-3,0,6,6:00:00
2025-02-17,-3.2,0,7,7:00:00
2025-02-17,-2.7,0,8,8:00:00
2025-02-17,-2.7,0,9,9:00:00
2025-02-17,-3.4,0,10,10:00:00
2025-02-17,-2.2,0,11,11:00:00
2025-02-17,-0.5,0,12,12:00:00
2025-02-17,0.4,0,13,13:00:00
2025-02-17,1.2,0,14,14:00:00
2025-02-17,1.2,0,15,15:00:00
2025-02-17,2,0,16,16:00:00
2025-02-17,1.7,0,17,17:00:00
2025-02-17,0.9,0,18,18:00:00
2025-02-17,0.1,0,19,19:00:00
2025-02-17,-1,0,20,20:00:00
2025-02-17,-1.7,0,21,21:00:00
2025-02-17,-1.8,0,22,22:00:00
2025-02-17,-2.2,0,23,23:00:00
2025-02-18,-2.9,0,0,0:00:00
2025-02-18,-3,0,1,1:00:00
2025-02-18,-3.5,0,2,2:00:00
2025-02-18,-4,0,3,3:00:00
2025-02-18,-4.4,0,4,4:00:00
2025-02-18,-4.6,0,5,5:00:00
2025-02-18,-5.1,0,6,6:00:00
2025-02-18,-5.5,0,7,7:00:00
2025-02-18,-5.3,0,8,8:00:00
2025-02-18,-5.3,0,9,9:00:00
2025-02-18,-4.8,0,10,10:00:00
2025-02-18,-3.2,0,11,11:00:00
2025-02-18,-1.2,0,12,12:00:00
2025-02-18,0,0,13,13:00:00
2025-02-18,0.8,0,14,14:00:00
2025-02-18,1.7,0,15,15:00:00
2025-02-18,1.8,0,16,16:00:00
2025-02-18,1.4,0,17,17:00:00
2025-02-18,1.3,0,18,18:00:00
2025-02-18,0.2,0,19,19:00:00
2025-02-18,-0.3,0,20,20:00:00
2025-02-18,-0.7,0,21,21:00:00
2025-02-18,-1.2,0,22,22:00:00
2025-02-18,-1.3,0,23,23:00:00
2025-02-19,-1.1,0,0,0:00:00
2025-02-19,-2,0,1,1:00:00
2025-02-19,-2.4,0,2,2:00:00
2025-02-19,-2.3,0,3,3:00:00
2025-02-19,-3.1,0,4,4:00:00
2025-02-19,-3.2,0,5,5:00:00
2025-02-19,-3.1,0,6,6:00:00
2025-02-19,-3.5,0,7,7:00:00
2025-02-19,-3.5,0,8,8:00:00
2025-02-19,-3.5,0,9,9:00:00
2025-02-19,-3.1,0,10,10:00:00
2025-02-19,-1.7,0,11,11:00:00
2025-02-19,-0.1,0,12,12:00:00
2025-02-19,1.4,0,13,13:00:00
2025-02-19,2.4,0,14,14:00:00
2025-02-19,3.3,0,15,15:00:00
2025-02-19,4,0,16,16:00:00
2025-02-19,3.5,0,17,17:00:00
2025-02-19,3.2,0,18,18:00:00
2025-02-19,2.4,0,19,19:00:00
2025-02-19,1.5,0,20,20:00:00
2025-02-19,0.8,0,21,21:00:00
2025-02-19,0.6,0,22,22:00:00
2025-02-19,0.9,0,23,23:00:00
2025-02-20,0,0,0,0:00:00
2025-02-20,-0.1,0,1,1:00:00
2025-02-20,-0.2,0,2,2:00:00
2025-02-20,-0.3,0,3,3:00:00
2025-02-20,-0.4,0,4,4:00:00
2025-02-20,-0.5,0,5,5:00:00
2025-02-20,-0.6,0,6,6:00:00
2025-02-20,-0.7,0,7,7:00:00
2025-02-20,0.5,0,8,8:00:00
2025-02-20,0.6,0,9,9:00:00
2025-02-20,1.1,0,10,10:00:00
2025-02-20,1.8,0,11,11:00:00
2025-02-20,2.7,0,12,12:00:00
2025-02-20,3.7,0.1,13,13:00:00
2025-02-20,3.9,0.1,14,14:00:00
2025-02-20,4.6,0.1,15,15:00:00
2025-02-20,5.2,0,16,16:00:00
2025-02-20,5.9,0,17,17:00:00
2025-02-20,7,0,18,18:00:00
2025-02-20,7.8,0,19,19:00:00
2025-02-20,7.1,0,20,20:00:00
2025-02-20,8.1,0,21,21:00:00
2025-02-20,8,0,22,22:00:00
2025-02-20,8.7,0.2,23,23:00:00
2025-02-21,8.8,0.1,0,0:00:00
2025-02-21,8.9,2.5,1,1:00:00
2025-02-21,9.2,0.1,2,2:00:00
2025-02-21,9.1,0.2,3,3:00:00
2025-02-21,9,0,4,4:00:00
2025-02-21,9.2,0,5,5:00:00
2025-02-21,9.1,0,6,6:00:00
2025-02-21,9.4,0,7,7:00:00
2025-02-21,9.5,0,8,8:00:00
2025-02-21,9.6,0,9,9:00:00
2025-02-21,9.9,0,10,10:00:00
2025-02-21,10.8,0,11,11:00:00
2025-02-21,12.7,0,12,12:00:00
2025-02-21,13.6,0,13,13:00:00
2025-02-21,14.9,0,14,14:00:00
2025-02-21,15.6,0,15,15:00:00
2025-02-21,16.6,0,16,16:00:00
2025-02-21,16.3,0,17,17:00:00
2025-02-21,15.6,0,18,18:00:00
2025-02-21,14.3,0,19,19:00:00
2025-02-21,13.3,0,20,20:00:00
2025-02-21,12.9,0,21,21:00:00
2025-02-21,12.1,0,22,22:00:00
2025-02-21,11.7,0,23,23:00:00
2025-02-22,11.3,0,0,0:00:00
2025-02-22,10.9,0,1,1:00:00
2025-02-22,10.7,0,2,2:00:00
2025-02-22,10.4,0,3,3:00:00
2025-02-22,10.4,0,4,4:00:00
2025-02-22,10.3,0,5,5:00:00
2025-02-22,9.9,0,6,6:00:00
2025-02-22,9.5,0,7,7:00:00
2025-02-22,9.7,0,8,8:00:00
2025-02-22,9.7,0,9,9:00:00
2025-02-22,10.2,0,10,10:00:00
2025-02-22,11.2,0,11,11:00:00
2025-02-22,10.7,0.3,12,12:00:00
2025-02-22,11.5,0.3,13,13:00:00
2025-02-22,11,0,14,14:00:00
2025-02-22,11.2,0.1,15,15:00:00
2025-02-22,11.7,0.1,16,16:00:00
2025-02-22,11.7,0,17,17:00:00
2025-02-22,11.7,0,18,18:00:00
2025-02-22,11.7,0,19,19:00:00
2025-02-22,11.5,0.8,20,20:00:00
2025-02-22,11,0,21,21:00:00
2025-02-22,10.2,0.2,22,22:00:00
2025-02-22,9.8,0,23,23:00:00
2025-02-23,9,0,0,0:00:00
2025-02-23,9,0,1,1:00:00
2025-02-23,8.7,0,2,2:00:00
2025-02-23,8.4,0,3,3:00:00
2025-02-23,8.7,0,4,4:00:00
2025-02-23,8.5,0,5,5:00:00
2025-02-23,8.3,0,6,6:00:00
2025-02-23,8.6,0,7,7:00:00
2025-02-23,8.5,0,8,8:00:00
2025-02-23,8,0,9,9:00:00
2025-02-23,8.3,0,10,10:00:00
2025-02-23,8.6,0,11,11:00:00
2025-02-23,8.8,0,12,12:00:00
2025-02-23,8.6,0,13,13:00:00
2025-02-23,9.2,0,14,14:00:00
2025-02-23,9.6,0,15,15:00:00
2025-02-23,11.7,0,16,16:00:00
2025-02-23,12.4,0,17,17:00:00
2025-02-23,11.7,0,18,18:00:00
2025-02-23,11.4,0,19,19:00:00
2025-02-23,10.2,0,20,20:00:00
2025-02-23,9.6,0,21,21:00:00
2025-02-23,9.3,0,22,22:00:00
2025-02-23,8.8,0,23,23:00:00
2025-02-24,10,0,0,0:00:00
2025-02-24,10.2,0,1,1:00:00
2025-02-24,10.3,0,2,2:00:00
2025-02-24,10.2,0,3,3:00:00
2025-02-24,10.3,0,4,4:00:00
2025-02-24,10.5,0,5,5:00:00
2025-02-24,10.5,0,6,6:00:00
2025-02-24,10.7,0,7,7:00:00
2025-02-24,10.4,0.2,8,8:00:00
2025-02-24,10,0,9,9:00:00
2025-02-24,10.2,0.5,10,10:00:00
2025-02-24,10.9,0.2,11,11:00:00
2025-02-24,10.4,0.1,12,12:00:00
2025-02-24,10.2,0.4,13,13:00:00
2025-02-24,11,0.1,14,14:00:00
2025-02-24,10.1,0.4,15,15:00:00
2025-02-24,10.3,0.8,16,16:00:00
2025-02-24,10.2,0.9,17,17:00:00
2025-02-24,10.3,1.1,18,18:00:00
2025-02-24,10.4,0.2,19,19:00:00
2025-02-24,9.9,0.2,20,20:00:00
2025-02-24,9.9,0.1,21,21:00:00
2025-02-24,9.2,0,22,22:00:00
2025-02-24,9.2,0,23,23:00:00
2025-02-25,9.6,0.1,0,0:00:00
2025-02-25,9,0,1,1:00:00
2025-02-25,8.9,0,2,2:00:00
2025-02-25,8.5,0,3,3:00:00
2025-02-25,8.8,0,4,4:00:00
2025-02-25,8.5,0,5,5:00:00
2025-02-25,8.5,0,6,6:00:00
2025-02-25,7.9,0,7,7:00:00
2025-02-25,8.3,0,8,8:00:00
2025-02-25,8.4,0,9,9:00:00
2025-02-25,8.3,0,10,10:00:00
2025-02-25,8.5,0,11,11:00:00
2025-02-25,9,0,12,12:00:00
2025-02-25,10.2,0,13,13:00:00
2025-02-25,10.2,0,14,14:00:00
2025-02-25,10.5,0,15,15:00:00
2025-02-25,10.8,0,16,16:00:00
2025-02-25,10.6,0,17,17:00:00
2025-02-25,10.2,0,18,18:00:00
2025-02-25,10.3,0,19,19:00:00
2025-02-25,9.5,0,20,20:00:00
2025-02-25,8.1,0,21,21:00:00
2025-02-25,7.7,0,22,22:00:00
2025-02-25,7.7,0,23,23:00:00
2025-02-26,7.7,0,0,0:00:00
2025-02-26,6.4,0,1,1:00:00
2025-02-26,6.4,0,2,2:00:00
2025-02-26,6.8,0,3,3:00:00
2025-02-26,5.5,0,4,4:00:00
2025-02-26,6.2,0.2,5,5:00:00
2025-02-26,5.6,0,6,6:00:00
2025-02-26,5.5,0.2,7,7:00:00
2025-02-26,5.4,0.3,8,8:00:00
2025-02-26,5.3,0.8,9,9:00:00
2025-02-26,5.6,0.4,10,10:00:00
2025-02-26,5.6,0,11,11:00:00
2025-02-26,6.6,0,12,12:00:00
2025-02-26,7.6,0,13,13:00:00
2025-02-26,9,0,14,14:00:00
2025-02-26,10.3,0,15,15:00:00
2025-02-26,10.1,0,16,16:00:00
2025-02-26,10.4,0,17,17:00:00
2025-02-26,10,0,18,18:00:00
2025-02-26,8.7,0,19,19:00:00
2025-02-26,7.8,0,20,20:00:00
2025-02-26,7.3,0,21,21:00:00
2025-02-26,6.9,0,22,22:00:00
2025-02-26,7,0,23,23:00:00
2025-02-27,6.7,0.4,0,0:00:00
2025-02-27,6.1,0.2,1,1:00:00
2025-02-27,5.3,1.1,2,2:00:00
2025-02-27,5.6,0.6,3,3:00:00
2025-02-27,5.3,0.6,4,4:00:00
2025-02-27,5.6,0.1,5,5:00:00
2025-02-27,5.8,0,6,6:00:00
2025-02-27,5.5,0,7,7:00:00
2025-02-27,4.8,0,8,8:00:00
2025-02-27,5.1,0,9,9:00:00
2025-02-27,5.1,0.1,10,10:00:00
2025-02-27,6.1,0,11,11:00:00
2025-02-27,6.7,0,12,12:00:00
2025-02-27,6.2,0.4,13,13:00:00
2025-02-27,6.3,0.1,14,14:00:00
2025-02-27,7.7,0.1,15,15:00:00
2025-02-27,7.1,0.6,16,16:00:00
2025-02-27,6.2,0.1,17,17:00:00
2025-02-27,5,0,18,18:00:00
2025-02-27,5.8,1.1,19,19:00:00
2025-02-27,5.7,0,20,20:00:00
2025-02-27,4.8,0,21,21:00:00
2025-02-27,3.2,0.1,22,22:00:00
2025-02-27,4.7,0,23,23:00:00
2025-02-28,3.8,0,0,0:00:00
2025-02-28,3.5,0,1,1:00:00
2025-02-28,3.5,0,2,2:00:00
2025-02-28,2.7,0,3,3:00:00
2025-02-28,2.3,0,4,4:00:00
2025-02-28,2.7,0,5,5:00:00
2025-02-28,3.1,0,6,6:00:00
2025-02-28,3.7,0,7,7:00:00
2025-02-28,4.3,0,8,8:00:00
2025-02-28,4.4,0,9,9:00:00
2025-02-28,4.5,0,10,10:00:00
2025-02-28,5.1,0,11,11:00:00
2025-02-28,4.9,0,12,12:00:00
2025-02-28,5.4,0.1,13,13:00:00
2025-02-28,6.6,0,14,14:00:00
2025-02-28,6.1,0,15,15:00:00
2025-02-28,6.4,0,16,16:00:00
2025-02-28,5.8,0,17,17:00:00
2025-02-28,6,0,18,18:00:00
2025-02-28,5.8,0,19,19:00:00
2025-02-28,5,0,20,20:00:00
2025-02-28,4.6,0,21,21:00:00
2025-02-28,4.1,0,22,22:00:00
2025-02-28,4.4,0,23,23:00:00
2025-03-01,4.1,0,0,0:00:00
2025-03-01,3.2,0,1,1:00:00
2025-03-01,3.8,0,2,2:00:00
2025-03-01,3.8,0,3,3:00:00
2025-03-01,3.1,0,4,4:00:00
2025-03-01,3.4,0,5,5:00:00
2025-03-01,3.3,0,6,6:00:00
2025-03-01,2.7,0,7,7:00:00
2025-03-01,3.4,0,8,8:00:00
2025-03-01,3.4,0,9,9:00:00
2025-03-01,3.8,0,10,10:00:00
2025-03-01,4.8,0,11,11:00:00
2025-03-01,5.5,0,12,12:00:00
2025-03-01,4.7,0,13,13:00:00
2025-03-01,6.5,0,14,14:00:00
2025-03-01,6.6,0,15,15:00:00
2025-03-01,6.3,0,16,16:00:00
2025-03-01,7.1,0,17,17:00:00
2025-03-01,7,0,18,18:00:00
2025-03-01,6.2,0,19,19:00:00
2025-03-01,4.3,0,20,20:00:00
2025-03-01,4.1,0,21,21:00:00
2025-03-01,3.6,0,22,22:00:00
2025-03-01,2.1,0,23,23:00:00
2025-03-02,2,0,0,0:00:00
2025-03-02,2.4,0,1,1:00:00
2025-03-02,-0.5,0,2,2:00:00
2025-03-02,1.7,0,3,3:00:00
2025-03-02,1.9,0,4,4:00:00
2025-03-02,-0.7,0,5,5:00:00
2025-03-02,1.2,0,6,6:00:00
2025-03-02,1.2,0,7,7:00:00
2025-03-02,-1.5,0,8,8:00:00
2025-03-02,0.6,0,9,9:00:00
2025-03-02,2.4,0,10,10:00:00
2025-03-02,0.3,0,11,11:00:00
2025-03-02,2.8,0,12,12:00:00
2025-03-02,4.8,0,13,13:00:00
2025-03-02,4,0,14,14:00:00
2025-03-02,6.4,0,15,15:00:00
2025-03-02,7.7,0,16,16:00:00
2025-03-02,7.8,0,17,17:00:00
2025-03-02,8.1,0,18,18:00:00
2025-03-02,6.5,0,19,19:00:00
2025-03-02,5.2,0,20,20:00:00
2025-03-02,6,0,21,21:00:00
2025-03-02,2.8,0,22,22:00:00
2025-03-02,2.2,0,23,23:00:00
2025-03-03,1.6,0,0,0:00:00
2025-03-03,0.4,0,1,1:00:00
2025-03-03,0.2,0,2,2:00:00
2025-03-03,0.2,0,3,3:00:00
2025-03-03,-1.2,0,4,4:00:00
2025-03-03,-1.6,0,5,5:00:00
2025-03-03,-1.4,0,6,6:00:00
2025-03-03,-1.6,0,7,7:00:00
2025-03-03,-1.8,0,8,8:00:00
2025-03-03,-1.2,0,9,9:00:00
2025-03-03,-0.2,0,10,10:00:00
2025-03-03,1,0,11,11:00:00
2025-03-03,2.5,0,12,12:00:00
2025-03-03,7.1,0,13,13:00:00
2025-03-03,7.7,0,14,14:00:00
2025-03-03,8.7,0,15,15:00:00
2025-03-03,9.6,0,16,16:00:00
2025-03-03,9.2,0,17,17:00:00
2025-03-03,9.4,0,18,18:00:00
2025-03-03,7.9,0,19,19:00:00
2025-03-03,6,0,20,20:00:00
2025-03-03,4.6,0,21,21:00:00
2025-03-03,3.4,0,22,22:00:00
2025-03-03,2.8,0,23,23:00:00
2025-03-04,2.2,0,0,0:00:00
2025-03-04,2,0,1,1:00:00
2025-03-04,0,0,2,2:00:00
2025-03-04,-0.5,0,3,3:00:00
2025-03-04,0.7,0,4,4:00:00
2025-03-04,-1.5,0,5,5:00:00
2025-03-04,-1.2,0,6,6:00:00
2025-03-04,-0.3,0,7,7:00:00
2025-03-04,0.3,0,8,8:00:00
2025-03-04,-0.5,0,9,9:00:00
2025-03-04,1.4,0,10,10:00:00
2025-03-04,2.9,0,11,11:00:00
2025-03-04,4.9,0,12,12:00:00
2025-03-04,8.2,0,13,13:00:00
2025-03-04,9.1,0,14,14:00:00
2025-03-04,10.7,0,15,15:00:00
2025-03-04,11.3,0,16,16:00:00
2025-03-04,10.9,0,17,17:00:00
2025-03-04,10.8,0,18,18:00:00
2025-03-04,9.2,0,19,19:00:00
2025-03-04,7.8,0,20,20:00:00
2025-03-04,6.1,0,21,21:00:00
2025-03-04,4.8,0,22,22:00:00
2025-03-04,4,0,23,23:00:00
2025-03-05,2.8,0,0,0:00:00
2025-03-05,2.4,0,1,1:00:00
2025-03-05,2.7,0,2,2:00:00
2025-03-05,2,0,3,3:00:00
2025-03-05,2.1,0,4,4:00:00
2025-03-05,1.9,0,5,5:00:00
2025-03-05,2.1,0,6,6:00:00
2025-03-05,2,0,7,7:00:00
2025-03-05,2.2,0,8,8:00:00
2025-03-05,1.7,0,9,9:00:00
2025-03-05,3.4,0,10,10:00:00
2025-03-05,5.4,0,11,11:00:00
2025-03-05,8.1,0,12,12:00:00
2025-03-05,11,0,13,13:00:00
2025-03-05,12.2,0,14,14:00:00
2025-03-05,13.4,0,15,15:00:00
2025-03-05,14.4,0,16,16:00:00
2025-03-05,14.3,0,17,17:00:00
2025-03-05,13.9,0,18,18:00:00
2025-03-05,12.5,0,19,19:00:00
2025-03-05,10.6,0,20,20:00:00
2025-03-05,8.7,0,21,21:00:00
2025-03-05,7.2,0,22,22:00:00
2025-03-05,6.8,0,23,23:00:00
2025-03-06,5.4,0,0,0:00:00
2025-03-06,5,0,1,1:00:00
2025-03-06,4.1,0,2,2:00:00
2025-03-06,3.9,0,3,3:00:00
2025-03-06,3.6,0,4,4:00:00
2025-03-06,3.4,0,5,5:00:00
2025-03-06,2.9,0,6,6:00:00
2025-03-06,2.3,0,7,7:00:00
2025-03-06,2.5,0,8,8:00:00
2025-03-06,3.4,0,9,9:00:00
2025-03-06,5,0,10,10:00:00
2025-03-06,6.8,0,11,11:00:00
2025-03-06,9.2,0,12,12:00:00
2025-03-06,11.8,0,13,13:00:00
2025-03-06,13.2,0,14,14:00:00
2025-03-06,14.9,0,15,15:00:00
2025-03-06,15.5,0,16,16:00:00
2025-03-06,15,0,17,17:00:00
2025-03-06,15.2,0,18,18:00:00
2025-03-06,14.2,0,19,19:00:00
2025-03-06,11.9,0,20,20:00:00
2025-03-06,11,0,21,21:00:00
2025-03-06,10.3,0,22,22:00:00
2025-03-06,8.8,0,23,23:00:00
2025-03-07,8.5,0,0,0:00:00
2025-03-07,7.4,0,1,1:00:00
2025-03-07,6.8,0,2,2:00:00
2025-03-07,6.3,0,3,3:00:00
2025-03-07,5.3,0,4,4:00:00
2025-03-07,5.1,0,5,5:00:00
2025-03-07,5.2,0,6,6:00:00
2025-03-07,4.8,0,7,7:00:00
2025-03-07,4.7,0,8,8:00:00
2025-03-07,5.4,0,9,9:00:00
2025-03-07,7.5,0,10,10:00:00
2025-03-07,10,0,11,11:00:00
2025-03-07,12.5,0,12,12:00:00
2025-03-07,14.6,0,13,13:00:00
2025-03-07,15.6,0,14,14:00:00
2025-03-07,16.8,0,15,15:00:00
2025-03-07,17.7,0,16,16:00:00
2025-03-07,17.4,0,17,17:00:00
2025-03-07,17.3,0,18,18:00:00
2025-03-07,16.4,0,19,19:00:00
2025-03-07,14,0,20,20:00:00
2025-03-07,12.7,0,21,21:00:00
2025-03-07,11.9,0,22,22:00:00
2025-03-07,11,0,23,23:00:00
2025-03-08,9.5,0,0,0:00:00
2025-03-08,9.9,0,1,1:00:00
2025-03-08,9.8,0,2,2:00:00
2025-03-08,7.8,0,3,3:00:00
2025-03-08,8.8,0,4,4:00:00
2025-03-08,7.5,0,5,5:00:00
2025-03-08,6.6,0,6,6:00:00
2025-03-08,6.3,0,7,7:00:00
2025-03-08,5.7,0,8,8:00:00
2025-03-08,6.1,0,9,9:00:00
2025-03-08,8.9,0,10,10:00:00
2025-03-08,11.6,0,11,11:00:00
2025-03-08,14.1,0,12,12:00:00
2025-03-08,15.8,0,13,13:00:00
2025-03-08,16.9,0,14,14:00:00
2025-03-08,18.1,0,15,15:00:00
2025-03-08,18.2,0,16,16:00:00
2025-03-08,17.7,0,17,17:00:00
2025-03-08,17.5,0,18,18:00:00
2025-03-08,15.9,0,19,19:00:00
2025-03-08,13.6,0,20,20:00:00
2025-03-08,12.6,0,21,21:00:00
2025-03-08,11.3,0,22,22:00:00
2025-03-08,10.9,0,23,23:00:00
2025-03-09,10.7,0,0,0:00:00
2025-03-09,9.5,0,1,1:00:00
2025-03-09,9.2,0,2,2:00:00
2025-03-09,9,0,3,3:00:00
2025-03-09,7.7,0,4,4:00:00
2025-03-09,7.2,0,5,5:00:00
2025-03-09,6.8,0,6,6:00:00
2025-03-09,5.7,0,7,7:00:00
2025-03-09,5.2,0,8,8:00:00
2025-03-09,5.8,0,9,9:00:00
2025-03-09,6.7,0,10,10:00:00
2025-03-09,9.1,0,11,11:00:00
2025-03-09,12.1,0,12,12:00:00
2025-03-09,14,0,13,13:00:00
2025-03-09,15.4,0,14,14:00:00
2025-03-09,16.5,0,15,15:00:00
2025-03-09,17.3,0,16,16:00:00
2025-03-09,17.2,0,17,17:00:00
2025-03-09,16.8,0,18,18:00:00
2025-03-09,15.4,0,19,19:00:00
2025-03-09,13.5,0,20,20:00:00
2025-03-09,11.6,0,21,21:00:00
2025-03-09,10,0,22,22:00:00
2025-03-09,9,0,23,23:00:00
2025-03-10,7.8,0,0,0:00:00
2025-03-10,7,0,1,1:00:00
2025-03-10,6.1,0,2,2:00:00
2025-03-10,5.5,0,3,3:00:00
2025-03-10,4.8,0,4,4:00:00
2025-03-10,3.9,0,5,5:00:00
2025-03-10,2.8,0,6,6:00:00
2025-03-10,2.8,0,7,7:00:00
2025-03-10,2,0,8,8:00:00
2025-03-10,1.8,0,9,9:00:00
2025-03-10,5.1,0,10,10:00:00
2025-03-10,6.1,0,11,11:00:00
2025-03-10,4.6,0,12,12:00:00
2025-03-10,11.8,0,13,13:00:00
2025-03-10,13.3,0,14,14:00:00
2025-03-10,11.2,0,15,15:00:00
2025-03-10,15.1,0,16,16:00:00
2025-03-10,14.9,0,17,17:00:00
2025-03-10,11.1,0,18,18:00:00
2025-03-10,11.4,0,19,19:00:00
2025-03-10,9.3,0,20,20:00:00
2025-03-10,6.4,0,21,21:00:00
2025-03-10,5,0,22,22:00:00
2025-03-10,4.2,0,23,23:00:00
2025-03-11,5.4,0,0,0:00:00
2025-03-11,4.5,0,1,1:00:00
2025-03-11,4.2,0,2,2:00:00
2025-03-11,5.1,0,3,3:00:00
2025-03-11,5,0,4,4:00:00
2025-03-11,4.5,0,5,5:00:00
2025-03-11,5,0,6,6:00:00
2025-03-11,4.6,0,7,7:00:00
2025-03-11,4.6,0,8,8:00:00
2025-03-11,5.6,0,9,9:00:00
2025-03-11,5.7,0,10,10:00:00
2025-03-11,5.9,0,11,11:00:00
2025-03-11,5.7,0,12,12:00:00
2025-03-11,6.9,0,13,13:00:00
2025-03-11,7.5,0,14,14:00:00
2025-03-11,7.3,0,15,15:00:00
2025-03-11,7.6,0,16,16:00:00
2025-03-11,8.7,0,17,17:00:00
2025-03-11,8,0,18,18:00:00
2025-03-11,6.8,0,19,19:00:00
2025-03-11,6,0,20,20:00:00
2025-03-11,5.3,0,21,21:00:00
2025-03-11,5,0,22,22:00:00
2025-03-11,5.3,0,23,23:00:00
2025-03-12,4.6,0,0,0:00:00
2025-03-12,3.8,0,1,1:00:00
2025-03-12,3.5,0,2,2:00:00
2025-03-12,3.9,0,3,3:00:00
2025-03-12,3,0,4,4:00:00
2025-03-12,2.8,0,5,5:00:00
2025-03-12,1.9,0.2,6,6:00:00
2025-03-12,2.5,0,7,7:00:00
2025-03-12,2.6,0,8,8:00:00
2025-03-12,3.3,0,9,9:00:00
2025-03-12,3.5,0.1,10,10:00:00
2025-03-12,4.7,0,11,11:00:00
2025-03-12,5.8,0,12,12:00:00
2025-03-12,7.8,0.5,13,13:00:00
2025-03-12,7.8,0,14,14:00:00
2025-03-12,8.2,0,15,15:00:00
2025-03-12,8.2,0.1,16,16:00:00
2025-03-12,8.1,0,17,17:00:00
2025-03-12,7.3,0,18,18:00:00
2025-03-12,6.9,0,19,19:00:00
2025-03-12,5.4,0,20,20:00:00
2025-03-12,4.9,0,21,21:00:00
2025-03-12,2.9,0,22,22:00:00
2025-03-12,2,0,23,23:00:00
2025-03-13,1.3,0,0,0:00:00
2025-03-13,0.8,0,1,1:00:00
2025-03-13,0.4,0,2,2:00:00
2025-03-13,-0.2,0,3,3:00:00
2025-03-13,-0.5,0,4,4:00:00
2025-03-13,-0.3,0,5,5:00:00
2025-03-13,-0.9,0,6,6:00:00
2025-03-13,-0.7,0,7,7:00:00
2025-03-13,-0.2,0,8,8:00:00
2025-03-13,1.5,0,9,9:00:00
2025-03-13,1.8,0,10,10:00:00
2025-03-13,4.1,0,11,11:00:00
2025-03-13,4.9,0,12,12:00:00
2025-03-13,6,0,13,13:00:00
2025-03-13,6.1,0.1,14,14:00:00
2025-03-13,6.9,0,15,15:00:00
2025-03-13,7.3,0.1,16,16:00:00
2025-03-13,6.2,0,17,17:00:00
2025-03-13,5.9,0.1,18,18:00:00
2025-03-13,5.2,0,19,19:00:00
2025-03-13,3.9,0,20,20:00:00
2025-03-13,2.4,0,21,21:00:00
2025-03-13,1.5,0,22,22:00:00
2025-03-13,1.2,0,23,23:00:00
2025-03-14,1.1,0,0,0:00:00
2025-03-14,1.8,0,1,1:00:00
2025-03-14,0.3,0,2,2:00:00
2025-03-14,-0.3,0,3,3:00:00
2025-03-14,0.3,0,4,4:00:00
2025-03-14,0.9,0,5,5:00:00
2025-03-14,1.4,0,6,6:00:00
2025-03-14,-0.8,0.1,7,7:00:00
2025-03-14,-0.2,0,8,8:00:00
2025-03-14,1.2,0,9,9:00:00
2025-03-14,2.7,0,10,10:00:00
2025-03-14,3.9,0,11,11:00:00
2025-03-14,5.1,0,12,12:00:00
2025-03-14,5.2,0.1,13,13:00:00
2025-03-14,5.5,0,14,14:00:00
2025-03-14,6.1,0,15,15:00:00
2025-03-14,5.7,0,16,16:00:00
2025-03-14,5.8,0,17,17:00:00
2025-03-14,4.9,0,18,18:00:00
2025-03-14,3.9,0,19,19:00:00
2025-03-14,2.8,0,20,20:00:00
2025-03-14,1.8,0,21,21:00:00
2025-03-14,1.1,0,22,22:00:00
2025-03-14,0.5,0,23,23:00:00
2025-03-15,1.2,0,0,0:00:00
2025-03-15,1.8,0,1,1:00:00
2025-03-15,1.6,0,2,2:00:00
2025-03-15,0.7,0,3,3:00:00
2025-03-15,1.1,0,4,4:00:00
2025-03-15,0.1,0,5,5:00:00
2025-03-15,-0.2,0,6,6:00:00
2025-03-15,-0.2,0,7,7:00:00
2025-03-15,0,0,8,8:00:00
2025-03-15,0.5,0,9,9:00:00
2025-03-15,1.5,0,10,10:00:00
2025-03-15,1.2,0,11,11:00:00
2025-03-15,4,0,12,12:00:00
2025-03-15,5.3,0,13,13:00:00
2025-03-15,5.4,0,14,14:00:00
2025-03-15,5.4,0,15,15:00:00
2025-03-15,6.8,0,16,16:00:00
2025-03-15,6.6,0,17,17:00:00
2025-03-15,6.2,0,18,18:00:00
2025-03-15,5.9,0,19,19:00:00
2025-03-15,3.8,0,20,20:00:00
2025-03-15,2.6,0,21,21:00:00
2025-03-15,1.8,0,22,22:00:00
2025-03-15,0.7,0,23,23:00:00
2025-03-16,0.5,0,0,0:00:00
2025-03-16,1,0,1,1:00:00
2025-03-16,-0.2,0,2,2:00:00
2025-03-16,-0.3,0,3,3:00:00
2025-03-16,0.4,0,4,4:00:00
2025-03-16,-1.1,0,5,5:00:00
2025-03-16,-1,0,6,6:00:00
2025-03-16,-0.9,0,7,7:00:00
2025-03-16,-1.3,0,8,8:00:00
2025-03-16,0.5,0,9,9:00:00
2025-03-16,2.6,0,10,10:00:00
2025-03-16,4.3,0,11,11:00:00
2025-03-16,6.2,0,12,12:00:00
2025-03-16,7.6,0,13,13:00:00
2025-03-16,8.2,0,14,14:00:00
2025-03-16,8.2,0,15,15:00:00
2025-03-16,9.2,0,16,16:00:00
2025-03-16,8.2,0,17,17:00:00
2025-03-16,8.2,0,18,18:00:00
2025-03-16,7.8,0,19,19:00:00
2025-03-16,6.5,0,20,20:00:00
2025-03-16,6,0,21,21:00:00
2025-03-16,5.7,0,22,22:00:00
2025-03-16,5.3,0,23,23:00:00
2025-03-17,3.8,0.1,0,0:00:00
2025-03-17,4.2,0,1,1:00:00
2025-03-17,3.5,0,2,2:00:00
2025-03-17,3,0,3,3:00:00
2025-03-17,2.9,0,4,4:00:00
2025-03-17,1.9,0,5,5:00:00
2025-03-17,1,0,6,6:00:00
2025-03-17,0.7,0,7,7:00:00
2025-03-17,0.5,0,8,8:00:00
2025-03-17,0.9,0,9,9:00:00
2025-03-17,2.5,0,10,10:00:00
2025-03-17,4.2,0,11,11:00:00
2025-03-17,6.1,0,12,12:00:00
2025-03-17,7.2,0,13,13:00:00
2025-03-17,7.7,0,14,14:00:00
2025-03-17,8.5,0,15,15:00:00
2025-03-17,8.6,0,16,16:00:00
2025-03-17,8.1,0,17,17:00:00
2025-03-17,8.1,0,18,18:00:00
2025-03-17,7.6,0,19,19:00:00
2025-03-17,5.4,0,20,20:00:00
2025-03-17,4.1,0,21,21:00:00
2025-03-17,2.8,0,22,22:00:00
2025-03-17,1.3,0,23,23:00:00
2025-03-18,0.7,0,0,0:00:00
2025-03-18,0.2,0,1,1:00:00
2025-03-18,-0.4,0,2,2:00:00
2025-03-18,-0.5,0,3,3:00:00
2025-03-18,-0.9,0,4,4:00:00
2025-03-18,-1.3,0,5,5:00:00
2025-03-18,-1,0,6,6:00:00
2025-03-18,-1.6,0,7,7:00:00
2025-03-18,-1.5,0,8,8:00:00
2025-03-18,0.3,0,9,9:00:00
2025-03-18,2.4,0,10,10:00:00
2025-03-18,4.5,0,11,11:00:00
2025-03-18,6.6,0,12,12:00:00
2025-03-18,8.1,0,13,13:00:00
2025-03-18,8.6,0,14,14:00:00
2025-03-18,9.5,0,15,15:00:00
2025-03-18,10.3,0,16,16:00:00
2025-03-18,10.1,0,17,17:00:00
2025-03-18,9.4,0,18,18:00:00
2025-03-18,9.6,0,19,19:00:00
2025-03-18,7.4,0,20,20:00:00
2025-03-18,5.5,0,21,21:00:00
2025-03-18,5.1,0,22,22:00:00
2025-03-18,4,0,23,23:00:00
2025-03-19,3.3,0,0,0:00:00
2025-03-19,2.5,0,1,1:00:00
2025-03-19,1.7,0,2,2:00:00
2025-03-19,1.2,0,3,3:00:00
2025-03-19,0.8,0,4,4:00:00
2025-03-19,0.5,0,5,5:00:00
2025-03-19,0.6,0,6,6:00:00
2025-03-19,0.2,0,7,7:00:00
2025-03-19,0.2,0,8,8:00:00
2025-03-19,2.2,0,9,9:00:00
2025-03-19,4.3,0,10,10:00:00
2025-03-19,6,0,11,11:00:00
2025-03-19,8.3,0,12,12:00:00
2025-03-19,10.5,0,13,13:00:00
2025-03-19,11.8,0,14,14:00:00
2025-03-19,12.7,0,15,15:00:00
2025-03-19,14.2,0,16,16:00:00
2025-03-19,14.4,0,17,17:00:00
2025-03-19,14.9,0,18,18:00:00
2025-03-19,14.6,0,19,19:00:00
2025-03-19,12.6,0,20,20:00:00
2025-03-19,10.7,0,21,21:00:00
2025-03-19,10,0,22,22:00:00
2025-03-19,8.5,0,23,23:00:00
2025-03-20,7.4,0,0,0:00:00
2025-03-20,7.5,0,1,1:00:00
2025-03-20,6.7,0,2,2:00:00
2025-03-20,6.4,0,3,3:00:00
2025-03-20,5.5,0,4,4:00:00
2025-03-20,4.5,0,5,5:00:00
2025-03-20,4.6,0,6,6:00:00
2025-03-20,3.7,0,7,7:00:00
2025-03-20,3.5,0,8,8:00:00
2025-03-20,5.2,0,9,9:00:00
2025-03-20,7.4,0,10,10:00:00
2025-03-20,9.3,0,11,11:00:00
2025-03-20,12.5,0,12,12:00:00
2025-03-20,14.9,0,13,13:00:00
2025-03-20,16.3,0,14,14:00:00
2025-03-20,17.1,0,15,15:00:00
2025-03-20,17.9,0,16,16:00:00
2025-03-20,17.4,0,17,17:00:00
2025-03-20,17.5,0,18,18:00:00
2025-03-20,16.7,0,19,19:00:00
2025-03-20,14.2,0,20,20:00:00
2025-03-20,11.8,0,21,21:00:00
2025-03-20,10.7,0,22,22:00:00
2025-03-20,9.3,0,23,23:00:00
2025-03-21,8.5,0,0,0:00:00
2025-03-21,8,0,1,1:00:00
2025-03-21,6.9,0,2,2:00:00
2025-03-21,6.8,0,3,3:00:00
2025-03-21,5.7,0,4,4:00:00
2025-03-21,5,0,5,5:00:00
2025-03-21,4.9,0,6,6:00:00
2025-03-21,4.2,0,7,7:00:00
2025-03-21,3.9,0,8,8:00:00
2025-03-21,6.3,0,9,9:00:00
2025-03-21,7.5,0,10,10:00:00
2025-03-21,11.3,0,11,11:00:00
2025-03-21,15.6,0,12,12:00:00
2025-03-21,17.5,0,13,13:00:00
2025-03-21,18.6,0,14,14:00:00
2025-03-21,20.6,0,15,15:00:00
2025-03-21,20.9,0,16,16:00:00
2025-03-21,20.7,0,17,17:00:00
2025-03-21,20.2,0,18,18:00:00
2025-03-21,19.2,0,19,19:00:00
2025-03-21,17.2,0,20,20:00:00
2025-03-21,16.2,0,21,21:00:00
2025-03-21,15.3,0,22,22:00:00
2025-03-21,14.2,0,23,23:00:00
2025-03-22,13.8,0,0,0:00:00
2025-03-22,12.9,0,1,1:00:00
2025-03-22,12,0,2,2:00:00
2025-03-22,11.6,0,3,3:00:00
2025-03-22,10.9,0,4,4:00:00
2025-03-22,10.2,0,5,5:00:00
2025-03-22,9.7,0,6,6:00:00
2025-03-22,9,0,7,7:00:00
2025-03-22,8.7,0,8,8:00:00
2025-03-22,9.5,0,9,9:00:00
2025-03-22,10.5,0,10,10:00:00
2025-03-22,12.5,0,11,11:00:00
2025-03-22,14.5,0,12,12:00:00
2025-03-22,15.7,0,13,13:00:00
2025-03-22,16.9,0,14,14:00:00
2025-03-22,18.1,0,15,15:00:00
2025-03-22,18.6,0,16,16:00:00
2025-03-22,18.1,0,17,17:00:00
2025-03-22,18.1,0,18,18:00:00
2025-03-22,17.5,0,19,19:00:00
2025-03-22,16.1,0,20,20:00:00
2025-03-22,16.2,0,21,21:00:00
2025-03-22,14.2,0,22,22:00:00
2025-03-22,12.5,0,23,23:00:00
2025-03-23,13.2,0,0,0:00:00
2025-03-23,11.8,0,1,1:00:00
2025-03-23,10.1,0,2,2:00:00
2025-03-23,9.9,0,3,3:00:00
2025-03-23,9.9,0,4,4:00:00
2025-03-23,8.3,0,5,5:00:00
2025-03-23,9.3,0,6,6:00:00
2025-03-23,8.8,0,7,7:00:00
2025-03-23,7.5,0,8,8:00:00
2025-03-23,9.2,0,9,9:00:00
2025-03-23,9.2,0.4,10,10:00:00
2025-03-23,11.1,0,11,11:00:00
2025-03-23,12.4,0,12,12:00:00
2025-03-23,15.1,0,13,13:00:00
2025-03-23,12.4,0,14,14:00:00
2025-03-23,15.8,0,15,15:00:00
2025-03-23,15.8,0,16,16:00:00
2025-03-23,14.8,0,17,17:00:00
2025-03-23,16.3,0,18,18:00:00
2025-03-23,15.6,0,19,19:00:00
2025-03-23,13.1,0,20,20:00:00
2025-03-23,13.9,0,21,21:00:00
2025-03-23,13,0,22,22:00:00
2025-03-23,11.9,0,23,23:00:00
2025-03-24,11.3,0,0,0:00:00
2025-03-24,10,0,1,1:00:00
2025-03-24,10.1,0,2,2:00:00
2025-03-24,10.1,0,3,3:00:00
2025-03-24,10.9,0,4,4:00:00
2025-03-24,9.5,0,5,5:00:00
2025-03-24,9.9,0,6,6:00:00
2025-03-24,10.1,0,7,7:00:00
2025-03-24,9.2,0,8,8:00:00
2025-03-24,11,0,9,9:00:00
2025-03-24,11.7,0,10,10:00:00
2025-03-24,12.4,0,11,11:00:00
2025-03-24,14.4,0,12,12:00:00
2025-03-24,16.2,0,13,13:00:00
2025-03-24,15.7,0,14,14:00:00
2025-03-24,16.1,0,15,15:00:00
2025-03-24,15.4,0,16,16:00:00
2025-03-24,13.9,0,17,17:00:00
2025-03-24,13.2,0,18,18:00:00
2025-03-24,12.8,0,19,19:00:00
2025-03-24,11.7,0,20,20:00:00
2025-03-24,9.9,0,21,21:00:00
2025-03-24,8.9,0,22,22:00:00
2025-03-24,8,0,23,23:00:00
2025-03-25,8.7,0,0,0:00:00
2025-03-25,6.3,0,1,1:00:00
2025-03-25,6.4,0,2,2:00:00
2025-03-25,7,0,3,3:00:00
2025-03-25,5.9,0,4,4:00:00
2025-03-25,6.4,0,5,5:00:00
2025-03-25,6.6,0,6,6:00:00
2025-03-25,6.4,0,7,7:00:00
2025-03-25,6.4,0,8,8:00:00
2025-03-25,7,0,9,9:00:00
2025-03-25,8.1,0,10,10:00:00
2025-03-25,8.8,0,11,11:00:00
2025-03-25,10.5,0,12,12:00:00
2025-03-25,11.9,0,13,13:00:00
2025-03-25,12.1,0,14,14:00:00
2025-03-25,12.8,0,15,15:00:00
2025-03-25,13.4,0,16,16:00:00
2025-03-25,13.5,0,17,17:00:00
2025-03-25,12.3,0,18,18:00:00
2025-03-25,12,0,19,19:00:00
2025-03-25,11.4,0,20,20:00:00
2025-03-25,9.2,0.2,21,21:00:00
2025-03-25,8.4,0.3,22,22:00:00
2025-03-25,8,0.1,23,23:00:00
2025-03-26,8.3,0,0,0:00:00
2025-03-26,8.1,0,1,1:00:00
2025-03-26,7.4,0,2,2:00:00
2025-03-26,7.6,0,3,3:00:00
2025-03-26,7.6,0,4,4:00:00
2025-03-26,6.2,0,5,5:00:00
2025-03-26,6.7,0,6,6:00:00
2025-03-26,7.1,0,7,7:00:00
2025-03-26,6.7,0,8,8:00:00
2025-03-26,7,0.1,9,9:00:00
2025-03-26,7.8,0,10,10:00:00
2025-03-26,8.1,0,11,11:00:00
2025-03-26,8.3,0,12,12:00:00
2025-03-26,9.1,0,13,13:00:00
2025-03-26,8.8,0,14,14:00:00
2025-03-26,9.9,0,15,15:00:00
2025-03-26,11.4,0,16,16:00:00
2025-03-26,11.4,0,17,17:00:00
2025-03-26,11.4,0,18,18:00:00
2025-03-26,10.2,0,19,19:00:00
2025-03-26,8.5,0,20,20:00:00
2025-03-26,7.6,0,21,21:00:00
2025-03-26,6.4,0,22,22:00:00
2025-03-26,5.6,0,23,23:00:00
2025-03-27,5.1,0,0,0:00:00
2025-03-27,4.6,0,1,1:00:00
2025-03-27,3.8,0,2,2:00:00
2025-03-27,3.4,0,3,3:00:00
2025-03-27,2.6,0,4,4:00:00
2025-03-27,2.2,0,5,5:00:00
2025-03-27,2.3,0,6,6:00:00
2025-03-27,2.2,0,7,7:00:00
2025-03-27,1.5,0,8,8:00:00
2025-03-27,3.4,0,9,9:00:00
2025-03-27,6,0,10,10:00:00
2025-03-27,8.1,0,11,11:00:00
2025-03-27,10.6,0,12,12:00:00
2025-03-27,12.4,0,13,13:00:00
2025-03-27,13.7,0,14,14:00:00
2025-03-27,14.6,0,15,15:00:00
2025-03-27,15.2,0,16,16:00:00
2025-03-27,15.5,0,17,17:00:00
2025-03-27,15.3,0,18,18:00:00
2025-03-27,15,0,19,19:00:00
2025-03-27,13.2,0,20,20:00:00
2025-03-27,11.3,0,21,21:00:00
2025-03-27,10.1,0,22,22:00:00
2025-03-27,8.6,0,23,23:00:00
2025-03-28,8.1,0,0,0:00:00
2025-03-28,7.9,0,1,1:00:00
2025-03-28,6.8,0,2,2:00:00
2025-03-28,6.3,0,3,3:00:00
2025-03-28,5,0,4,4:00:00
2025-03-28,4.7,0,5,5:00:00
2025-03-28,4.1,0,6,6:00:00
2025-03-28,3.4,0,7,7:00:00
2025-03-28,3.8,0,8,8:00:00
2025-03-28,6,0,9,9:00:00
2025-03-28,7.4,0,10,10:00:00
2025-03-28,10.6,0,11,11:00:00
2025-03-28,12.5,0,12,12:00:00
2025-03-28,14.4,0,13,13:00:00
2025-03-28,15.2,0,14,14:00:00
2025-03-28,14.5,0,15,15:00:00
2025-03-28,14.6,0,16,16:00:00
2025-03-28,14.7,0,17,17:00:00
2025-03-28,13.2,0,18,18:00:00
2025-03-28,12,0,19,19:00:00
2025-03-28,11,0,20,20:00:00
2025-03-28,10.8,0,21,21:00:00
2025-03-28,10,0,22,22:00:00
2025-03-28,9.8,0,23,23:00:00
2025-03-29,9.3,0,0,0:00:00
2025-03-29,8.7,0,1,1:00:00
2025-03-29,8.6,0,2,2:00:00
2025-03-29,7.5,0,3,3:00:00
2025-03-29,6.6,0,4,4:00:00
2025-03-29,7.1,0,5,5:00:00
2025-03-29,6,0,6,6:00:00
2025-03-29,5.2,0,7,7:00:00
2025-03-29,5.1,0,8,8:00:00
2025-03-29,6.4,0,9,9:00:00
2025-03-29,8.3,0,10,10:00:00
2025-03-29,10.1,0,11,11:00:00
2025-03-29,11.8,0,12,12:00:00
2025-03-29,12.9,0,13,13:00:00
2025-03-29,13.6,0,14,14:00:00
2025-03-29,14.3,0,15,15:00:00
2025-03-29,14.7,0,16,16:00:00
2025-03-29,14.1,0,17,17:00:00
2025-03-29,13.7,0,18,18:00:00
2025-03-29,12.4,0,19,19:00:00
2025-03-29,10.6,0,20,20:00:00
2025-03-29,8.9,0,21,21:00:00
2025-03-29,7.8,0,22,22:00:00
2025-03-29,6.6,0,23,23:00:00
2025-03-30,7.3,0,0,0:00:00
2025-03-30,6.9,0,1,1:00:00
2025-03-30,6.5,0,2,2:00:00
2025-03-30,6.3,0,3,3:00:00
2025-03-30,7.7,0,4,4:00:00
2025-03-30,7,0.5,5,5:00:00
2025-03-30,6.7,0.5,6,6:00:00
2025-03-30,7.5,0.2,7,7:00:00
2025-03-30,8.4,0.1,8,8:00:00
2025-03-30,9.1,0.8,9,9:00:00
2025-03-30,10,0,10,10:00:00
2025-03-30,11.1,0,11,11:00:00
2025-03-30,10.4,0,12,12:00:00
2025-03-30,9.1,0.3,13,13:00:00
2025-03-30,10.2,0.1,14,14:00:00
2025-03-30,10.1,0,15,15:00:00
2025-03-30,10.9,0,16,16:00:00
2025-03-30,10.6,0,17,17:00:00
2025-03-30,10.3,0,18,18:00:00
2025-03-30,9.5,0,19,19:00:00
2025-03-30,9.3,0,20,20:00:00
2025-03-30,8.7,0,21,21:00:00
2025-03-30,8.3,0,22,22:00:00
2025-03-30,7.8,0,23,23:00:00
2025-03-31,7.1,0,0,0:00:00
2025-03-31,7.1,0,1,1:00:00
2025-03-31,7.4,0,2,2:00:00
2025-03-31,7.4,0,3,3:00:00
2025-03-31,7.3,0,4,4:00:00
2025-03-31,7.2,0,5,5:00:00
2025-03-31,6,0,6,6:00:00
2025-03-31,7,0,7,7:00:00
2025-03-31,7,0,8,8:00:00
2025-03-31,7.2,0,9,9:00:00
2025-03-31,7.7,0,10,10:00:00
2025-03-31,8.5,0,11,11:00:00
2025-03-31,10.2,0,12,12:00:00
2025-03-31,11.1,0,13,13:00:00
2025-03-31,12.2,0,14,14:00:00
2025-03-31,12.6,0,15,15:00:00
2025-03-31,12.6,0,16,16:00:00
2025-03-31,12.3,0,17,17:00:00
2025-03-31,11.8,0,18,18:00:00
2025-03-31,10.8,0,19,19:00:00
2025-03-31,9.2,0,20,20:00:00
2025-03-31,7.6,0,21,21:00:00
2025-03-31,6.5,0,22,22:00:00
2025-03-31,5.7,0,23,23:00:00
2025-04-01,5,0,0,0:00:00
2025-04-01,4.4,0,1,1:00:00
2025-04-01,4.3,0,2,2:00:00
2025-04-01,3.9,0,3,3:00:00
2025-04-01,3.2,0,4,4:00:00
2025-04-01,3.1,0,5,5:00:00
2025-04-01,2.3,0,6,6:00:00
2025-04-01,1.7,0,7,7:00:00
2025-04-01,1.8,0,8,8:00:00
2025-04-01,3.2,0,9,9:00:00
2025-04-01,4.9,0,10,10:00:00
2025-04-01,8.4,0,11,11:00:00
2025-04-01,10.6,0,12,12:00:00
2025-04-01,12.2,0,13,13:00:00
2025-04-01,13.7,0,14,14:00:00
2025-04-01,14.3,0,15,15:00:00
2025-04-01,15.1,0,16,16:00:00
2025-04-01,15.1,0,17,17:00:00
2025-04-01,14.9,0,18,18:00:00
2025-04-01,14.2,0,19,19:00:00
2025-04-01,12.9,0,20,20:00:00
2025-04-01,11,0,21,21:00:00
2025-04-01,9.5,0,22,22:00:00
2025-04-01,8.2,0,23,23:00:00
2025-04-02,7.1,0,0,0:00:00
2025-04-02,6.8,0,1,1:00:00
2025-04-02,6.1,0,2,2:00:00
2025-04-02,5.5,0,3,3:00:00
2025-04-02,4.6,0,4,4:00:00
2025-04-02,4.3,0,5,5:00:00
2025-04-02,4,0,6,6:00:00
2025-04-02,3.3,0,7,7:00:00
2025-04-02,3.6,0,8,8:00:00
2025-04-02,5.5,0,9,9:00:00
2025-04-02,7.7,0,10,10:00:00
2025-04-02,10.7,0,11,11:00:00
2025-04-02,13.1,0,12,12:00:00
2025-04-02,14.4,0,13,13:00:00
2025-04-02,16.4,0,14,14:00:00
2025-04-02,17.4,0,15,15:00:00
2025-04-02,17.4,0,16,16:00:00
2025-04-02,17.3,0,17,17:00:00
2025-04-02,17.1,0,18,18:00:00
2025-04-02,16.6,0,19,19:00:00
2025-04-02,15.3,0,20,20:00:00
2025-04-02,13.7,0,21,21:00:00
2025-04-02,12.5,0,22,22:00:00
2025-04-02,11.8,0,23,23:00:00
2025-04-03,10.7,0,0,0:00:00
2025-04-03,9.6,0,1,1:00:00
2025-04-03,9.3,0,2,2:00:00
2025-04-03,8.9,0,3,3:00:00
2025-04-03,8.1,0,4,4:00:00
2025-04-03,7.1,0,5,5:00:00
2025-04-03,6.4,0,6,6:00:00
2025-04-03,5.7,0,7,7:00:00
2025-04-03,5.6,0,8,8:00:00
2025-04-03,7.2,0,9,9:00:00
2025-04-03,9.5,0,10,10:00:00
2025-04-03,12.7,0,11,11:00:00
2025-04-03,15.5,0,12,12:00:00
2025-04-03,17.1,0,13,13:00:00
2025-04-03,18.6,0,14,14:00:00
2025-04-03,19.6,0,15,15:00:00
2025-04-03,20,0,16,16:00:00
2025-04-03,20,0,17,17:00:00
2025-04-03,19.7,0,18,18:00:00
2025-04-03,19.3,0,19,19:00:00
2025-04-03,17.2,0,20,20:00:00
2025-04-03,15.3,0,21,21:00:00
2025-04-03,14.4,0,22,22:00:00
2025-04-03,13,0,23,23:00:00
2025-04-04,11.5,0,0,0:00:00
2025-04-04,10.8,0,1,1:00:00
2025-04-04,10,0,2,2:00:00
2025-04-04,9,0,3,3:00:00
2025-04-04,8,0,4,4:00:00
2025-04-04,7.2,0,5,5:00:00
2025-04-04,6.5,0,6,6:00:00
2025-04-04,5.3,0,7,7:00:00
2025-04-04,6.4,0,8,8:00:00
2025-04-04,9.1,0,9,9:00:00
2025-04-04,11.9,0,10,10:00:00
2025-04-04,14.9,0,11,11:00:00
2025-04-04,17.6,0,12,12:00:00
2025-04-04,18.9,0,13,13:00:00
2025-04-04,20.6,0,14,14:00:00
2025-04-04,21.4,0,15,15:00:00
2025-04-04,21.5,0,16,16:00:00
2025-04-04,21.7,0,17,17:00:00
2025-04-04,20.8,0,18,18:00:00
2025-04-04,19.5,0,19,19:00:00
2025-04-04,16.8,0,20,20:00:00
2025-04-04,13.8,0,21,21:00:00
2025-04-04,12,0,22,22:00:00
2025-04-04,10.2,0,23,23:00:00
2025-04-05,8.1,0,0,0:00:00
2025-04-05,7.6,0,1,1:00:00
2025-04-05,6.8,0,2,2:00:00
2025-04-05,5.9,0,3,3:00:00
2025-04-05,5.8,0,4,4:00:00
2025-04-05,5.4,0,5,5:00:00
2025-04-05,5.7,0,6,6:00:00
2025-04-05,4.6,0,7,7:00:00
2025-04-05,4.7,0,8,8:00:00
2025-04-05,6.4,0,9,9:00:00
2025-04-05,8.7,0,10,10:00:00
2025-04-05,10.4,0,11,11:00:00
2025-04-05,12.1,0,12,12:00:00
2025-04-05,13.7,0,13,13:00:00
2025-04-05,14.6,0,14,14:00:00
2025-04-05,15.2,0,15,15:00:00
2025-04-05,15,0,16,16:00:00
2025-04-05,14.5,0,17,17:00:00
2025-04-05,13.9,0,18,18:00:00
2025-04-05,12.3,0,19,19:00:00
2025-04-05,10.7,0,20,20:00:00
2025-04-05,9.8,0,21,21:00:00
2025-04-05,8.5,0,22,22:00:00
2025-04-05,7.7,0,23,23:00:00
2025-04-06,7,0,0,0:00:00
2025-04-06,5.8,0,1,1:00:00
2025-04-06,5.2,0,2,2:00:00
2025-04-06,4.6,0,3,3:00:00
2025-04-06,3.3,0,4,4:00:00
2025-04-06,2.5,0,5,5:00:00
2025-04-06,2.1,0,6,6:00:00
2025-04-06,1.5,0,7,7:00:00
2025-04-06,2.2,0,8,8:00:00
2025-04-06,4.3,0,9,9:00:00
2025-04-06,6.4,0,10,10:00:00
2025-04-06,7.8,0,11,11:00:00
2025-04-06,9.1,0,12,12:00:00
2025-04-06,10.3,0,13,13:00:00
2025-04-06,11.3,0,14,14:00:00
2025-04-06,11.9,0,15,15:00:00
2025-04-06,12.3,0,16,16:00:00
2025-04-06,12.2,0,17,17:00:00
2025-04-06,12.4,0,18,18:00:00
2025-04-06,11.6,0,19,19:00:00
2025-04-06,10.4,0,20,20:00:00
2025-04-06,8.7,0,21,21:00:00
2025-04-06,7.2,0,22,22:00:00
2025-04-06,5.6,0,23,23:00:00
2025-04-07,4.9,0,0,0:00:00
2025-04-07,4,0,1,1:00:00
2025-04-07,3.1,0,2,2:00:00
2025-04-07,2.6,0,3,3:00:00
2025-04-07,1.8,0,4,4:00:00
2025-04-07,1.5,0,5,5:00:00
2025-04-07,0.8,0,6,6:00:00
2025-04-07,0.3,0,7,7:00:00
2025-04-07,1.9,0,8,8:00:00
2025-04-07,3.8,0,9,9:00:00
2025-04-07,5.6,0,10,10:00:00
2025-04-07,9,0,11,11:00:00
2025-04-07,10.5,0,12,12:00:00
2025-04-07,11.4,0,13,13:00:00
2025-04-07,12.7,0,14,14:00:00
2025-04-07,13.4,0,15,15:00:00
2025-04-07,13.7,0,16,16:00:00
2025-04-07,14.1,0,17,17:00:00
2025-04-07,14,0,18,18:00:00
2025-04-07,13.4,0,19,19:00:00
2025-04-07,10.9,0,20,20:00:00
2025-04-07,9.2,0,21,21:00:00
2025-04-07,8,0,22,22:00:00
2025-04-07,6.9,0,23,23:00:00
2025-04-08,5.9,0,0,0:00:00
2025-04-08,5.1,0,1,1:00:00
2025-04-08,4.3,0,2,2:00:00
2025-04-08,3.9,0,3,3:00:00
2025-04-08,3.6,0,4,4:00:00
2025-04-08,2.8,0,5,5:00:00
2025-04-08,2.5,0,6,6:00:00
2025-04-08,2.1,0,7,7:00:00
2025-04-08,3.1,0,8,8:00:00
2025-04-08,5,0,9,9:00:00
2025-04-08,6.7,0,10,10:00:00
2025-04-08,9,0,11,11:00:00
2025-04-08,10.9,0,12,12:00:00
2025-04-08,12.1,0,13,13:00:00
2025-04-08,13.8,0,14,14:00:00
2025-04-08,14.7,0,15,15:00:00
2025-04-08,15.2,0,16,16:00:00
2025-04-08,15.6,0,17,17:00:00
2025-04-08,15.4,0,18,18:00:00
2025-04-08,14.8,0,19,19:00:00
2025-04-08,11.1,0,20,20:00:00
2025-04-08,9.6,0,21,21:00:00
2025-04-08,7.5,0,22,22:00:00
2025-04-08,7,0,23,23:00:00
2025-04-09,6.6,0,0,0:00:00
2025-04-09,5.7,0,1,1:00:00
2025-04-09,5.2,0,2,2:00:00
2025-04-09,4.9,0,3,3:00:00
2025-04-09,4,0,4,4:00:00
2025-04-09,4.6,0,5,5:00:00
2025-04-09,4.3,0,6,6:00:00
2025-04-09,4.6,0,7,7:00:00
2025-04-09,5,0,8,8:00:00
2025-04-09,5.9,0,9,9:00:00
2025-04-09,7.7,0,10,10:00:00
2025-04-09,9.3,0,11,11:00:00
2025-04-09,9.9,0,12,12:00:00
2025-04-09,11.6,0,13,13:00:00
2025-04-09,12.7,0,14,14:00:00
2025-04-09,12.1,0,15,15:00:00
2025-04-09,12.7,0,16,16:00:00
2025-04-09,12.5,0,17,17:00:00
2025-04-09,10.5,0,18,18:00:00
2025-04-09,9.5,0,19,19:00:00
2025-04-09,8.4,0,20,20:00:00
2025-04-09,8.2,0,21,21:00:00
2025-04-09,7.9,0,22,22:00:00
2025-04-09,7.6,0,23,23:00:00
2025-04-10,7.7,0,0,0:00:00
2025-04-10,7.7,0,1,1:00:00
2025-04-10,7.7,0,2,2:00:00
2025-04-10,7.3,0,3,3:00:00
2025-04-10,7.7,0,4,4:00:00
2025-04-10,7.8,0,5,5:00:00
2025-04-10,7.4,0,6,6:00:00
2025-04-10,7.3,0,7,7:00:00
2025-04-10,7.9,0,8,8:00:00
2025-04-10,8.1,0,9,9:00:00
2025-04-10,8.4,0,10,10:00:00
2025-04-10,9,0,11,11:00:00
2025-04-10,9.4,0,12,12:00:00
2025-04-10,10.3,0,13,13:00:00
2025-04-10,11.5,0,14,14:00:00
2025-04-10,12.1,0,15,15:00:00
2025-04-10,13.4,0,16,16:00:00
2025-04-10,14,0,17,17:00:00
2025-04-10,13.2,0,18,18:00:00
2025-04-10,12,0,19,19:00:00
2025-04-10,11.5,0,20,20:00:00
2025-04-10,9.2,0,21,21:00:00
2025-04-10,7.7,0,22,22:00:00
2025-04-10,6.9,0,23,23:00:00
2025-04-11,6.3,0,0,0:00:00
2025-04-11,7.3,0,1,1:00:00
2025-04-11,7.3,0,2,2:00:00
2025-04-11,7.1,0,3,3:00:00
2025-04-11,7.4,0,4,4:00:00
2025-04-11,7.3,0,5,5:00:00
2025-04-11,7.2,0,6,6:00:00
2025-04-11,7.1,0,7,7:00:00
2025-04-11,7.2,0,8,8:00:00
2025-04-11,7.8,0,9,9:00:00
2025-04-11,9.6,0,10,10:00:00
2025-04-11,11.3,0,11,11:00:00
2025-04-11,14.2,0,12,12:00:00
2025-04-11,16,0,13,13:00:00
2025-04-11,18.1,0,14,14:00:00
2025-04-11,19.2,0,15,15:00:00
2025-04-11,19.1,0,16,16:00:00
2025-04-11,19,0,17,17:00:00
2025-04-11,18.2,0,18,18:00:00
2025-04-11,17.2,0,19,19:00:00
2025-04-11,15.9,0,20,20:00:00
2025-04-11,14.4,0,21,21:00:00
2025-04-11,12.5,0,22,22:00:00
2025-04-11,11.8,0,23,23:00:00
2025-04-12,10.8,0,0,0:00:00
2025-04-12,9.5,0,1,1:00:00
2025-04-12,9.7,0,2,2:00:00
2025-04-12,9.6,0,3,3:00:00
2025-04-12,7.8,0,4,4:00:00
2025-04-12,8.3,0,5,5:00:00
2025-04-12,8.3,0,6,6:00:00
2025-04-12,5.6,0,7,7:00:00
2025-04-12,9,0,8,8:00:00
2025-04-12,10.8,0,9,9:00:00
2025-04-12,10.4,0,10,10:00:00
2025-04-12,15.2,0,11,11:00:00
2025-04-12,17.3,0,12,12:00:00
2025-04-12,18.5,0,13,13:00:00
2025-04-12,20.6,0,14,14:00:00
2025-04-12,21.8,0,15,15:00:00
2025-04-12,22.1,0,16,16:00:00
2025-04-12,22.4,0,17,17:00:00
2025-04-12,22.2,0,18,18:00:00
2025-04-12,21.3,0,19,19:00:00
2025-04-12,20,0,20,20:00:00
2025-04-12,18.2,0,21,21:00:00
2025-04-12,17,0,22,22:00:00
2025-04-12,16.5,0,23,23:00:00
2025-04-13,15.7,0,0,0:00:00
2025-04-13,14.9,0,1,1:00:00
2025-04-13,14.4,0,2,2:00:00
2025-04-13,14.1,0,3,3:00:00
2025-04-13,14.5,0,4,4:00:00
2025-04-13,14.3,0,5,5:00:00
2025-04-13,13.9,0,6,6:00:00
2025-04-13,14.3,0.7,7,7:00:00
2025-04-13,13.6,1.4,8,8:00:00
2025-04-13,13.8,0.3,9,9:00:00
2025-04-13,12.8,0,10,10:00:00
2025-04-13,13.9,0,11,11:00:00
2025-04-13,14.5,0,12,12:00:00
2025-04-13,15.6,0,13,13:00:00
2025-04-13,17,0.1,14,14:00:00
2025-04-13,16,0,15,15:00:00
2025-04-13,15.9,0,16,16:00:00
2025-04-13,17.1,0,17,17:00:00
2025-04-13,16.5,0,18,18:00:00
2025-04-13,16,0,19,19:00:00
2025-04-13,15.8,0,20,20:00:00
2025-04-13,13.6,0,21,21:00:00
2025-04-13,13.2,0,22,22:00:00
2025-04-13,12.2,0,23,23:00:00
2025-04-14,11.9,0,0,0:00:00
2025-04-14,12.3,0,1,1:00:00
2025-04-14,10.4,0,2,2:00:00
2025-04-14,10.7,0,3,3:00:00
2025-04-14,10.3,0,4,4:00:00
2025-04-14,9.5,0,5,5:00:00
2025-04-14,9.6,0,6,6:00:00
2025-04-14,9.7,0,7,7:00:00
2025-04-14,9.7,0.2,8,8:00:00
2025-04-14,10.8,0,9,9:00:00
2025-04-14,11.8,0,10,10:00:00
2025-04-14,13.5,0,11,11:00:00
2025-04-14,13.8,0,12,12:00:00
2025-04-14,15,0,13,13:00:00
2025-04-14,16.3,0,14,14:00:00
2025-04-14,16.9,0,15,15:00:00
2025-04-14,17.3,0,16,16:00:00
2025-04-14,17.5,0,17,17:00:00
2025-04-14,17.2,0,18,18:00:00
2025-04-14,17.2,0,19,19:00:00
2025-04-14,16,0,20,20:00:00
2025-04-14,14.5,0,21,21:00:00
2025-04-14,14.1,0,22,22:00:00
2025-04-14,12.6,0,23,23:00:00
2025-04-15,12.2,0,0,0:00:00
2025-04-15,11.8,0,1,1:00:00
2025-04-15,11.2,0,2,2:00:00
2025-04-15,11.2,0,3,3:00:00
2025-04-15,10.5,0,4,4:00:00
2025-04-15,9.8,0,5,5:00:00
2025-04-15,9.4,0,6,6:00:00
2025-04-15,9.2,0,7,7:00:00
2025-04-15,10.6,0,8,8:00:00
2025-04-15,12.6,0,9,9:00:00
2025-04-15,15,0,10,10:00:00
2025-04-15,17.5,0,11,11:00:00
2025-04-15,19.4,0,12,12:00:00
2025-04-15,21.1,0,13,13:00:00
2025-04-15,23.1,0,14,14:00:00
2025-04-15,23.5,0,15,15:00:00
2025-04-15,24.1,0,16,16:00:00
2025-04-15,23.5,0,17,17:00:00
2025-04-15,18.6,0,18,18:00:00
2025-04-15,16.5,9,19,19:00:00
2025-04-15,16.2,8.6,20,20:00:00
2025-04-15,15.1,1.1,21,21:00:00
2025-04-15,15.5,11.3,22,22:00:00
2025-04-15,14.9,0.5,23,23:00:00
2025-04-16,14.5,0,0,0:00:00
2025-04-16,14.4,0,1,1:00:00
2025-04-16,13.7,0,2,2:00:00
2025-04-16,12.9,0,3,3:00:00
2025-04-16,12.7,0,4,4:00:00
2025-04-16,11.9,0,5,5:00:00
2025-04-16,10.7,0,6,6:00:00
2025-04-16,11.2,0,7,7:00:00
2025-04-16,11.5,0,8,8:00:00
2025-04-16,12.6,0,9,9:00:00
2025-04-16,13.1,0,10,10:00:00
2025-04-16,13.5,0,11,11:00:00
2025-04-16,13.1,0,12,12:00:00
2025-04-16,14.1,0,13,13:00:00
2025-04-16,12.8,0,14,14:00:00
2025-04-16,11.8,0,15,15:00:00
2025-04-16,12,0,16,16:00:00
2025-04-16,10.9,0,17,17:00:00
2025-04-16,10.2,0,18,18:00:00
2025-04-16,10.3,0.8,19,19:00:00
2025-04-16,10.3,0.5,20,20:00:00
2025-04-16,9.6,0.4,21,21:00:00
2025-04-16,9,0.9,22,22:00:00
2025-04-16,9.8,1.6,23,23:00:00
2025-04-17,9.4,0.1,0,0:00:00
2025-04-17,8.9,0.5,1,1:00:00
2025-04-17,9.2,0.3,2,2:00:00
2025-04-17,9.3,3.5,3,3:00:00
2025-04-17,8.6,0.5,4,4:00:00
2025-04-17,8.6,0,5,5:00:00
2025-04-17,9.2,1.2,6,6:00:00
2025-04-17,8.7,0.2,7,7:00:00
2025-04-17,8.6,0,8,8:00:00
2025-04-17,9.4,0.6,9,9:00:00
2025-04-17,9.5,0,10,10:00:00
2025-04-17,8.9,0,11,11:00:00
2025-04-17,9.9,0.4,12,12:00:00
2025-04-17,10.5,0,13,13:00:00
2025-04-17,10.2,0,14,14:00:00
2025-04-17,10.1,0,15,15:00:00
2025-04-17,11.2,0,16,16:00:00
2025-04-17,10.4,0,17,17:00:00
2025-04-17,9.5,0.9,18,18:00:00
2025-04-17,8.4,2.1,19,19:00:00
2025-04-17,9,0.5,20,20:00:00
2025-04-17,7.9,0.8,21,21:00:00
2025-04-17,7.8,0.2,22,22:00:00
2025-04-17,8.3,0,23,23:00:00
2025-04-18,8.1,0,0,0:00:00
2025-04-18,7.7,0,1,1:00:00
2025-04-18,8,0,2,2:00:00
2025-04-18,7.9,0,3,3:00:00
2025-04-18,7.6,0,4,4:00:00
2025-04-18,7.6,0,5,5:00:00
2025-04-18,7.5,0,6,6:00:00
2025-04-18,7.5,0.1,7,7:00:00
2025-04-18,7.9,0.2,8,8:00:00
2025-04-18,7.6,0.5,9,9:00:00
2025-04-18,8.1,0,10,10:00:00
2025-04-18,8.2,0,11,11:00:00
2025-04-18,8.6,0.2,12,12:00:00
2025-04-18,9.5,0,13,13:00:00
2025-04-18,9.3,0,14,14:00:00
2025-04-18,9.8,0,15,15:00:00
2025-04-18,11.3,0,16,16:00:00
2025-04-18,13,0,17,17:00:00
2025-04-18,11.4,0,18,18:00:00
2025-04-18,11.3,0,19,19:00:00
2025-04-18,10.5,0,20,20:00:00
2025-04-18,9.1,0,21,21:00:00
2025-04-18,8.4,0,22,22:00:00
2025-04-18,7.3,0,23,23:00:00
2025-04-19,8.1,0,0,0:00:00
2025-04-19,7.1,0,1,1:00:00
2025-04-19,7.3,0,2,2:00:00
2025-04-19,7.1,0,3,3:00:00
2025-04-19,6.2,0,4,4:00:00
2025-04-19,5.1,0,5,5:00:00
2025-04-19,5.2,0,6,6:00:00
2025-04-19,4.8,0,7,7:00:00
2025-04-19,5.7,0,8,8:00:00
2025-04-19,8.4,0,9,9:00:00
2025-04-19,9.6,0,10,10:00:00
2025-04-19,11.4,0,11,11:00:00
2025-04-19,12.4,0,12,12:00:00
2025-04-19,13.9,0,13,13:00:00
2025-04-19,15.1,0,14,14:00:00
2025-04-19,15.2,0,15,15:00:00
2025-04-19,15.2,0,16,16:00:00
2025-04-19,15.3,0,17,17:00:00
2025-04-19,14.3,0,18,18:00:00
2025-04-19,13.2,0,19,19:00:00
2025-04-19,11.8,0,20,20:00:00
2025-04-19,10,0,21,21:00:00
2025-04-19,8.6,0,22,22:00:00
2025-04-19,7.3,0,23,23:00:00
2025-04-20,6.5,0,0,0:00:00
2025-04-20,5.9,0,1,1:00:00
2025-04-20,5.3,0,2,2:00:00
2025-04-20,4.9,0,3,3:00:00
2025-04-20,4.5,0,4,4:00:00
2025-04-20,4.2,0,5,5:00:00
2025-04-20,4,0,6,6:00:00
2025-04-20,3.7,0,7,7:00:00
2025-04-20,4.5,0,8,8:00:00
2025-04-20,7,0,9,9:00:00
2025-04-20,8.5,0,10,10:00:00
2025-04-20,10.5,0,11,11:00:00
2025-04-20,12.2,0,12,12:00:00
2025-04-20,14.1,0,13,13:00:00
2025-04-20,15.5,0,14,14:00:00
2025-04-20,16.3,0,15,15:00:00
2025-04-20,17.2,0,16,16:00:00
2025-04-20,17.3,0,17,17:00:00
2025-04-20,16.9,0,18,18:00:00
2025-04-20,16.5,0,19,19:00:00
2025-04-20,14.7,0,20,20:00:00
2025-04-20,11.9,0,21,21:00:00
2025-04-20,10.8,0,22,22:00:00
2025-04-20,9.5,0,23,23:00:00
2025-04-21,9,0,0,0:00:00
2025-04-21,8.2,0,1,1:00:00
2025-04-21,8.4,0,2,2:00:00
2025-04-21,8.4,0,3,3:00:00
2025-04-21,7.9,0.6,4,4:00:00
2025-04-21,8,1.5,5,5:00:00
2025-04-21,8.1,2.4,6,6:00:00
2025-04-21,8.1,0.1,7,7:00:00
2025-04-21,8,0.3,8,8:00:00
2025-04-21,8.2,0.9,9,9:00:00
2025-04-21,8.9,0.1,10,10:00:00
2025-04-21,9.1,0.8,11,11:00:00
2025-04-21,14.4,0,12,12:00:00
2025-04-21,11.1,0,13,13:00:00
2025-04-21,14,0,14,14:00:00
2025-04-21,14.2,0,15,15:00:00
2025-04-21,13.8,0.1,16,16:00:00
2025-04-21,12.5,0.9,17,17:00:00
2025-04-21,13.2,0.3,18,18:00:00
2025-04-21,12.8,0,19,19:00:00
2025-04-21,11.7,0,20,20:00:00
2025-04-21,11.9,0,21,21:00:00
2025-04-21,11.1,0,22,22:00:00
2025-04-21,11.3,0,23,23:00:00
2025-04-22,11.8,0,0,0:00:00
2025-04-22,9.2,0,1,1:00:00
2025-04-22,9.7,0,2,2:00:00
2025-04-22,11,0,3,3:00:00
2025-04-22,8.8,0,4,4:00:00
2025-04-22,8.7,0,5,5:00:00
2025-04-22,10,0,6,6:00:00
2025-04-22,8.8,0,7,7:00:00
2025-04-22,10.2,0,8,8:00:00
2025-04-22,10.2,0,9,9:00:00
2025-04-22,10.7,0,10,10:00:00
2025-04-22,10.4,0.1,11,11:00:00
2025-04-22,11.7,0,12,12:00:00
2025-04-22,11.8,0,13,13:00:00
2025-04-22,12,0,14,14:00:00
2025-04-22,14.1,0,15,15:00:00
2025-04-22,15.4,0.1,16,16:00:00
2025-04-22,15.8,0,17,17:00:00
2025-04-22,15.5,0,18,18:00:00
2025-04-22,15.2,0,19,19:00:00
2025-04-22,14.3,0,20,20:00:00
2025-04-22,12.9,0,21,21:00:00
2025-04-22,10.9,0,22,22:00:00
2025-04-22,10.9,0,23,23:00:00
2025-04-23,11,0,0,0:00:00
2025-04-23,10,0,1,1:00:00
2025-04-23,10.1,0,2,2:00:00
2025-04-23,10.5,0,3,3:00:00
2025-04-23,10.2,0,4,4:00:00
2025-04-23,9.7,0,5,5:00:00
2025-04-23,10.3,0,6,6:00:00
2025-04-23,9.9,0,7,7:00:00
2025-04-23,10.3,0,8,8:00:00
2025-04-23,11.7,0,9,9:00:00
2025-04-23,12.7,0,10,10:00:00
2025-04-23,14.1,0,11,11:00:00
2025-04-23,15.4,0,12,12:00:00
2025-04-23,15.2,0,13,13:00:00
2025-04-23,15.5,0,14,14:00:00
2025-04-23,15.3,0,15,15:00:00
2025-04-23,17.4,0,16,16:00:00
2025-04-23,16.9,0,17,17:00:00
2025-04-23,15.1,0,18,18:00:00
2025-04-23,13.9,0,19,19:00:00
2025-04-23,14.5,0,20,20:00:00
2025-04-23,13.1,0,21,21:00:00
2025-04-23,12.6,0,22,22:00:00
2025-04-23,13,0,23,23:00:00
2025-04-24,12.3,0.1,0,0:00:00
2025-04-24,12,0,1,1:00:00
2025-04-24,11.7,0,2,2:00:00
2025-04-24,11.3,0,3,3:00:00
2025-04-24,11.3,0,4,4:00:00
2025-04-24,11.2,0,5,5:00:00
2025-04-24,11,0.4,6,6:00:00
2025-04-24,10.7,0.3,7,7:00:00
2025-04-24,10.7,0.6,8,8:00:00
2025-04-24,10.6,2.1,9,9:00:00
2025-04-24,10.7,1,10,10:00:00
2025-04-24,10.4,0.3,11,11:00:00
2025-04-24,10.6,0.7,12,12:00:00
2025-04-24,11.1,0.6,13,13:00:00
2025-04-24,12.2,3.7,14,14:00:00
2025-04-24,10.5,0,15,15:00:00
2025-04-24,10.9,0,16,16:00:00
2025-04-24,11.3,0.2,17,17:00:00
2025-04-24,11.3,0.2,18,18:00:00
2025-04-24,10.9,0,19,19:00:00
2025-04-24,11,0,20,20:00:00
2025-04-24,9.9,0,21,21:00:00
2025-04-24,8.8,0.1,22,22:00:00
2025-04-24,8.2,0,23,23:00:00
2025-04-25,8.2,0,0,0:00:00
2025-04-25,7.6,0,1,1:00:00
2025-04-25,7.4,0,2,2:00:00
2025-04-25,7,0,3,3:00:00
2025-04-25,7.4,0,4,4:00:00
2025-04-25,7.3,0,5,5:00:00
2025-04-25,7.1,0,6,6:00:00
2025-04-25,7.4,0,7,7:00:00
2025-04-25,8,0,8,8:00:00
2025-04-25,7.7,0,9,9:00:00
2025-04-25,8.3,0,10,10:00:00
2025-04-25,9.2,0,11,11:00:00
2025-04-25,9.9,0,12,12:00:00
2025-04-25,10.7,0,13,13:00:00
2025-04-25,13.6,0,14,14:00:00
2025-04-25,14,0,15,15:00:00
2025-04-25,13.4,0,16,16:00:00
2025-04-25,14.7,0,17,17:00:00
2025-04-25,14.2,0,18,18:00:00
2025-04-25,13.5,0,19,19:00:00
2025-04-25,12.4,0,20,20:00:00
2025-04-25,10.4,0,21,21:00:00
2025-04-25,9.1,0,22,22:00:00
2025-04-25,7.9,0,23,23:00:00
2025-04-26,7,0,0,0:00:00
2025-04-26,6.6,0,1,1:00:00
2025-04-26,6.1,0,2,2:00:00
2025-04-26,5.9,0,3,3:00:00
2025-04-26,6.1,0,4,4:00:00
2025-04-26,5.2,0,5,5:00:00
2025-04-26,4.8,0,6,6:00:00
2025-04-26,5.1,0,7,7:00:00
2025-04-26,5.5,0,8,8:00:00
2025-04-26,9,0,9,9:00:00
2025-04-26,11.5,0,10,10:00:00
2025-04-26,14.3,0,11,11:00:00
2025-04-26,16.1,0,12,12:00:00
2025-04-26,17.2,0,13,13:00:00
2025-04-26,18.2,0,14,14:00:00
2025-04-26,19,0,15,15:00:00
2025-04-26,19.3,0,16,16:00:00
2025-04-26,19.2,0,17,17:00:00
2025-04-26,19.3,0,18,18:00:00
2025-04-26,18.5,0,19,19:00:00
2025-04-26,17.1,0,20,20:00:00
2025-04-26,15.5,0,21,21:00:00
2025-04-26,13.9,0,22,22:00:00
2025-04-26,12.8,0,23,23:00:00
2025-04-27,11.8,0,0,0:00:00
2025-04-27,11.1,0,1,1:00:00
2025-04-27,10.3,0,2,2:00:00
2025-04-27,9.9,0,3,3:00:00
2025-04-27,9.1,0,4,4:00:00
2025-04-27,8.7,0,5,5:00:00
2025-04-27,7.9,0,6,6:00:00
2025-04-27,8,0,7,7:00:00
2025-04-27,8.7,0,8,8:00:00
2025-04-27,10.8,0,9,9:00:00
2025-04-27,13.2,0,10,10:00:00
2025-04-27,14.9,0,11,11:00:00
2025-04-27,16.6,0,12,12:00:00
2025-04-27,17.7,0,13,13:00:00
2025-04-27,18.7,0,14,14:00:00
2025-04-27,19.7,0,15,15:00:00
2025-04-27,19.8,0,16,16:00:00
2025-04-27,19.8,0,17,17:00:00
2025-04-27,20,0,18,18:00:00
2025-04-27,19.4,0,19,19:00:00
2025-04-27,18.1,0,20,20:00:00
2025-04-27,15.5,0,21,21:00:00
2025-04-27,14,0,22,22:00:00
2025-04-27,13,0,23,23:00:00
2025-04-28,12.2,0,0,0:00:00
2025-04-28,11.1,0,1,1:00:00
2025-04-28,10.4,0,2,2:00:00
2025-04-28,10.4,0,3,3:00:00
2025-04-28,9.1,0,4,4:00:00
2025-04-28,8.4,0,5,5:00:00
2025-04-28,7.7,0,6,6:00:00
2025-04-28,7.5,0,7,7:00:00
2025-04-28,10.1,0,8,8:00:00
2025-04-28,13,0,9,9:00:00
2025-04-28,14.9,0,10,10:00:00
2025-04-28,17.2,0,11,11:00:00
2025-04-28,18.8,0,12,12:00:00
2025-04-28,19.5,0,13,13:00:00
2025-04-28,20.4,0,14,14:00:00
2025-04-28,21,0,15,15:00:00
2025-04-28,21.1,0,16,16:00:00
2025-04-28,20.9,0,17,17:00:00
2025-04-28,20.8,0,18,18:00:00
2025-04-28,20.1,0,19,19:00:00
2025-04-28,18.9,0,20,20:00:00
2025-04-28,17.3,0,21,21:00:00
2025-04-28,15.5,0,22,22:00:00
2025-04-28,14.6,0,23,23:00:00
2025-04-29,13,0,0,0:00:00
2025-04-29,12.4,0,1,1:00:00
2025-04-29,11.5,0,2,2:00:00
2025-04-29,11.2,0,3,3:00:00
2025-04-29,10.2,0,4,4:00:00
2025-04-29,9.8,0,5,5:00:00
2025-04-29,9.4,0,6,6:00:00
2025-04-29,9.2,0,7,7:00:00
2025-04-29,10.9,0,8,8:00:00
2025-04-29,13.2,0,9,9:00:00
2025-04-29,14.7,0,10,10:00:00
2025-04-29,16.9,0,11,11:00:00
2025-04-29,18.5,0,12,12:00:00
2025-04-29,19.6,0,13,13:00:00
2025-04-29,21.4,0,14,14:00:00
2025-04-29,22.1,0,15,15:00:00
2025-04-29,22.2,0,16,16:00:00
2025-04-29,22.5,0,17,17:00:00
2025-04-29,21.8,0,18,18:00:00
2025-04-29,20.5,0,19,19:00:00
2025-04-29,19,0,20,20:00:00
2025-04-29,17,0,21,21:00:00
2025-04-29,15.2,0,22,22:00:00
2025-04-29,14.3,0,23,23:00:00
2025-04-30,13.4,0,0,0:00:00
2025-04-30,12.5,0,1,1:00:00
2025-04-30,11.7,0,2,2:00:00
2025-04-30,11.2,0,3,3:00:00
2025-04-30,10.6,0,4,4:00:00
2025-04-30,10,0,5,5:00:00
2025-04-30,9.6,0,6,6:00:00
2025-04-30,10.2,0,7,7:00:00
2025-04-30,11.8,0,8,8:00:00
2025-04-30,14,0,9,9:00:00
2025-04-30,16.4,0,10,10:00:00
2025-04-30,19,0,11,11:00:00
2025-04-30,20.9,0,12,12:00:00
2025-04-30,21.7,0,13,13:00:00
2025-04-30,23.4,0,14,14:00:00
2025-04-30,24.1,0,15,15:00:00
2025-04-30,24,0,16,16:00:00
2025-04-30,24.6,0,17,17:00:00
2025-04-30,24.4,0,18,18:00:00
2025-04-30,23.7,0,19,19:00:00
2025-04-30,22.6,0,20,20:00:00
2025-04-30,20.7,0,21,21:00:00
2025-04-30,18.1,0,22,22:00:00
2025-04-30,17,0,23,23:00:00
2025-05-01,15.6,0,0,0:00:00
2025-05-01,14.8,0,1,1:00:00
2025-05-01,14.1,0,2,2:00:00
2025-05-01,13.6,0,3,3:00:00
2025-05-01,13.1,0,4,4:00:00
2025-05-01,12.4,0,5,5:00:00
2025-05-01,12.2,0,6,6:00:00
2025-05-01,12.6,0,7,7:00:00
2025-05-01,14.4,0,8,8:00:00
2025-05-01,17,0,9,9:00:00
2025-05-01,19.3,0,10,10:00:00
2025-05-01,22.1,0,11,11:00:00
2025-05-01,24.3,0,12,12:00:00
2025-05-01,24.8,0,13,13:00:00
2025-05-01,26.3,0,14,14:00:00
2025-05-01,27,0,15,15:00:00
2025-05-01,27.1,0,16,16:00:00
2025-05-01,27.1,0,17,17:00:00
2025-05-01,26.8,0,18,18:00:00
2025-05-01,26.4,0,19,19:00:00
2025-05-01,25.3,0,20,20:00:00
2025-05-01,23.4,0,21,21:00:00
2025-05-01,21.7,0,22,22:00:00
2025-05-01,19.7,0,23,23:00:00
2025-05-02,19.4,0,0,0:00:00
2025-05-02,18.1,0,1,1:00:00
2025-05-02,16.9,0,2,2:00:00
2025-05-02,16.3,0,3,3:00:00
2025-05-02,15,0,4,4:00:00
2025-05-02,15,0,5,5:00:00
2025-05-02,14.3,0,6,6:00:00
2025-05-02,14.2,0,7,7:00:00
2025-05-02,16.7,0,8,8:00:00
2025-05-02,18.6,0,9,9:00:00
2025-05-02,20.7,0,10,10:00:00
2025-05-02,22.6,0,11,11:00:00
2025-05-02,22.9,0,12,12:00:00
2025-05-02,24.1,0,13,13:00:00
2025-05-02,21,0,14,14:00:00
2025-05-02,17.5,0,15,15:00:00
2025-05-02,21.7,0.2,16,16:00:00
2025-05-02,19.9,0,17,17:00:00
2025-05-02,19.1,0,18,18:00:00
2025-05-02,17.9,0,19,19:00:00
2025-05-02,16.8,0,20,20:00:00
2025-05-02,14.2,0,21,21:00:00
2025-05-02,13.6,0,22,22:00:00
2025-05-02,12.2,0,23,23:00:00
2025-05-03,10.8,0,0,0:00:00
2025-05-03,10.7,0,1,1:00:00
2025-05-03,10.4,0,2,2:00:00
2025-05-03,8.9,0,3,3:00:00
2025-05-03,9.1,0,4,4:00:00
2025-05-03,8.5,0,5,5:00:00
2025-05-03,7.9,0,6,6:00:00
2025-05-03,8.6,0,7,7:00:00
2025-05-03,9.7,0,8,8:00:00
2025-05-03,11,0,9,9:00:00
2025-05-03,12.8,0,10,10:00:00
2025-05-03,14.1,0,11,11:00:00
2025-05-03,15.2,0,12,12:00:00
2025-05-03,16.9,0,13,13:00:00
2025-05-03,18.2,0,14,14:00:00
2025-05-03,18.4,0,15,15:00:00
2025-05-03,18.7,0,16,16:00:00
2025-05-03,18.1,0,17,17:00:00
2025-05-03,17,0,18,18:00:00
2025-05-03,14.8,0,19,19:00:00
2025-05-03,13,0,20,20:00:00
2025-05-03,11.9,0,21,21:00:00
2025-05-03,10.6,0,22,22:00:00
2025-05-03,10.2,0,23,23:00:00
2025-05-04,9.2,0,0,0:00:00
2025-05-04,8.4,0,1,1:00:00
2025-05-04,9.8,0,2,2:00:00
2025-05-04,7,0,3,3:00:00
2025-05-04,8.9,0,4,4:00:00
2025-05-04,8.6,0,5,5:00:00
2025-05-04,6.4,0,6,6:00:00
2025-05-04,8.5,0,7,7:00:00
2025-05-04,9.5,0,8,8:00:00
2025-05-04,10.2,0,9,9:00:00
2025-05-04,11.1,0,10,10:00:00
2025-05-04,11.9,0,11,11:00:00
2025-05-04,13,0,12,12:00:00
2025-05-04,12.8,0,13,13:00:00
2025-05-04,13,0,14,14:00:00
2025-05-04,12.5,0,15,15:00:00
2025-05-04,12.9,0,16,16:00:00
2025-05-04,13.2,0,17,17:00:00
2025-05-04,12.3,0,18,18:00:00
2025-05-04,11.6,0,19,19:00:00
2025-05-04,10.9,0,20,20:00:00
2025-05-04,9.5,0,21,21:00:00
2025-05-04,8.2,0,22,22:00:00
2025-05-04,7.3,0,23,23:00:00
2025-05-05,6,0,0,0:00:00
2025-05-05,5.4,0,1,1:00:00
2025-05-05,4.7,0,2,2:00:00
2025-05-05,3.7,0,3,3:00:00
2025-05-05,4.2,0,4,4:00:00
2025-05-05,5,0.1,5,5:00:00
2025-05-05,5.7,0,6,6:00:00
2025-05-05,6.3,0,7,7:00:00
2025-05-05,7.3,0,8,8:00:00
2025-05-05,8.8,0,9,9:00:00
2025-05-05,10.2,0,10,10:00:00
2025-05-05,11.6,0,11,11:00:00
2025-05-05,13.3,0,12,12:00:00
2025-05-05,14.3,0,13,13:00:00
2025-05-05,15,0,14,14:00:00
2025-05-05,15.1,0,15,15:00:00
2025-05-05,15.2,0,16,16:00:00
2025-05-05,14.5,0,17,17:00:00
2025-05-05,13.1,0,18,18:00:00
2025-05-05,13.1,0.1,19,19:00:00
2025-05-05,12,0,20,20:00:00
2025-05-05,10.7,0,21,21:00:00
2025-05-05,9.8,0,22,22:00:00
2025-05-05,9.6,0,23,23:00:00
2025-05-06,7.9,0,0,0:00:00
2025-05-06,6.6,0,1,1:00:00
2025-05-06,6.6,0,2,2:00:00
2025-05-06,5.5,0,3,3:00:00
2025-05-06,4.7,0,4,4:00:00
2025-05-06,4.4,0,5,5:00:00
2025-05-06,3.5,0,6,6:00:00
2025-05-06,4.7,0,7,7:00:00
2025-05-06,6.7,0,8,8:00:00
2025-05-06,9.3,0,9,9:00:00
2025-05-06,9.8,0,10,10:00:00
2025-05-06,9.8,0,11,11:00:00
2025-05-06,10.5,0.1,12,12:00:00
2025-05-06,11.7,0,13,13:00:00
2025-05-06,13.1,0,14,14:00:00
2025-05-06,12.7,0,15,15:00:00
2025-05-06,14.2,0,16,16:00:00
2025-05-06,12.4,0,17,17:00:00
2025-05-06,12.7,0,18,18:00:00
2025-05-06,12.2,0,19,19:00:00
2025-05-06,11.2,0,20,20:00:00
2025-05-06,10,0,21,21:00:00
2025-05-06,9.3,0,22,22:00:00
2025-05-06,9,0,23,23:00:00
2025-05-07,8.2,0,0,0:00:00
2025-05-07,6.8,0,1,1:00:00
2025-05-07,7.7,0,2,2:00:00
2025-05-07,6.3,0,3,3:00:00
2025-05-07,6.5,0,4,4:00:00
2025-05-07,7.2,0,5,5:00:00
2025-05-07,6.5,0,6,6:00:00
2025-05-07,7,0,7,7:00:00
2025-05-07,8.8,0,8,8:00:00
2025-05-07,9.8,0,9,9:00:00
2025-05-07,12,0,10,10:00:00
2025-05-07,14.7,0,11,11:00:00
2025-05-07,15.8,0,12,12:00:00
2025-05-07,16.2,0,13,13:00:00
2025-05-07,17.3,0,14,14:00:00
2025-05-07,17.6,0,15,15:00:00
2025-05-07,17.8,0,16,16:00:00
2025-05-07,16.8,0,17,17:00:00
2025-05-07,17.1,0,18,18:00:00
2025-05-07,16.1,0,19,19:00:00
2025-05-07,15.1,0,20,20:00:00
2025-05-07,13.2,0,21,21:00:00
2025-05-07,12.1,0,22,22:00:00
2025-05-07,11.4,0,23,23:00:00
2025-05-08,10,0,0,0:00:00
2025-05-08,8.6,0,1,1:00:00
2025-05-08,9.6,0,2,2:00:00
2025-05-08,8.8,0,3,3:00:00
2025-05-08,7.2,0,4,4:00:00
2025-05-08,7.5,0,5,5:00:00
2025-05-08,6.2,0,6,6:00:00
2025-05-08,6.5,0,7,7:00:00
2025-05-08,8.7,0,8,8:00:00
2025-05-08,11.4,0,9,9:00:00
2025-05-08,12.4,0,10,10:00:00
2025-05-08,15.1,0,11,11:00:00
2025-05-08,15.7,0,12,12:00:00
2025-05-08,17.2,0,13,13:00:00
2025-05-08,18.5,0,14,14:00:00
2025-05-08,18.7,0,15,15:00:00
2025-05-08,18.7,0,16,16:00:00
2025-05-08,18.4,0,17,17:00:00
2025-05-08,17.9,0,18,18:00:00
2025-05-08,17.2,0,19,19:00:00
2025-05-08,16.4,0,20,20:00:00
2025-05-08,15,0,21,21:00:00
2025-05-08,13.5,0,22,22:00:00
2025-05-08,12.9,0,23,23:00:00
2025-05-09,11.6,0,0,0:00:00
2025-05-09,10.2,0.1,1,1:00:00
2025-05-09,9,0,2,2:00:00
2025-05-09,8.7,0,3,3:00:00
2025-05-09,7.4,0,4,4:00:00
2025-05-09,6.9,0,5,5:00:00
2025-05-09,6.2,0,6,6:00:00
2025-05-09,6.8,0,7,7:00:00
2025-05-09,9.7,0,8,8:00:00
2025-05-09,11.9,0,9,9:00:00
2025-05-09,14.2,0,10,10:00:00
2025-05-09,17,0,11,11:00:00
2025-05-09,18.2,0,12,12:00:00
2025-05-09,18.9,0,13,13:00:00
2025-05-09,19.8,0,14,14:00:00
2025-05-09,19.8,0,15,15:00:00
2025-05-09,20.3,0,16,16:00:00
2025-05-09,20.3,0,17,17:00:00
2025-05-09,19.2,0,18,18:00:00
2025-05-09,19,0,19,19:00:00
2025-05-09,17.5,0,20,20:00:00
2025-05-09,15.3,0,21,21:00:00
2025-05-09,14,0,22,22:00:00
2025-05-09,12.6,0,23,23:00:00
2025-05-10,11.7,0,0,0:00:00
2025-05-10,10.2,0,1,1:00:00
2025-05-10,9.3,0,2,2:00:00
2025-05-10,8.7,0,3,3:00:00
2025-05-10,8.3,0,4,4:00:00
2025-05-10,7.4,0,5,5:00:00
2025-05-10,5.7,0,6,6:00:00
2025-05-10,7.8,0,7,7:00:00
2025-05-10,8.5,0,8,8:00:00
2025-05-10,10.1,0,9,9:00:00
2025-05-10,14.9,0,10,10:00:00
2025-05-10,16.5,0,11,11:00:00
2025-05-10,17.6,0,12,12:00:00
2025-05-10,19.4,0,13,13:00:00
2025-05-10,19.2,0,14,14:00:00
2025-05-10,20.6,0,15,15:00:00
2025-05-10,21.2,0,16,16:00:00
2025-05-10,20.9,0,17,17:00:00
2025-05-10,20.2,0,18,18:00:00
2025-05-10,19.7,0,19,19:00:00
2025-05-10,18.6,0,20,20:00:00
2025-05-10,16.9,0,21,21:00:00
2025-05-10,15,0,22,22:00:00
2025-05-10,13.5,0,23,23:00:00
2025-05-11,12.4,0,0,0:00:00
2025-05-11,11.2,0,1,1:00:00
2025-05-11,10.5,0,2,2:00:00
2025-05-11,10.2,0,3,3:00:00
2025-05-11,9.6,0,4,4:00:00
2025-05-11,9.3,0,5,5:00:00
2025-05-11,9.3,0,6,6:00:00
2025-05-11,10.6,0,7,7:00:00
2025-05-11,12.7,0,8,8:00:00
2025-05-11,15.3,0,9,9:00:00
2025-05-11,17.9,0,10,10:00:00
2025-05-11,20.3,0,11,11:00:00
2025-05-11,21.8,0,12,12:00:00
2025-05-11,22.7,0,13,13:00:00
2025-05-11,24,0,14,14:00:00
2025-05-11,24.7,0,15,15:00:00
2025-05-11,24.8,0,16,16:00:00
2025-05-11,24.8,0,17,17:00:00
2025-05-11,24.8,0,18,18:00:00
2025-05-11,23.9,0,19,19:00:00
2025-05-11,22.7,0,20,20:00:00
2025-05-11,21.2,0,21,21:00:00
2025-05-11,19.5,0,22,22:00:00
2025-05-11,17.9,0,23,23:00:00
2025-05-12,17.2,0,0,0:00:00
2025-05-12,16,0,1,1:00:00
2025-05-12,14.9,0,2,2:00:00
2025-05-12,14.2,0,3,3:00:00
2025-05-12,13.7,0,4,4:00:00
2025-05-12,12.9,0,5,5:00:00
2025-05-12,12.3,0,6,6:00:00
2025-05-12,12.6,0,7,7:00:00
2025-05-12,13.4,0,8,8:00:00
2025-05-12,15,0,9,9:00:00
2025-05-12,16.7,0,10,10:00:00
2025-05-12,19.1,0,11,11:00:00
2025-05-12,20.7,0,12,12:00:00
2025-05-12,21.4,0,13,13:00:00
2025-05-12,22.4,0,14,14:00:00
2025-05-12,22.5,0,15,15:00:00
2025-05-12,22.3,0,16,16:00:00
2025-05-12,22.3,0,17,17:00:00
2025-05-12,21.7,0,18,18:00:00
2025-05-12,21,0,19,19:00:00
2025-05-12,20.1,0,20,20:00:00
2025-05-12,18.6,0,21,21:00:00
2025-05-12,16.8,0,22,22:00:00
2025-05-12,15.5,0,23,23:00:00
2025-05-13,14.3,0,0,0:00:00
2025-05-13,13,0,1,1:00:00
2025-05-13,12,0,2,2:00:00
2025-05-13,11.5,0,3,3:00:00
2025-05-13,10.7,0,4,4:00:00
2025-05-13,10.2,0,5,5:00:00
2025-05-13,9.5,0,6,6:00:00
2025-05-13,9.6,0,7,7:00:00
2025-05-13,11,0,8,8:00:00
2025-05-13,13.2,0,9,9:00:00
2025-05-13,15.3,0,10,10:00:00
2025-05-13,18.3,0,11,11:00:00
2025-05-13,19.7,0,12,12:00:00
2025-05-13,20.8,0,13,13:00:00
2025-05-13,21.8,0,14,14:00:00
2025-05-13,22.6,0,15,15:00:00
2025-05-13,22.6,0,16,16:00:00
2025-05-13,22.8,0,17,17:00:00
2025-05-13,22.8,0,18,18:00:00
2025-05-13,22.2,0,19,19:00:00
2025-05-13,21.4,0,20,20:00:00
2025-05-13,19.6,0,21,21:00:00
2025-05-13,17,0,22,22:00:00
2025-05-13,15.2,0,23,23:00:00
2025-05-14,13.8,0,0,0:00:00
2025-05-14,12.7,0,1,1:00:00
2025-05-14,11.6,0,2,2:00:00
2025-05-14,11.2,0,3,3:00:00
2025-05-14,10.6,0,4,4:00:00
2025-05-14,9.7,0,5,5:00:00
2025-05-14,9.7,0,6,6:00:00
2025-05-14,10.4,0,7,7:00:00
2025-05-14,12.4,0,8,8:00:00
2025-05-14,14.2,0,9,9:00:00
2025-05-14,16,0,10,10:00:00
2025-05-14,17.9,0,11,11:00:00
2025-05-14,18.8,0,12,12:00:00
2025-05-14,19.5,0,13,13:00:00
2025-05-14,20.6,0,14,14:00:00
2025-05-14,20,0,15,15:00:00
2025-05-14,20,0,16,16:00:00
2025-05-14,19.3,0,17,17:00:00
2025-05-14,18,0,18,18:00:00
2025-05-14,16.7,0,19,19:00:00
2025-05-14,14.7,0,20,20:00:00
2025-05-14,12.9,0,21,21:00:00
2025-05-14,11.9,0,22,22:00:00
2025-05-14,10.8,0,23,23:00:00
2025-05-15,10.6,0,0,0:00:00
2025-05-15,10,0,1,1:00:00
2025-05-15,9.9,0,2,2:00:00
2025-05-15,10.2,0,3,3:00:00
2025-05-15,10.5,0,4,4:00:00
2025-05-15,11.1,0,5,5:00:00
2025-05-15,10.8,0,6,6:00:00
2025-05-15,10.9,0,7,7:00:00
2025-05-15,11.9,0,8,8:00:00
2025-05-15,13.3,0,9,9:00:00
2025-05-15,14.5,0,10,10:00:00
2025-05-15,15.9,0,11,11:00:00
2025-05-15,17,0,12,12:00:00
2025-05-15,18.3,0,13,13:00:00
2025-05-15,19.3,0,14,14:00:00
2025-05-15,19.2,0,15,15:00:00
2025-05-15,18.9,0,16,16:00:00
2025-05-15,18.4,0,17,17:00:00
2025-05-15,17.5,0,18,18:00:00
2025-05-15,16.7,0,19,19:00:00
2025-05-15,14.7,0,20,20:00:00
2025-05-15,12.9,0,21,21:00:00
2025-05-15,11.8,0,22,22:00:00
2025-05-15,10.8,0,23,23:00:00
2025-05-16,10,0,0,0:00:00
2025-05-16,8.9,0,1,1:00:00
2025-05-16,8.5,0,2,2:00:00
2025-05-16,7.8,0,3,3:00:00
2025-05-16,7.1,0,4,4:00:00
2025-05-16,6.5,0,5,5:00:00
2025-05-16,6.3,0,6,6:00:00
2025-05-16,7.4,0,7,7:00:00
2025-05-16,9.3,0,8,8:00:00
2025-05-16,12,0,9,9:00:00
2025-05-16,13.5,0,10,10:00:00
2025-05-16,15.4,0,11,11:00:00
2025-05-16,16.8,0,12,12:00:00
2025-05-16,17.7,0,13,13:00:00
2025-05-16,18.4,0,14,14:00:00
2025-05-16,18.7,0,15,15:00:00
2025-05-16,18.4,0,16,16:00:00
2025-05-16,18,0,17,17:00:00
2025-05-16,16.6,0,18,18:00:00
2025-05-16,15.4,0,19,19:00:00
2025-05-16,14.3,0,20,20:00:00
2025-05-16,13.4,0,21,21:00:00
2025-05-16,12.1,0,22,22:00:00
2025-05-16,11.2,0,23,23:00:00
2025-05-17,10.6,0,0,0:00:00
2025-05-17,9.9,0,1,1:00:00
2025-05-17,9.5,0,2,2:00:00
2025-05-17,8.8,0,3,3:00:00
2025-05-17,8.4,0,4,4:00:00
2025-05-17,7.8,0,5,5:00:00
2025-05-17,7.8,0,6,6:00:00
2025-05-17,8.7,0,7,7:00:00
2025-05-17,11.2,0,8,8:00:00
2025-05-17,13.6,0,9,9:00:00
2025-05-17,16.1,0,10,10:00:00
2025-05-17,17.5,0,11,11:00:00
2025-05-17,18.6,0,12,12:00:00
2025-05-17,19.4,0,13,13:00:00
2025-05-17,20.2,0,14,14:00:00
2025-05-17,20.1,0,15,15:00:00
2025-05-17,19.8,0,16,16:00:00
2025-05-17,19.4,0,17,17:00:00
2025-05-17,19,0,18,18:00:00
2025-05-17,18,0,19,19:00:00
2025-05-17,16.2,0,20,20:00:00
2025-05-17,14.4,0,21,21:00:00
2025-05-17,12.6,0,22,22:00:00
2025-05-17,11.2,0,23,23:00:00
2025-05-18,10,0,0,0:00:00
2025-05-18,9.9,0,1,1:00:00
2025-05-18,10.4,0,2,2:00:00
2025-05-18,9.4,0,3,3:00:00
2025-05-18,9.9,0,4,4:00:00
2025-05-18,10.3,0,5,5:00:00
2025-05-18,9.4,0,6,6:00:00
2025-05-18,10.4,0,7,7:00:00
2025-05-18,12,0,8,8:00:00
2025-05-18,14,0,9,9:00:00
2025-05-18,16.2,0,10,10:00:00
2025-05-18,17.8,0,11,11:00:00
2025-05-18,18.1,0,12,12:00:00
2025-05-18,18.6,0,13,13:00:00
2025-05-18,18.2,0,14,14:00:00
2025-05-18,18.6,0,15,15:00:00
2025-05-18,19.2,0,16,16:00:00
2025-05-18,19.4,0,17,17:00:00
2025-05-18,18.5,0,18,18:00:00
2025-05-18,18,0,19,19:00:00
2025-05-18,16.7,0,20,20:00:00
2025-05-18,14.9,0,21,21:00:00
2025-05-18,13.6,0,22,22:00:00
2025-05-18,12.3,0,23,23:00:00
2025-05-19,10.9,0,0,0:00:00
2025-05-19,9,0,1,1:00:00
2025-05-19,9,0,2,2:00:00
2025-05-19,8.3,0,3,3:00:00
2025-05-19,7.4,0,4,4:00:00
2025-05-19,7.5,0,5,5:00:00
2025-05-19,7,0,6,6:00:00
2025-05-19,8.3,0,7,7:00:00
2025-05-19,11.3,0,8,8:00:00
2025-05-19,13.7,0,9,9:00:00
2025-05-19,15.7,0,10,10:00:00
2025-05-19,18.9,0,11,11:00:00
2025-05-19,20.2,0,12,12:00:00
2025-05-19,21,0,13,13:00:00
2025-05-19,21.9,0,14,14:00:00
2025-05-19,22.3,0,15,15:00:00
2025-05-19,22.2,0,16,16:00:00
2025-05-19,21.9,0,17,17:00:00
2025-05-19,22,0,18,18:00:00
2025-05-19,20.7,0,19,19:00:00
2025-05-19,19.6,0,20,20:00:00
2025-05-19,17.9,0,21,21:00:00
2025-05-19,16,0,22,22:00:00
2025-05-19,14.6,0,23,23:00:00
2025-05-20,13.3,0,0,0:00:00
2025-05-20,12.2,0,1,1:00:00
2025-05-20,11.5,0,2,2:00:00
2025-05-20,10.8,0,3,3:00:00
2025-05-20,10.2,0,4,4:00:00
2025-05-20,9.7,0,5,5:00:00
2025-05-20,9.1,0,6,6:00:00
2025-05-20,10.6,0,7,7:00:00
2025-05-20,12.8,0,8,8:00:00
2025-05-20,15.2,0,9,9:00:00
2025-05-20,17.4,0,10,10:00:00
2025-05-20,19.7,0,11,11:00:00
2025-05-20,21.1,0,12,12:00:00
2025-05-20,22.1,0,13,13:00:00
2025-05-20,22.9,0,14,14:00:00
2025-05-20,23.5,0,15,15:00:00
2025-05-20,23.4,0,16,16:00:00
2025-05-20,23,0,17,17:00:00
2025-05-20,21.7,0,18,18:00:00
2025-05-20,20.2,0,19,19:00:00
2025-05-20,18.7,0,20,20:00:00
2025-05-20,17.1,0,21,21:00:00
2025-05-20,15.1,0,22,22:00:00
2025-05-20,13.3,0,23,23:00:00
2025-05-21,11.7,0,0,0:00:00
2025-05-21,10.6,0,1,1:00:00
2025-05-21,9.9,0,2,2:00:00
2025-05-21,8.9,0,3,3:00:00
2025-05-21,8.4,0,4,4:00:00
2025-05-21,9,0,5,5:00:00
2025-05-21,9.2,0,6,6:00:00
2025-05-21,9.7,0,7,7:00:00
2025-05-21,11.4,0,8,8:00:00
2025-05-21,13.1,0,9,9:00:00
2025-05-21,14.7,0,10,10:00:00
2025-05-21,16.2,0,11,11:00:00
2025-05-21,17.3,0,12,12:00:00
2025-05-21,16.4,0,13,13:00:00
2025-05-21,18.5,0,14,14:00:00
2025-05-21,18.6,0,15,15:00:00
2025-05-21,19.1,0,16,16:00:00
2025-05-21,18.3,0,17,17:00:00
2025-05-21,17.1,0,18,18:00:00
2025-05-21,15.7,0,19,19:00:00
2025-05-21,14.1,0,20,20:00:00
2025-05-21,12.7,0,21,21:00:00
2025-05-21,12.1,0,22,22:00:00
2025-05-21,11.2,0,23,23:00:00
2025-05-22,10.1,0,0,0:00:00
2025-05-22,9.3,0,1,1:00:00
2025-05-22,8.8,0,2,2:00:00
2025-05-22,8,0,3,3:00:00
2025-05-22,8.6,0,4,4:00:00
2025-05-22,9.6,0,5,5:00:00
2025-05-22,9.3,0,6,6:00:00
2025-05-22,10.2,0,7,7:00:00
2025-05-22,10.8,0,8,8:00:00
2025-05-22,11.1,0,9,9:00:00
2025-05-22,12,0,10,10:00:00
2025-05-22,12.9,0,11,11:00:00
2025-05-22,13.5,0,12,12:00:00
2025-05-22,13.7,0,13,13:00:00
2025-05-22,13.3,0,14,14:00:00
2025-05-22,12.6,0,15,15:00:00
2025-05-22,12.2,0.1,16,16:00:00
2025-05-22,14.2,0,17,17:00:00
2025-05-22,14,0,18,18:00:00
2025-05-22,13,0,19,19:00:00
2025-05-22,12.4,0,20,20:00:00
2025-05-22,11,0,21,21:00:00
2025-05-22,10.5,0,22,22:00:00
2025-05-22,9.6,0,23,23:00:00
2025-05-23,9.9,0,0,0:00:00
2025-05-23,7.8,0,1,1:00:00
2025-05-23,7.8,0,2,2:00:00
2025-05-23,8.5,0,3,3:00:00
2025-05-23,6.9,0,4,4:00:00
2025-05-23,6.9,1.2,5,5:00:00
2025-05-23,7.1,0.1,6,6:00:00
2025-05-23,6.6,0.2,7,7:00:00
2025-05-23,7,0,8,8:00:00
2025-05-23,8.7,0,9,9:00:00
2025-05-23,10.2,0.1,10,10:00:00
2025-05-23,11.5,0,11,11:00:00
2025-05-23,11.1,0.1,12,12:00:00
2025-05-23,11.8,1.3,13,13:00:00
2025-05-23,12.3,0,14,14:00:00
2025-05-23,10.7,0.8,15,15:00:00
2025-05-23,11.2,1.3,16,16:00:00
2025-05-23,11.6,0.1,17,17:00:00
2025-05-23,12.7,0,18,18:00:00
2025-05-23,12.7,0,19,19:00:00
2025-05-23,11.2,0,20,20:00:00
2025-05-23,10.7,0,21,21:00:00
2025-05-23,10.2,0,22,22:00:00
2025-05-23,8.1,0,23,23:00:00
2025-05-24,7.4,0,0,0:00:00
2025-05-24,6.9,0,1,1:00:00
2025-05-24,7.6,0,2,2:00:00
2025-05-24,6,0,3,3:00:00
2025-05-24,5.9,0,4,4:00:00
2025-05-24,6.2,0,5,5:00:00
2025-05-24,6.4,0,6,6:00:00
2025-05-24,7.1,0,7,7:00:00
2025-05-24,9.3,0,8,8:00:00
2025-05-24,10.2,0,9,9:00:00
2025-05-24,12.1,0,10,10:00:00
2025-05-24,13.1,0,11,11:00:00
2025-05-24,12.8,0,12,12:00:00
2025-05-24,13,0,13,13:00:00
2025-05-24,11.9,0.1,14,14:00:00
2025-05-24,11.6,0,15,15:00:00
2025-05-24,11.6,0.2,16,16:00:00
2025-05-24,11.6,0.5,17,17:00:00
2025-05-24,12.3,1,18,18:00:00
2025-05-24,11.7,1.8,19,19:00:00
2025-05-24,11.3,0.2,20,20:00:00
2025-05-24,11.5,0.6,21,21:00:00
2025-05-24,11.2,0,22,22:00:00
2025-05-24,11.3,0.2,23,23:00:00
2025-05-25,11.8,0.1,0,0:00:00
2025-05-25,11.9,0,1,1:00:00
2025-05-25,12.6,0,2,2:00:00
2025-05-25,12.6,0,3,3:00:00
2025-05-25,13.5,0.1,4,4:00:00
2025-05-25,13.5,1.2,5,5:00:00
2025-05-25,14.1,1.1,6,6:00:00
2025-05-25,14.1,0.4,7,7:00:00
2025-05-25,14.3,0.4,8,8:00:00
2025-05-25,14.2,0.5,9,9:00:00
2025-05-25,14.4,0.3,10,10:00:00
2025-05-25,14.5,0.2,11,11:00:00
2025-05-25,14.4,0.2,12,12:00:00
2025-05-25,16.1,0.1,13,13:00:00
2025-05-25,16.3,0.2,14,14:00:00
2025-05-25,17.9,0.2,15,15:00:00
2025-05-25,19.5,0.8,16,16:00:00
2025-05-25,17.7,0,17,17:00:00
2025-05-25,16.7,0.7,18,18:00:00
2025-05-25,15.7,0,19,19:00:00
2025-05-25,15,0,20,20:00:00
2025-05-25,14.6,0,21,21:00:00
2025-05-25,13.4,0,22,22:00:00
2025-05-25,12,0,23,23:00:00
2025-05-26,11.6,0,0,0:00:00
2025-05-26,10.8,0,1,1:00:00
2025-05-26,11.6,0,2,2:00:00
2025-05-26,11,0,3,3:00:00
2025-05-26,10.4,0,4,4:00:00
2025-05-26,11.5,0,5,5:00:00
2025-05-26,10.4,0,6,6:00:00
2025-05-26,11.5,0,7,7:00:00
2025-05-26,12.4,0,8,8:00:00
2025-05-26,13.5,0,9,9:00:00
2025-05-26,15.8,0,10,10:00:00
2025-05-26,16.1,0,11,11:00:00
2025-05-26,15.8,0.8,12,12:00:00
2025-05-26,18.7,0,13,13:00:00
2025-05-26,17.3,0,14,14:00:00
2025-05-26,18.1,0.2,15,15:00:00
2025-05-26,19.3,0,16,16:00:00
2025-05-26,17.9,0,17,17:00:00
2025-05-26,18.5,0,18,18:00:00
2025-05-26,18.5,0,19,19:00:00
2025-05-26,16.4,0,20,20:00:00
2025-05-26,16.3,0,21,21:00:00
2025-05-26,15.2,0,22,22:00:00
2025-05-26,14.2,0,23,23:00:00
2025-05-27,14.1,0,0,0:00:00
2025-05-27,13.3,0,1,1:00:00
2025-05-27,14.2,0,2,2:00:00
2025-05-27,14.4,0,3,3:00:00
2025-05-27,13.8,0.1,4,4:00:00
2025-05-27,13,0.2,5,5:00:00
2025-05-27,12.8,0.2,6,6:00:00
2025-05-27,12,0.4,7,7:00:00
2025-05-27,12.7,0.1,8,8:00:00
2025-05-27,12.5,0,9,9:00:00
2025-05-27,12.7,0.2,10,10:00:00
2025-05-27,13,0.2,11,11:00:00
2025-05-27,13.2,0.2,12,12:00:00
2025-05-27,13.4,0.1,13,13:00:00
2025-05-27,14.9,0.3,14,14:00:00
2025-05-27,16.1,0,15,15:00:00
2025-05-27,15.2,0.1,16,16:00:00
2025-05-27,16.3,0,17,17:00:00
2025-05-27,15.7,0.2,18,18:00:00
2025-05-27,14.1,1.4,19,19:00:00
2025-05-27,13.9,1.4,20,20:00:00
2025-05-27,13.9,1.8,21,21:00:00
2025-05-27,13.6,0.6,22,22:00:00
2025-05-27,14.4,0.2,23,23:00:00
2025-05-28,14.5,0.7,0,0:00:00
2025-05-28,14.5,0.3,1,1:00:00
2025-05-28,14.3,1.7,2,2:00:00
2025-05-28,14.1,0.1,3,3:00:00
2025-05-28,14.3,1.8,4,4:00:00
2025-05-28,14.3,0.5,5,5:00:00
2025-05-28,14.1,2.1,6,6:00:00
2025-05-28,14.2,0.3,7,7:00:00
2025-05-28,14.5,0,8,8:00:00
2025-05-28,14.5,0.1,9,9:00:00
2025-05-28,15,0,10,10:00:00
2025-05-28,15.5,0,11,11:00:00
2025-05-28,16.6,0,12,12:00:00
2025-05-28,17.2,0,13,13:00:00
2025-05-28,16.1,0.2,14,14:00:00
2025-05-28,17.2,0,15,15:00:00
2025-05-28,16.6,0,16,16:00:00
2025-05-28,17.5,0,17,17:00:00
2025-05-28,17.2,0,18,18:00:00
2025-05-28,16,0,19,19:00:00
2025-05-28,14.8,0,20,20:00:00
2025-05-28,14.2,0,21,21:00:00
2025-05-28,12.3,0,22,22:00:00
2025-05-28,11,0,23,23:00:00
2025-05-29,10.5,0,0,0:00:00
2025-05-29,9.6,0,1,1:00:00
2025-05-29,8.7,0,2,2:00:00
2025-05-29,8.3,0,3,3:00:00
2025-05-29,8.8,0,4,4:00:00
2025-05-29,7.7,0,5,5:00:00
2025-05-29,7.8,0,6,6:00:00
2025-05-29,9.6,0,7,7:00:00
2025-05-29,11,0,8,8:00:00
2025-05-29,11.7,0,9,9:00:00
2025-05-29,13.4,0,10,10:00:00
2025-05-29,13.9,0.1,11,11:00:00
2025-05-29,13.3,0.1,12,12:00:00
2025-05-29,13.1,0.2,13,13:00:00
2025-05-29,12.5,1.2,14,14:00:00
2025-05-29,13.4,0.2,15,15:00:00
2025-05-29,14.4,0,16,16:00:00
2025-05-29,14.1,0,17,17:00:00
2025-05-29,15,0.1,18,18:00:00
2025-05-29,14.7,0.1,19,19:00:00
2025-05-29,15,0.2,20,20:00:00
2025-05-29,15.5,0.1,21,21:00:00
2025-05-29,16.2,0.1,22,22:00:00
2025-05-29,16.1,0,23,23:00:00
2025-05-30,15.8,0,0,0:00:00
2025-05-30,15.8,0,1,1:00:00
2025-05-30,15,0,2,2:00:00
2025-05-30,14.7,0,3,3:00:00
2025-05-30,15.2,0.1,4,4:00:00
2025-05-30,14.9,0,5,5:00:00
2025-05-30,14.2,0,6,6:00:00
2025-05-30,14.9,0,7,7:00:00
2025-05-30,15.7,0,8,8:00:00
2025-05-30,16,0,9,9:00:00
2025-05-30,17.4,0,10,10:00:00
2025-05-30,18.6,0,11,11:00:00
2025-05-30,20,0,12,12:00:00
2025-05-30,20.1,0,13,13:00:00
2025-05-30,21.3,0,14,14:00:00
2025-05-30,22.9,0,15,15:00:00
2025-05-30,22.7,0,16,16:00:00
2025-05-30,22.7,0,17,17:00:00
2025-05-30,22,0,18,18:00:00
2025-05-30,21.6,0,19,19:00:00
2025-05-30,20.5,0,20,20:00:00
2025-05-30,19.3,0,21,21:00:00
2025-05-30,18.4,0,22,22:00:00
2025-05-30,17,0,23,23:00:00
2025-05-31,15.4,0,0,0:00:00
2025-05-31,14.5,0,1,1:00:00
2025-05-31,14.1,0,2,2:00:00
2025-05-31,13.3,0,3,3:00:00
2025-05-31,12.7,0,4,4:00:00
2025-05-31,12.9,0,5,5:00:00
2025-05-31,12.5,0,6,6:00:00
2025-05-31,14.1,0,7,7:00:00
2025-05-31,15.7,0,8,8:00:00
2025-05-31,18.2,0,9,9:00:00
2025-05-31,19.4,0,10,10:00:00
2025-05-31,19.6,0,11,11:00:00
2025-05-31,22,0,12,12:00:00
2025-05-31,22.9,0,13,13:00:00
2025-05-31,22.9,0,14,14:00:00
2025-05-31,24.5,0,15,15:00:00
2025-05-31,25.3,0,16,16:00:00
2025-05-31,25.1,0,17,17:00:00
2025-05-31,25.5,0,18,18:00:00
2025-05-31,25.3,0,19,19:00:00
2025-05-31,25,0,20,20:00:00
2025-05-31,23.8,0,21,21:00:00
2025-05-31,22.5,0,22,22:00:00
2025-05-31,21.3,0,23,23:00:00
2025-06-01,20.8,0,0,0:00:00
2025-06-01,19.6,0,1,1:00:00
2025-06-01,19.3,0.8,2,2:00:00
2025-06-01,17.8,0.4,3,3:00:00
2025-06-01,17.3,0.1,4,4:00:00
2025-06-01,17.1,0,5,5:00:00
2025-06-01,17.2,0,6,6:00:00
2025-06-01,17.9,0.1,7,7:00:00
2025-06-01,18.9,0,8,8:00:00
2025-06-01,19.5,0,9,9:00:00
2025-06-01,19.4,0,10,10:00:00
2025-06-01,18.3,0,11,11:00:00
2025-06-01,18.2,0,12,12:00:00
2025-06-01,20,0,13,13:00:00
2025-06-01,21.2,0,14,14:00:00
2025-06-01,21.5,0,15,15:00:00
2025-06-01,21.2,0,16,16:00:00
2025-06-01,20.7,0,17,17:00:00
2025-06-01,19.4,0,18,18:00:00
2025-06-01,18.6,0,19,19:00:00
2025-06-01,18.1,0,20,20:00:00
2025-06-01,16.7,0,21,21:00:00
2025-06-01,15.8,0,22,22:00:00
2025-06-01,15,0,23,23:00:00
2025-06-02,13.7,0,0,0:00:00
2025-06-02,13.4,0,1,1:00:00
2025-06-02,12.7,0,2,2:00:00
2025-06-02,11.8,0,3,3:00:00
2025-06-02,11.5,0,4,4:00:00
2025-06-02,10.9,0,5,5:00:00
2025-06-02,11.4,0,6,6:00:00
2025-06-02,11.8,0,7,7:00:00
2025-06-02,12.6,0,8,8:00:00
2025-06-02,15.2,0.1,9,9:00:00
2025-06-02,17.4,0,10,10:00:00
2025-06-02,17.6,0,11,11:00:00
2025-06-02,18,0,12,12:00:00
2025-06-02,19.2,0,13,13:00:00
2025-06-02,17.1,0,14,14:00:00
2025-06-02,18.9,0.2,15,15:00:00
2025-06-02,20,0,16,16:00:00
2025-06-02,19.5,0,17,17:00:00
2025-06-02,19.3,0,18,18:00:00
2025-06-02,18.6,0,19,19:00:00
2025-06-02,17.3,0,20,20:00:00
2025-06-02,16.3,0,21,21:00:00
2025-06-02,15.7,0,22,22:00:00
2025-06-02,13,0,23,23:00:00
2025-06-03,12.5,0,0,0:00:00
2025-06-03,12.5,0,1,1:00:00
2025-06-03,10.2,0,2,2:00:00
2025-06-03,10.9,0,3,3:00:00
2025-06-03,10.1,0,4,4:00:00
2025-06-03,8.9,0,5,5:00:00
2025-06-03,9.7,0,6,6:00:00
2025-06-03,10.7,0,7,7:00:00
2025-06-03,12.8,0,8,8:00:00
2025-06-03,15.7,0,9,9:00:00
2025-06-03,17.7,0,10,10:00:00
2025-06-03,20.2,0,11,11:00:00
2025-06-03,21,0,12,12:00:00
2025-06-03,21.9,0,13,13:00:00
2025-06-03,22.5,0,14,14:00:00
2025-06-03,22.3,0,15,15:00:00
2025-06-03,23.4,0,16,16:00:00
2025-06-03,23.4,0,17,17:00:00
2025-06-03,23.5,0,18,18:00:00
2025-06-03,23.4,0,19,19:00:00
2025-06-03,23,0,20,20:00:00
2025-06-03,19.4,0,21,21:00:00
2025-06-03,18.4,0,22,22:00:00
2025-06-03,18,0,23,23:00:00
2025-06-04,16.9,0,0,0:00:00
2025-06-04,16.7,0,1,1:00:00
2025-06-04,16.7,0,2,2:00:00
2025-06-04,16.3,0,3,3:00:00
2025-06-04,16,0,4,4:00:00
2025-06-04,16.1,0,5,5:00:00
2025-06-04,15.8,0,6,6:00:00
2025-06-04,15.6,0.1,7,7:00:00
2025-06-04,16.4,0,8,8:00:00
2025-06-04,16,0,9,9:00:00
2025-06-04,15.2,0.1,10,10:00:00
2025-06-04,16.3,1.1,11,11:00:00
2025-06-04,14.5,0.2,12,12:00:00
2025-06-04,15,0.7,13,13:00:00
2025-06-04,18.3,0,14,14:00:00
2025-06-04,16,0,15,15:00:00
2025-06-04,18.3,0,16,16:00:00
2025-06-04,18.3,0,17,17:00:00
2025-06-04,18.4,0,18,18:00:00
2025-06-04,16.4,0,19,19:00:00
2025-06-04,17.7,0,20,20:00:00
2025-06-04,16.4,0,21,21:00:00
2025-06-04,15.1,0,22,22:00:00
2025-06-04,15.8,0,23,23:00:00
2025-06-05,12.7,0,0,0:00:00
2025-06-05,12.6,0,1,1:00:00
2025-06-05,12.4,0,2,2:00:00
2025-06-05,11.2,0,3,3:00:00
2025-06-05,11.5,0,4,4:00:00
2025-06-05,10.9,0,5,5:00:00
2025-06-05,10.7,0,6,6:00:00
2025-06-05,12,0,7,7:00:00
2025-06-05,14,0,8,8:00:00
2025-06-05,12.6,0.2,9,9:00:00
2025-06-05,13,0.3,10,10:00:00
2025-06-05,14.9,0.1,11,11:00:00
2025-06-05,16.6,0,12,12:00:00
2025-06-05,17.9,0,13,13:00:00
2025-06-05,17.7,0.2,14,14:00:00
2025-06-05,17.6,0.8,15,15:00:00
2025-06-05,16.1,0,16,16:00:00
2025-06-05,16.2,0,17,17:00:00
2025-06-05,15.9,0,18,18:00:00
2025-06-05,16.9,0,19,19:00:00
2025-06-05,15.8,0,20,20:00:00
2025-06-05,16.2,2.8,21,21:00:00
2025-06-05,14.2,0,22,22:00:00
2025-06-05,14.7,0,23,23:00:00
2025-06-06,14.3,0.1,0,0:00:00
2025-06-06,14.1,0.5,1,1:00:00
2025-06-06,14.4,2.4,2,2:00:00
2025-06-06,14.1,1.2,3,3:00:00
2025-06-06,14.3,1.6,4,4:00:00
2025-06-06,14.3,1.4,5,5:00:00
2025-06-06,14.2,0.5,6,6:00:00
2025-06-06,13.9,1,7,7:00:00
2025-06-06,13.6,0.1,8,8:00:00
2025-06-06,14.7,0.1,9,9:00:00
2025-06-06,13.8,0.4,10,10:00:00
2025-06-06,14.6,0.1,11,11:00:00
2025-06-06,14.3,0,12,12:00:00
2025-06-06,15.7,0,13,13:00:00
2025-06-06,17.8,0,14,14:00:00
2025-06-06,18.8,0.4,15,15:00:00
2025-06-06,17.7,0.6,16,16:00:00
2025-06-06,15.5,0.8,17,17:00:00
2025-06-06,15.2,0,18,18:00:00
2025-06-06,15.6,0,19,19:00:00
2025-06-06,15.2,0.1,20,20:00:00
2025-06-06,14.3,0.2,21,21:00:00
2025-06-06,14.5,0,22,22:00:00
2025-06-06,13.3,0.8,23,23:00:00
2025-06-07,12.3,0,0,0:00:00
2025-06-07,12.7,0,1,1:00:00
2025-06-07,13.3,0,2,2:00:00
2025-06-07,12.2,0,3,3:00:00
2025-06-07,12.9,0,4,4:00:00
2025-06-07,12.6,0,5,5:00:00
2025-06-07,12.4,0,6,6:00:00
2025-06-07,12.5,0,7,7:00:00
2025-06-07,12.9,0,8,8:00:00
2025-06-07,12.3,0.5,9,9:00:00
2025-06-07,11.6,0.1,10,10:00:00
2025-06-07,12.4,0.7,11,11:00:00
2025-06-07,14,0.1,12,12:00:00
2025-06-07,14.2,0.1,13,13:00:00
2025-06-07,14.5,0,14,14:00:00
2025-06-07,15.6,0,15,15:00:00
2025-06-07,17.5,0.1,16,16:00:00
2025-06-07,17.7,3.8,17,17:00:00
2025-06-07,15.3,0.7,18,18:00:00
2025-06-07,14.7,0.1,19,19:00:00
2025-06-07,14.4,0,20,20:00:00
2025-06-07,14.1,0,21,21:00:00
2025-06-07,13.1,0,22,22:00:00
2025-06-07,12.6,0,23,23:00:00
2025-06-08,12.3,0,0,0:00:00
2025-06-08,13.1,0,1,1:00:00
2025-06-08,12.7,0,2,2:00:00
2025-06-08,13,0,3,3:00:00
2025-06-08,12.7,0,4,4:00:00
2025-06-08,13.1,0.2,5,5:00:00
2025-06-08,11.6,1.1,6,6:00:00
2025-06-08,11.3,0,7,7:00:00
2025-06-08,10.9,0.5,8,8:00:00
2025-06-08,12.1,0.1,9,9:00:00
2025-06-08,12.8,0.4,10,10:00:00
2025-06-08,12,0.3,11,11:00:00
2025-06-08,13.1,0.4,12,12:00:00
2025-06-08,14.1,0,13,13:00:00
2025-06-08,13.4,3.5,14,14:00:00
2025-06-08,14.1,0.2,15,15:00:00
2025-06-08,12.4,1.4,16,16:00:00
2025-06-08,14.1,0,17,17:00:00
2025-06-08,12.3,0.2,18,18:00:00
2025-06-08,12,0.2,19,19:00:00
2025-06-08,12.5,0.6,20,20:00:00
2025-06-08,11.5,0,21,21:00:00
2025-06-08,11.2,0,22,22:00:00
2025-06-08,10.3,0,23,23:00:00
2025-06-09,9.4,0,0,0:00:00
2025-06-09,8.5,0,1,1:00:00
2025-06-09,8.6,0,2,2:00:00
2025-06-09,9.3,0,3,3:00:00
2025-06-09,8.4,0,4,4:00:00
2025-06-09,9.2,0,5,5:00:00
2025-06-09,8.6,0,6,6:00:00
2025-06-09,9.2,0,7,7:00:00
2025-06-09,11.5,0,8,8:00:00
2025-06-09,13.5,0,9,9:00:00
2025-06-09,14.8,0,10,10:00:00
2025-06-09,15.2,0,11,11:00:00
2025-06-09,16.3,0,12,12:00:00
2025-06-09,17.5,0,13,13:00:00
2025-06-09,17.5,0,14,14:00:00
2025-06-09,17.7,0.1,15,15:00:00
2025-06-09,15.9,0,16,16:00:00
2025-06-09,16.9,0,17,17:00:00
2025-06-09,16.8,0,18,18:00:00
2025-06-09,15.6,0,19,19:00:00
2025-06-09,16.3,0,20,20:00:00
2025-06-09,15.3,0,21,21:00:00
2025-06-09,14.8,0,22,22:00:00
2025-06-09,14.4,0.4,23,23:00:00
2025-06-10,13.7,0,0,0:00:00
2025-06-10,13.5,0,1,1:00:00
2025-06-10,13.6,0,2,2:00:00
2025-06-10,13.5,0,3,3:00:00
2025-06-10,13.1,0,4,4:00:00
2025-06-10,13.2,0,5,5:00:00
2025-06-10,13.3,0,6,6:00:00
2025-06-10,12.9,0.1,7,7:00:00
2025-06-10,13.4,0,8,8:00:00
2025-06-10,12.6,0,9,9:00:00
2025-06-10,12.6,0,10,10:00:00
2025-06-10,13.4,0.2,11,11:00:00
2025-06-10,13.4,0.3,12,12:00:00
2025-06-10,13.2,0.2,13,13:00:00
2025-06-10,13.6,0.1,14,14:00:00
2025-06-10,14.1,0.2,15,15:00:00
2025-06-10,14.4,0.2,16,16:00:00
2025-06-10,16,0.1,17,17:00:00
2025-06-10,15.7,0,18,18:00:00
2025-06-10,14.1,0,19,19:00:00
2025-06-10,13.9,0,20,20:00:00
2025-06-10,13.3,0,21,21:00:00
2025-06-10,13,0,22,22:00:00
2025-06-10,12.7,0,23,23:00:00
2025-06-11,12.4,0,0,0:00:00
2025-06-11,12,0,1,1:00:00
2025-06-11,12.1,0,2,2:00:00
2025-06-11,11.9,0,3,3:00:00
2025-06-11,11.6,0,4,4:00:00
2025-06-11,11.8,0,5,5:00:00
2025-06-11,11.7,0,6,6:00:00
2025-06-11,12.1,0,7,7:00:00
2025-06-11,12.7,0,8,8:00:00
2025-06-11,14.3,0,9,9:00:00
2025-06-11,14,0,10,10:00:00
2025-06-11,15.4,0,11,11:00:00
2025-06-11,17.3,0,12,12:00:00
2025-06-11,17.8,0,13,13:00:00
2025-06-11,18.6,0,14,14:00:00
2025-06-11,19.9,0,15,15:00:00
2025-06-11,19.9,0,16,16:00:00
2025-06-11,19.5,0,17,17:00:00
2025-06-11,19.5,0,18,18:00:00
2025-06-11,19.2,0,19,19:00:00
2025-06-11,18.2,0,20,20:00:00
2025-06-11,16.4,0,21,21:00:00
2025-06-11,15.1,0,22,22:00:00
2025-06-11,14.1,0,23,23:00:00
2025-06-12,13,0,0,0:00:00
2025-06-12,12,0,1,1:00:00
2025-06-12,11.4,0,2,2:00:00
2025-06-12,11,0,3,3:00:00
2025-06-12,10.5,0,4,4:00:00
2025-06-12,10.1,0,5,5:00:00
2025-06-12,10.2,0,6,6:00:00
2025-06-12,11.1,0,7,7:00:00
2025-06-12,13.1,0,8,8:00:00
2025-06-12,15.5,0,9,9:00:00
2025-06-12,17.5,0,10,10:00:00
2025-06-12,19.7,0,11,11:00:00
2025-06-12,21.4,0,12,12:00:00
2025-06-12,22.8,0,13,13:00:00
2025-06-12,24,0,14,14:00:00
2025-06-12,25,0,15,15:00:00
2025-06-12,25.2,0,16,16:00:00
2025-06-12,25.5,0,17,17:00:00
2025-06-12,25.7,0,18,18:00:00
2025-06-12,25.4,0,19,19:00:00
2025-06-12,24.5,0,20,20:00:00
2025-06-12,23.1,0,21,21:00:00
2025-06-12,21.4,0,22,22:00:00
2025-06-12,21,0,23,23:00:00
2025-06-13,20.4,0,0,0:00:00
2025-06-13,19.4,0,1,1:00:00
2025-06-13,19.4,0,2,2:00:00
2025-06-13,18.9,0,3,3:00:00
2025-06-13,17.9,0,4,4:00:00
2025-06-13,17.1,0,5,5:00:00
2025-06-13,16.9,0,6,6:00:00
2025-06-13,17.2,0,7,7:00:00
2025-06-13,18.5,0,8,8:00:00
2025-06-13,20,0,9,9:00:00
2025-06-13,21.8,0,10,10:00:00
2025-06-13,24.6,0,11,11:00:00
2025-06-13,26.5,0,12,12:00:00
2025-06-13,27.5,0,13,13:00:00
2025-06-13,29.5,0,14,14:00:00
2025-06-13,30.4,0,15,15:00:00
2025-06-13,30.3,0,16,16:00:00
2025-06-13,30.9,0,17,17:00:00
2025-06-13,30.8,0,18,18:00:00
2025-06-13,29.4,0,19,19:00:00
2025-06-13,29.1,0,20,20:00:00
2025-06-13,27.2,0,21,21:00:00
2025-06-13,25.1,0,22,22:00:00
2025-06-13,24.3,0,23,23:00:00
2025-06-14,23.7,0,0,0:00:00
2025-06-14,22.2,0,1,1:00:00
2025-06-14,22.1,0,2,2:00:00
2025-06-14,21,0,3,3:00:00
2025-06-14,19.8,0,4,4:00:00
2025-06-14,19.6,0,5,5:00:00
2025-06-14,19.4,0,6,6:00:00
2025-06-14,19.3,0,7,7:00:00
2025-06-14,20.7,0,8,8:00:00
2025-06-14,22.7,0,9,9:00:00
2025-06-14,25.3,0,10,10:00:00
2025-06-14,27.3,0,11,11:00:00
2025-06-14,28.3,0,12,12:00:00
2025-06-14,30,0,13,13:00:00
2025-06-14,29.6,0,14,14:00:00
2025-06-14,31.6,0,15,15:00:00
2025-06-14,30.9,0,16,16:00:00
2025-06-14,30.5,0,17,17:00:00
2025-06-14,28,0,18,18:00:00
2025-06-14,27.3,0,19,19:00:00
2025-06-14,26.4,0,20,20:00:00
2025-06-14,24,0,21,21:00:00
2025-06-14,23.6,0,22,22:00:00
2025-06-14,22.8,0,23,23:00:00
2025-06-15,21.3,0,0,0:00:00
2025-06-15,20.2,0,1,1:00:00
2025-06-15,19.1,0,2,2:00:00
2025-06-15,17.8,0,3,3:00:00
2025-06-15,17.8,0,4,4:00:00
2025-06-15,17,0,5,5:00:00
2025-06-15,17,0,6,6:00:00
2025-06-15,18,0,7,7:00:00
2025-06-15,16.6,0.3,8,8:00:00
2025-06-15,15.4,0,9,9:00:00
2025-06-15,16.3,0,10,10:00:00
2025-06-15,18,0,11,11:00:00
2025-06-15,19.3,0,12,12:00:00
2025-06-15,18.5,0,13,13:00:00
2025-06-15,20.2,0,14,14:00:00
2025-06-15,23.4,0,15,15:00:00
2025-06-15,22.1,0,16,16:00:00
2025-06-15,23.2,0,17,17:00:00
2025-06-15,22.5,0,18,18:00:00
2025-06-15,20.8,0,19,19:00:00
2025-06-15,20.4,0,20,20:00:00
2025-06-15,19,0,21,21:00:00
2025-06-15,17,0,22,22:00:00
2025-06-15,16.1,0,23,23:00:00
2025-06-16,15.3,0,0,0:00:00
2025-06-16,14.2,0,1,1:00:00
2025-06-16,13.7,0,2,2:00:00
2025-06-16,13.5,0,3,3:00:00
2025-06-16,12.9,0,4,4:00:00
2025-06-16,12.2,0,5,5:00:00
2025-06-16,12.3,0,6,6:00:00
2025-06-16,13.4,0,7,7:00:00
2025-06-16,15.3,0,8,8:00:00
2025-06-16,18.4,0,9,9:00:00
2025-06-16,19,0,10,10:00:00
2025-06-16,19.4,0,11,11:00:00
2025-06-16,22.5,0,12,12:00:00
2025-06-16,21.7,0,13,13:00:00
2025-06-16,21.3,0,14,14:00:00
2025-06-16,21.9,0,15,15:00:00
2025-06-16,23.6,0,16,16:00:00
2025-06-16,23.1,0,17,17:00:00
2025-06-16,22.9,0,18,18:00:00
2025-06-16,22.6,0,19,19:00:00
2025-06-16,22,0,20,20:00:00
2025-06-16,20.1,0,21,21:00:00
2025-06-16,18.8,0,22,22:00:00
2025-06-16,17.2,0,23,23:00:00
2025-06-17,15.8,0,0,0:00:00
2025-06-17,15,0,1,1:00:00
2025-06-17,14.6,0,2,2:00:00
2025-06-17,14.1,0,3,3:00:00
2025-06-17,13.6,0,4,4:00:00
2025-06-17,12.9,0,5,5:00:00
2025-06-17,12.2,0,6,6:00:00
2025-06-17,13.8,0,7,7:00:00
2025-06-17,15.4,0,8,8:00:00
2025-06-17,17.9,0,9,9:00:00
2025-06-17,19.7,0,10,10:00:00
2025-06-17,21.7,0,11,11:00:00
2025-06-17,23.1,0,12,12:00:00
2025-06-17,25,0,13,13:00:00
2025-06-17,26.2,0,14,14:00:00
2025-06-17,26.7,0,15,15:00:00
2025-06-17,27.4,0,16,16:00:00
2025-06-17,27.1,0,17,17:00:00
2025-06-17,25.9,0,18,18:00:00
2025-06-17,24.1,0,19,19:00:00
2025-06-17,23.1,0,20,20:00:00
2025-06-17,21.9,0,21,21:00:00
2025-06-17,21,0,22,22:00:00
2025-06-17,19.2,0,23,23:00:00
2025-06-18,18.1,0,0,0:00:00
2025-06-18,17.1,0,1,1:00:00
2025-06-18,16.2,0,2,2:00:00
2025-06-18,15.6,0,3,3:00:00
2025-06-18,15,0,4,4:00:00
2025-06-18,13.8,0,5,5:00:00
2025-06-18,14.3,0,6,6:00:00
2025-06-18,15.6,0,7,7:00:00
2025-06-18,17.4,0,8,8:00:00
2025-06-18,20.1,0,9,9:00:00
2025-06-18,22.3,0,10,10:00:00
2025-06-18,24.2,0,11,11:00:00
2025-06-18,25.5,0,12,12:00:00
2025-06-18,26.8,0,13,13:00:00
2025-06-18,27.1,0,14,14:00:00
2025-06-18,26.6,0,15,15:00:00
2025-06-18,26.9,0,16,16:00:00
2025-06-18,25.9,0,17,17:00:00
2025-06-18,25.1,0,18,18:00:00
2025-06-18,23.3,0,19,19:00:00
2025-06-18,21.9,0,20,20:00:00
2025-06-18,19.9,0,21,21:00:00
2025-06-18,18.5,0,22,22:00:00
2025-06-18,17.5,0,23,23:00:00
2025-06-19,16.1,0,0,0:00:00
2025-06-19,15.2,0,1,1:00:00
2025-06-19,14.5,0,2,2:00:00
2025-06-19,13.5,0,3,3:00:00
2025-06-19,12.9,0,4,4:00:00
2025-06-19,12.3,0,5,5:00:00
2025-06-19,12,0,6,6:00:00
2025-06-19,13.6,0,7,7:00:00
2025-06-19,15.7,0,8,8:00:00
2025-06-19,17.4,0,9,9:00:00
2025-06-19,18.7,0,10,10:00:00
2025-06-19,20,0,11,11:00:00
2025-06-19,21.1,0,12,12:00:00
2025-06-19,22,0,13,13:00:00
2025-06-19,21.9,0,14,14:00:00
2025-06-19,22.6,0,15,15:00:00
2025-06-19,22.9,0,16,16:00:00
2025-06-19,22.9,0,17,17:00:00
2025-06-19,22.5,0,18,18:00:00
2025-06-19,21.7,0,19,19:00:00
2025-06-19,20.4,0,20,20:00:00
2025-06-19,18.9,0,21,21:00:00
2025-06-19,17.2,0,22,22:00:00
2025-06-19,15.8,0,23,23:00:00
2025-06-20,14.7,0,0,0:00:00
2025-06-20,13.6,0,1,1:00:00
2025-06-20,12.7,0,2,2:00:00
2025-06-20,12,0,3,3:00:00
2025-06-20,11.6,0,4,4:00:00
2025-06-20,11,0,5,5:00:00
2025-06-20,10.9,0,6,6:00:00
2025-06-20,12.4,0,7,7:00:00
2025-06-20,14.3,0,8,8:00:00
2025-06-20,15.7,0,9,9:00:00
2025-06-20,17.4,0,10,10:00:00
2025-06-20,19.4,0,11,11:00:00
2025-06-20,20.8,0,12,12:00:00
2025-06-20,21.8,0,13,13:00:00
2025-06-20,23.4,0,14,14:00:00
2025-06-20,24,0,15,15:00:00
2025-06-20,24.4,0,16,16:00:00
2025-06-20,24.4,0,17,17:00:00
2025-06-20,24.4,0,18,18:00:00
2025-06-20,24.4,0,19,19:00:00
2025-06-20,22.9,0,20,20:00:00
2025-06-20,22,0,21,21:00:00
2025-06-20,19.5,0,22,22:00:00
2025-06-20,18.1,0,23,23:00:00
2025-06-21,17.2,0,0,0:00:00
2025-06-21,15.7,0,1,1:00:00
2025-06-21,14.8,0,2,2:00:00
2025-06-21,14.4,0,3,3:00:00
2025-06-21,14.1,0,4,4:00:00
2025-06-21,13.3,0,5,5:00:00
2025-06-21,13.5,0,6,6:00:00
2025-06-21,15.1,0,7,7:00:00
2025-06-21,17.8,0,8,8:00:00
2025-06-21,20.3,0,9,9:00:00
2025-06-21,22.9,0,10,10:00:00
2025-06-21,25.2,0,11,11:00:00
2025-06-21,26.8,0,12,12:00:00
2025-06-21,27.9,0,13,13:00:00
2025-06-21,29.5,0,14,14:00:00
2025-06-21,30.5,0,15,15:00:00
2025-06-21,30.6,0,16,16:00:00
2025-06-21,31.3,0,17,17:00:00
2025-06-21,31.3,0,18,18:00:00
2025-06-21,30.9,0,19,19:00:00
2025-06-21,30.5,0,20,20:00:00
2025-06-21,28.4,0,21,21:00:00
2025-06-21,26.5,0,22,22:00:00
2025-06-21,24.4,0,23,23:00:00
2025-06-22,23.2,0,0,0:00:00
2025-06-22,21.5,0,1,1:00:00
2025-06-22,21.1,0,2,2:00:00
2025-06-22,20.2,0,3,3:00:00
2025-06-22,19,0,4,4:00:00
2025-06-22,18.6,0,5,5:00:00
2025-06-22,17.9,0,6,6:00:00
2025-06-22,18.7,0,7,7:00:00
2025-06-22,20.7,0,8,8:00:00
2025-06-22,23.9,0,9,9:00:00
2025-06-22,26.7,0,10,10:00:00
2025-06-22,29.9,0,11,11:00:00
2025-06-22,31.5,0,12,12:00:00
2025-06-22,30.6,0,13,13:00:00
2025-06-22,30,0,14,14:00:00
2025-06-22,29.8,0,15,15:00:00
2025-06-22,26,0,16,16:00:00
2025-06-22,26.8,0.2,17,17:00:00
2025-06-22,24.9,0,18,18:00:00
2025-06-22,24.6,0,19,19:00:00
2025-06-22,24.6,0,20,20:00:00
2025-06-22,23,0,21,21:00:00
2025-06-22,22,0,22,22:00:00
2025-06-22,20.5,0,23,23:00:00
2025-06-23,19.8,0,0,0:00:00
2025-06-23,19.3,0,1,1:00:00
2025-06-23,19.4,0,2,2:00:00
2025-06-23,18.6,0,3,3:00:00
2025-06-23,18.1,0,4,4:00:00
2025-06-23,18.1,0,5,5:00:00
2025-06-23,18,0,6,6:00:00
2025-06-23,17.9,0,7,7:00:00
2025-06-23,18.6,0,8,8:00:00
2025-06-23,18.6,0,9,9:00:00
2025-06-23,17.7,0.1,10,10:00:00
2025-06-23,17.1,0.4,11,11:00:00
2025-06-23,14.8,0.7,12,12:00:00
2025-06-23,15.3,0.1,13,13:00:00
2025-06-23,18.4,0,14,14:00:00
2025-06-23,19.2,0,15,15:00:00
2025-06-23,18.7,0,16,16:00:00
2025-06-23,19.6,0,17,17:00:00
2025-06-23,18.8,0,18,18:00:00
2025-06-23,18.3,0,19,19:00:00
2025-06-23,18.3,0,20,20:00:00
2025-06-23,16.9,0,21,21:00:00
2025-06-23,15.9,0,22,22:00:00
2025-06-23,16,0,23,23:00:00
2025-06-24,14.6,0,0,0:00:00
2025-06-24,15.4,0,1,1:00:00
2025-06-24,16,0,2,2:00:00
2025-06-24,14.7,0,3,3:00:00
2025-06-24,14.4,0,4,4:00:00
2025-06-24,15.1,0,5,5:00:00
2025-06-24,13.9,0,6,6:00:00
2025-06-24,14.9,0,7,7:00:00
2025-06-24,15.7,0,8,8:00:00
2025-06-24,16,0,9,9:00:00
2025-06-24,17,0,10,10:00:00
2025-06-24,16.3,0,11,11:00:00
2025-06-24,16.9,0,12,12:00:00
2025-06-24,18,0,13,13:00:00
2025-06-24,20.5,0,14,14:00:00
2025-06-24,18.7,0,15,15:00:00
2025-06-24,18.5,0,16,16:00:00
2025-06-24,19.1,0,17,17:00:00
2025-06-24,17.1,0,18,18:00:00
2025-06-24,17.4,0.1,19,19:00:00
2025-06-24,18.3,0,20,20:00:00
2025-06-24,18.2,0,21,21:00:00
2025-06-24,18.9,0,22,22:00:00
2025-06-24,18.7,0.1,23,23:00:00
2025-06-25,18.5,0,0,0:00:00
2025-06-25,18.5,0.3,1,1:00:00
2025-06-25,18.5,0,2,2:00:00
2025-06-25,18.2,0,3,3:00:00
2025-06-25,18.1,0,4,4:00:00
2025-06-25,17.9,0.1,5,5:00:00
2025-06-25,17.7,0,6,6:00:00
2025-06-25,18,0,7,7:00:00
2025-06-25,19,0,8,8:00:00
2025-06-25,18.5,0,9,9:00:00
2025-06-25,20,0,10,10:00:00
2025-06-25,21,0,11,11:00:00
2025-06-25,20.7,0,12,12:00:00
2025-06-25,22.4,0,13,13:00:00
2025-06-25,21,0,14,14:00:00
2025-06-25,21.9,0,15,15:00:00
2025-06-25,23.9,0,16,16:00:00
2025-06-25,24.9,0,17,17:00:00
2025-06-25,24,0,18,18:00:00
2025-06-25,24,0,19,19:00:00
2025-06-25,23.9,0,20,20:00:00
2025-06-25,22,0,21,21:00:00
2025-06-25,20.1,0,22,22:00:00
2025-06-25,19.1,0,23,23:00:00
2025-06-26,18.1,0,0,0:00:00
2025-06-26,17.5,0,1,1:00:00
2025-06-26,17.5,0,2,2:00:00
2025-06-26,17.2,0,3,3:00:00
2025-06-26,16.7,0,4,4:00:00
2025-06-26,17,0,5,5:00:00
2025-06-26,16.9,0,6,6:00:00
2025-06-26,17.1,0,7,7:00:00
2025-06-26,18.8,2.3,8,8:00:00
2025-06-26,19.1,0,9,9:00:00
2025-06-26,17.9,1.8,10,10:00:00
2025-06-26,18.6,2.2,11,11:00:00
2025-06-26,20,0.6,12,12:00:00
2025-06-26,21,0,13,13:00:00
2025-06-26,19.9,0.3,14,14:00:00
2025-06-26,22,0.4,15,15:00:00
2025-06-26,20.2,0,16,16:00:00
2025-06-26,20.9,0,17,17:00:00
2025-06-26,22.3,0,18,18:00:00
2025-06-26,20.8,0,19,19:00:00
2025-06-26,20.3,0,20,20:00:00
2025-06-26,21.5,0,21,21:00:00
2025-06-26,19.4,0,22,22:00:00
2025-06-26,19.2,0.1,23,23:00:00
2025-06-27,20.1,0.5,0,0:00:00
2025-06-27,18,0.6,1,1:00:00
2025-06-27,17.4,0,2,2:00:00
2025-06-27,17,0,3,3:00:00
2025-06-27,15.8,0,4,4:00:00
2025-06-27,15.4,0,5,5:00:00
2025-06-27,15.4,0,6,6:00:00
2025-06-27,14.8,0,7,7:00:00
2025-06-27,14.2,1.5,8,8:00:00
2025-06-27,14.2,1.3,9,9:00:00
2025-06-27,13.7,0.1,10,10:00:00
2025-06-27,14.7,0,11,11:00:00
2025-06-27,17.3,0,12,12:00:00
2025-06-27,17.2,0,13,13:00:00
2025-06-27,18.8,0,14,14:00:00
2025-06-27,20.1,0,15,15:00:00
2025-06-27,19.8,0,16,16:00:00
2025-06-27,19.7,0,17,17:00:00
2025-06-27,21.9,0,18,18:00:00
2025-06-27,20.3,0,19,19:00:00
2025-06-27,20.1,0,20,20:00:00
2025-06-27,20,0,21,21:00:00
2025-06-27,19.2,0,22,22:00:00
2025-06-27,18.2,0,23,23:00:00
2025-06-28,18.1,0,0,0:00:00
2025-06-28,17.2,0,1,1:00:00
2025-06-28,17.9,0,2,2:00:00
2025-06-28,18.5,0,3,3:00:00
2025-06-28,17.1,0,4,4:00:00
2025-06-28,17.1,0,5,5:00:00
2025-06-28,17.8,0,6,6:00:00
2025-06-28,18.3,0,7,7:00:00
2025-06-28,19.2,0,8,8:00:00
2025-06-28,21.2,0,9,9:00:00
2025-06-28,22.1,0,10,10:00:00
2025-06-28,24.2,0,11,11:00:00
2025-06-28,23.5,0,12,12:00:00
2025-06-28,24,0,13,13:00:00
2025-06-28,25.5,0,14,14:00:00
2025-06-28,26.6,0,15,15:00:00
2025-06-28,26.8,0,16,16:00:00
2025-06-28,23.3,0,17,17:00:00
2025-06-28,25.7,0,18,18:00:00
2025-06-28,25.4,0,19,19:00:00
2025-06-28,24.5,0,20,20:00:00
2025-06-28,23.9,0,21,21:00:00
2025-06-28,22.5,0,22,22:00:00
2025-06-28,21.3,0,23,23:00:00
2025-06-29,20.5,0,0,0:00:00
2025-06-29,20.1,0,1,1:00:00
2025-06-29,19.6,0,2,2:00:00
2025-06-29,18.8,0,3,3:00:00
2025-06-29,18.6,0,4,4:00:00
2025-06-29,18.2,0,5,5:00:00
2025-06-29,17.6,0,6,6:00:00
2025-06-29,18.4,0,7,7:00:00
2025-06-29,20.2,0,8,8:00:00
2025-06-29,21.7,0,9,9:00:00
2025-06-29,23.5,0,10,10:00:00
2025-06-29,24.1,0,11,11:00:00
2025-06-29,25.6,0,12,12:00:00
2025-06-29,25.2,0,13,13:00:00
2025-06-29,24.7,0,14,14:00:00
2025-06-29,26.4,0,15,15:00:00
2025-06-29,25.9,0,16,16:00:00
2025-06-29,26.1,0,17,17:00:00
2025-06-29,25.6,0,18,18:00:00
2025-06-29,24.3,0,19,19:00:00
2025-06-29,22.8,0,20,20:00:00
2025-06-29,20.8,0,21,21:00:00
2025-06-29,18.6,0,22,22:00:00
2025-06-29,17.3,0,23,23:00:00
2025-06-30,16.6,0,0,0:00:00
2025-06-30,15.5,0,1,1:00:00
2025-06-30,14.6,0,2,2:00:00
2025-06-30,13.9,0,3,3:00:00
2025-06-30,13.5,0,4,4:00:00
2025-06-30,12.6,0,5,5:00:00
2025-06-30,12.8,0,6,6:00:00
2025-06-30,14,0,7,7:00:00
2025-06-30,15.3,0,8,8:00:00
2025-06-30,17.4,0,9,9:00:00
2025-06-30,20,0,10,10:00:00
2025-06-30,22,0,11,11:00:00
2025-06-30,23.8,0,12,12:00:00
2025-06-30,25.3,0,13,13:00:00
2025-06-30,26.6,0,14,14:00:00
2025-06-30,27.9,0,15,15:00:00
2025-06-30,28.4,0,16,16:00:00
2025-06-30,28.3,0,17,17:00:00
2025-06-30,28.5,0,18,18:00:00
2025-06-30,28.4,0,19,19:00:00
2025-06-30,27.2,0,20,20:00:00
2025-06-30,25.9,0,21,21:00:00
2025-06-30,24.3,0,22,22:00:00
2025-06-30,21.9,0,23,23:00:00
2025-07-01,20.4,0,0,0:00:00
2025-07-01,19.6,0,1,1:00:00
2025-07-01,18.2,0,2,2:00:00
2025-07-01,17.2,0,3,3:00:00
2025-07-01,17.8,0,4,4:00:00
2025-07-01,16.5,0,5,5:00:00
2025-07-01,16.5,0,6,6:00:00
2025-07-01,18.2,0,7,7:00:00
2025-07-01,20.7,0,8,8:00:00
2025-07-01,23.1,0,9,9:00:00
2025-07-01,25.8,0,10,10:00:00
2025-07-01,29.8,0,11,11:00:00
2025-07-01,31,0,12,12:00:00
2025-07-01,32.4,0,13,13:00:00
2025-07-01,34.2,0,14,14:00:00
2025-07-01,34.6,0,15,15:00:00
2025-07-01,34.8,0,16,16:00:00
2025-07-01,35.6,0,17,17:00:00
2025-07-01,34.8,0,18,18:00:00
2025-07-01,34.4,0,19,19:00:00
2025-07-01,34.3,0,20,20:00:00
2025-07-01,31,0,21,21:00:00
2025-07-01,30.1,0,22,22:00:00
2025-07-01,28.2,0,23,23:00:00
2025-07-02,27.3,0,0,0:00:00
2025-07-02,27.1,0,1,1:00:00
2025-07-02,26.5,0,2,2:00:00
2025-07-02,25.7,0,3,3:00:00
2025-07-02,24.7,0,4,4:00:00
2025-07-02,23.4,0,5,5:00:00
2025-07-02,23.4,0,6,6:00:00
2025-07-02,23.9,0,7,7:00:00
2025-07-02,24.5,0,8,8:00:00
2025-07-02,26.4,0,9,9:00:00
2025-07-02,28.7,0,10,10:00:00
2025-07-02,30.9,0,11,11:00:00
2025-07-02,30.2,0,12,12:00:00
2025-07-02,34.6,0,13,13:00:00
2025-07-02,36,0,14,14:00:00
2025-07-02,37,0,15,15:00:00
2025-07-02,36.6,0,16,16:00:00
2025-07-02,36.3,0,17,17:00:00
2025-07-02,23.4,0,18,18:00:00
2025-07-02,28.2,2.1,19,19:00:00
2025-07-02,22,4.4,20,20:00:00
2025-07-02,21.8,0.9,21,21:00:00
2025-07-02,22.6,0,22,22:00:00
2025-07-02,20.5,0.1,23,23:00:00
2025-07-03,18.6,0,0,0:00:00
2025-07-03,18.2,0,1,1:00:00
2025-07-03,17.8,0,2,2:00:00
2025-07-03,17,0,3,3:00:00
2025-07-03,17,0,4,4:00:00
2025-07-03,16.4,0,5,5:00:00
2025-07-03,15.6,0,6,6:00:00
2025-07-03,16.3,0,7,7:00:00
2025-07-03,17,0,8,8:00:00
2025-07-03,18.1,0,9,9:00:00
2025-07-03,19.1,0,10,10:00:00
2025-07-03,19.1,0,11,11:00:00
2025-07-03,19.6,0,12,12:00:00
2025-07-03,21.1,0,13,13:00:00
2025-07-03,21.6,0,14,14:00:00
2025-07-03,22.1,0,15,15:00:00
2025-07-03,23,0,16,16:00:00
2025-07-03,22,0,17,17:00:00
2025-07-03,21.7,0,18,18:00:00
2025-07-03,21.8,0,19,19:00:00
2025-07-03,20,0,20,20:00:00
2025-07-03,19,0,21,21:00:00
2025-07-03,18,0,22,22:00:00
2025-07-03,16.1,0,23,23:00:00
2025-07-04,15.4,0,0,0:00:00
2025-07-04,15.4,0,1,1:00:00
2025-07-04,14.8,0,2,2:00:00
2025-07-04,13.6,0,3,3:00:00
2025-07-04,12.7,0,4,4:00:00
2025-07-04,12,0,5,5:00:00
2025-07-04,12,0,6,6:00:00
2025-07-04,13.3,0,7,7:00:00
2025-07-04,15.4,0,8,8:00:00
2025-07-04,17.4,0,9,9:00:00
2025-07-04,19.4,0,10,10:00:00
2025-07-04,20.8,0,11,11:00:00
2025-07-04,22.8,0,12,12:00:00
2025-07-04,23.8,0,13,13:00:00
2025-07-04,23.5,0,14,14:00:00
2025-07-04,24.6,0,15,15:00:00
2025-07-04,25.1,0,16,16:00:00
2025-07-04,24.5,0,17,17:00:00
2025-07-04,24.6,0,18,18:00:00
2025-07-04,23.9,0,19,19:00:00
2025-07-04,22.9,0,20,20:00:00
2025-07-04,22,0,21,21:00:00
2025-07-04,20.6,0,22,22:00:00
2025-07-04,18.6,0,23,23:00:00
2025-07-05,18.4,0,0,0:00:00
2025-07-05,17.8,0,1,1:00:00
2025-07-05,16.6,0,2,2:00:00
2025-07-05,16.8,0,3,3:00:00
2025-07-05,16.6,0,4,4:00:00
2025-07-05,16.8,0,5,5:00:00
2025-07-05,16.7,0,6,6:00:00
2025-07-05,17.2,0,7,7:00:00
2025-07-05,17.1,0,8,8:00:00
2025-07-05,18.7,0,9,9:00:00
2025-07-05,19.2,0,10,10:00:00
2025-07-05,19.5,0,11,11:00:00
2025-07-05,18.6,0,12,12:00:00
2025-07-05,19.3,0,13,13:00:00
2025-07-05,21.2,0,14,14:00:00
2025-07-05,21.1,0,15,15:00:00
2025-07-05,22.1,0,16,16:00:00
2025-07-05,21.2,0,17,17:00:00
2025-07-05,20.5,0,18,18:00:00
2025-07-05,22.1,0,19,19:00:00
2025-07-05,21,0,20,20:00:00
2025-07-05,19.9,0,21,21:00:00
2025-07-05,19.9,0,22,22:00:00
2025-07-05,19.6,0,23,23:00:00
2025-07-06,17.9,0.1,0,0:00:00
2025-07-06,17.7,0.2,1,1:00:00
2025-07-06,17.5,0,2,2:00:00
2025-07-06,17,0,3,3:00:00
2025-07-06,17,0,4,4:00:00
2025-07-06,17.2,0.1,5,5:00:00
2025-07-06,17,0,6,6:00:00
2025-07-06,17.3,0,7,7:00:00
2025-07-06,17.4,0,8,8:00:00
2025-07-06,18.5,0,9,9:00:00
2025-07-06,20.4,0,10,10:00:00
2025-07-06,20.9,0.1,11,11:00:00
2025-07-06,20.7,0.1,12,12:00:00
2025-07-06,19.4,0.2,13,13:00:00
2025-07-06,19.7,6.1,14,14:00:00
2025-07-06,19.2,0.4,15,15:00:00
2025-07-06,17.9,0.7,16,16:00:00
2025-07-06,16.5,0.7,17,17:00:00
2025-07-06,16.6,2,18,18:00:00
2025-07-06,16.1,2.2,19,19:00:00
2025-07-06,16.1,0.1,20,20:00:00
2025-07-06,16.1,0,21,21:00:00
2025-07-06,15.6,0,22,22:00:00
2025-07-06,15.7,0,23,23:00:00
2025-07-07,15.8,0,0,0:00:00
2025-07-07,15.6,0,1,1:00:00
2025-07-07,15.6,0.2,2,2:00:00
2025-07-07,15.6,0.5,3,3:00:00
2025-07-07,15.8,0.1,4,4:00:00
2025-07-07,15.2,0.1,5,5:00:00
2025-07-07,15.6,0,6,6:00:00
2025-07-07,15.4,0.4,7,7:00:00
2025-07-07,15.5,1.4,8,8:00:00
2025-07-07,16.1,0.7,9,9:00:00
2025-07-07,14.7,7.1,10,10:00:00
2025-07-07,15,0.9,11,11:00:00
2025-07-07,14.8,0.6,12,12:00:00
2025-07-07,14.5,0.1,13,13:00:00
2025-07-07,16.3,0.1,14,14:00:00
2025-07-07,17.2,0.1,15,15:00:00
2025-07-07,17.8,0,16,16:00:00
2025-07-07,17.7,0.1,17,17:00:00
2025-07-07,17.4,0,18,18:00:00
2025-07-07,17.3,0,19,19:00:00
2025-07-07,16.3,0,20,20:00:00
2025-07-07,15.5,0,21,21:00:00
2025-07-07,14.6,0,22,22:00:00
2025-07-07,14.1,0,23,23:00:00
2025-07-08,13.2,0,0,0:00:00
2025-07-08,12.7,0,1,1:00:00
2025-07-08,12.5,0,2,2:00:00
2025-07-08,11.4,0,3,3:00:00
2025-07-08,11.6,0,4,4:00:00
2025-07-08,12.1,0.2,5,5:00:00
2025-07-08,11.1,0,6,6:00:00
2025-07-08,11.6,0,7,7:00:00
2025-07-08,13.9,0,8,8:00:00
2025-07-08,15.3,0,9,9:00:00
2025-07-08,16.3,0,10,10:00:00
2025-07-08,17.6,0,11,11:00:00
2025-07-08,17.1,0,12,12:00:00
2025-07-08,18.2,0.9,13,13:00:00
2025-07-08,19.3,0,14,14:00:00
2025-07-08,19.3,0,15,15:00:00
2025-07-08,19.1,0,16,16:00:00
2025-07-08,19.8,0,17,17:00:00
2025-07-08,18.2,0,18,18:00:00
2025-07-08,18.2,0,19,19:00:00
2025-07-08,17.8,0,20,20:00:00
2025-07-08,16.5,0,21,21:00:00
2025-07-08,16.5,0,22,22:00:00
2025-07-08,16.5,0,23,23:00:00
2025-07-09,14.1,0,0,0:00:00
2025-07-09,15.8,0,1,1:00:00
2025-07-09,15.6,0,2,2:00:00
2025-07-09,14.3,0,3,3:00:00
2025-07-09,15.4,0,4,4:00:00
2025-07-09,15.3,0,5,5:00:00
2025-07-09,14.4,0,6,6:00:00
2025-07-09,15.3,0,7,7:00:00
2025-07-09,15.7,0,8,8:00:00
2025-07-09,16.3,0,9,9:00:00
2025-07-09,19.1,0,10,10:00:00
2025-07-09,18.8,0,11,11:00:00
2025-07-09,18.8,0,12,12:00:00
2025-07-09,20.9,0,13,13:00:00
2025-07-09,20.8,0,14,14:00:00
2025-07-09,21.7,0,15,15:00:00
2025-07-09,22.2,0,16,16:00:00
2025-07-09,22.1,0,17,17:00:00
2025-07-09,22.5,0,18,18:00:00
2025-07-09,22.1,0,19,19:00:00
2025-07-09,20.8,0,20,20:00:00
2025-07-09,19.8,0,21,21:00:00
2025-07-09,18.5,0,22,22:00:00
2025-07-09,16.6,0,23,23:00:00
2025-07-10,15.8,0,0,0:00:00
2025-07-10,15,0,1,1:00:00
2025-07-10,14,0,2,2:00:00
2025-07-10,12.9,0,3,3:00:00
2025-07-10,12.6,0,4,4:00:00
2025-07-10,12.2,0,5,5:00:00
2025-07-10,12.6,0,6,6:00:00
2025-07-10,14.3,0,7,7:00:00
2025-07-10,15.5,0,8,8:00:00
2025-07-10,15.8,0,9,9:00:00
2025-07-10,18.9,0,10,10:00:00
2025-07-10,19.6,0,11,11:00:00
2025-07-10,18.9,0,12,12:00:00
2025-07-10,19.4,0,13,13:00:00
2025-07-10,20.4,0,14,14:00:00
2025-07-10,19.9,0,15,15:00:00
2025-07-10,22.2,0,16,16:00:00
2025-07-10,21,0,17,17:00:00
2025-07-10,19.3,0,18,18:00:00
2025-07-10,21.1,0,19,19:00:00
2025-07-10,19.4,0,20,20:00:00
2025-07-10,18.4,0,21,21:00:00
2025-07-10,17.8,0,22,22:00:00
2025-07-10,17.5,0,23,23:00:00
2025-07-11,17,0,0,0:00:00
2025-07-11,17,0,1,1:00:00
2025-07-11,17,0,2,2:00:00
2025-07-11,16.6,0,3,3:00:00
2025-07-11,16.7,0,4,4:00:00
2025-07-11,15.7,0,5,5:00:00
2025-07-11,15.4,0,6,6:00:00
2025-07-11,16,0,7,7:00:00
2025-07-11,17.3,0,8,8:00:00
2025-07-11,17.1,0,9,9:00:00
2025-07-11,18.8,0,10,10:00:00
2025-07-11,19,0,11,11:00:00
2025-07-11,20.1,0,12,12:00:00
2025-07-11,21.2,0,13,13:00:00
2025-07-11,21.5,0,14,14:00:00
2025-07-11,22.7,0,15,15:00:00
2025-07-11,23.3,0,16,16:00:00
2025-07-11,23.2,0,17,17:00:00
2025-07-11,22.6,0,18,18:00:00
2025-07-11,22.9,0,19,19:00:00
2025-07-11,21.3,0,20,20:00:00
2025-07-11,20,0,21,21:00:00
2025-07-11,19.2,0,22,22:00:00
2025-07-11,17.3,0,23,23:00:00
2025-07-12,16.6,0,0,0:00:00
2025-07-12,16.2,0,1,1:00:00
2025-07-12,16,0,2,2:00:00
2025-07-12,15.8,0,3,3:00:00
2025-07-12,15.4,0,4,4:00:00
2025-07-12,15.5,0,5,5:00:00
2025-07-12,14.3,0,6,6:00:00
2025-07-12,15.8,0,7,7:00:00
2025-07-12,16.4,0,8,8:00:00
2025-07-12,17.5,0,9,9:00:00
2025-07-12,21.5,0,10,10:00:00
2025-07-12,21,0,11,11:00:00
2025-07-12,21.6,0,12,12:00:00
2025-07-12,24,0,13,13:00:00
2025-07-12,26,0,14,14:00:00
2025-07-12,24.9,0,15,15:00:00
2025-07-12,25,0,16,16:00:00
2025-07-12,22.4,0,17,17:00:00
2025-07-12,23,0,18,18:00:00
2025-07-12,22.8,0,19,19:00:00
2025-07-12,17.9,0,20,20:00:00
2025-07-12,20.3,0,21,21:00:00
2025-07-12,19.9,0,22,22:00:00
2025-07-12,17.4,0,23,23:00:00
2025-07-13,18.5,0,0,0:00:00
2025-07-13,18.5,0,1,1:00:00
2025-07-13,17.4,0,2,2:00:00
2025-07-13,18.2,0,3,3:00:00
2025-07-13,18.2,0,4,4:00:00
2025-07-13,17,0,5,5:00:00
2025-07-13,17.6,0,6,6:00:00
2025-07-13,17.9,0,7,7:00:00
2025-07-13,17.8,0,8,8:00:00
2025-07-13,19.5,0,9,9:00:00
2025-07-13,19.5,0,10,10:00:00
2025-07-13,20.1,0,11,11:00:00
2025-07-13,19.2,0.1,12,12:00:00
2025-07-13,22.1,0,13,13:00:00
2025-07-13,22.1,0.8,14,14:00:00
2025-07-13,22.3,0,15,15:00:00
2025-07-13,21.5,0,16,16:00:00
2025-07-13,23.6,0,17,17:00:00
2025-07-13,23.3,0,18,18:00:00
2025-07-13,22.6,0,19,19:00:00
2025-07-13,22.5,0,20,20:00:00
2025-07-13,22.1,0,21,21:00:00
2025-07-13,20.3,0,22,22:00:00
2025-07-13,18.7,0,23,23:00:00
2025-07-14,17.8,0,0,0:00:00
2025-07-14,17.2,0,1,1:00:00
2025-07-14,16.1,0,2,2:00:00
2025-07-14,15.6,0,3,3:00:00
2025-07-14,15.5,0,4,4:00:00
2025-07-14,14.7,0,5,5:00:00
2025-07-14,14.7,0,6,6:00:00
2025-07-14,16.1,0,7,7:00:00
2025-07-14,18.3,0,8,8:00:00
2025-07-14,20.5,0,9,9:00:00
2025-07-14,22.3,0,10,10:00:00
2025-07-14,23.5,0,11,11:00:00
2025-07-14,24.2,0,12,12:00:00
2025-07-14,25.5,0,13,13:00:00
2025-07-14,25,0,14,14:00:00
2025-07-14,26.1,0,15,15:00:00
2025-07-14,26.5,0,16,16:00:00
2025-07-14,26,0,17,17:00:00
2025-07-14,25.8,0,18,18:00:00
2025-07-14,22.6,0,19,19:00:00
2025-07-14,22.4,0,20,20:00:00
2025-07-14,22.5,0.2,21,21:00:00
2025-07-14,20.9,0,22,22:00:00
2025-07-14,19,0,23,23:00:00
2025-07-15,19.2,0,0,0:00:00
2025-07-15,18.7,0,1,1:00:00
2025-07-15,18,0,2,2:00:00
2025-07-15,18.3,0,3,3:00:00
2025-07-15,18.3,0,4,4:00:00
2025-07-15,17.3,0,5,5:00:00
2025-07-15,17.4,0,6,6:00:00
2025-07-15,17.1,0,7,7:00:00
2025-07-15,17.3,0,8,8:00:00
2025-07-15,18.8,0,9,9:00:00
2025-07-15,20.2,0,10,10:00:00
2025-07-15,20.4,0,11,11:00:00
2025-07-15,21.2,0.1,12,12:00:00
2025-07-15,22.7,0,13,13:00:00
2025-07-15,23.9,0,14,14:00:00
2025-07-15,18,0,15,15:00:00
2025-07-15,19.8,0.3,16,16:00:00
2025-07-15,23.3,0,17,17:00:00
2025-07-15,21.4,0,18,18:00:00
2025-07-15,21.5,0,19,19:00:00
2025-07-15,21.7,0,20,20:00:00
2025-07-15,20.3,0,21,21:00:00
2025-07-15,18.6,0,22,22:00:00
2025-07-15,19.1,0,23,23:00:00
2025-07-16,16.9,0,0,0:00:00
2025-07-16,16.5,0,1,1:00:00
2025-07-16,16.2,0.5,2,2:00:00
2025-07-16,15.9,0.7,3,3:00:00
2025-07-16,15.5,0,4,4:00:00
2025-07-16,15.3,0,5,5:00:00
2025-07-16,14.6,0,6,6:00:00
2025-07-16,14.1,0.8,7,7:00:00
2025-07-16,14.6,0.5,8,8:00:00
2025-07-16,14.6,0,9,9:00:00
2025-07-16,15.6,0,10,10:00:00
2025-07-16,15.4,0.1,11,11:00:00
2025-07-16,17.3,0,12,12:00:00
2025-07-16,18.1,0.9,13,13:00:00
2025-07-16,17.2,1.6,14,14:00:00
2025-07-16,16.8,2,15,15:00:00
2025-07-16,19.4,0.3,16,16:00:00
2025-07-16,17.5,0,17,17:00:00
2025-07-16,18.4,0,18,18:00:00
2025-07-16,19.2,0,19,19:00:00
2025-07-16,19.5,0,20,20:00:00
2025-07-16,18.6,0,21,21:00:00
2025-07-16,17.6,0,22,22:00:00
2025-07-16,16.1,0,23,23:00:00
2025-07-17,14.9,0,0,0:00:00
2025-07-17,14.3,0,1,1:00:00
2025-07-17,13.5,0,2,2:00:00
2025-07-17,12.5,0,3,3:00:00
2025-07-17,12.5,0,4,4:00:00
2025-07-17,12.7,0,5,5:00:00
2025-07-17,14.3,0,6,6:00:00
2025-07-17,14.4,0.1,7,7:00:00
2025-07-17,15.2,0,8,8:00:00
2025-07-17,16.5,0,9,9:00:00
2025-07-17,17.2,0,10,10:00:00
2025-07-17,18.1,0,11,11:00:00
2025-07-17,18.8,0.1,12,12:00:00
2025-07-17,19.3,0.1,13,13:00:00
2025-07-17,20,0,14,14:00:00
2025-07-17,20,0,15,15:00:00
2025-07-17,19.5,0,16,16:00:00
2025-07-17,20.5,0,17,17:00:00
2025-07-17,21.5,0,18,18:00:00
2025-07-17,21.4,0,19,19:00:00
2025-07-17,20.9,0,20,20:00:00
2025-07-17,19.7,0,21,21:00:00
2025-07-17,19,0,22,22:00:00
2025-07-17,18.7,0,23,23:00:00
2025-07-18,16.7,0,0,0:00:00
2025-07-18,15.9,0,1,1:00:00
2025-07-18,15.5,0,2,2:00:00
2025-07-18,15,0,3,3:00:00
2025-07-18,15.1,0,4,4:00:00
2025-07-18,14.6,0,5,5:00:00
2025-07-18,14.4,0,6,6:00:00
2025-07-18,15.7,0,7,7:00:00
2025-07-18,17.6,0,8,8:00:00
2025-07-18,18.4,0,9,9:00:00
2025-07-18,19.4,0,10,10:00:00
2025-07-18,20.6,0,11,11:00:00
2025-07-18,20.8,0,12,12:00:00
2025-07-18,22.3,0,13,13:00:00
2025-07-18,23.7,0,14,14:00:00
2025-07-18,23.8,0,15,15:00:00
2025-07-18,24.4,0,16,16:00:00
2025-07-18,24.3,0,17,17:00:00
2025-07-18,24.7,0,18,18:00:00
2025-07-18,24,0,19,19:00:00
2025-07-18,23.6,0,20,20:00:00
2025-07-18,22.3,0,21,21:00:00
2025-07-18,21.1,0,22,22:00:00
2025-07-18,20.8,0,23,23:00:00
2025-07-19,19.3,0,0,0:00:00
2025-07-19,18.2,0,1,1:00:00
2025-07-19,17.4,0,2,2:00:00
2025-07-19,17,0,3,3:00:00
2025-07-19,16.8,0,4,4:00:00
2025-07-19,16.5,0,5,5:00:00
2025-07-19,16.8,0,6,6:00:00
2025-07-19,17.7,0,7,7:00:00
2025-07-19,17.7,0,8,8:00:00
2025-07-19,20.7,0,9,9:00:00
2025-07-19,22.8,0,10,10:00:00
2025-07-19,24.6,0,11,11:00:00
2025-07-19,26.7,0,12,12:00:00
2025-07-19,27.9,0,13,13:00:00
2025-07-19,28.5,0,14,14:00:00
2025-07-19,29.1,0,15,15:00:00
2025-07-19,29.9,0,16,16:00:00
2025-07-19,29.1,0,17,17:00:00
2025-07-19,28.8,0,18,18:00:00
2025-07-19,29.5,0,19,19:00:00
2025-07-19,28.1,0,20,20:00:00
2025-07-19,26.5,0,21,21:00:00
2025-07-19,26.1,0,22,22:00:00
2025-07-19,25.3,0,23,23:00:00
2025-07-20,24.9,0.1,0,0:00:00
2025-07-20,23.7,0,1,1:00:00
2025-07-20,21.1,0,2,2:00:00
2025-07-20,22.7,1,3,3:00:00
2025-07-20,20,0.1,4,4:00:00
2025-07-20,19.9,3.6,5,5:00:00
2025-07-20,19.7,0.6,6,6:00:00
2025-07-20,19.6,1.1,7,7:00:00
2025-07-20,19.9,0,8,8:00:00
2025-07-20,21.1,0.5,9,9:00:00
2025-07-20,22,0,10,10:00:00
2025-07-20,21.3,0,11,11:00:00
2025-07-20,23,0,12,12:00:00
2025-07-20,24,0,13,13:00:00
2025-07-20,25.3,0,14,14:00:00
2025-07-20,26.7,0,15,15:00:00
2025-07-20,27.4,0,16,16:00:00
2025-07-20,28,0,17,17:00:00
2025-07-20,26.1,0,18,18:00:00
2025-07-20,26.9,0,19,19:00:00
2025-07-20,22.4,0,20,20:00:00
2025-07-20,20.7,0,21,21:00:00
2025-07-20,19.5,12.5,22,22:00:00
2025-07-20,19.1,0,23,23:00:00
2025-07-21,18.8,0,0,0:00:00
2025-07-21,18.9,0,1,1:00:00
2025-07-21,18.5,0,2,2:00:00
2025-07-21,16.9,0,3,3:00:00
2025-07-21,17.8,0,4,4:00:00
2025-07-21,17,0,5,5:00:00
2025-07-21,16.7,0,6,6:00:00
2025-07-21,17.3,0,7,7:00:00
2025-07-21,17.9,0,8,8:00:00
2025-07-21,19,0,9,9:00:00
2025-07-21,20.5,0,10,10:00:00
2025-07-21,22.1,0,11,11:00:00
2025-07-21,22.8,0,12,12:00:00
2025-07-21,23.6,0,13,13:00:00
2025-07-21,24.7,0,14,14:00:00
2025-07-21,24.3,0,15,15:00:00
2025-07-21,24.5,0,16,16:00:00
2025-07-21,21,0,17,17:00:00
2025-07-21,22.8,0.1,18,18:00:00
2025-07-21,20.3,15.8,19,19:00:00
2025-07-21,22,6.3,20,20:00:00
2025-07-21,18,0,21,21:00:00
2025-07-21,18.5,0,22,22:00:00
2025-07-21,18,0,23,23:00:00
2025-07-22,17.5,0,0,0:00:00
2025-07-22,16.6,0,1,1:00:00
2025-07-22,16.8,0,2,2:00:00
2025-07-22,16,0,3,3:00:00
2025-07-22,16.2,0,4,4:00:00
2025-07-22,16.2,0,5,5:00:00
2025-07-22,15.8,0,6,6:00:00
2025-07-22,16.4,0,7,7:00:00
2025-07-22,16.9,0,8,8:00:00
2025-07-22,18.2,4.2,9,9:00:00
2025-07-22,16.7,0,10,10:00:00
2025-07-22,18.9,0.1,11,11:00:00
2025-07-22,18.3,0.7,12,12:00:00
2025-07-22,18.7,1.3,13,13:00:00
2025-07-22,18.4,4.9,14,14:00:00
2025-07-22,18,0,15,15:00:00
2025-07-22,19.3,0.1,16,16:00:00
2025-07-22,20.1,0.6,17,17:00:00
2025-07-22,18.2,0,18,18:00:00
2025-07-22,20.2,0.1,19,19:00:00
2025-07-22,20.1,0,20,20:00:00
2025-07-22,18.7,0,21,21:00:00
2025-07-22,17.8,0,22,22:00:00
2025-07-22,17.8,0,23,23:00:00
2025-07-23,17.2,0,0,0:00:00
2025-07-23,16.7,0,1,1:00:00
2025-07-23,16.2,0,2,2:00:00
2025-07-23,15.5,0,3,3:00:00
2025-07-23,14.9,0,4,4:00:00
2025-07-23,14.6,0,5,5:00:00
2025-07-23,14.4,0,6,6:00:00
2025-07-23,15.8,0,7,7:00:00
2025-07-23,17.4,0,8,8:00:00
2025-07-23,18.3,0,9,9:00:00
2025-07-23,19.3,0,10,10:00:00
2025-07-23,21.1,0,11,11:00:00
2025-07-23,22,0,12,12:00:00
2025-07-23,21.8,0,13,13:00:00
2025-07-23,24.5,0,14,14:00:00
2025-07-23,24.4,0,15,15:00:00
2025-07-23,24.4,0,16,16:00:00
2025-07-23,24.5,0,17,17:00:00
2025-07-23,23.6,0,18,18:00:00
2025-07-23,22.8,0,19,19:00:00
2025-07-23,22,0,20,20:00:00
2025-07-23,20.6,0,21,21:00:00
2025-07-23,19.7,0,22,22:00:00
2025-07-23,18.1,0,23,23:00:00
2025-07-24,17.4,0,0,0:00:00
2025-07-24,16.7,0,1,1:00:00
2025-07-24,16.6,0,2,2:00:00
2025-07-24,16.3,0,3,3:00:00
2025-07-24,14.9,0,4,4:00:00
2025-07-24,15.9,0,5,5:00:00
2025-07-24,14.9,0,6,6:00:00
2025-07-24,15.4,0,7,7:00:00
2025-07-24,17.4,0,8,8:00:00
2025-07-24,18.9,0,9,9:00:00
2025-07-24,19,0,10,10:00:00
2025-07-24,20,0.1,11,11:00:00
2025-07-24,22.3,0,12,12:00:00
2025-07-24,20.4,0,13,13:00:00
2025-07-24,24,0,14,14:00:00
2025-07-24,23.4,0,15,15:00:00
2025-07-24,23.4,0,16,16:00:00
2025-07-24,24.6,0,17,17:00:00
2025-07-24,23.9,0,18,18:00:00
2025-07-24,24.1,0,19,19:00:00
2025-07-24,23.1,0,20,20:00:00
2025-07-24,21.1,0,21,21:00:00
2025-07-24,20.4,0,22,22:00:00
2025-07-24,19.4,0,23,23:00:00
2025-07-25,19.2,0,0,0:00:00
2025-07-25,18.5,0,1,1:00:00
2025-07-25,18.3,0,2,2:00:00
2025-07-25,18.7,0,3,3:00:00
2025-07-25,18.4,0,4,4:00:00
2025-07-25,18.5,0,5,5:00:00
2025-07-25,18.4,0,6,6:00:00
2025-07-25,18.4,0,7,7:00:00
2025-07-25,18.7,0,8,8:00:00
2025-07-25,18.7,0.1,9,9:00:00
2025-07-25,18.3,0.1,10,10:00:00
2025-07-25,19.3,0,11,11:00:00
2025-07-25,19.4,0,12,12:00:00
2025-07-25,20.4,0,13,13:00:00
2025-07-25,21.6,0,14,14:00:00
2025-07-25,20.9,0,15,15:00:00
2025-07-25,22.3,0,16,16:00:00
2025-07-25,22.4,0,17,17:00:00
2025-07-25,21.5,0,18,18:00:00
2025-07-25,21.9,0,19,19:00:00
2025-07-25,21.5,0,20,20:00:00
2025-07-25,20.2,0,21,21:00:00
2025-07-25,19,0,22,22:00:00
2025-07-25,17.7,0,23,23:00:00
2025-07-26,17.4,0,0,0:00:00
2025-07-26,16.6,0,1,1:00:00
2025-07-26,15.7,0,2,2:00:00
2025-07-26,15.5,0,3,3:00:00
2025-07-26,14.4,0,4,4:00:00
2025-07-26,13.8,0,5,5:00:00
2025-07-26,14.6,0,6,6:00:00
2025-07-26,15.7,0,7,7:00:00
2025-07-26,16.7,0,8,8:00:00
2025-07-26,18.7,0,9,9:00:00
2025-07-26,21.1,0,10,10:00:00
2025-07-26,20.7,0,11,11:00:00
2025-07-26,23.5,0,12,12:00:00
2025-07-26,24.8,0,13,13:00:00
2025-07-26,24.6,0,14,14:00:00
2025-07-26,24.1,0,15,15:00:00
2025-07-26,25.7,0,16,16:00:00
2025-07-26,26,0.4,17,17:00:00
2025-07-26,25.1,0,18,18:00:00
2025-07-26,24.6,0,19,19:00:00
2025-07-26,22.1,0,20,20:00:00
2025-07-26,22.3,0,21,21:00:00
2025-07-26,21.5,0,22,22:00:00
2025-07-26,20.4,0,23,23:00:00
2025-07-27,20,0,0,0:00:00
2025-07-27,19,0,1,1:00:00
2025-07-27,18.3,0,2,2:00:00
2025-07-27,17.8,0,3,3:00:00
2025-07-27,18,0,4,4:00:00
2025-07-27,18.1,0.1,5,5:00:00
2025-07-27,17.5,1.2,6,6:00:00
2025-07-27,17.4,0,7,7:00:00
2025-07-27,16.8,0.2,8,8:00:00
2025-07-27,17.3,0.1,9,9:00:00
2025-07-27,17.6,0,10,10:00:00
2025-07-27,18.8,0,11,11:00:00
2025-07-27,20.1,0,12,12:00:00
2025-07-27,21.5,0,13,13:00:00
2025-07-27,21.3,0,14,14:00:00
2025-07-27,21.8,0,15,15:00:00
2025-07-27,21.9,0,16,16:00:00
2025-07-27,21,0,17,17:00:00
2025-07-27,21.1,0,18,18:00:00
2025-07-27,21.3,0,19,19:00:00
2025-07-27,20.3,0,20,20:00:00
2025-07-27,18.8,0,21,21:00:00
2025-07-27,18.1,0,22,22:00:00
2025-07-27,17.3,0,23,23:00:00
2025-07-28,16.6,0,0,0:00:00
2025-07-28,16.1,0,1,1:00:00
2025-07-28,15.7,0,2,2:00:00
2025-07-28,14.4,0,3,3:00:00
2025-07-28,14.5,0,4,4:00:00
2025-07-28,14,0,5,5:00:00
2025-07-28,14.1,0,6,6:00:00
2025-07-28,14.9,0,7,7:00:00
2025-07-28,16.4,3.6,8,8:00:00
2025-07-28,17,0,9,9:00:00
2025-07-28,16.5,0,10,10:00:00
2025-07-28,20,0,11,11:00:00
2025-07-28,19.6,0,12,12:00:00
2025-07-28,19.9,0,13,13:00:00
2025-07-28,21.2,0,14,14:00:00
2025-07-28,18,0.6,15,15:00:00
2025-07-28,22.8,2,16,16:00:00
2025-07-28,20.7,0,17,17:00:00
2025-07-28,18.3,0,18,18:00:00
2025-07-28,18,0.4,19,19:00:00
2025-07-28,18.9,0,20,20:00:00
2025-07-28,17.8,0,21,21:00:00
2025-07-28,17.3,0,22,22:00:00
2025-07-28,16.4,0,23,23:00:00
2025-07-29,14.8,0,0,0:00:00
2025-07-29,14.2,0,1,1:00:00
2025-07-29,14,0,2,2:00:00
2025-07-29,13.8,0,3,3:00:00
2025-07-29,14,0,4,4:00:00
2025-07-29,13.6,0,5,5:00:00
2025-07-29,12.2,0,6,6:00:00
2025-07-29,13.9,0,7,7:00:00
2025-07-29,15,0,8,8:00:00
2025-07-29,16.5,0,9,9:00:00
2025-07-29,17.5,0,10,10:00:00
2025-07-29,19.8,0,11,11:00:00
2025-07-29,18.6,0,12,12:00:00
2025-07-29,19.3,0,13,13:00:00
2025-07-29,16.6,0,14,14:00:00
2025-07-29,19.4,0,15,15:00:00
2025-07-29,21.2,0,16,16:00:00
2025-07-29,20.5,0,17,17:00:00
2025-07-29,19.9,0,18,18:00:00
2025-07-29,19.9,0,19,19:00:00
2025-07-29,19.2,0,20,20:00:00
2025-07-29,17.8,0,21,21:00:00
2025-07-29,16.8,0,22,22:00:00
2025-07-29,15.3,0,23,23:00:00
2025-07-30,14.2,0,0,0:00:00
2025-07-30,13.5,0,1,1:00:00
2025-07-30,12.8,0,2,2:00:00
2025-07-30,12.4,0,3,3:00:00
2025-07-30,12.8,0,4,4:00:00
2025-07-30,11.6,0,5,5:00:00
2025-07-30,12.1,0,6,6:00:00
2025-07-30,12.8,0,7,7:00:00
2025-07-30,14.7,0,8,8:00:00
2025-07-30,16.1,0,9,9:00:00
2025-07-30,16.6,0,10,10:00:00
2025-07-30,15.3,0,11,11:00:00
2025-07-30,19.5,0,12,12:00:00
2025-07-30,20.1,0,13,13:00:00
2025-07-30,19.2,0,14,14:00:00
2025-07-30,20.1,0,15,15:00:00
2025-07-30,19.1,0,16,16:00:00
2025-07-30,19.9,0,17,17:00:00
2025-07-30,18.8,0,18,18:00:00
2025-07-30,19,0,19,19:00:00
2025-07-30,18.2,0,20,20:00:00
2025-07-30,17.4,0,21,21:00:00
2025-07-30,16.9,0,22,22:00:00
2025-07-30,16.4,0,23,23:00:00
2025-07-31,16.5,0,0,0:00:00
2025-07-31,16.5,0,1,1:00:00
2025-07-31,16.2,0,2,2:00:00
2025-07-31,16,0,3,3:00:00
2025-07-31,16.1,0,4,4:00:00
2025-07-31,15.4,0,5,5:00:00
2025-07-31,15.1,0,6,6:00:00
2025-07-31,15.7,0,7,7:00:00
2025-07-31,16.2,0,8,8:00:00
2025-07-31,17.1,0,9,9:00:00
2025-07-31,18.6,0,10,10:00:00
2025-07-31,20.1,0,11,11:00:00
2025-07-31,20.5,0,12,12:00:00
2025-07-31,21.4,0,13,13:00:00
2025-07-31,19.4,0,14,14:00:00
2025-07-31,19.5,0,15,15:00:00
2025-07-31,21.1,0,16,16:00:00
2025-07-31,22,0.1,17,17:00:00
2025-07-31,20.6,1.8,18,18:00:00
2025-07-31,20.6,0,19,19:00:00
2025-07-31,18.5,0,20,20:00:00
2025-07-31,18.7,0,21,21:00:00
2025-07-31,18,0,22,22:00:00
2025-07-31,16.2,0,23,23:00:00
2025-08-01,15.9,0,0,0:00:00
2025-08-01,16,0,1,1:00:00
2025-08-01,15.1,0,2,2:00:00
2025-08-01,15.2,0,3,3:00:00
2025-08-01,15.1,0,4,4:00:00
2025-08-01,13.3,0,5,5:00:00
2025-08-01,13.7,0,6,6:00:00
2025-08-01,14.4,0,7,7:00:00
2025-08-01,14,0.9,8,8:00:00
2025-08-01,15.3,0.1,9,9:00:00
2025-08-01,15.4,1.3,10,10:00:00
2025-08-01,15.5,0,11,11:00:00
2025-08-01,18.2,0.2,12,12:00:00
2025-08-01,18.1,0.3,13,13:00:00
2025-08-01,19.5,0.1,14,14:00:00
2025-08-01,19.3,0.3,15,15:00:00
2025-08-01,20.2,0,16,16:00:00
2025-08-01,19.4,1.2,17,17:00:00
2025-08-01,18.4,0,18,18:00:00
2025-08-01,18.4,0,19,19:00:00
2025-08-01,17.4,0,20,20:00:00
2025-08-01,17.3,0,21,21:00:00
2025-08-01,16.6,0,22,22:00:00
2025-08-01,15.5,0,23,23:00:00
2025-08-02,14.4,0,0,0:00:00
2025-08-02,14.5,0,1,1:00:00
2025-08-02,14.6,0,2,2:00:00
2025-08-02,14.8,0,3,3:00:00
2025-08-02,13.7,0,4,4:00:00
2025-08-02,14.4,0,5,5:00:00
2025-08-02,13.4,0,6,6:00:00
2025-08-02,14.5,0,7,7:00:00
2025-08-02,15.1,0.2,8,8:00:00
2025-08-02,14.7,0,9,9:00:00
2025-08-02,15.6,0.6,10,10:00:00
2025-08-02,14.4,0.6,11,11:00:00
2025-08-02,15,7.8,12,12:00:00
2025-08-02,16.3,0.3,13,13:00:00
2025-08-02,19,0.3,14,14:00:00
2025-08-02,18.3,0,15,15:00:00
2025-08-02,18.6,0,16,16:00:00
2025-08-02,19.8,0,17,17:00:00
2025-08-02,18.7,0,18,18:00:00
2025-08-02,18.2,0,19,19:00:00
2025-08-02,17.3,0,20,20:00:00
2025-08-02,16.5,0,21,21:00:00
2025-08-02,15.9,0,22,22:00:00
2025-08-02,15.4,0,23,23:00:00
2025-08-03,14.4,0,0,0:00:00
2025-08-03,14.1,0.3,1,1:00:00
2025-08-03,13.9,0.6,2,2:00:00
2025-08-03,14.1,0.2,3,3:00:00
2025-08-03,14.1,0.3,4,4:00:00
2025-08-03,13.9,0.1,5,5:00:00
2025-08-03,13.9,0,6,6:00:00
2025-08-03,13.8,0,7,7:00:00
2025-08-03,14.5,0,8,8:00:00
2025-08-03,14.5,0,9,9:00:00
2025-08-03,17,0,10,10:00:00
2025-08-03,18.8,0,11,11:00:00
2025-08-03,19.4,0,12,12:00:00
2025-08-03,21,0,13,13:00:00
2025-08-03,21.7,0,14,14:00:00
2025-08-03,22.2,0,15,15:00:00
2025-08-03,22.3,0,16,16:00:00
2025-08-03,21.5,0,17,17:00:00
2025-08-03,20.4,0,18,18:00:00
2025-08-03,19.5,0,19,19:00:00
2025-08-03,19.1,0,20,20:00:00
2025-08-03,18.7,0,21,21:00:00
2025-08-03,18.2,0.4,22,22:00:00
2025-08-03,16.6,0.4,23,23:00:00
2025-08-04,16.7,0.1,0,0:00:00
2025-08-04,16.9,0,1,1:00:00
2025-08-04,17.5,0,2,2:00:00
2025-08-04,17.2,0,3,3:00:00
2025-08-04,17.3,0,4,4:00:00
2025-08-04,16.8,0,5,5:00:00
2025-08-04,16.6,0,6,6:00:00
2025-08-04,16.9,0,7,7:00:00
2025-08-04,17.3,0,8,8:00:00
2025-08-04,18.2,0,9,9:00:00
2025-08-04,19.3,0,10,10:00:00
2025-08-04,20.1,0,11,11:00:00
2025-08-04,21.3,0,12,12:00:00
2025-08-04,21.5,0,13,13:00:00
2025-08-04,21.2,0,14,14:00:00
2025-08-04,23.2,0,15,15:00:00
2025-08-04,22.9,0,16,16:00:00
2025-08-04,21.2,0,17,17:00:00
2025-08-04,22.3,0,18,18:00:00
2025-08-04,22.7,0,19,19:00:00
2025-08-04,21.7,0,20,20:00:00
2025-08-04,21.3,0.9,21,21:00:00
2025-08-04,20.1,0.2,22,22:00:00
2025-08-04,19.8,0.5,23,23:00:00
2025-08-05,19,0.5,0,0:00:00
2025-08-05,17.5,0.1,1,1:00:00
2025-08-05,17.5,0,2,2:00:00
2025-08-05,16.1,0,3,3:00:00
2025-08-05,15.2,0,4,4:00:00
2025-08-05,15.3,0,5,5:00:00
2025-08-05,14.4,0,6,6:00:00
2025-08-05,14.6,0,7,7:00:00
2025-08-05,15.5,0,8,8:00:00
2025-08-05,16.8,0,9,9:00:00
2025-08-05,17.7,0,10,10:00:00
2025-08-05,18.5,0,11,11:00:00
2025-08-05,19.1,0,12,12:00:00
2025-08-05,18.4,0,13,13:00:00
2025-08-05,20.2,0,14,14:00:00
2025-08-05,16.5,0,15,15:00:00
2025-08-05,19.1,0.2,16,16:00:00
2025-08-05,18.5,0.3,17,17:00:00
2025-08-05,17.6,0,18,18:00:00
2025-08-05,17.4,0.1,19,19:00:00
2025-08-05,17.8,0,20,20:00:00
2025-08-05,16,0.1,21,21:00:00
2025-08-05,14.7,0,22,22:00:00
2025-08-05,13.2,0,23,23:00:00
2025-08-06,13.7,0,0,0:00:00
2025-08-06,12.8,0,1,1:00:00
2025-08-06,12.5,0,2,2:00:00
2025-08-06,12.2,0,3,3:00:00
2025-08-06,12.2,0,4,4:00:00
2025-08-06,11.8,0,5,5:00:00
2025-08-06,11.7,0,6,6:00:00
2025-08-06,12.1,0,7,7:00:00
2025-08-06,13.8,0,8,8:00:00
2025-08-06,15.9,0,9,9:00:00
2025-08-06,17.9,0,10,10:00:00
2025-08-06,19.1,0,11,11:00:00
2025-08-06,19.6,0,12,12:00:00
2025-08-06,20.2,0,13,13:00:00
2025-08-06,20.9,0,14,14:00:00
2025-08-06,20.6,0,15,15:00:00
2025-08-06,21.8,0,16,16:00:00
2025-08-06,21.4,0,17,17:00:00
2025-08-06,20.9,0,18,18:00:00
2025-08-06,20.7,0,19,19:00:00
2025-08-06,19.5,0,20,20:00:00
2025-08-06,17.9,0,21,21:00:00
2025-08-06,16.7,0,22,22:00:00
2025-08-06,16.4,0,23,23:00:00
2025-08-07,15.7,0,0,0:00:00
2025-08-07,15.4,0,1,1:00:00
2025-08-07,15.2,0,2,2:00:00
2025-08-07,15,0,3,3:00:00
2025-08-07,14.4,0,4,4:00:00
2025-08-07,14.2,0,5,5:00:00
2025-08-07,14,0,6,6:00:00
2025-08-07,14.4,0,7,7:00:00
2025-08-07,15.5,0,8,8:00:00
2025-08-07,16.9,0,9,9:00:00
2025-08-07,19.2,0,10,10:00:00
2025-08-07,21.3,0,11,11:00:00
2025-08-07,22.9,0,12,12:00:00
2025-08-07,24.2,0,13,13:00:00
2025-08-07,24.1,0,14,14:00:00
2025-08-07,25.1,0,15,15:00:00
2025-08-07,25.1,0,16,16:00:00
2025-08-07,24.8,0,17,17:00:00
2025-08-07,24.3,0,18,18:00:00
2025-08-07,23,0,19,19:00:00
2025-08-07,22.1,0,20,20:00:00
2025-08-07,21.5,0,21,21:00:00
2025-08-07,20.4,0,22,22:00:00
2025-08-07,20.3,0,23,23:00:00
2025-08-08,19.6,0,0,0:00:00
2025-08-08,19.7,0,1,1:00:00
2025-08-08,19.2,0,2,2:00:00
2025-08-08,17,0,3,3:00:00
2025-08-08,18.5,0,4,4:00:00
2025-08-08,17.8,0,5,5:00:00
2025-08-08,17.6,0,6,6:00:00
2025-08-08,17.9,0,7,7:00:00
2025-08-08,18.2,0,8,8:00:00
2025-08-08,18.7,0,9,9:00:00
2025-08-08,19.8,0,10,10:00:00
2025-08-08,20.2,0,11,11:00:00
2025-08-08,21.1,0,12,12:00:00
2025-08-08,23.5,0,13,13:00:00
2025-08-08,23.8,0,14,14:00:00
2025-08-08,23.3,0,15,15:00:00
2025-08-08,23.4,0,16,16:00:00
2025-08-08,24.3,0,17,17:00:00
2025-08-08,23.8,0,18,18:00:00
2025-08-08,23.3,0,19,19:00:00
2025-08-08,23,0,20,20:00:00
2025-08-08,20.8,0,21,21:00:00
2025-08-08,20,0,22,22:00:00
2025-08-08,18,0,23,23:00:00
2025-08-09,17.1,0,0,0:00:00
2025-08-09,17,0,1,1:00:00
2025-08-09,16.9,0,2,2:00:00
2025-08-09,15.7,0,3,3:00:00
2025-08-09,15.6,0,4,4:00:00
2025-08-09,16.7,0,5,5:00:00
2025-08-09,14.1,0,6,6:00:00
2025-08-09,15.9,0,7,7:00:00
2025-08-09,16.5,0,8,8:00:00
2025-08-09,17.4,0,9,9:00:00
2025-08-09,20,0,10,10:00:00
2025-08-09,21.7,0,11,11:00:00
2025-08-09,23.2,0,12,12:00:00
2025-08-09,24.9,0,13,13:00:00
2025-08-09,24.9,0,14,14:00:00
2025-08-09,25.6,0,15,15:00:00
2025-08-09,25.9,0,16,16:00:00
2025-08-09,25.6,0,17,17:00:00
2025-08-09,25.1,0,18,18:00:00
2025-08-09,23.9,0,19,19:00:00
2025-08-09,21.6,0,20,20:00:00
2025-08-09,19.5,0,21,21:00:00
2025-08-09,18.2,0,22,22:00:00
2025-08-09,16.5,0,23,23:00:00
2025-08-10,15,0,0,0:00:00
2025-08-10,14.7,0,1,1:00:00
2025-08-10,13.8,0,2,2:00:00
2025-08-10,13.3,0,3,3:00:00
2025-08-10,13.7,0,4,4:00:00
2025-08-10,12.9,0,5,5:00:00
2025-08-10,12.4,0,6,6:00:00
2025-08-10,12.9,0,7,7:00:00
2025-08-10,14.2,0,8,8:00:00
2025-08-10,16.6,0,9,9:00:00
2025-08-10,19.9,0,10,10:00:00
2025-08-10,21.8,0,11,11:00:00
2025-08-10,23.1,0,12,12:00:00
2025-08-10,24.2,0,13,13:00:00
2025-08-10,24.6,0,14,14:00:00
2025-08-10,24.6,0,15,15:00:00
2025-08-10,25.3,0,16,16:00:00
2025-08-10,25.1,0,17,17:00:00
2025-08-10,23.9,0,18,18:00:00
2025-08-10,22.7,0,19,19:00:00
2025-08-10,20.7,0,20,20:00:00
2025-08-10,18.9,0,21,21:00:00
2025-08-10,17.7,0,22,22:00:00
2025-08-10,16.4,0,23,23:00:00
2025-08-11,15.3,0,0,0:00:00
2025-08-11,15,0,1,1:00:00
2025-08-11,14.6,0,2,2:00:00
2025-08-11,14.2,0,3,3:00:00
2025-08-11,13.5,0,4,4:00:00
2025-08-11,13.8,0,5,5:00:00
2025-08-11,13.3,0,6,6:00:00
2025-08-11,13.1,0,7,7:00:00
2025-08-11,14.5,0,8,8:00:00
2025-08-11,16.3,0,9,9:00:00
2025-08-11,18.9,0,10,10:00:00
2025-08-11,21.2,0,11,11:00:00
2025-08-11,23.1,0,12,12:00:00
2025-08-11,24.5,0,13,13:00:00
2025-08-11,25.5,0,14,14:00:00
2025-08-11,25.9,0,15,15:00:00
2025-08-11,27.1,0,16,16:00:00
2025-08-11,26.5,0,17,17:00:00
2025-08-11,26,0,18,18:00:00
2025-08-11,26.8,0,19,19:00:00
2025-08-11,25.2,0,20,20:00:00
2025-08-11,22.3,0,21,21:00:00
2025-08-11,21.8,0,22,22:00:00
2025-08-11,20.4,0,23,23:00:00
2025-08-12,18.9,0,0,0:00:00
2025-08-12,18.3,0,1,1:00:00
2025-08-12,18.2,0,2,2:00:00
2025-08-12,17,0,3,3:00:00
2025-08-12,16.9,0,4,4:00:00
2025-08-12,16.6,0,5,5:00:00
2025-08-12,15.2,0,6,6:00:00
2025-08-12,16.6,0,7,7:00:00
2025-08-12,17.3,0,8,8:00:00
2025-08-12,18.2,0,9,9:00:00
2025-08-12,21.8,0,10,10:00:00
2025-08-12,24.7,0,11,11:00:00
2025-08-12,26.2,0,12,12:00:00
2025-08-12,26.6,0,13,13:00:00
2025-08-12,27.2,0,14,14:00:00
2025-08-12,29.6,0,15,15:00:00
2025-08-12,29.6,0,16,16:00:00
2025-08-12,30.7,0,17,17:00:00
2025-08-12,30.5,0,18,18:00:00
2025-08-12,30.2,0,19,19:00:00
2025-08-12,29.1,0,20,20:00:00
2025-08-12,25.4,0,21,21:00:00
2025-08-12,24.3,0,22,22:00:00
2025-08-12,22.5,0,23,23:00:00
2025-08-13,21.4,0,0,0:00:00
2025-08-13,20.5,0,1,1:00:00
2025-08-13,19.7,0,2,2:00:00
2025-08-13,18.8,0,3,3:00:00
2025-08-13,17.6,0,4,4:00:00
2025-08-13,17.1,0,5,5:00:00
2025-08-13,16.3,0,6,6:00:00
2025-08-13,17.4,0,7,7:00:00
2025-08-13,19.8,0,8,8:00:00
2025-08-13,21.9,0,9,9:00:00
2025-08-13,25.1,0,10,10:00:00
2025-08-13,27.5,0,11,11:00:00
2025-08-13,29.6,0,12,12:00:00
2025-08-13,32.3,0,13,13:00:00
2025-08-13,33.2,0,14,14:00:00
2025-08-13,33.2,0,15,15:00:00
2025-08-13,34.7,0,16,16:00:00
2025-08-13,34,0,17,17:00:00
2025-08-13,33.2,0,18,18:00:00
2025-08-13,33.4,0,19,19:00:00
2025-08-13,31.5,0,20,20:00:00
2025-08-13,29.2,0,21,21:00:00
2025-08-13,28.6,0,22,22:00:00
2025-08-13,26.7,0,23,23:00:00
2025-08-14,23.4,0,0,0:00:00
2025-08-14,23,0,1,1:00:00
2025-08-14,22.2,0,2,2:00:00
2025-08-14,20.5,0,3,3:00:00
2025-08-14,21.3,0,4,4:00:00
2025-08-14,20.6,0,5,5:00:00
2025-08-14,20,0,6,6:00:00
2025-08-14,21.1,0,7,7:00:00
2025-08-14,21.2,0,8,8:00:00
2025-08-14,21.4,0,9,9:00:00
2025-08-14,22.7,0,10,10:00:00
2025-08-14,24.7,1.8,11,11:00:00
2025-08-14,24.9,0,12,12:00:00
2025-08-14,25.2,0,13,13:00:00
2025-08-14,29.9,0,14,14:00:00
2025-08-14,31.3,0,15,15:00:00
2025-08-14,29.2,0,16,16:00:00
2025-08-14,31.9,0,17,17:00:00
2025-08-14,31.2,0,18,18:00:00
2025-08-14,30.4,0,19,19:00:00
2025-08-14,30.4,0,20,20:00:00
2025-08-14,27.5,0,21,21:00:00
2025-08-14,25.5,0,22,22:00:00
2025-08-14,24,0,23,23:00:00
2025-08-15,22.4,0,0,0:00:00
2025-08-15,21.2,0,1,1:00:00
2025-08-15,20.4,0,2,2:00:00
2025-08-15,19.3,0,3,3:00:00
2025-08-15,18.4,0,4,4:00:00
2025-08-15,17.9,0,5,5:00:00
2025-08-15,18.5,0,6,6:00:00
2025-08-15,16.6,0,7,7:00:00
2025-08-15,17.6,0,8,8:00:00
2025-08-15,20.7,0,9,9:00:00
2025-08-15,22.7,0,10,10:00:00
2025-08-15,25.2,0,11,11:00:00
2025-08-15,26.7,0,12,12:00:00
2025-08-15,28.1,0,13,13:00:00
2025-08-15,28.8,0,14,14:00:00
2025-08-15,28.7,0,15,15:00:00
2025-08-15,29,0,16,16:00:00
2025-08-15,27.9,0,17,17:00:00
2025-08-15,26.3,0,18,18:00:00
2025-08-15,25.7,0,19,19:00:00
2025-08-15,23.2,0,20,20:00:00
2025-08-15,21.3,0,21,21:00:00
2025-08-15,20.3,0,22,22:00:00
2025-08-15,19.7,0,23,23:00:00
2025-08-16,19.1,0,0,0:00:00
2025-08-16,19,0,1,1:00:00
2025-08-16,19.1,0,2,2:00:00
2025-08-16,19.1,0,3,3:00:00
2025-08-16,18.8,0,4,4:00:00
2025-08-16,18.8,0,5,5:00:00
2025-08-16,18.2,0,6,6:00:00
2025-08-16,18.2,0,7,7:00:00
2025-08-16,18.4,0,8,8:00:00
2025-08-16,18.3,0,9,9:00:00
2025-08-16,18.5,0,10,10:00:00
2025-08-16,19.2,0,11,11:00:00
2025-08-16,20.8,0,12,12:00:00
2025-08-16,22.5,0,13,13:00:00
2025-08-16,22.9,0,14,14:00:00
2025-08-16,22.6,0,15,15:00:00
2025-08-16,22.7,0,16,16:00:00
2025-08-16,21.7,0,17,17:00:00
2025-08-16,20.7,0,18,18:00:00
2025-08-16,20.1,0,19,19:00:00
2025-08-16,18.3,0,20,20:00:00
2025-08-16,16.9,0,21,21:00:00
2025-08-16,16.1,0,22,22:00:00
2025-08-16,14.8,0,23,23:00:00
2025-08-17,13.7,0,0,0:00:00
2025-08-17,13.5,0,1,1:00:00
2025-08-17,12.7,0,2,2:00:00
2025-08-17,12.1,0,3,3:00:00
2025-08-17,12.4,0,4,4:00:00
2025-08-17,12.1,0,5,5:00:00
2025-08-17,11.7,0,6,6:00:00
2025-08-17,14.2,0,7,7:00:00
2025-08-17,13.9,0,8,8:00:00
2025-08-17,14.4,0,9,9:00:00
2025-08-17,16.2,0,10,10:00:00
2025-08-17,16.6,0,11,11:00:00
2025-08-17,17.5,0,12,12:00:00
2025-08-17,18.3,0,13,13:00:00
2025-08-17,19,0,14,14:00:00
2025-08-17,19.4,0,15,15:00:00
2025-08-17,19.7,0,16,16:00:00
2025-08-17,18.8,0,17,17:00:00
2025-08-17,20.2,0,18,18:00:00
2025-08-17,19.3,0,19,19:00:00
2025-08-17,18.3,0,20,20:00:00
2025-08-17,17.6,0,21,21:00:00
2025-08-17,17.9,0,22,22:00:00
2025-08-17,17.3,0,23,23:00:00
2025-08-18,14.7,0,0,0:00:00
2025-08-18,15.4,0,1,1:00:00
2025-08-18,15.3,0,2,2:00:00
2025-08-18,12.9,0,3,3:00:00
2025-08-18,15,0,4,4:00:00
2025-08-18,14.1,0,5,5:00:00
2025-08-18,12.2,0,6,6:00:00
2025-08-18,14.6,0,7,7:00:00
2025-08-18,15,0,8,8:00:00
2025-08-18,16.4,0,9,9:00:00
2025-08-18,18.6,0,10,10:00:00
2025-08-18,20.9,0,11,11:00:00
2025-08-18,22.6,0,12,12:00:00
2025-08-18,23.8,0,13,13:00:00
2025-08-18,25,0,14,14:00:00
2025-08-18,25.5,0,15,15:00:00
2025-08-18,26.3,0,16,16:00:00
2025-08-18,26,0,17,17:00:00
2025-08-18,25.4,0,18,18:00:00
2025-08-18,25,0,19,19:00:00
2025-08-18,23.4,0,20,20:00:00
2025-08-18,21.3,0,21,21:00:00
2025-08-18,20.4,0,22,22:00:00
2025-08-18,18.7,0,23,23:00:00
2025-08-19,16.9,0,0,0:00:00
2025-08-19,16.2,0,1,1:00:00
2025-08-19,15.5,0,2,2:00:00
2025-08-19,14.5,0,3,3:00:00
2025-08-19,14.2,0,4,4:00:00
2025-08-19,13.7,0,5,5:00:00
2025-08-19,13,0,6,6:00:00
2025-08-19,12.7,0,7,7:00:00
2025-08-19,14.3,0,8,8:00:00
2025-08-19,16.3,0,9,9:00:00
2025-08-19,19.9,0,10,10:00:00
2025-08-19,22.5,0,11,11:00:00
2025-08-19,23.5,0,12,12:00:00
2025-08-19,25.5,0,13,13:00:00
2025-08-19,26.3,0,14,14:00:00
2025-08-19,26.3,0,15,15:00:00
2025-08-19,27,0,16,16:00:00
2025-08-19,25.5,0,17,17:00:00
2025-08-19,23.1,0,18,18:00:00
2025-08-19,22.4,0,19,19:00:00
2025-08-19,20.3,0,20,20:00:00
2025-08-19,17.9,0,21,21:00:00
2025-08-19,17.2,0,22,22:00:00
2025-08-19,16.2,0,23,23:00:00
2025-08-20,15.3,0,0,0:00:00
2025-08-20,15.2,0,1,1:00:00
2025-08-20,14.9,0,2,2:00:00
2025-08-20,15.4,0,3,3:00:00
2025-08-20,15.1,0,4,4:00:00
2025-08-20,15.8,0,5,5:00:00
2025-08-20,15.7,0,6,6:00:00
2025-08-20,15.5,0,7,7:00:00
2025-08-20,16.3,0,8,8:00:00
2025-08-20,17.4,0,9,9:00:00
2025-08-20,17.5,0,10,10:00:00
2025-08-20,18.6,0,11,11:00:00
2025-08-20,20.3,0,12,12:00:00
2025-08-20,22.5,0,13,13:00:00
2025-08-20,23.7,0,14,14:00:00
2025-08-20,23.9,0,15,15:00:00
2025-08-20,24.9,0,16,16:00:00
2025-08-20,24.1,0,17,17:00:00
2025-08-20,23.2,0,18,18:00:00
2025-08-20,22.9,0,19,19:00:00
2025-08-20,21.1,0,20,20:00:00
2025-08-20,19.4,0,21,21:00:00
2025-08-20,18.1,0,22,22:00:00
2025-08-20,16.8,0,23,23:00:00
2025-08-21,15.7,0,0,0:00:00
2025-08-21,15.3,0,1,1:00:00
2025-08-21,15.8,0,2,2:00:00
2025-08-21,15.3,0,3,3:00:00
2025-08-21,14.5,0,4,4:00:00
2025-08-21,14.5,0,5,5:00:00
2025-08-21,13.4,0,6,6:00:00
2025-08-21,13.4,0,7,7:00:00
2025-08-21,14.2,0,8,8:00:00
2025-08-21,16,0,9,9:00:00
2025-08-21,18.6,0,10,10:00:00
2025-08-21,20.4,0,11,11:00:00
2025-08-21,19.7,0,12,12:00:00
2025-08-21,20.4,0,13,13:00:00
2025-08-21,21.4,0,14,14:00:00
2025-08-21,19.9,0,15,15:00:00
2025-08-21,20.7,0,16,16:00:00
2025-08-21,19.3,0,17,17:00:00
2025-08-21,18.2,0,18,18:00:00
2025-08-21,18.1,0,19,19:00:00
2025-08-21,17.1,0,20,20:00:00
2025-08-21,16.4,0,21,21:00:00
2025-08-21,15.1,0,22,22:00:00
2025-08-21,13.7,0,23,23:00:00
2025-08-22,13,0,0,0:00:00
2025-08-22,12.9,0,1,1:00:00
2025-08-22,11.9,0,2,2:00:00
2025-08-22,11.7,0,3,3:00:00
2025-08-22,13.7,0,4,4:00:00
2025-08-22,12.1,0,5,5:00:00
2025-08-22,12.4,0,6,6:00:00
2025-08-22,13.7,0,7,7:00:00
2025-08-22,12.9,0,8,8:00:00
2025-08-22,13.6,0,9,9:00:00
2025-08-22,15,0,10,10:00:00
2025-08-22,15.9,0,11,11:00:00
2025-08-22,16.7,0,12,12:00:00
2025-08-22,17.4,0,13,13:00:00
2025-08-22,17.8,0,14,14:00:00
2025-08-22,17.2,0,15,15:00:00
2025-08-22,16.2,0,16,16:00:00
2025-08-22,17.1,0,17,17:00:00
2025-08-22,15.3,0,18,18:00:00
2025-08-22,17,0,19,19:00:00
2025-08-22,16.6,0,20,20:00:00
2025-08-22,14.1,0,21,21:00:00
2025-08-22,14.4,0,22,22:00:00
2025-08-22,13.5,0,23,23:00:00
2025-08-23,13.6,0,0,0:00:00
2025-08-23,13.2,0.3,1,1:00:00
2025-08-23,13.1,0.1,2,2:00:00
2025-08-23,12.7,0,3,3:00:00
2025-08-23,13.1,0,4,4:00:00
2025-08-23,12.3,0,5,5:00:00
2025-08-23,12.7,0,6,6:00:00
2025-08-23,12.8,0,7,7:00:00
2025-08-23,12.5,0,8,8:00:00
2025-08-23,14.4,0,9,9:00:00
2025-08-23,15,0,10,10:00:00
2025-08-23,17.3,0,11,11:00:00
2025-08-23,15.1,0,12,12:00:00
2025-08-23,18.2,0.8,13,13:00:00
2025-08-23,18.9,0,14,14:00:00
2025-08-23,18.1,0,15,15:00:00
2025-08-23,18.4,0,16,16:00:00
2025-08-23,18.5,0,17,17:00:00
2025-08-23,18,0,18,18:00:00
2025-08-23,17.9,0,19,19:00:00
2025-08-23,16.9,0,20,20:00:00
2025-08-23,14.9,0,21,21:00:00
2025-08-23,13.9,0,22,22:00:00
2025-08-23,12.5,0,23,23:00:00
2025-08-24,10.9,0,0,0:00:00
2025-08-24,10.2,0,1,1:00:00
2025-08-24,9.5,0,2,2:00:00
2025-08-24,9,0,3,3:00:00
2025-08-24,8.8,0,4,4:00:00
2025-08-24,9.5,0,5,5:00:00
2025-08-24,9.2,0,6,6:00:00
2025-08-24,9.4,0,7,7:00:00
2025-08-24,11.1,0,8,8:00:00
2025-08-24,11.8,0,9,9:00:00
2025-08-24,14,0,10,10:00:00
2025-08-24,17.4,0,11,11:00:00
2025-08-24,17,0,12,12:00:00
2025-08-24,16.9,0,13,13:00:00
2025-08-24,19.7,0,14,14:00:00
2025-08-24,19.3,0,15,15:00:00
2025-08-24,19.5,0,16,16:00:00
2025-08-24,20.1,0,17,17:00:00
2025-08-24,19.8,0,18,18:00:00
2025-08-24,19.7,0,19,19:00:00
2025-08-24,18.5,0,20,20:00:00
2025-08-24,16.8,0,21,21:00:00
2025-08-24,15.2,0,22,22:00:00
2025-08-24,13.1,0,23,23:00:00
2025-08-25,12,0,0,0:00:00
2025-08-25,11.9,0,1,1:00:00
2025-08-25,10.4,0,2,2:00:00
2025-08-25,12.8,0,3,3:00:00
2025-08-25,13,0,4,4:00:00
2025-08-25,11.6,0,5,5:00:00
2025-08-25,11.7,0,6,6:00:00
2025-08-25,11.7,0,7,7:00:00
2025-08-25,12.6,0,8,8:00:00
2025-08-25,13.5,0,9,9:00:00
2025-08-25,15.1,0,10,10:00:00
2025-08-25,17.9,0,11,11:00:00
2025-08-25,19.1,0,12,12:00:00
2025-08-25,21,0,13,13:00:00
2025-08-25,20,0,14,14:00:00
2025-08-25,21.6,0,15,15:00:00
2025-08-25,22.8,0,16,16:00:00
2025-08-25,21,0,17,17:00:00
2025-08-25,21.9,0,18,18:00:00
2025-08-25,21.6,0,19,19:00:00
2025-08-25,20.5,0,20,20:00:00
2025-08-25,19.5,0,21,21:00:00
2025-08-25,18.5,0,22,22:00:00
2025-08-25,17.7,0,23,23:00:00
2025-08-26,16.7,0,0,0:00:00
2025-08-26,16.4,0,1,1:00:00
2025-08-26,15.4,0,2,2:00:00
2025-08-26,14.7,0,3,3:00:00
2025-08-26,14.4,0,4,4:00:00
2025-08-26,13.7,0,5,5:00:00
2025-08-26,13,0,6,6:00:00
2025-08-26,13.3,0,7,7:00:00
2025-08-26,14,0,8,8:00:00
2025-08-26,16,0,9,9:00:00
2025-08-26,18.5,0,10,10:00:00
2025-08-26,20.8,0,11,11:00:00
2025-08-26,23.2,0,12,12:00:00
2025-08-26,24.3,0,13,13:00:00
2025-08-26,25.7,0,14,14:00:00
2025-08-26,26.1,0,15,15:00:00
2025-08-26,26.2,0,16,16:00:00
2025-08-26,25.8,0,17,17:00:00
2025-08-26,25.9,0,18,18:00:00
2025-08-26,25.8,0,19,19:00:00
2025-08-26,24.9,0,20,20:00:00
2025-08-26,23.5,0,21,21:00:00
2025-08-26,22.5,0,22,22:00:00
2025-08-26,21.7,0,23,23:00:00
2025-08-27,20,0,0,0:00:00
2025-08-27,18.6,0,1,1:00:00
2025-08-27,18.4,0,2,2:00:00
2025-08-27,18.2,0,3,3:00:00
2025-08-27,17.3,0,4,4:00:00
2025-08-27,17.4,0,5,5:00:00
2025-08-27,16.2,0,6,6:00:00
2025-08-27,16.3,0,7,7:00:00
2025-08-27,16.9,0,8,8:00:00
2025-08-27,17.7,0,9,9:00:00
2025-08-27,19.6,0,10,10:00:00
2025-08-27,22,0,11,11:00:00
2025-08-27,23.1,0,12,12:00:00
2025-08-27,24.2,0,13,13:00:00
2025-08-27,25,0,14,14:00:00
2025-08-27,26.1,0,15,15:00:00
2025-08-27,26.2,0,16,16:00:00
2025-08-27,26.4,0,17,17:00:00
2025-08-27,25.1,0,18,18:00:00
2025-08-27,24.9,0,19,19:00:00
2025-08-27,24,0,20,20:00:00
2025-08-27,22.3,0,21,21:00:00
2025-08-27,21.3,0,22,22:00:00
2025-08-27,19.8,0,23,23:00:00
2025-08-28,19.7,0,0,0:00:00
2025-08-28,19.2,0,1,1:00:00
2025-08-28,18.7,0,2,2:00:00
2025-08-28,18,0,3,3:00:00
2025-08-28,18.1,0,4,4:00:00
2025-08-28,17.5,0,5,5:00:00
2025-08-28,17.1,0,6,6:00:00
2025-08-28,16.9,0,7,7:00:00
2025-08-28,17.4,0,8,8:00:00
2025-08-28,18.6,0,9,9:00:00
2025-08-28,19.7,0,10,10:00:00
2025-08-28,21.6,0,11,11:00:00
2025-08-28,24.8,0,12,12:00:00
2025-08-28,25.6,0,13,13:00:00
2025-08-28,23.8,0,14,14:00:00
2025-08-28,24.7,0,15,15:00:00
2025-08-28,24.2,0,16,16:00:00
2025-08-28,20,0.1,17,17:00:00
2025-08-28,17.1,5.2,18,18:00:00
2025-08-28,19.2,2.1,19,19:00:00
2025-08-28,17.6,0,20,20:00:00
2025-08-28,17.7,0,21,21:00:00
2025-08-28,16.8,0,22,22:00:00
2025-08-28,15.6,0,23,23:00:00
2025-08-29,15.6,0,0,0:00:00
2025-08-29,14.3,0,1,1:00:00
2025-08-29,13.6,0,2,2:00:00
2025-08-29,14.1,0,3,3:00:00
2025-08-29,13.5,0,4,4:00:00
2025-08-29,13.8,0,5,5:00:00
2025-08-29,13,0,6,6:00:00
2025-08-29,13.4,0,7,7:00:00
2025-08-29,14.6,0,8,8:00:00
2025-08-29,15,0,9,9:00:00
2025-08-29,16.7,0,10,10:00:00
2025-08-29,18.8,0,11,11:00:00
2025-08-29,20.2,0,12,12:00:00
2025-08-29,22,0,13,13:00:00
2025-08-29,23.4,0,14,14:00:00
2025-08-29,23.8,0,15,15:00:00
2025-08-29,21.6,0,16,16:00:00
2025-08-29,24.1,0,17,17:00:00
2025-08-29,23.1,0,18,18:00:00
2025-08-29,22.4,0,19,19:00:00
2025-08-29,20.4,0,20,20:00:00
2025-08-29,19,0,21,21:00:00
2025-08-29,19.3,0,22,22:00:00
2025-08-29,18,0,23,23:00:00
2025-08-30,17.2,0,0,0:00:00
2025-08-30,16.5,0,1,1:00:00
2025-08-30,16.1,0,2,2:00:00
2025-08-30,15.1,0,3,3:00:00
2025-08-30,14.8,0,4,4:00:00
2025-08-30,14.2,0,5,5:00:00
2025-08-30,13.8,0,6,6:00:00
2025-08-30,14.6,0,7,7:00:00
2025-08-30,15.2,0,8,8:00:00
2025-08-30,15.5,0,9,9:00:00
2025-08-30,18.5,0,10,10:00:00
2025-08-30,18.9,0,11,11:00:00
2025-08-30,20.5,0,12,12:00:00
2025-08-30,21.7,0,13,13:00:00
2025-08-30,22,0,14,14:00:00
2025-08-30,21.5,0,15,15:00:00
2025-08-30,23.6,0.3,16,16:00:00
2025-08-30,23,0,17,17:00:00
2025-08-30,22.5,0,18,18:00:00
2025-08-30,22.8,0,19,19:00:00
2025-08-30,21.9,0,20,20:00:00
2025-08-30,20.2,0,21,21:00:00
2025-08-30,19.7,0,22,22:00:00
2025-08-30,18.9,0,23,23:00:00
2025-08-31,17.1,0,0,0:00:00
2025-08-31,17.6,0,1,1:00:00
2025-08-31,16.5,0,2,2:00:00
2025-08-31,16.5,0,3,3:00:00
2025-08-31,17,0,4,4:00:00
2025-08-31,17.2,0,5,5:00:00
2025-08-31,17.3,0,6,6:00:00
2025-08-31,17.2,0.4,7,7:00:00
2025-08-31,17.3,0.4,8,8:00:00
2025-08-31,16.2,0.1,9,9:00:00
2025-08-31,16.1,0.4,10,10:00:00
2025-08-31,17.4,0.2,11,11:00:00
2025-08-31,16.9,0.1,12,12:00:00
2025-08-31,18.5,0.2,13,13:00:00
2025-08-31,19.9,0,14,14:00:00
2025-08-31,20.1,0,15,15:00:00
2025-08-31,20.5,0,16,16:00:00
2025-08-31,23.9,0,17,17:00:00
2025-08-31,23.2,0,18,18:00:00
2025-08-31,22.5,0,19,19:00:00
2025-08-31,22.2,0,20,20:00:00
2025-08-31,21.3,0,21,21:00:00
2025-08-31,19.1,1,22,22:00:00
2025-08-31,19.8,0,23,23:00:00
2025-09-01,19,0,0,0:00:00
2025-09-01,18.3,0,1,1:00:00
2025-09-01,18.7,0,2,2:00:00
2025-09-01,18.7,0,3,3:00:00
2025-09-01,17.4,2.5,4,4:00:00
2025-09-01,17.5,13.2,5,5:00:00
2025-09-01,16.6,4,6,6:00:00
2025-09-01,15.9,4.8,7,7:00:00
2025-09-01,16.6,3.2,8,8:00:00
2025-09-01,16.4,0.6,9,9:00:00
2025-09-01,15.6,0,10,10:00:00
2025-09-01,16.9,0,11,11:00:00
2025-09-01,17.2,0.1,12,12:00:00
2025-09-01,17.5,0,13,13:00:00
2025-09-01,18.7,0,14,14:00:00
2025-09-01,19.6,0,15,15:00:00
2025-09-01,20.1,0,16,16:00:00
2025-09-01,20.3,0,17,17:00:00
2025-09-01,20.5,0,18,18:00:00
2025-09-01,20.2,0,19,19:00:00
2025-09-01,19.2,0,20,20:00:00
2025-09-01,18.1,0,21,21:00:00
2025-09-01,17.8,0,22,22:00:00
2025-09-01,17.1,0,23,23:00:00
2025-09-02,17,0,0,0:00:00
2025-09-02,16,0,1,1:00:00
2025-09-02,15.9,0,2,2:00:00
2025-09-02,15.1,0,3,3:00:00
2025-09-02,14.7,0,4,4:00:00
2025-09-02,14.2,0,5,5:00:00
2025-09-02,14,0,6,6:00:00
2025-09-02,13.7,0,7,7:00:00
2025-09-02,14.1,0,8,8:00:00
2025-09-02,15.4,0,9,9:00:00
2025-09-02,16.7,0,10,10:00:00
2025-09-02,18.4,0,11,11:00:00
2025-09-02,19.2,0,12,12:00:00
2025-09-02,20.5,0,13,13:00:00
2025-09-02,21.4,0,14,14:00:00
2025-09-02,21.7,0,15,15:00:00
2025-09-02,21.9,0,16,16:00:00
2025-09-02,21.5,0,17,17:00:00
2025-09-02,21.5,0,18,18:00:00
2025-09-02,20.6,0,19,19:00:00
2025-09-02,19.4,0,20,20:00:00
2025-09-02,18.5,0,21,21:00:00
2025-09-02,17.7,0,22,22:00:00
2025-09-02,16.9,0,23,23:00:00
2025-09-03,17,0,0,0:00:00
2025-09-03,16.4,0,1,1:00:00
2025-09-03,16.2,0,2,2:00:00
2025-09-03,15.9,0,3,3:00:00
2025-09-03,16,0,4,4:00:00
2025-09-03,17,0,5,5:00:00
2025-09-03,16,0,6,6:00:00
2025-09-03,16,0,7,7:00:00
2025-09-03,16.7,0,8,8:00:00
2025-09-03,17.6,0,9,9:00:00
2025-09-03,18.1,0,10,10:00:00
2025-09-03,17.8,0,11,11:00:00
2025-09-03,18,0.1,12,12:00:00
2025-09-03,18.3,0.1,13,13:00:00
2025-09-03,20.3,0,14,14:00:00
2025-09-03,23.1,0,15,15:00:00
2025-09-03,23.5,0,16,16:00:00
2025-09-03,23.7,0,17,17:00:00
2025-09-03,23.1,0,18,18:00:00
2025-09-03,23,0,19,19:00:00
2025-09-03,22.2,0,20,20:00:00
2025-09-03,21.9,0,21,21:00:00
2025-09-03,18.4,0.9,22,22:00:00
2025-09-03,20.9,2.5,23,23:00:00
2025-09-04,18.9,0,0,0:00:00
2025-09-04,18.3,0.3,1,1:00:00
2025-09-04,19.9,0,2,2:00:00
2025-09-04,17.7,0,3,3:00:00
2025-09-04,16.8,0,4,4:00:00
2025-09-04,18,0,5,5:00:00
2025-09-04,16.1,0,6,6:00:00
2025-09-04,15.7,0,7,7:00:00
2025-09-04,17.1,0,8,8:00:00
2025-09-04,17.1,0,9,9:00:00
2025-09-04,17.8,0,10,10:00:00
2025-09-04,20.4,0,11,11:00:00
2025-09-04,20.4,0,12,12:00:00
2025-09-04,20.9,0,13,13:00:00
2025-09-04,23,0,14,14:00:00
2025-09-04,22.6,0,15,15:00:00
2025-09-04,22.1,0,16,16:00:00
2025-09-04,22.9,0,17,17:00:00
2025-09-04,21.9,0,18,18:00:00
2025-09-04,21.1,0,19,19:00:00
2025-09-04,21,0,20,20:00:00
2025-09-04,19.8,0,21,21:00:00
2025-09-04,17.2,0,22,22:00:00
2025-09-04,17.2,0,23,23:00:00
2025-09-05,17.7,0,0,0:00:00
2025-09-05,16.7,0,1,1:00:00
2025-09-05,16.3,0,2,2:00:00
2025-09-05,16.2,0,3,3:00:00
2025-09-05,15.6,0,4,4:00:00
2025-09-05,15,0,5,5:00:00
2025-09-05,14.1,0,6,6:00:00
2025-09-05,13.3,0,7,7:00:00
2025-09-05,13.8,0,8,8:00:00
2025-09-05,15.3,0,9,9:00:00
2025-09-05,16.4,0,10,10:00:00
2025-09-05,18.2,0,11,11:00:00
2025-09-05,20.3,0,12,12:00:00
2025-09-05,20.2,0,13,13:00:00
2025-09-05,19.1,0,14,14:00:00
2025-09-05,21.6,0,15,15:00:00
2025-09-05,21.9,0,16,16:00:00
2025-09-05,21.1,0,17,17:00:00
2025-09-05,21.4,0,18,18:00:00
2025-09-05,20.3,0,19,19:00:00
2025-09-05,18.3,0,20,20:00:00
2025-09-05,17,0,21,21:00:00
2025-09-05,14.8,0,22,22:00:00
2025-09-05,14.2,0,23,23:00:00
2025-09-06,13.6,0,0,0:00:00
2025-09-06,12.7,0,1,1:00:00
2025-09-06,11.8,0,2,2:00:00
2025-09-06,11.5,0,3,3:00:00
2025-09-06,11.2,0,4,4:00:00
2025-09-06,10.5,0,5,5:00:00
2025-09-06,10.7,0,6,6:00:00
2025-09-06,10.2,0,7,7:00:00
2025-09-06,11.6,0,8,8:00:00
2025-09-06,13.5,0,9,9:00:00
2025-09-06,15.8,0,10,10:00:00
2025-09-06,17.9,0,11,11:00:00
2025-09-06,19.6,0,12,12:00:00
2025-09-06,21,0,13,13:00:00
2025-09-06,21.9,0,14,14:00:00
2025-09-06,22.8,0,15,15:00:00
2025-09-06,22.9,0,16,16:00:00
2025-09-06,22.7,0,17,17:00:00
2025-09-06,22.5,0,18,18:00:00
2025-09-06,22,0,19,19:00:00
2025-09-06,20.3,0,20,20:00:00
2025-09-06,19.3,0,21,21:00:00
2025-09-06,18.7,0,22,22:00:00
2025-09-06,17.8,0,23,23:00:00
2025-09-07,17.3,0,0,0:00:00
2025-09-07,17,0,1,1:00:00
2025-09-07,16.3,0,2,2:00:00
2025-09-07,16,0,3,3:00:00
2025-09-07,15.9,0,4,4:00:00
2025-09-07,15.4,0,5,5:00:00
2025-09-07,14.6,0,6,6:00:00
2025-09-07,14.9,0,7,7:00:00
2025-09-07,14.7,0,8,8:00:00
2025-09-07,16,0,9,9:00:00
2025-09-07,18.8,0,10,10:00:00
2025-09-07,20.8,0,11,11:00:00
2025-09-07,23,0,12,12:00:00
2025-09-07,24.8,0,13,13:00:00
2025-09-07,25.3,0,14,14:00:00
2025-09-07,26.4,0,15,15:00:00
2025-09-07,26.5,0,16,16:00:00
2025-09-07,26.3,0,17,17:00:00
2025-09-07,26.1,0,18,18:00:00
2025-09-07,25.1,0,19,19:00:00
2025-09-07,23.3,0,20,20:00:00
2025-09-07,21.6,0,21,21:00:00
2025-09-07,20.4,0,22,22:00:00
2025-09-07,19.5,0,23,23:00:00
2025-09-08,18.9,0,0,0:00:00
2025-09-08,18.5,0,1,1:00:00
2025-09-08,17.7,0,2,2:00:00
2025-09-08,17.6,0,3,3:00:00
2025-09-08,17.2,0,4,4:00:00
2025-09-08,16.6,0,5,5:00:00
2025-09-08,16.5,0,6,6:00:00
2025-09-08,16.2,0,7,7:00:00
2025-09-08,16.1,0,8,8:00:00
2025-09-08,17.3,0,9,9:00:00
2025-09-08,16.5,0,10,10:00:00
2025-09-08,18.3,0,11,11:00:00
2025-09-08,17.6,0,12,12:00:00
2025-09-08,20.5,2.4,13,13:00:00
2025-09-08,17.6,0.1,14,14:00:00
2025-09-08,17.4,0.9,15,15:00:00
2025-09-08,20.4,0,16,16:00:00
2025-09-08,20.9,0,17,17:00:00
2025-09-08,19.4,0,18,18:00:00
2025-09-08,20,0.1,19,19:00:00
2025-09-08,18.6,0,20,20:00:00
2025-09-08,17,0,21,21:00:00
2025-09-08,17.1,0,22,22:00:00
2025-09-08,17.1,0,23,23:00:00
2025-09-09,16.5,0,0,0:00:00
2025-09-09,16.2,0,1,1:00:00
2025-09-09,16.1,0,2,2:00:00
2025-09-09,15.5,0,3,3:00:00
2025-09-09,14.9,0,4,4:00:00
2025-09-09,14.9,0,5,5:00:00
2025-09-09,14.6,0,6,6:00:00
2025-09-09,14.7,0,7,7:00:00
2025-09-09,14.9,0,8,8:00:00
2025-09-09,15.5,0,9,9:00:00
2025-09-09,16.2,0,10,10:00:00
2025-09-09,15.4,1.4,11,11:00:00
2025-09-09,15.4,11.7,12,12:00:00
2025-09-09,15.3,6.7,13,13:00:00
2025-09-09,13.9,0.9,14,14:00:00
2025-09-09,13.1,0.6,15,15:00:00
2025-09-09,11.6,0.7,16,16:00:00
2025-09-09,12.9,0.4,17,17:00:00
2025-09-09,12.3,0,18,18:00:00
2025-09-09,12.5,0.3,19,19:00:00
2025-09-09,12.4,0,20,20:00:00
2025-09-09,13,0,21,21:00:00
2025-09-09,12.5,0,22,22:00:00
2025-09-09,11.5,0,23,23:00:00
2025-09-10,11.4,0,0,0:00:00
2025-09-10,10.2,0,1,1:00:00
2025-09-10,9.8,0,2,2:00:00
2025-09-10,10.3,0,3,3:00:00
2025-09-10,8.7,0,4,4:00:00
2025-09-10,8.4,0,5,5:00:00
2025-09-10,9,0,6,6:00:00
2025-09-10,7.8,0,7,7:00:00
2025-09-10,9.6,0,8,8:00:00
2025-09-10,10.1,0,9,9:00:00
2025-09-10,12.6,0,10,10:00:00
2025-09-10,14.7,0,11,11:00:00
2025-09-10,14.7,0,12,12:00:00
2025-09-10,17.3,0,13,13:00:00
2025-09-10,17.4,0,14,14:00:00
2025-09-10,17.9,0,15,15:00:00
2025-09-10,18.2,0,16,16:00:00
2025-09-10,17.2,0,17,17:00:00
2025-09-10,18.1,0,18,18:00:00
2025-09-10,17.9,0,19,19:00:00
2025-09-10,15.4,0,20,20:00:00
2025-09-10,15.1,0,21,21:00:00
2025-09-10,14.8,0,22,22:00:00
2025-09-10,14.1,0,23,23:00:00
