Datum,FinanceGroep,Budget
1/1/2022,Vol betalend,0
1/1/2022,Actie,0
1/1/2022,Accommodatie,0
1/1/2022,Scholen alleen entree,0
1/1/2022,Evenementen Scholen,0
1/1/2022,Evenementen met entree,0
1/1/2022,Groepen,0
1/1/2022,Gratis/ <3,0
1/1/2022,Abonnement,0
1/2/2022,Vol betalend,0
1/2/2022,Actie,0
1/2/2022,Accommodatie,0
1/2/2022,Scholen alleen entree,0
1/2/2022,Evenementen Scholen,0
1/2/2022,Evenementen met entree,0
1/2/2022,Groepen,0
1/2/2022,Gratis/ <3,0
1/2/2022,Abonnement,0
1/3/2022,Vol betalend,0
1/3/2022,Actie,0
1/3/2022,Accommodatie,0
1/3/2022,Scholen alleen entree,0
1/3/2022,Evenementen Scholen,0
1/3/2022,Evenementen met entree,0
1/3/2022,Groepen,0
1/3/2022,Gratis/ <3,0
1/3/2022,Abonnement,0
1/4/2022,Vol betalend,0
1/4/2022,Actie,0
1/4/2022,Accommodatie,0
1/4/2022,Scholen alleen entree,0
1/4/2022,Evenementen Scholen,0
1/4/2022,Evenementen met entree,0
1/4/2022,Groepen,0
1/4/2022,Gratis/ <3,0
1/4/2022,Abonnement,0
1/5/2022,Vol betalend,0
1/5/2022,Actie,0
1/5/2022,Accommodatie,0
1/5/2022,Scholen alleen entree,0
1/5/2022,Evenementen Scholen,0
1/5/2022,Evenementen met entree,0
1/5/2022,Groepen,0
1/5/2022,Gratis/ <3,0
1/5/2022,Abonnement,0
1/6/2022,Vol betalend,0
1/6/2022,Actie,0
1/6/2022,Accommodatie,0
1/6/2022,Scholen alleen entree,0
1/6/2022,Evenementen Scholen,0
1/6/2022,Evenementen met entree,0
1/6/2022,Groepen,0
1/6/2022,Gratis/ <3,0
1/6/2022,Abonnement,0
1/7/2022,Vol betalend,0
1/7/2022,Actie,0
1/7/2022,Accommodatie,0
1/7/2022,Scholen alleen entree,0
1/7/2022,Evenementen Scholen,0
1/7/2022,Evenementen met entree,0
1/7/2022,Groepen,0
1/7/2022,Gratis/ <3,0
1/7/2022,Abonnement,0
1/8/2022,Vol betalend,0
1/8/2022,Actie,0
1/8/2022,Accommodatie,0
1/8/2022,Scholen alleen entree,0
1/8/2022,Evenementen Scholen,0
1/8/2022,Evenementen met entree,0
1/8/2022,Groepen,0
1/8/2022,Gratis/ <3,0
1/8/2022,Abonnement,0
1/9/2022,Vol betalend,0
1/9/2022,Actie,0
1/9/2022,Accommodatie,0
1/9/2022,Scholen alleen entree,0
1/9/2022,Evenementen Scholen,0
1/9/2022,Evenementen met entree,0
1/9/2022,Groepen,0
1/9/2022,Gratis/ <3,0
1/9/2022,Abonnement,0
1/10/2022,Vol betalend,0
1/10/2022,Actie,0
1/10/2022,Accommodatie,0
1/10/2022,Scholen alleen entree,0
1/10/2022,Evenementen Scholen,0
1/10/2022,Evenementen met entree,0
1/10/2022,Groepen,0
1/10/2022,Gratis/ <3,0
1/10/2022,Abonnement,0
1/11/2022,Vol betalend,0
1/11/2022,Actie,0
1/11/2022,Accommodatie,0
1/11/2022,Scholen alleen entree,0
1/11/2022,Evenementen Scholen,0
1/11/2022,Evenementen met entree,0
1/11/2022,Groepen,0
1/11/2022,Gratis/ <3,0
1/11/2022,Abonnement,0
1/12/2022,Vol betalend,0
1/12/2022,Actie,0
1/12/2022,Accommodatie,0
1/12/2022,Scholen alleen entree,0
1/12/2022,Evenementen Scholen,0
1/12/2022,Evenementen met entree,0
1/12/2022,Groepen,0
1/12/2022,Gratis/ <3,0
1/12/2022,Abonnement,0
1/13/2022,Vol betalend,0
1/13/2022,Actie,0
1/13/2022,Accommodatie,0
1/13/2022,Scholen alleen entree,0
1/13/2022,Evenementen Scholen,0
1/13/2022,Evenementen met entree,0
1/13/2022,Groepen,0
1/13/2022,Gratis/ <3,0
1/13/2022,Abonnement,0
1/14/2022,Vol betalend,0
1/14/2022,Actie,0
1/14/2022,Accommodatie,0
1/14/2022,Scholen alleen entree,0
1/14/2022,Evenementen Scholen,0
1/14/2022,Evenementen met entree,0
1/14/2022,Groepen,0
1/14/2022,Gratis/ <3,0
1/14/2022,Abonnement,0
1/15/2022,Vol betalend,0
1/15/2022,Actie,0
1/15/2022,Accommodatie,0
1/15/2022,Scholen alleen entree,0
1/15/2022,Evenementen Scholen,0
1/15/2022,Evenementen met entree,0
1/15/2022,Groepen,0
1/15/2022,Gratis/ <3,0
1/15/2022,Abonnement,0
1/16/2022,Vol betalend,0
1/16/2022,Actie,0
1/16/2022,Accommodatie,0
1/16/2022,Scholen alleen entree,0
1/16/2022,Evenementen Scholen,0
1/16/2022,Evenementen met entree,0
1/16/2022,Groepen,0
1/16/2022,Gratis/ <3,0
1/16/2022,Abonnement,0
1/17/2022,Vol betalend,0
1/17/2022,Actie,0
1/17/2022,Accommodatie,0
1/17/2022,Scholen alleen entree,0
1/17/2022,Evenementen Scholen,0
1/17/2022,Evenementen met entree,0
1/17/2022,Groepen,0
1/17/2022,Gratis/ <3,0
1/17/2022,Abonnement,0
1/18/2022,Vol betalend,0
1/18/2022,Actie,0
1/18/2022,Accommodatie,0
1/18/2022,Scholen alleen entree,0
1/18/2022,Evenementen Scholen,0
1/18/2022,Evenementen met entree,0
1/18/2022,Groepen,0
1/18/2022,Gratis/ <3,0
1/18/2022,Abonnement,0
1/19/2022,Vol betalend,0
1/19/2022,Actie,0
1/19/2022,Accommodatie,0
1/19/2022,Scholen alleen entree,0
1/19/2022,Evenementen Scholen,0
1/19/2022,Evenementen met entree,0
1/19/2022,Groepen,0
1/19/2022,Gratis/ <3,0
1/19/2022,Abonnement,0
1/20/2022,Vol betalend,0
1/20/2022,Actie,0
1/20/2022,Accommodatie,0
1/20/2022,Scholen alleen entree,0
1/20/2022,Evenementen Scholen,0
1/20/2022,Evenementen met entree,0
1/20/2022,Groepen,0
1/20/2022,Gratis/ <3,0
1/20/2022,Abonnement,0
1/21/2022,Vol betalend,0
1/21/2022,Actie,0
1/21/2022,Accommodatie,0
1/21/2022,Scholen alleen entree,0
1/21/2022,Evenementen Scholen,0
1/21/2022,Evenementen met entree,0
1/21/2022,Groepen,0
1/21/2022,Gratis/ <3,0
1/21/2022,Abonnement,0
1/22/2022,Vol betalend,0
1/22/2022,Actie,0
1/22/2022,Accommodatie,0
1/22/2022,Scholen alleen entree,0
1/22/2022,Evenementen Scholen,0
1/22/2022,Evenementen met entree,0
1/22/2022,Groepen,0
1/22/2022,Gratis/ <3,0
1/22/2022,Abonnement,0
1/23/2022,Vol betalend,0
1/23/2022,Actie,0
1/23/2022,Accommodatie,0
1/23/2022,Scholen alleen entree,0
1/23/2022,Evenementen Scholen,0
1/23/2022,Evenementen met entree,0
1/23/2022,Groepen,0
1/23/2022,Gratis/ <3,0
1/23/2022,Abonnement,0
1/24/2022,Vol betalend,0
1/24/2022,Actie,0
1/24/2022,Accommodatie,0
1/24/2022,Scholen alleen entree,0
1/24/2022,Evenementen Scholen,0
1/24/2022,Evenementen met entree,0
1/24/2022,Groepen,0
1/24/2022,Gratis/ <3,0
1/24/2022,Abonnement,0
1/25/2022,Vol betalend,0
1/25/2022,Actie,0
1/25/2022,Accommodatie,0
1/25/2022,Scholen alleen entree,0
1/25/2022,Evenementen Scholen,0
1/25/2022,Evenementen met entree,0
1/25/2022,Groepen,0
1/25/2022,Gratis/ <3,0
1/25/2022,Abonnement,0
1/26/2022,Vol betalend,44
1/26/2022,Actie,113
1/26/2022,Accommodatie,10
1/26/2022,Scholen alleen entree,0
1/26/2022,Evenementen Scholen,0
1/26/2022,Evenementen met entree,0
1/26/2022,Groepen,0
1/26/2022,Gratis/ <3,23
1/26/2022,Abonnement,160
1/27/2022,Vol betalend,44
1/27/2022,Actie,113
1/27/2022,Accommodatie,10
1/27/2022,Scholen alleen entree,0
1/27/2022,Evenementen Scholen,0
1/27/2022,Evenementen met entree,0
1/27/2022,Groepen,0
1/27/2022,Gratis/ <3,23
1/27/2022,Abonnement,160
1/28/2022,Vol betalend,44
1/28/2022,Actie,113
1/28/2022,Accommodatie,10
1/28/2022,Scholen alleen entree,0
1/28/2022,Evenementen Scholen,0
1/28/2022,Evenementen met entree,0
1/28/2022,Groepen,0
1/28/2022,Gratis/ <3,23
1/28/2022,Abonnement,160
1/29/2022,Vol betalend,203
1/29/2022,Actie,572
1/29/2022,Accommodatie,25
1/29/2022,Scholen alleen entree,0
1/29/2022,Evenementen Scholen,0
1/29/2022,Evenementen met entree,0
1/29/2022,Groepen,0
1/29/2022,Gratis/ <3,100
1/29/2022,Abonnement,400
1/30/2022,Vol betalend,270
1/30/2022,Actie,465
1/30/2022,Accommodatie,25
1/30/2022,Scholen alleen entree,0
1/30/2022,Evenementen Scholen,0
1/30/2022,Evenementen met entree,0
1/30/2022,Groepen,0
1/30/2022,Gratis/ <3,140
1/30/2022,Abonnement,700
1/31/2022,Vol betalend,43
1/31/2022,Actie,133
1/31/2022,Accommodatie,11
1/31/2022,Scholen alleen entree,0
1/31/2022,Evenementen Scholen,0
1/31/2022,Evenementen met entree,0
1/31/2022,Groepen,0
1/31/2022,Gratis/ <3,23
1/31/2022,Abonnement,140
2/1/2022,Vol betalend,43
2/1/2022,Actie,133
2/1/2022,Accommodatie,11
2/1/2022,Scholen alleen entree,0
2/1/2022,Evenementen Scholen,0
2/1/2022,Evenementen met entree,0
2/1/2022,Groepen,0
2/1/2022,Gratis/ <3,23
2/1/2022,Abonnement,140
2/2/2022,Vol betalend,43
2/2/2022,Actie,133
2/2/2022,Accommodatie,11
2/2/2022,Scholen alleen entree,0
2/2/2022,Evenementen Scholen,0
2/2/2022,Evenementen met entree,0
2/2/2022,Groepen,0
2/2/2022,Gratis/ <3,23
2/2/2022,Abonnement,140
2/3/2022,Vol betalend,43
2/3/2022,Actie,133
2/3/2022,Accommodatie,11
2/3/2022,Scholen alleen entree,0
2/3/2022,Evenementen Scholen,0
2/3/2022,Evenementen met entree,0
2/3/2022,Groepen,0
2/3/2022,Gratis/ <3,23
2/3/2022,Abonnement,140
2/4/2022,Vol betalend,43
2/4/2022,Actie,133
2/4/2022,Accommodatie,11
2/4/2022,Scholen alleen entree,0
2/4/2022,Evenementen Scholen,0
2/4/2022,Evenementen met entree,0
2/4/2022,Groepen,0
2/4/2022,Gratis/ <3,23
2/4/2022,Abonnement,140
2/5/2022,Vol betalend,202
2/5/2022,Actie,428
2/5/2022,Accommodatie,50
2/5/2022,Scholen alleen entree,0
2/5/2022,Evenementen Scholen,0
2/5/2022,Evenementen met entree,0
2/5/2022,Groepen,0
2/5/2022,Gratis/ <3,120
2/5/2022,Abonnement,300
2/6/2022,Vol betalend,271
2/6/2022,Actie,679
2/6/2022,Accommodatie,60
2/6/2022,Scholen alleen entree,0
2/6/2022,Evenementen Scholen,0
2/6/2022,Evenementen met entree,0
2/6/2022,Groepen,0
2/6/2022,Gratis/ <3,140
2/6/2022,Abonnement,450
2/7/2022,Vol betalend,45
2/7/2022,Actie,131
2/7/2022,Accommodatie,11
2/7/2022,Scholen alleen entree,0
2/7/2022,Evenementen Scholen,0
2/7/2022,Evenementen met entree,0
2/7/2022,Groepen,0
2/7/2022,Gratis/ <3,23
2/7/2022,Abonnement,140
2/8/2022,Vol betalend,45
2/8/2022,Actie,131
2/8/2022,Accommodatie,11
2/8/2022,Scholen alleen entree,0
2/8/2022,Evenementen Scholen,0
2/8/2022,Evenementen met entree,0
2/8/2022,Groepen,0
2/8/2022,Gratis/ <3,23
2/8/2022,Abonnement,140
2/9/2022,Vol betalend,45
2/9/2022,Actie,131
2/9/2022,Accommodatie,11
2/9/2022,Scholen alleen entree,0
2/9/2022,Evenementen Scholen,0
2/9/2022,Evenementen met entree,0
2/9/2022,Groepen,0
2/9/2022,Gratis/ <3,23
2/9/2022,Abonnement,140
2/10/2022,Vol betalend,45
2/10/2022,Actie,131
2/10/2022,Accommodatie,11
2/10/2022,Scholen alleen entree,0
2/10/2022,Evenementen Scholen,0
2/10/2022,Evenementen met entree,0
2/10/2022,Groepen,0
2/10/2022,Gratis/ <3,23
2/10/2022,Abonnement,140
2/11/2022,Vol betalend,45
2/11/2022,Actie,131
2/11/2022,Accommodatie,11
2/11/2022,Scholen alleen entree,0
2/11/2022,Evenementen Scholen,0
2/11/2022,Evenementen met entree,0
2/11/2022,Groepen,0
2/11/2022,Gratis/ <3,23
2/11/2022,Abonnement,140
2/12/2022,Vol betalend,202
2/12/2022,Actie,418
2/12/2022,Accommodatie,50
2/12/2022,Scholen alleen entree,0
2/12/2022,Evenementen Scholen,0
2/12/2022,Evenementen met entree,0
2/12/2022,Groepen,0
2/12/2022,Gratis/ <3,130
2/12/2022,Abonnement,300
2/13/2022,Vol betalend,271
2/13/2022,Actie,679
2/13/2022,Accommodatie,60
2/13/2022,Scholen alleen entree,0
2/13/2022,Evenementen Scholen,0
2/13/2022,Evenementen met entree,0
2/13/2022,Groepen,0
2/13/2022,Gratis/ <3,140
2/13/2022,Abonnement,450
2/14/2022,Vol betalend,60
2/14/2022,Actie,159
2/14/2022,Accommodatie,11
2/14/2022,Scholen alleen entree,0
2/14/2022,Evenementen Scholen,0
2/14/2022,Evenementen met entree,0
2/14/2022,Groepen,0
2/14/2022,Gratis/ <3,105
2/14/2022,Abonnement,140
2/15/2022,Vol betalend,60
2/15/2022,Actie,159
2/15/2022,Accommodatie,11
2/15/2022,Scholen alleen entree,0
2/15/2022,Evenementen Scholen,0
2/15/2022,Evenementen met entree,0
2/15/2022,Groepen,0
2/15/2022,Gratis/ <3,105
2/15/2022,Abonnement,140
2/16/2022,Vol betalend,60
2/16/2022,Actie,159
2/16/2022,Accommodatie,11
2/16/2022,Scholen alleen entree,0
2/16/2022,Evenementen Scholen,0
2/16/2022,Evenementen met entree,0
2/16/2022,Groepen,0
2/16/2022,Gratis/ <3,105
2/16/2022,Abonnement,140
2/17/2022,Vol betalend,60
2/17/2022,Actie,159
2/17/2022,Accommodatie,11
2/17/2022,Scholen alleen entree,0
2/17/2022,Evenementen Scholen,0
2/17/2022,Evenementen met entree,0
2/17/2022,Groepen,0
2/17/2022,Gratis/ <3,105
2/17/2022,Abonnement,140
2/18/2022,Vol betalend,60
2/18/2022,Actie,159
2/18/2022,Accommodatie,11
2/18/2022,Scholen alleen entree,0
2/18/2022,Evenementen Scholen,0
2/18/2022,Evenementen met entree,0
2/18/2022,Groepen,0
2/18/2022,Gratis/ <3,105
2/18/2022,Abonnement,140
2/19/2022,Vol betalend,470
2/19/2022,Actie,500
2/19/2022,Accommodatie,66
2/19/2022,Scholen alleen entree,0
2/19/2022,Evenementen Scholen,0
2/19/2022,Evenementen met entree,0
2/19/2022,Groepen,0
2/19/2022,Gratis/ <3,140
2/19/2022,Abonnement,824
2/20/2022,Vol betalend,470
2/20/2022,Actie,500
2/20/2022,Accommodatie,66
2/20/2022,Scholen alleen entree,0
2/20/2022,Evenementen Scholen,0
2/20/2022,Evenementen met entree,0
2/20/2022,Groepen,0
2/20/2022,Gratis/ <3,140
2/20/2022,Abonnement,824
2/21/2022,Vol betalend,470
2/21/2022,Actie,500
2/21/2022,Accommodatie,66
2/21/2022,Scholen alleen entree,0
2/21/2022,Evenementen Scholen,0
2/21/2022,Evenementen met entree,0
2/21/2022,Groepen,0
2/21/2022,Gratis/ <3,140
2/21/2022,Abonnement,824
2/22/2022,Vol betalend,470
2/22/2022,Actie,500
2/22/2022,Accommodatie,66
2/22/2022,Scholen alleen entree,0
2/22/2022,Evenementen Scholen,0
2/22/2022,Evenementen met entree,0
2/22/2022,Groepen,0
2/22/2022,Gratis/ <3,140
2/22/2022,Abonnement,824
2/23/2022,Vol betalend,470
2/23/2022,Actie,500
2/23/2022,Accommodatie,66
2/23/2022,Scholen alleen entree,0
2/23/2022,Evenementen Scholen,0
2/23/2022,Evenementen met entree,0
2/23/2022,Groepen,0
2/23/2022,Gratis/ <3,140
2/23/2022,Abonnement,824
2/24/2022,Vol betalend,470
2/24/2022,Actie,500
2/24/2022,Accommodatie,66
2/24/2022,Scholen alleen entree,0
2/24/2022,Evenementen Scholen,0
2/24/2022,Evenementen met entree,0
2/24/2022,Groepen,0
2/24/2022,Gratis/ <3,140
2/24/2022,Abonnement,824
2/25/2022,Vol betalend,470
2/25/2022,Actie,500
2/25/2022,Accommodatie,66
2/25/2022,Scholen alleen entree,0
2/25/2022,Evenementen Scholen,0
2/25/2022,Evenementen met entree,0
2/25/2022,Groepen,0
2/25/2022,Gratis/ <3,140
2/25/2022,Abonnement,824
2/26/2022,Vol betalend,500
2/26/2022,Actie,510
2/26/2022,Accommodatie,50
2/26/2022,Scholen alleen entree,0
2/26/2022,Evenementen Scholen,0
2/26/2022,Evenementen met entree,0
2/26/2022,Groepen,0
2/26/2022,Gratis/ <3,140
2/26/2022,Abonnement,1000
2/27/2022,Vol betalend,500
2/27/2022,Actie,510
2/27/2022,Accommodatie,50
2/27/2022,Scholen alleen entree,0
2/27/2022,Evenementen Scholen,0
2/27/2022,Evenementen met entree,0
2/27/2022,Groepen,0
2/27/2022,Gratis/ <3,140
2/27/2022,Abonnement,1000
2/28/2022,Vol betalend,200
2/28/2022,Actie,502
2/28/2022,Accommodatie,66
2/28/2022,Scholen alleen entree,0
2/28/2022,Evenementen Scholen,0
2/28/2022,Evenementen met entree,0
2/28/2022,Groepen,0
2/28/2022,Gratis/ <3,32
2/28/2022,Abonnement,200
3/1/2022,Vol betalend,200
3/1/2022,Actie,502
3/1/2022,Accommodatie,66
3/1/2022,Scholen alleen entree,0
3/1/2022,Evenementen Scholen,0
3/1/2022,Evenementen met entree,0
3/1/2022,Groepen,0
3/1/2022,Gratis/ <3,32
3/1/2022,Abonnement,200
3/2/2022,Vol betalend,200
3/2/2022,Actie,502
3/2/2022,Accommodatie,66
3/2/2022,Scholen alleen entree,0
3/2/2022,Evenementen Scholen,0
3/2/2022,Evenementen met entree,0
3/2/2022,Groepen,0
3/2/2022,Gratis/ <3,32
3/2/2022,Abonnement,200
3/3/2022,Vol betalend,200
3/3/2022,Actie,502
3/3/2022,Accommodatie,66
3/3/2022,Scholen alleen entree,0
3/3/2022,Evenementen Scholen,0
3/3/2022,Evenementen met entree,0
3/3/2022,Groepen,0
3/3/2022,Gratis/ <3,32
3/3/2022,Abonnement,200
3/4/2022,Vol betalend,200
3/4/2022,Actie,478
3/4/2022,Accommodatie,60
3/4/2022,Scholen alleen entree,30
3/4/2022,Evenementen Scholen,0
3/4/2022,Evenementen met entree,0
3/4/2022,Groepen,0
3/4/2022,Gratis/ <3,32
3/4/2022,Abonnement,200
3/5/2022,Vol betalend,550
3/5/2022,Actie,540
3/5/2022,Accommodatie,60
3/5/2022,Scholen alleen entree,0
3/5/2022,Evenementen Scholen,0
3/5/2022,Evenementen met entree,0
3/5/2022,Groepen,0
3/5/2022,Gratis/ <3,150
3/5/2022,Abonnement,400
3/6/2022,Vol betalend,700
3/6/2022,Actie,582
3/6/2022,Accommodatie,58
3/6/2022,Scholen alleen entree,0
3/6/2022,Evenementen Scholen,0
3/6/2022,Evenementen met entree,0
3/6/2022,Groepen,0
3/6/2022,Gratis/ <3,160
3/6/2022,Abonnement,500
3/7/2022,Vol betalend,61
3/7/2022,Actie,159
3/7/2022,Accommodatie,18
3/7/2022,Scholen alleen entree,0
3/7/2022,Evenementen Scholen,0
3/7/2022,Evenementen met entree,0
3/7/2022,Groepen,0
3/7/2022,Gratis/ <3,32
3/7/2022,Abonnement,180
3/8/2022,Vol betalend,61
3/8/2022,Actie,159
3/8/2022,Accommodatie,18
3/8/2022,Scholen alleen entree,0
3/8/2022,Evenementen Scholen,0
3/8/2022,Evenementen met entree,0
3/8/2022,Groepen,0
3/8/2022,Gratis/ <3,32
3/8/2022,Abonnement,180
3/9/2022,Vol betalend,61
3/9/2022,Actie,159
3/9/2022,Accommodatie,18
3/9/2022,Scholen alleen entree,0
3/9/2022,Evenementen Scholen,0
3/9/2022,Evenementen met entree,0
3/9/2022,Groepen,0
3/9/2022,Gratis/ <3,32
3/9/2022,Abonnement,180
3/10/2022,Vol betalend,61
3/10/2022,Actie,159
3/10/2022,Accommodatie,18
3/10/2022,Scholen alleen entree,0
3/10/2022,Evenementen Scholen,0
3/10/2022,Evenementen met entree,0
3/10/2022,Groepen,0
3/10/2022,Gratis/ <3,32
3/10/2022,Abonnement,180
3/11/2022,Vol betalend,61
3/11/2022,Actie,132
3/11/2022,Accommodatie,15
3/11/2022,Scholen alleen entree,30
3/11/2022,Evenementen Scholen,0
3/11/2022,Evenementen met entree,0
3/11/2022,Groepen,0
3/11/2022,Gratis/ <3,32
3/11/2022,Abonnement,180
3/12/2022,Vol betalend,248
3/12/2022,Actie,792
3/12/2022,Accommodatie,60
3/12/2022,Scholen alleen entree,0
3/12/2022,Evenementen Scholen,0
3/12/2022,Evenementen met entree,0
3/12/2022,Groepen,0
3/12/2022,Gratis/ <3,150
3/12/2022,Abonnement,650
3/13/2022,Vol betalend,318
3/13/2022,Actie,842
3/13/2022,Accommodatie,80
3/13/2022,Scholen alleen entree,0
3/13/2022,Evenementen Scholen,0
3/13/2022,Evenementen met entree,0
3/13/2022,Groepen,0
3/13/2022,Gratis/ <3,160
3/13/2022,Abonnement,900
3/14/2022,Vol betalend,106
3/14/2022,Actie,216
3/14/2022,Accommodatie,25
3/14/2022,Scholen alleen entree,0
3/14/2022,Evenementen Scholen,0
3/14/2022,Evenementen met entree,0
3/14/2022,Groepen,0
3/14/2022,Gratis/ <3,53
3/14/2022,Abonnement,400
3/15/2022,Vol betalend,106
3/15/2022,Actie,216
3/15/2022,Accommodatie,25
3/15/2022,Scholen alleen entree,0
3/15/2022,Evenementen Scholen,0
3/15/2022,Evenementen met entree,0
3/15/2022,Groepen,0
3/15/2022,Gratis/ <3,53
3/15/2022,Abonnement,400
3/16/2022,Vol betalend,106
3/16/2022,Actie,216
3/16/2022,Accommodatie,25
3/16/2022,Scholen alleen entree,0
3/16/2022,Evenementen Scholen,0
3/16/2022,Evenementen met entree,0
3/16/2022,Groepen,0
3/16/2022,Gratis/ <3,53
3/16/2022,Abonnement,400
3/17/2022,Vol betalend,106
3/17/2022,Actie,216
3/17/2022,Accommodatie,25
3/17/2022,Scholen alleen entree,0
3/17/2022,Evenementen Scholen,0
3/17/2022,Evenementen met entree,0
3/17/2022,Groepen,0
3/17/2022,Gratis/ <3,53
3/17/2022,Abonnement,400
3/18/2022,Vol betalend,101
3/18/2022,Actie,191
3/18/2022,Accommodatie,25
3/18/2022,Scholen alleen entree,30
3/18/2022,Evenementen Scholen,0
3/18/2022,Evenementen met entree,0
3/18/2022,Groepen,0
3/18/2022,Gratis/ <3,53
3/18/2022,Abonnement,400
3/19/2022,Vol betalend,248
3/19/2022,Actie,792
3/19/2022,Accommodatie,60
3/19/2022,Scholen alleen entree,0
3/19/2022,Evenementen Scholen,0
3/19/2022,Evenementen met entree,0
3/19/2022,Groepen,0
3/19/2022,Gratis/ <3,150
3/19/2022,Abonnement,650
3/20/2022,Vol betalend,318
3/20/2022,Actie,842
3/20/2022,Accommodatie,80
3/20/2022,Scholen alleen entree,0
3/20/2022,Evenementen Scholen,0
3/20/2022,Evenementen met entree,0
3/20/2022,Groepen,0
3/20/2022,Gratis/ <3,160
3/20/2022,Abonnement,900
3/21/2022,Vol betalend,106
3/21/2022,Actie,216
3/21/2022,Accommodatie,25
3/21/2022,Scholen alleen entree,0
3/21/2022,Evenementen Scholen,0
3/21/2022,Evenementen met entree,0
3/21/2022,Groepen,0
3/21/2022,Gratis/ <3,53
3/21/2022,Abonnement,400
3/22/2022,Vol betalend,106
3/22/2022,Actie,216
3/22/2022,Accommodatie,25
3/22/2022,Scholen alleen entree,0
3/22/2022,Evenementen Scholen,0
3/22/2022,Evenementen met entree,0
3/22/2022,Groepen,0
3/22/2022,Gratis/ <3,53
3/22/2022,Abonnement,400
3/23/2022,Vol betalend,106
3/23/2022,Actie,216
3/23/2022,Accommodatie,25
3/23/2022,Scholen alleen entree,0
3/23/2022,Evenementen Scholen,0
3/23/2022,Evenementen met entree,0
3/23/2022,Groepen,0
3/23/2022,Gratis/ <3,53
3/23/2022,Abonnement,400
3/24/2022,Vol betalend,106
3/24/2022,Actie,216
3/24/2022,Accommodatie,25
3/24/2022,Scholen alleen entree,0
3/24/2022,Evenementen Scholen,0
3/24/2022,Evenementen met entree,0
3/24/2022,Groepen,0
3/24/2022,Gratis/ <3,53
3/24/2022,Abonnement,400
3/25/2022,Vol betalend,101
3/25/2022,Actie,216
3/25/2022,Accommodatie,25
3/25/2022,Scholen alleen entree,30
3/25/2022,Evenementen Scholen,0
3/25/2022,Evenementen met entree,0
3/25/2022,Groepen,0
3/25/2022,Gratis/ <3,53
3/25/2022,Abonnement,400
3/26/2022,Vol betalend,248
3/26/2022,Actie,792
3/26/2022,Accommodatie,60
3/26/2022,Scholen alleen entree,0
3/26/2022,Evenementen Scholen,0
3/26/2022,Evenementen met entree,0
3/26/2022,Groepen,0
3/26/2022,Gratis/ <3,150
3/26/2022,Abonnement,650
3/27/2022,Vol betalend,318
3/27/2022,Actie,842
3/27/2022,Accommodatie,80
3/27/2022,Scholen alleen entree,0
3/27/2022,Evenementen Scholen,0
3/27/2022,Evenementen met entree,0
3/27/2022,Groepen,0
3/27/2022,Gratis/ <3,160
3/27/2022,Abonnement,900
3/28/2022,Vol betalend,106
3/28/2022,Actie,316
3/28/2022,Accommodatie,25
3/28/2022,Scholen alleen entree,0
3/28/2022,Evenementen Scholen,0
3/28/2022,Evenementen met entree,0
3/28/2022,Groepen,0
3/28/2022,Gratis/ <3,53
3/28/2022,Abonnement,300
3/29/2022,Vol betalend,106
3/29/2022,Actie,316
3/29/2022,Accommodatie,25
3/29/2022,Scholen alleen entree,0
3/29/2022,Evenementen Scholen,0
3/29/2022,Evenementen met entree,0
3/29/2022,Groepen,0
3/29/2022,Gratis/ <3,53
3/29/2022,Abonnement,300
3/30/2022,Vol betalend,106
3/30/2022,Actie,316
3/30/2022,Accommodatie,25
3/30/2022,Scholen alleen entree,0
3/30/2022,Evenementen Scholen,0
3/30/2022,Evenementen met entree,0
3/30/2022,Groepen,0
3/30/2022,Gratis/ <3,53
3/30/2022,Abonnement,300
3/31/2022,Vol betalend,106
3/31/2022,Actie,316
3/31/2022,Accommodatie,25
3/31/2022,Scholen alleen entree,0
3/31/2022,Evenementen Scholen,0
3/31/2022,Evenementen met entree,0
3/31/2022,Groepen,0
3/31/2022,Gratis/ <3,53
3/31/2022,Abonnement,300
4/1/2022,Vol betalend,106
4/1/2022,Actie,316
4/1/2022,Accommodatie,25
4/1/2022,Scholen alleen entree,30
4/1/2022,Evenementen Scholen,0
4/1/2022,Evenementen met entree,0
4/1/2022,Groepen,0
4/1/2022,Gratis/ <3,53
4/1/2022,Abonnement,300
4/2/2022,Vol betalend,460
4/2/2022,Actie,600
4/2/2022,Accommodatie,160
4/2/2022,Scholen alleen entree,0
4/2/2022,Evenementen Scholen,0
4/2/2022,Evenementen met entree,0
4/2/2022,Groepen,0
4/2/2022,Gratis/ <3,280
4/2/2022,Abonnement,650
4/3/2022,Vol betalend,510
4/3/2022,Actie,600
4/3/2022,Accommodatie,160
4/3/2022,Scholen alleen entree,0
4/3/2022,Evenementen Scholen,0
4/3/2022,Evenementen met entree,0
4/3/2022,Groepen,0
4/3/2022,Gratis/ <3,280
4/3/2022,Abonnement,1000
4/4/2022,Vol betalend,200
4/4/2022,Actie,295
4/4/2022,Accommodatie,50
4/4/2022,Scholen alleen entree,300
4/4/2022,Evenementen Scholen,0
4/4/2022,Evenementen met entree,0
4/4/2022,Groepen,0
4/4/2022,Gratis/ <3,105
4/4/2022,Abonnement,400
4/5/2022,Vol betalend,200
4/5/2022,Actie,295
4/5/2022,Accommodatie,50
4/5/2022,Scholen alleen entree,300
4/5/2022,Evenementen Scholen,0
4/5/2022,Evenementen met entree,0
4/5/2022,Groepen,0
4/5/2022,Gratis/ <3,105
4/5/2022,Abonnement,400
4/6/2022,Vol betalend,203
4/6/2022,Actie,292
4/6/2022,Accommodatie,50
4/6/2022,Scholen alleen entree,300
4/6/2022,Evenementen Scholen,0
4/6/2022,Evenementen met entree,0
4/6/2022,Groepen,0
4/6/2022,Gratis/ <3,105
4/6/2022,Abonnement,400
4/7/2022,Vol betalend,203
4/7/2022,Actie,292
4/7/2022,Accommodatie,50
4/7/2022,Scholen alleen entree,300
4/7/2022,Evenementen Scholen,0
4/7/2022,Evenementen met entree,0
4/7/2022,Groepen,0
4/7/2022,Gratis/ <3,105
4/7/2022,Abonnement,400
4/8/2022,Vol betalend,203
4/8/2022,Actie,292
4/8/2022,Accommodatie,50
4/8/2022,Scholen alleen entree,300
4/8/2022,Evenementen Scholen,0
4/8/2022,Evenementen met entree,0
4/8/2022,Groepen,0
4/8/2022,Gratis/ <3,105
4/8/2022,Abonnement,400
4/9/2022,Vol betalend,750
4/9/2022,Actie,1035
4/9/2022,Accommodatie,120
4/9/2022,Scholen alleen entree,0
4/9/2022,Evenementen Scholen,0
4/9/2022,Evenementen met entree,0
4/9/2022,Groepen,0
4/9/2022,Gratis/ <3,245
4/9/2022,Abonnement,650
4/10/2022,Vol betalend,1100
4/10/2022,Actie,980
4/10/2022,Accommodatie,140
4/10/2022,Scholen alleen entree,0
4/10/2022,Evenementen Scholen,0
4/10/2022,Evenementen met entree,0
4/10/2022,Groepen,0
4/10/2022,Gratis/ <3,280
4/10/2022,Abonnement,1000
4/11/2022,Vol betalend,270
4/11/2022,Actie,273
4/11/2022,Accommodatie,67
4/11/2022,Scholen alleen entree,300
4/11/2022,Evenementen Scholen,0
4/11/2022,Evenementen met entree,0
4/11/2022,Groepen,0
4/11/2022,Gratis/ <3,140
4/11/2022,Abonnement,400
4/12/2022,Vol betalend,270
4/12/2022,Actie,273
4/12/2022,Accommodatie,67
4/12/2022,Scholen alleen entree,300
4/12/2022,Evenementen Scholen,0
4/12/2022,Evenementen met entree,0
4/12/2022,Groepen,0
4/12/2022,Gratis/ <3,140
4/12/2022,Abonnement,400
4/13/2022,Vol betalend,270
4/13/2022,Actie,273
4/13/2022,Accommodatie,67
4/13/2022,Scholen alleen entree,300
4/13/2022,Evenementen Scholen,0
4/13/2022,Evenementen met entree,0
4/13/2022,Groepen,0
4/13/2022,Gratis/ <3,140
4/13/2022,Abonnement,400
4/14/2022,Vol betalend,270
4/14/2022,Actie,273
4/14/2022,Accommodatie,67
4/14/2022,Scholen alleen entree,300
4/14/2022,Evenementen Scholen,0
4/14/2022,Evenementen met entree,0
4/14/2022,Groepen,0
4/14/2022,Gratis/ <3,140
4/14/2022,Abonnement,400
4/15/2022,Vol betalend,500
4/15/2022,Actie,1440
4/15/2022,Accommodatie,160
4/15/2022,Scholen alleen entree,300
4/15/2022,Evenementen Scholen,0
4/15/2022,Evenementen met entree,0
4/15/2022,Groepen,0
4/15/2022,Gratis/ <3,400
4/15/2022,Abonnement,1200
4/16/2022,Vol betalend,800
4/16/2022,Actie,1440
4/16/2022,Accommodatie,160
4/16/2022,Scholen alleen entree,0
4/16/2022,Evenementen Scholen,0
4/16/2022,Evenementen met entree,0
4/16/2022,Groepen,0
4/16/2022,Gratis/ <3,400
4/16/2022,Abonnement,1200
4/17/2022,Vol betalend,1300
4/17/2022,Actie,2740
4/17/2022,Accommodatie,160
4/17/2022,Scholen alleen entree,0
4/17/2022,Evenementen Scholen,0
4/17/2022,Evenementen met entree,0
4/17/2022,Groepen,0
4/17/2022,Gratis/ <3,400
4/17/2022,Abonnement,1200
4/18/2022,Vol betalend,1300
4/18/2022,Actie,2950
4/18/2022,Accommodatie,150
4/18/2022,Scholen alleen entree,0
4/18/2022,Evenementen Scholen,0
4/18/2022,Evenementen met entree,0
4/18/2022,Groepen,0
4/18/2022,Gratis/ <3,400
4/18/2022,Abonnement,1200
4/19/2022,Vol betalend,270
4/19/2022,Actie,723
4/19/2022,Accommodatie,67
4/19/2022,Scholen alleen entree,300
4/19/2022,Evenementen Scholen,0
4/19/2022,Evenementen met entree,0
4/19/2022,Groepen,0
4/19/2022,Gratis/ <3,140
4/19/2022,Abonnement,400
4/20/2022,Vol betalend,270
4/20/2022,Actie,723
4/20/2022,Accommodatie,67
4/20/2022,Scholen alleen entree,300
4/20/2022,Evenementen Scholen,0
4/20/2022,Evenementen met entree,0
4/20/2022,Groepen,0
4/20/2022,Gratis/ <3,140
4/20/2022,Abonnement,400
4/21/2022,Vol betalend,270
4/21/2022,Actie,723
4/21/2022,Accommodatie,67
4/21/2022,Scholen alleen entree,300
4/21/2022,Evenementen Scholen,0
4/21/2022,Evenementen met entree,0
4/21/2022,Groepen,0
4/21/2022,Gratis/ <3,140
4/21/2022,Abonnement,400
4/22/2022,Vol betalend,270
4/22/2022,Actie,723
4/22/2022,Accommodatie,67
4/22/2022,Scholen alleen entree,300
4/22/2022,Evenementen Scholen,0
4/22/2022,Evenementen met entree,0
4/22/2022,Groepen,0
4/22/2022,Gratis/ <3,140
4/22/2022,Abonnement,400
4/23/2022,Vol betalend,750
4/23/2022,Actie,1020
4/23/2022,Accommodatie,120
4/23/2022,Scholen alleen entree,0
4/23/2022,Evenementen Scholen,0
4/23/2022,Evenementen met entree,0
4/23/2022,Groepen,0
4/23/2022,Gratis/ <3,210
4/23/2022,Abonnement,650
4/24/2022,Vol betalend,800
4/24/2022,Actie,1315
4/24/2022,Accommodatie,140
4/24/2022,Scholen alleen entree,0
4/24/2022,Evenementen Scholen,0
4/24/2022,Evenementen met entree,0
4/24/2022,Groepen,0
4/24/2022,Gratis/ <3,245
4/24/2022,Abonnement,1000
4/25/2022,Vol betalend,270
4/25/2022,Actie,723
4/25/2022,Accommodatie,67
4/25/2022,Scholen alleen entree,300
4/25/2022,Evenementen Scholen,0
4/25/2022,Evenementen met entree,0
4/25/2022,Groepen,0
4/25/2022,Gratis/ <3,140
4/25/2022,Abonnement,400
4/26/2022,Vol betalend,270
4/26/2022,Actie,723
4/26/2022,Accommodatie,67
4/26/2022,Scholen alleen entree,300
4/26/2022,Evenementen Scholen,0
4/26/2022,Evenementen met entree,0
4/26/2022,Groepen,0
4/26/2022,Gratis/ <3,140
4/26/2022,Abonnement,400
4/27/2022,Vol betalend,203
4/27/2022,Actie,412
4/27/2022,Accommodatie,80
4/27/2022,Scholen alleen entree,0
4/27/2022,Evenementen Scholen,0
4/27/2022,Evenementen met entree,0
4/27/2022,Groepen,0
4/27/2022,Gratis/ <3,105
4/27/2022,Abonnement,600
4/28/2022,Vol betalend,270
4/28/2022,Actie,723
4/28/2022,Accommodatie,67
4/28/2022,Scholen alleen entree,300
4/28/2022,Evenementen Scholen,0
4/28/2022,Evenementen met entree,0
4/28/2022,Groepen,0
4/28/2022,Gratis/ <3,140
4/28/2022,Abonnement,400
4/29/2022,Vol betalend,270
4/29/2022,Actie,723
4/29/2022,Accommodatie,67
4/29/2022,Scholen alleen entree,300
4/29/2022,Evenementen Scholen,0
4/29/2022,Evenementen met entree,0
4/29/2022,Groepen,0
4/29/2022,Gratis/ <3,140
4/29/2022,Abonnement,400
4/30/2022,Vol betalend,1360
4/30/2022,Actie,1500
4/30/2022,Accommodatie,160
4/30/2022,Scholen alleen entree,0
4/30/2022,Evenementen Scholen,0
4/30/2022,Evenementen met entree,0
4/30/2022,Groepen,0
4/30/2022,Gratis/ <3,280
4/30/2022,Abonnement,1000
5/1/2022,Vol betalend,1350
5/1/2022,Actie,1745
5/1/2022,Accommodatie,160
5/1/2022,Scholen alleen entree,0
5/1/2022,Evenementen Scholen,0
5/1/2022,Evenementen met entree,0
5/1/2022,Groepen,0
5/1/2022,Gratis/ <3,245
5/1/2022,Abonnement,1000
5/2/2022,Vol betalend,1350
5/2/2022,Actie,1745
5/2/2022,Accommodatie,160
5/2/2022,Scholen alleen entree,0
5/2/2022,Evenementen Scholen,0
5/2/2022,Evenementen met entree,0
5/2/2022,Groepen,0
5/2/2022,Gratis/ <3,245
5/2/2022,Abonnement,1000
5/3/2022,Vol betalend,1350
5/3/2022,Actie,1745
5/3/2022,Accommodatie,160
5/3/2022,Scholen alleen entree,0
5/3/2022,Evenementen Scholen,0
5/3/2022,Evenementen met entree,0
5/3/2022,Groepen,0
5/3/2022,Gratis/ <3,245
5/3/2022,Abonnement,1000
5/4/2022,Vol betalend,1350
5/4/2022,Actie,1745
5/4/2022,Accommodatie,160
5/4/2022,Scholen alleen entree,0
5/4/2022,Evenementen Scholen,0
5/4/2022,Evenementen met entree,0
5/4/2022,Groepen,0
5/4/2022,Gratis/ <3,245
5/4/2022,Abonnement,1000
5/5/2022,Vol betalend,800
5/5/2022,Actie,815
5/5/2022,Accommodatie,140
5/5/2022,Scholen alleen entree,0
5/5/2022,Evenementen Scholen,0
5/5/2022,Evenementen met entree,0
5/5/2022,Groepen,0
5/5/2022,Gratis/ <3,245
5/5/2022,Abonnement,1000
5/6/2022,Vol betalend,1350
5/6/2022,Actie,1745
5/6/2022,Accommodatie,160
5/6/2022,Scholen alleen entree,0
5/6/2022,Evenementen Scholen,0
5/6/2022,Evenementen met entree,0
5/6/2022,Groepen,0
5/6/2022,Gratis/ <3,245
5/6/2022,Abonnement,1000
5/7/2022,Vol betalend,1360
5/7/2022,Actie,1500
5/7/2022,Accommodatie,160
5/7/2022,Scholen alleen entree,0
5/7/2022,Evenementen Scholen,0
5/7/2022,Evenementen met entree,0
5/7/2022,Groepen,0
5/7/2022,Gratis/ <3,280
5/7/2022,Abonnement,1000
5/8/2022,Vol betalend,1360
5/8/2022,Actie,1500
5/8/2022,Accommodatie,160
5/8/2022,Scholen alleen entree,0
5/8/2022,Evenementen Scholen,0
5/8/2022,Evenementen met entree,0
5/8/2022,Groepen,0
5/8/2022,Gratis/ <3,280
5/8/2022,Abonnement,1200
5/9/2022,Vol betalend,388
5/9/2022,Actie,1537
5/9/2022,Accommodatie,100
5/9/2022,Scholen alleen entree,0
5/9/2022,Evenementen Scholen,0
5/9/2022,Evenementen met entree,0
5/9/2022,Groepen,0
5/9/2022,Gratis/ <3,175
5/9/2022,Abonnement,450
5/10/2022,Vol betalend,500
5/10/2022,Actie,1425
5/10/2022,Accommodatie,100
5/10/2022,Scholen alleen entree,0
5/10/2022,Evenementen Scholen,0
5/10/2022,Evenementen met entree,0
5/10/2022,Groepen,0
5/10/2022,Gratis/ <3,175
5/10/2022,Abonnement,450
5/11/2022,Vol betalend,500
5/11/2022,Actie,1425
5/11/2022,Accommodatie,100
5/11/2022,Scholen alleen entree,0
5/11/2022,Evenementen Scholen,0
5/11/2022,Evenementen met entree,0
5/11/2022,Groepen,0
5/11/2022,Gratis/ <3,175
5/11/2022,Abonnement,450
5/12/2022,Vol betalend,500
5/12/2022,Actie,1425
5/12/2022,Accommodatie,100
5/12/2022,Scholen alleen entree,0
5/12/2022,Evenementen Scholen,0
5/12/2022,Evenementen met entree,0
5/12/2022,Groepen,0
5/12/2022,Gratis/ <3,175
5/12/2022,Abonnement,450
5/13/2022,Vol betalend,500
5/13/2022,Actie,1425
5/13/2022,Accommodatie,100
5/13/2022,Scholen alleen entree,0
5/13/2022,Evenementen Scholen,0
5/13/2022,Evenementen met entree,0
5/13/2022,Groepen,0
5/13/2022,Gratis/ <3,175
5/13/2022,Abonnement,450
5/14/2022,Vol betalend,1400
5/14/2022,Actie,1605
5/14/2022,Accommodatie,100
5/14/2022,Scholen alleen entree,0
5/14/2022,Evenementen Scholen,0
5/14/2022,Evenementen met entree,0
5/14/2022,Groepen,0
5/14/2022,Gratis/ <3,245
5/14/2022,Abonnement,650
5/15/2022,Vol betalend,1400
5/15/2022,Actie,1481
5/15/2022,Accommodatie,139
5/15/2022,Scholen alleen entree,0
5/15/2022,Evenementen Scholen,0
5/15/2022,Evenementen met entree,0
5/15/2022,Groepen,0
5/15/2022,Gratis/ <3,280
5/15/2022,Abonnement,1000
5/16/2022,Vol betalend,143
5/16/2022,Actie,102
5/16/2022,Accommodatie,50
5/16/2022,Scholen alleen entree,600
5/16/2022,Evenementen Scholen,0
5/16/2022,Evenementen met entree,0
5/16/2022,Groepen,180
5/16/2022,Gratis/ <3,105
5/16/2022,Abonnement,450
5/17/2022,Vol betalend,143
5/17/2022,Actie,102
5/17/2022,Accommodatie,50
5/17/2022,Scholen alleen entree,600
5/17/2022,Evenementen Scholen,0
5/17/2022,Evenementen met entree,0
5/17/2022,Groepen,180
5/17/2022,Gratis/ <3,105
5/17/2022,Abonnement,450
5/18/2022,Vol betalend,143
5/18/2022,Actie,102
5/18/2022,Accommodatie,50
5/18/2022,Scholen alleen entree,600
5/18/2022,Evenementen Scholen,0
5/18/2022,Evenementen met entree,0
5/18/2022,Groepen,180
5/18/2022,Gratis/ <3,105
5/18/2022,Abonnement,450
5/19/2022,Vol betalend,143
5/19/2022,Actie,102
5/19/2022,Accommodatie,50
5/19/2022,Scholen alleen entree,600
5/19/2022,Evenementen Scholen,0
5/19/2022,Evenementen met entree,0
5/19/2022,Groepen,180
5/19/2022,Gratis/ <3,105
5/19/2022,Abonnement,450
5/20/2022,Vol betalend,143
5/20/2022,Actie,102
5/20/2022,Accommodatie,50
5/20/2022,Scholen alleen entree,600
5/20/2022,Evenementen Scholen,0
5/20/2022,Evenementen met entree,0
5/20/2022,Groepen,180
5/20/2022,Gratis/ <3,105
5/20/2022,Abonnement,450
5/21/2022,Vol betalend,1300
5/21/2022,Actie,1805
5/21/2022,Accommodatie,140
5/21/2022,Scholen alleen entree,0
5/21/2022,Evenementen Scholen,0
5/21/2022,Evenementen met entree,0
5/21/2022,Groepen,0
5/21/2022,Gratis/ <3,105
5/21/2022,Abonnement,650
5/22/2022,Vol betalend,1208
5/22/2022,Actie,1867
5/22/2022,Accommodatie,180
5/22/2022,Scholen alleen entree,0
5/22/2022,Evenementen Scholen,0
5/22/2022,Evenementen met entree,0
5/22/2022,Groepen,0
5/22/2022,Gratis/ <3,245
5/22/2022,Abonnement,1000
5/23/2022,Vol betalend,143
5/23/2022,Actie,102
5/23/2022,Accommodatie,50
5/23/2022,Scholen alleen entree,600
5/23/2022,Evenementen Scholen,0
5/23/2022,Evenementen met entree,0
5/23/2022,Groepen,225
5/23/2022,Gratis/ <3,105
5/23/2022,Abonnement,450
5/24/2022,Vol betalend,173
5/24/2022,Actie,102
5/24/2022,Accommodatie,20
5/24/2022,Scholen alleen entree,600
5/24/2022,Evenementen Scholen,0
5/24/2022,Evenementen met entree,0
5/24/2022,Groepen,225
5/24/2022,Gratis/ <3,105
5/24/2022,Abonnement,450
5/25/2022,Vol betalend,143
5/25/2022,Actie,102
5/25/2022,Accommodatie,50
5/25/2022,Scholen alleen entree,600
5/25/2022,Evenementen Scholen,0
5/25/2022,Evenementen met entree,0
5/25/2022,Groepen,225
5/25/2022,Gratis/ <3,105
5/25/2022,Abonnement,450
5/26/2022,Vol betalend,1500
5/26/2022,Actie,2240
5/26/2022,Accommodatie,50
5/26/2022,Scholen alleen entree,0
5/26/2022,Evenementen Scholen,0
5/26/2022,Evenementen met entree,0
5/26/2022,Groepen,0
5/26/2022,Gratis/ <3,210
5/26/2022,Abonnement,1000
5/27/2022,Vol betalend,1000
5/27/2022,Actie,1745
5/27/2022,Accommodatie,50
5/27/2022,Scholen alleen entree,600
5/27/2022,Evenementen Scholen,0
5/27/2022,Evenementen met entree,0
5/27/2022,Groepen,225
5/27/2022,Gratis/ <3,105
5/27/2022,Abonnement,1000
5/28/2022,Vol betalend,450
5/28/2022,Actie,2300
5/28/2022,Accommodatie,140
5/28/2022,Scholen alleen entree,0
5/28/2022,Evenementen Scholen,0
5/28/2022,Evenementen met entree,0
5/28/2022,Groepen,0
5/28/2022,Gratis/ <3,210
5/28/2022,Abonnement,1000
5/29/2022,Vol betalend,1000
5/29/2022,Actie,2115
5/29/2022,Accommodatie,140
5/29/2022,Scholen alleen entree,0
5/29/2022,Evenementen Scholen,0
5/29/2022,Evenementen met entree,0
5/29/2022,Groepen,0
5/29/2022,Gratis/ <3,245
5/29/2022,Abonnement,1000
5/30/2022,Vol betalend,143
5/30/2022,Actie,376
5/30/2022,Accommodatie,58
5/30/2022,Scholen alleen entree,300
5/30/2022,Evenementen Scholen,0
5/30/2022,Evenementen met entree,0
5/30/2022,Groepen,300
5/30/2022,Gratis/ <3,123
5/30/2022,Abonnement,450
5/31/2022,Vol betalend,143
5/31/2022,Actie,376
5/31/2022,Accommodatie,58
5/31/2022,Scholen alleen entree,300
5/31/2022,Evenementen Scholen,0
5/31/2022,Evenementen met entree,0
5/31/2022,Groepen,300
5/31/2022,Gratis/ <3,123
5/31/2022,Abonnement,450
6/1/2022,Vol betalend,143
6/1/2022,Actie,126
6/1/2022,Accommodatie,58
6/1/2022,Scholen alleen entree,600
6/1/2022,Evenementen Scholen,0
6/1/2022,Evenementen met entree,0
6/1/2022,Groepen,300
6/1/2022,Gratis/ <3,123
6/1/2022,Abonnement,400
6/2/2022,Vol betalend,143
6/2/2022,Actie,126
6/2/2022,Accommodatie,58
6/2/2022,Scholen alleen entree,600
6/2/2022,Evenementen Scholen,0
6/2/2022,Evenementen met entree,0
6/2/2022,Groepen,300
6/2/2022,Gratis/ <3,123
6/2/2022,Abonnement,400
6/3/2022,Vol betalend,143
6/3/2022,Actie,126
6/3/2022,Accommodatie,58
6/3/2022,Scholen alleen entree,600
6/3/2022,Evenementen Scholen,0
6/3/2022,Evenementen met entree,0
6/3/2022,Groepen,300
6/3/2022,Gratis/ <3,123
6/3/2022,Abonnement,400
6/4/2022,Vol betalend,587
6/4/2022,Actie,2000
6/4/2022,Accommodatie,140
6/4/2022,Scholen alleen entree,0
6/4/2022,Evenementen Scholen,0
6/4/2022,Evenementen met entree,0
6/4/2022,Groepen,0
6/4/2022,Gratis/ <3,123
6/4/2022,Abonnement,650
6/5/2022,Vol betalend,1650
6/5/2022,Actie,3250
6/5/2022,Accommodatie,140
6/5/2022,Scholen alleen entree,0
6/5/2022,Evenementen Scholen,0
6/5/2022,Evenementen met entree,0
6/5/2022,Groepen,0
6/5/2022,Gratis/ <3,210
6/5/2022,Abonnement,1000
6/6/2022,Vol betalend,715
6/6/2022,Actie,2900
6/6/2022,Accommodatie,140
6/6/2022,Scholen alleen entree,0
6/6/2022,Evenementen Scholen,0
6/6/2022,Evenementen met entree,0
6/6/2022,Groepen,0
6/6/2022,Gratis/ <3,245
6/6/2022,Abonnement,1000
6/7/2022,Vol betalend,143
6/7/2022,Actie,126
6/7/2022,Accommodatie,58
6/7/2022,Scholen alleen entree,600
6/7/2022,Evenementen Scholen,0
6/7/2022,Evenementen met entree,0
6/7/2022,Groepen,300
6/7/2022,Gratis/ <3,122.5
6/7/2022,Abonnement,400
6/8/2022,Vol betalend,143
6/8/2022,Actie,126
6/8/2022,Accommodatie,58
6/8/2022,Scholen alleen entree,600
6/8/2022,Evenementen Scholen,0
6/8/2022,Evenementen met entree,0
6/8/2022,Groepen,300
6/8/2022,Gratis/ <3,123
6/8/2022,Abonnement,400
6/9/2022,Vol betalend,143
6/9/2022,Actie,126
6/9/2022,Accommodatie,58
6/9/2022,Scholen alleen entree,600
6/9/2022,Evenementen Scholen,0
6/9/2022,Evenementen met entree,0
6/9/2022,Groepen,300
6/9/2022,Gratis/ <3,123
6/9/2022,Abonnement,400
6/10/2022,Vol betalend,143
6/10/2022,Actie,426
6/10/2022,Accommodatie,58
6/10/2022,Scholen alleen entree,600
6/10/2022,Evenementen Scholen,0
6/10/2022,Evenementen met entree,0
6/10/2022,Groepen,0
6/10/2022,Gratis/ <3,123
6/10/2022,Abonnement,400
6/11/2022,Vol betalend,1100
6/11/2022,Actie,1920
6/11/2022,Accommodatie,120
6/11/2022,Scholen alleen entree,0
6/11/2022,Evenementen Scholen,0
6/11/2022,Evenementen met entree,0
6/11/2022,Groepen,0
6/11/2022,Gratis/ <3,210
6/11/2022,Abonnement,650
6/12/2022,Vol betalend,1600
6/12/2022,Actie,2115
6/12/2022,Accommodatie,140
6/12/2022,Scholen alleen entree,0
6/12/2022,Evenementen Scholen,0
6/12/2022,Evenementen met entree,0
6/12/2022,Groepen,0
6/12/2022,Gratis/ <3,245
6/12/2022,Abonnement,900
6/13/2022,Vol betalend,143
6/13/2022,Actie,126
6/13/2022,Accommodatie,58
6/13/2022,Scholen alleen entree,600
6/13/2022,Evenementen Scholen,0
6/13/2022,Evenementen met entree,0
6/13/2022,Groepen,300
6/13/2022,Gratis/ <3,123
6/13/2022,Abonnement,400
6/14/2022,Vol betalend,143
6/14/2022,Actie,126
6/14/2022,Accommodatie,58
6/14/2022,Scholen alleen entree,600
6/14/2022,Evenementen Scholen,0
6/14/2022,Evenementen met entree,0
6/14/2022,Groepen,300
6/14/2022,Gratis/ <3,123
6/14/2022,Abonnement,400
6/15/2022,Vol betalend,143
6/15/2022,Actie,126
6/15/2022,Accommodatie,58
6/15/2022,Scholen alleen entree,600
6/15/2022,Evenementen Scholen,0
6/15/2022,Evenementen met entree,0
6/15/2022,Groepen,300
6/15/2022,Gratis/ <3,123
6/15/2022,Abonnement,400
6/16/2022,Vol betalend,126
6/16/2022,Actie,143
6/16/2022,Accommodatie,58
6/16/2022,Scholen alleen entree,600
6/16/2022,Evenementen Scholen,0
6/16/2022,Evenementen met entree,0
6/16/2022,Groepen,300
6/16/2022,Gratis/ <3,123
6/16/2022,Abonnement,400
6/17/2022,Vol betalend,126
6/17/2022,Actie,443
6/17/2022,Accommodatie,58
6/17/2022,Scholen alleen entree,600
6/17/2022,Evenementen Scholen,0
6/17/2022,Evenementen met entree,0
6/17/2022,Groepen,0
6/17/2022,Gratis/ <3,123
6/17/2022,Abonnement,400
6/18/2022,Vol betalend,1100
6/18/2022,Actie,1900
6/18/2022,Accommodatie,120
6/18/2022,Scholen alleen entree,0
6/18/2022,Evenementen Scholen,0
6/18/2022,Evenementen met entree,0
6/18/2022,Groepen,0
6/18/2022,Gratis/ <3,230
6/18/2022,Abonnement,650
6/19/2022,Vol betalend,1317
6/19/2022,Actie,2115
6/19/2022,Accommodatie,160
6/19/2022,Scholen alleen entree,0
6/19/2022,Evenementen Scholen,0
6/19/2022,Evenementen met entree,0
6/19/2022,Groepen,0
6/19/2022,Gratis/ <3,208
6/19/2022,Abonnement,1200
6/20/2022,Vol betalend,126
6/20/2022,Actie,243
6/20/2022,Accommodatie,58
6/20/2022,Scholen alleen entree,560
6/20/2022,Evenementen Scholen,0
6/20/2022,Evenementen met entree,0
6/20/2022,Groepen,240
6/20/2022,Gratis/ <3,123
6/20/2022,Abonnement,400
6/21/2022,Vol betalend,126
6/21/2022,Actie,243
6/21/2022,Accommodatie,58
6/21/2022,Scholen alleen entree,560
6/21/2022,Evenementen Scholen,0
6/21/2022,Evenementen met entree,0
6/21/2022,Groepen,240
6/21/2022,Gratis/ <3,123
6/21/2022,Abonnement,400
6/22/2022,Vol betalend,126
6/22/2022,Actie,243
6/22/2022,Accommodatie,58
6/22/2022,Scholen alleen entree,560
6/22/2022,Evenementen Scholen,0
6/22/2022,Evenementen met entree,0
6/22/2022,Groepen,240
6/22/2022,Gratis/ <3,123
6/22/2022,Abonnement,400
6/23/2022,Vol betalend,126
6/23/2022,Actie,243
6/23/2022,Accommodatie,58
6/23/2022,Scholen alleen entree,560
6/23/2022,Evenementen Scholen,0
6/23/2022,Evenementen met entree,0
6/23/2022,Groepen,240
6/23/2022,Gratis/ <3,123
6/23/2022,Abonnement,400
6/24/2022,Vol betalend,126
6/24/2022,Actie,243
6/24/2022,Accommodatie,58
6/24/2022,Scholen alleen entree,560
6/24/2022,Evenementen Scholen,0
6/24/2022,Evenementen met entree,0
6/24/2022,Groepen,240
6/24/2022,Gratis/ <3,123
6/24/2022,Abonnement,400
6/25/2022,Vol betalend,1120
6/25/2022,Actie,1900
6/25/2022,Accommodatie,120
6/25/2022,Scholen alleen entree,0
6/25/2022,Evenementen Scholen,0
6/25/2022,Evenementen met entree,0
6/25/2022,Groepen,0
6/25/2022,Gratis/ <3,210
6/25/2022,Abonnement,650
6/26/2022,Vol betalend,1120
6/26/2022,Actie,2095
6/26/2022,Accommodatie,140
6/26/2022,Scholen alleen entree,0
6/26/2022,Evenementen Scholen,0
6/26/2022,Evenementen met entree,0
6/26/2022,Groepen,0
6/26/2022,Gratis/ <3,245
6/26/2022,Abonnement,900
6/27/2022,Vol betalend,201
6/27/2022,Actie,318
6/27/2022,Accommodatie,58
6/27/2022,Scholen alleen entree,410
6/27/2022,Evenementen Scholen,0
6/27/2022,Evenementen met entree,0
6/27/2022,Groepen,240
6/27/2022,Gratis/ <3,123
6/27/2022,Abonnement,400
6/28/2022,Vol betalend,201
6/28/2022,Actie,318
6/28/2022,Accommodatie,58
6/28/2022,Scholen alleen entree,410
6/28/2022,Evenementen Scholen,0
6/28/2022,Evenementen met entree,0
6/28/2022,Groepen,240
6/28/2022,Gratis/ <3,123
6/28/2022,Abonnement,400
6/29/2022,Vol betalend,201
6/29/2022,Actie,318
6/29/2022,Accommodatie,58
6/29/2022,Scholen alleen entree,410
6/29/2022,Evenementen Scholen,0
6/29/2022,Evenementen met entree,0
6/29/2022,Groepen,240
6/29/2022,Gratis/ <3,123
6/29/2022,Abonnement,400
6/30/2022,Vol betalend,201
6/30/2022,Actie,318
6/30/2022,Accommodatie,58
6/30/2022,Scholen alleen entree,410
6/30/2022,Evenementen Scholen,0
6/30/2022,Evenementen met entree,0
6/30/2022,Groepen,240
6/30/2022,Gratis/ <3,123
6/30/2022,Abonnement,400
7/1/2022,Vol betalend,201
7/1/2022,Actie,318
7/1/2022,Accommodatie,58
7/1/2022,Scholen alleen entree,410
7/1/2022,Evenementen Scholen,0
7/1/2022,Evenementen met entree,0
7/1/2022,Groepen,240
7/1/2022,Gratis/ <3,123
7/1/2022,Abonnement,400
7/2/2022,Vol betalend,700
7/2/2022,Actie,1840
7/2/2022,Accommodatie,100
7/2/2022,Scholen alleen entree,0
7/2/2022,Evenementen Scholen,0
7/2/2022,Evenementen met entree,0
7/2/2022,Groepen,0
7/2/2022,Gratis/ <3,210
7/2/2022,Abonnement,650
7/3/2022,Vol betalend,750
7/3/2022,Actie,2170
7/3/2022,Accommodatie,120
7/3/2022,Scholen alleen entree,0
7/3/2022,Evenementen Scholen,0
7/3/2022,Evenementen met entree,0
7/3/2022,Groepen,0
7/3/2022,Gratis/ <3,210
7/3/2022,Abonnement,900
7/4/2022,Vol betalend,338
7/4/2022,Actie,1534
7/4/2022,Accommodatie,53
7/4/2022,Scholen alleen entree,0
7/4/2022,Evenementen Scholen,0
7/4/2022,Evenementen met entree,0
7/4/2022,Groepen,0
7/4/2022,Gratis/ <3,175
7/4/2022,Abonnement,400
7/5/2022,Vol betalend,338
7/5/2022,Actie,1504
7/5/2022,Accommodatie,53
7/5/2022,Scholen alleen entree,30
7/5/2022,Evenementen Scholen,0
7/5/2022,Evenementen met entree,0
7/5/2022,Groepen,0
7/5/2022,Gratis/ <3,175
7/5/2022,Abonnement,400
7/6/2022,Vol betalend,338
7/6/2022,Actie,1504
7/6/2022,Accommodatie,53
7/6/2022,Scholen alleen entree,30
7/6/2022,Evenementen Scholen,0
7/6/2022,Evenementen met entree,0
7/6/2022,Groepen,0
7/6/2022,Gratis/ <3,175
7/6/2022,Abonnement,400
7/7/2022,Vol betalend,338
7/7/2022,Actie,1504
7/7/2022,Accommodatie,53
7/7/2022,Scholen alleen entree,30
7/7/2022,Evenementen Scholen,0
7/7/2022,Evenementen met entree,0
7/7/2022,Groepen,0
7/7/2022,Gratis/ <3,175
7/7/2022,Abonnement,400
7/8/2022,Vol betalend,338
7/8/2022,Actie,1504
7/8/2022,Accommodatie,53
7/8/2022,Scholen alleen entree,30
7/8/2022,Evenementen Scholen,0
7/8/2022,Evenementen met entree,0
7/8/2022,Groepen,0
7/8/2022,Gratis/ <3,175
7/8/2022,Abonnement,400
7/9/2022,Vol betalend,700
7/9/2022,Actie,1875
7/9/2022,Accommodatie,100
7/9/2022,Scholen alleen entree,0
7/9/2022,Evenementen Scholen,0
7/9/2022,Evenementen met entree,0
7/9/2022,Groepen,0
7/9/2022,Gratis/ <3,175
7/9/2022,Abonnement,650
7/10/2022,Vol betalend,750
7/10/2022,Actie,2190
7/10/2022,Accommodatie,100
7/10/2022,Scholen alleen entree,0
7/10/2022,Evenementen Scholen,0
7/10/2022,Evenementen met entree,0
7/10/2022,Groepen,0
7/10/2022,Gratis/ <3,210
7/10/2022,Abonnement,900
7/11/2022,Vol betalend,1000
7/11/2022,Actie,1989
7/11/2022,Accommodatie,116
7/11/2022,Scholen alleen entree,0
7/11/2022,Evenementen Scholen,0
7/11/2022,Evenementen met entree,0
7/11/2022,Groepen,0
7/11/2022,Gratis/ <3,245
7/11/2022,Abonnement,400
7/12/2022,Vol betalend,1000
7/12/2022,Actie,1989
7/12/2022,Accommodatie,116
7/12/2022,Scholen alleen entree,0
7/12/2022,Evenementen Scholen,0
7/12/2022,Evenementen met entree,0
7/12/2022,Groepen,0
7/12/2022,Gratis/ <3,245
7/12/2022,Abonnement,400
7/13/2022,Vol betalend,1000
7/13/2022,Actie,1989
7/13/2022,Accommodatie,116
7/13/2022,Scholen alleen entree,0
7/13/2022,Evenementen Scholen,0
7/13/2022,Evenementen met entree,0
7/13/2022,Groepen,0
7/13/2022,Gratis/ <3,245
7/13/2022,Abonnement,400
7/14/2022,Vol betalend,1000
7/14/2022,Actie,1989
7/14/2022,Accommodatie,116
7/14/2022,Scholen alleen entree,0
7/14/2022,Evenementen Scholen,0
7/14/2022,Evenementen met entree,0
7/14/2022,Groepen,0
7/14/2022,Gratis/ <3,245
7/14/2022,Abonnement,400
7/15/2022,Vol betalend,1000
7/15/2022,Actie,1989
7/15/2022,Accommodatie,116
7/15/2022,Scholen alleen entree,0
7/15/2022,Evenementen Scholen,0
7/15/2022,Evenementen met entree,0
7/15/2022,Groepen,0
7/15/2022,Gratis/ <3,245
7/15/2022,Abonnement,400
7/16/2022,Vol betalend,1200
7/16/2022,Actie,2325
7/16/2022,Accommodatie,130
7/16/2022,Scholen alleen entree,0
7/16/2022,Evenementen Scholen,0
7/16/2022,Evenementen met entree,0
7/16/2022,Groepen,0
7/16/2022,Gratis/ <3,245
7/16/2022,Abonnement,400
7/17/2022,Vol betalend,1200
7/17/2022,Actie,2370
7/17/2022,Accommodatie,150
7/17/2022,Scholen alleen entree,0
7/17/2022,Evenementen Scholen,0
7/17/2022,Evenementen met entree,0
7/17/2022,Groepen,0
7/17/2022,Gratis/ <3,280
7/17/2022,Abonnement,600
7/18/2022,Vol betalend,1000
7/18/2022,Actie,1734
7/18/2022,Accommodatie,116
7/18/2022,Scholen alleen entree,0
7/18/2022,Evenementen Scholen,0
7/18/2022,Evenementen met entree,0
7/18/2022,Groepen,0
7/18/2022,Gratis/ <3,300
7/18/2022,Abonnement,600
7/19/2022,Vol betalend,1000
7/19/2022,Actie,1734
7/19/2022,Accommodatie,116
7/19/2022,Scholen alleen entree,0
7/19/2022,Evenementen Scholen,0
7/19/2022,Evenementen met entree,0
7/19/2022,Groepen,0
7/19/2022,Gratis/ <3,300
7/19/2022,Abonnement,600
7/20/2022,Vol betalend,1000
7/20/2022,Actie,1734
7/20/2022,Accommodatie,116
7/20/2022,Scholen alleen entree,0
7/20/2022,Evenementen Scholen,0
7/20/2022,Evenementen met entree,0
7/20/2022,Groepen,0
7/20/2022,Gratis/ <3,300
7/20/2022,Abonnement,600
7/21/2022,Vol betalend,1000
7/21/2022,Actie,1734
7/21/2022,Accommodatie,116
7/21/2022,Scholen alleen entree,0
7/21/2022,Evenementen Scholen,0
7/21/2022,Evenementen met entree,0
7/21/2022,Groepen,0
7/21/2022,Gratis/ <3,300
7/21/2022,Abonnement,600
7/22/2022,Vol betalend,1000
7/22/2022,Actie,1734
7/22/2022,Accommodatie,116
7/22/2022,Scholen alleen entree,0
7/22/2022,Evenementen Scholen,0
7/22/2022,Evenementen met entree,0
7/22/2022,Groepen,0
7/22/2022,Gratis/ <3,300
7/22/2022,Abonnement,600
7/23/2022,Vol betalend,1350
7/23/2022,Actie,3020
7/23/2022,Accommodatie,130
7/23/2022,Scholen alleen entree,0
7/23/2022,Evenementen Scholen,0
7/23/2022,Evenementen met entree,0
7/23/2022,Groepen,0
7/23/2022,Gratis/ <3,300
7/23/2022,Abonnement,400
7/24/2022,Vol betalend,1200
7/24/2022,Actie,2500
7/24/2022,Accommodatie,150
7/24/2022,Scholen alleen entree,0
7/24/2022,Evenementen Scholen,0
7/24/2022,Evenementen met entree,0
7/24/2022,Groepen,0
7/24/2022,Gratis/ <3,300
7/24/2022,Abonnement,600
7/25/2022,Vol betalend,1000
7/25/2022,Actie,1740
7/25/2022,Accommodatie,110
7/25/2022,Scholen alleen entree,0
7/25/2022,Evenementen Scholen,0
7/25/2022,Evenementen met entree,0
7/25/2022,Groepen,0
7/25/2022,Gratis/ <3,300
7/25/2022,Abonnement,600
7/26/2022,Vol betalend,1000
7/26/2022,Actie,1734
7/26/2022,Accommodatie,116
7/26/2022,Scholen alleen entree,0
7/26/2022,Evenementen Scholen,0
7/26/2022,Evenementen met entree,0
7/26/2022,Groepen,0
7/26/2022,Gratis/ <3,300
7/26/2022,Abonnement,600
7/27/2022,Vol betalend,1000
7/27/2022,Actie,1734
7/27/2022,Accommodatie,116
7/27/2022,Scholen alleen entree,0
7/27/2022,Evenementen Scholen,0
7/27/2022,Evenementen met entree,0
7/27/2022,Groepen,0
7/27/2022,Gratis/ <3,300
7/27/2022,Abonnement,600
7/28/2022,Vol betalend,1000
7/28/2022,Actie,1734
7/28/2022,Accommodatie,116
7/28/2022,Scholen alleen entree,0
7/28/2022,Evenementen Scholen,0
7/28/2022,Evenementen met entree,0
7/28/2022,Groepen,0
7/28/2022,Gratis/ <3,300
7/28/2022,Abonnement,600
7/29/2022,Vol betalend,1000
7/29/2022,Actie,1734
7/29/2022,Accommodatie,116
7/29/2022,Scholen alleen entree,0
7/29/2022,Evenementen Scholen,0
7/29/2022,Evenementen met entree,0
7/29/2022,Groepen,0
7/29/2022,Gratis/ <3,300
7/29/2022,Abonnement,600
7/30/2022,Vol betalend,1350
7/30/2022,Actie,3020
7/30/2022,Accommodatie,130
7/30/2022,Scholen alleen entree,0
7/30/2022,Evenementen Scholen,0
7/30/2022,Evenementen met entree,0
7/30/2022,Groepen,0
7/30/2022,Gratis/ <3,300
7/30/2022,Abonnement,400
7/31/2022,Vol betalend,1150
7/31/2022,Actie,2570
7/31/2022,Accommodatie,150
7/31/2022,Scholen alleen entree,0
7/31/2022,Evenementen Scholen,0
7/31/2022,Evenementen met entree,0
7/31/2022,Groepen,0
7/31/2022,Gratis/ <3,280
7/31/2022,Abonnement,600
8/1/2022,Vol betalend,1100
8/1/2022,Actie,1825
8/1/2022,Accommodatie,110
8/1/2022,Scholen alleen entree,0
8/1/2022,Evenementen Scholen,0
8/1/2022,Evenementen met entree,0
8/1/2022,Groepen,0
8/1/2022,Gratis/ <3,315
8/1/2022,Abonnement,600
8/2/2022,Vol betalend,1100
8/2/2022,Actie,1834
8/2/2022,Accommodatie,116
8/2/2022,Scholen alleen entree,0
8/2/2022,Evenementen Scholen,0
8/2/2022,Evenementen met entree,0
8/2/2022,Groepen,0
8/2/2022,Gratis/ <3,300
8/2/2022,Abonnement,600
8/3/2022,Vol betalend,1100
8/3/2022,Actie,1834
8/3/2022,Accommodatie,116
8/3/2022,Scholen alleen entree,0
8/3/2022,Evenementen Scholen,0
8/3/2022,Evenementen met entree,0
8/3/2022,Groepen,0
8/3/2022,Gratis/ <3,300
8/3/2022,Abonnement,600
8/4/2022,Vol betalend,1100
8/4/2022,Actie,1834
8/4/2022,Accommodatie,116
8/4/2022,Scholen alleen entree,0
8/4/2022,Evenementen Scholen,0
8/4/2022,Evenementen met entree,0
8/4/2022,Groepen,0
8/4/2022,Gratis/ <3,300
8/4/2022,Abonnement,600
8/5/2022,Vol betalend,1100
8/5/2022,Actie,1834
8/5/2022,Accommodatie,116
8/5/2022,Scholen alleen entree,0
8/5/2022,Evenementen Scholen,0
8/5/2022,Evenementen met entree,0
8/5/2022,Groepen,0
8/5/2022,Gratis/ <3,300
8/5/2022,Abonnement,600
8/6/2022,Vol betalend,1350
8/6/2022,Actie,3020
8/6/2022,Accommodatie,130
8/6/2022,Scholen alleen entree,0
8/6/2022,Evenementen Scholen,0
8/6/2022,Evenementen met entree,0
8/6/2022,Groepen,0
8/6/2022,Gratis/ <3,300
8/6/2022,Abonnement,400
8/7/2022,Vol betalend,1250
8/7/2022,Actie,2470
8/7/2022,Accommodatie,150
8/7/2022,Scholen alleen entree,0
8/7/2022,Evenementen Scholen,0
8/7/2022,Evenementen met entree,0
8/7/2022,Groepen,0
8/7/2022,Gratis/ <3,280
8/7/2022,Abonnement,600
8/8/2022,Vol betalend,1100
8/8/2022,Actie,1825
8/8/2022,Accommodatie,110
8/8/2022,Scholen alleen entree,0
8/8/2022,Evenementen Scholen,0
8/8/2022,Evenementen met entree,0
8/8/2022,Groepen,0
8/8/2022,Gratis/ <3,315
8/8/2022,Abonnement,600
8/9/2022,Vol betalend,1100
8/9/2022,Actie,1834
8/9/2022,Accommodatie,116
8/9/2022,Scholen alleen entree,0
8/9/2022,Evenementen Scholen,0
8/9/2022,Evenementen met entree,0
8/9/2022,Groepen,0
8/9/2022,Gratis/ <3,300
8/9/2022,Abonnement,600
8/10/2022,Vol betalend,1100
8/10/2022,Actie,1834
8/10/2022,Accommodatie,116
8/10/2022,Scholen alleen entree,0
8/10/2022,Evenementen Scholen,0
8/10/2022,Evenementen met entree,0
8/10/2022,Groepen,0
8/10/2022,Gratis/ <3,300
8/10/2022,Abonnement,600
8/11/2022,Vol betalend,1100
8/11/2022,Actie,1834
8/11/2022,Accommodatie,116
8/11/2022,Scholen alleen entree,0
8/11/2022,Evenementen Scholen,0
8/11/2022,Evenementen met entree,0
8/11/2022,Groepen,0
8/11/2022,Gratis/ <3,300
8/11/2022,Abonnement,600
8/12/2022,Vol betalend,1100
8/12/2022,Actie,1834
8/12/2022,Accommodatie,116
8/12/2022,Scholen alleen entree,0
8/12/2022,Evenementen Scholen,0
8/12/2022,Evenementen met entree,0
8/12/2022,Groepen,0
8/12/2022,Gratis/ <3,250
8/12/2022,Abonnement,600
8/13/2022,Vol betalend,1350
8/13/2022,Actie,3020
8/13/2022,Accommodatie,130
8/13/2022,Scholen alleen entree,0
8/13/2022,Evenementen Scholen,0
8/13/2022,Evenementen met entree,0
8/13/2022,Groepen,0
8/13/2022,Gratis/ <3,300
8/13/2022,Abonnement,400
8/14/2022,Vol betalend,1250
8/14/2022,Actie,2500
8/14/2022,Accommodatie,150
8/14/2022,Scholen alleen entree,0
8/14/2022,Evenementen Scholen,0
8/14/2022,Evenementen met entree,0
8/14/2022,Groepen,0
8/14/2022,Gratis/ <3,250
8/14/2022,Abonnement,600
8/15/2022,Vol betalend,1100
8/15/2022,Actie,1940
8/15/2022,Accommodatie,110
8/15/2022,Scholen alleen entree,0
8/15/2022,Evenementen Scholen,0
8/15/2022,Evenementen met entree,0
8/15/2022,Groepen,0
8/15/2022,Gratis/ <3,250
8/15/2022,Abonnement,600
8/16/2022,Vol betalend,1100
8/16/2022,Actie,1934
8/16/2022,Accommodatie,116
8/16/2022,Scholen alleen entree,0
8/16/2022,Evenementen Scholen,0
8/16/2022,Evenementen met entree,0
8/16/2022,Groepen,0
8/16/2022,Gratis/ <3,250
8/16/2022,Abonnement,600
8/17/2022,Vol betalend,1100
8/17/2022,Actie,1934
8/17/2022,Accommodatie,116
8/17/2022,Scholen alleen entree,0
8/17/2022,Evenementen Scholen,0
8/17/2022,Evenementen met entree,0
8/17/2022,Groepen,0
8/17/2022,Gratis/ <3,250
8/17/2022,Abonnement,600
8/18/2022,Vol betalend,1100
8/18/2022,Actie,1934
8/18/2022,Accommodatie,116
8/18/2022,Scholen alleen entree,0
8/18/2022,Evenementen Scholen,0
8/18/2022,Evenementen met entree,0
8/18/2022,Groepen,0
8/18/2022,Gratis/ <3,250
8/18/2022,Abonnement,600
8/19/2022,Vol betalend,1100
8/19/2022,Actie,1940
8/19/2022,Accommodatie,110
8/19/2022,Scholen alleen entree,0
8/19/2022,Evenementen Scholen,0
8/19/2022,Evenementen met entree,0
8/19/2022,Groepen,0
8/19/2022,Gratis/ <3,250
8/19/2022,Abonnement,600
8/20/2022,Vol betalend,1300
8/20/2022,Actie,2020
8/20/2022,Accommodatie,130
8/20/2022,Scholen alleen entree,0
8/20/2022,Evenementen Scholen,0
8/20/2022,Evenementen met entree,0
8/20/2022,Groepen,0
8/20/2022,Gratis/ <3,250
8/20/2022,Abonnement,400
8/21/2022,Vol betalend,1250
8/21/2022,Actie,2500
8/21/2022,Accommodatie,150
8/21/2022,Scholen alleen entree,0
8/21/2022,Evenementen Scholen,0
8/21/2022,Evenementen met entree,0
8/21/2022,Groepen,0
8/21/2022,Gratis/ <3,250
8/21/2022,Abonnement,600
8/22/2022,Vol betalend,800
8/22/2022,Actie,2070
8/22/2022,Accommodatie,80
8/22/2022,Scholen alleen entree,0
8/22/2022,Evenementen Scholen,0
8/22/2022,Evenementen met entree,0
8/22/2022,Groepen,0
8/22/2022,Gratis/ <3,250
8/22/2022,Abonnement,600
8/23/2022,Vol betalend,800
8/23/2022,Actie,2070
8/23/2022,Accommodatie,80
8/23/2022,Scholen alleen entree,0
8/23/2022,Evenementen Scholen,0
8/23/2022,Evenementen met entree,0
8/23/2022,Groepen,0
8/23/2022,Gratis/ <3,250
8/23/2022,Abonnement,600
8/24/2022,Vol betalend,800
8/24/2022,Actie,2070
8/24/2022,Accommodatie,80
8/24/2022,Scholen alleen entree,0
8/24/2022,Evenementen Scholen,0
8/24/2022,Evenementen met entree,0
8/24/2022,Groepen,0
8/24/2022,Gratis/ <3,250
8/24/2022,Abonnement,600
8/25/2022,Vol betalend,800
8/25/2022,Actie,2070
8/25/2022,Accommodatie,80
8/25/2022,Scholen alleen entree,0
8/25/2022,Evenementen Scholen,0
8/25/2022,Evenementen met entree,0
8/25/2022,Groepen,0
8/25/2022,Gratis/ <3,250
8/25/2022,Abonnement,600
8/26/2022,Vol betalend,800
8/26/2022,Actie,2070
8/26/2022,Accommodatie,80
8/26/2022,Scholen alleen entree,0
8/26/2022,Evenementen Scholen,0
8/26/2022,Evenementen met entree,0
8/26/2022,Groepen,0
8/26/2022,Gratis/ <3,250
8/26/2022,Abonnement,600
8/27/2022,Vol betalend,800
8/27/2022,Actie,2230
8/27/2022,Accommodatie,120
8/27/2022,Scholen alleen entree,0
8/27/2022,Evenementen Scholen,0
8/27/2022,Evenementen met entree,0
8/27/2022,Groepen,0
8/27/2022,Gratis/ <3,250
8/27/2022,Abonnement,400
8/28/2022,Vol betalend,1150
8/28/2022,Actie,2120
8/28/2022,Accommodatie,130
8/28/2022,Scholen alleen entree,0
8/28/2022,Evenementen Scholen,0
8/28/2022,Evenementen met entree,0
8/28/2022,Groepen,0
8/28/2022,Gratis/ <3,250
8/28/2022,Abonnement,600
8/29/2022,Vol betalend,800
8/29/2022,Actie,1717
8/29/2022,Accommodatie,83
8/29/2022,Scholen alleen entree,0
8/29/2022,Evenementen Scholen,0
8/29/2022,Evenementen met entree,0
8/29/2022,Groepen,0
8/29/2022,Gratis/ <3,250
8/29/2022,Abonnement,400
8/30/2022,Vol betalend,800
8/30/2022,Actie,1717
8/30/2022,Accommodatie,83
8/30/2022,Scholen alleen entree,0
8/30/2022,Evenementen Scholen,0
8/30/2022,Evenementen met entree,0
8/30/2022,Groepen,0
8/30/2022,Gratis/ <3,250
8/30/2022,Abonnement,400
8/31/2022,Vol betalend,800
8/31/2022,Actie,1717
8/31/2022,Accommodatie,83
8/31/2022,Scholen alleen entree,0
8/31/2022,Evenementen Scholen,0
8/31/2022,Evenementen met entree,0
8/31/2022,Groepen,0
8/31/2022,Gratis/ <3,250
8/31/2022,Abonnement,400
9/1/2022,Vol betalend,800
9/1/2022,Actie,1617
9/1/2022,Accommodatie,83
9/1/2022,Scholen alleen entree,0
9/1/2022,Evenementen Scholen,0
9/1/2022,Evenementen met entree,0
9/1/2022,Groepen,300
9/1/2022,Gratis/ <3,200
9/1/2022,Abonnement,250
9/2/2022,Vol betalend,800
9/2/2022,Actie,1917
9/2/2022,Accommodatie,83
9/2/2022,Scholen alleen entree,0
9/2/2022,Evenementen Scholen,0
9/2/2022,Evenementen met entree,0
9/2/2022,Groepen,0
9/2/2022,Gratis/ <3,200
9/2/2022,Abonnement,250
9/3/2022,Vol betalend,750
9/3/2022,Actie,1989
9/3/2022,Accommodatie,116
9/3/2022,Scholen alleen entree,0
9/3/2022,Evenementen Scholen,0
9/3/2022,Evenementen met entree,0
9/3/2022,Groepen,0
9/3/2022,Gratis/ <3,245
9/3/2022,Abonnement,400
9/4/2022,Vol betalend,750
9/4/2022,Actie,2389
9/4/2022,Accommodatie,116
9/4/2022,Scholen alleen entree,0
9/4/2022,Evenementen Scholen,0
9/4/2022,Evenementen met entree,0
9/4/2022,Groepen,0
9/4/2022,Gratis/ <3,245
9/4/2022,Abonnement,500
9/5/2022,Vol betalend,203
9/5/2022,Actie,803
9/5/2022,Accommodatie,39
9/5/2022,Scholen alleen entree,300
9/5/2022,Evenementen Scholen,0
9/5/2022,Evenementen met entree,0
9/5/2022,Groepen,300
9/5/2022,Gratis/ <3,105
9/5/2022,Abonnement,250
9/6/2022,Vol betalend,203
9/6/2022,Actie,803
9/6/2022,Accommodatie,39
9/6/2022,Scholen alleen entree,300
9/6/2022,Evenementen Scholen,0
9/6/2022,Evenementen met entree,0
9/6/2022,Groepen,300
9/6/2022,Gratis/ <3,105
9/6/2022,Abonnement,250
9/7/2022,Vol betalend,203
9/7/2022,Actie,803
9/7/2022,Accommodatie,39
9/7/2022,Scholen alleen entree,300
9/7/2022,Evenementen Scholen,0
9/7/2022,Evenementen met entree,0
9/7/2022,Groepen,300
9/7/2022,Gratis/ <3,105
9/7/2022,Abonnement,250
9/8/2022,Vol betalend,203
9/8/2022,Actie,803
9/8/2022,Accommodatie,39
9/8/2022,Scholen alleen entree,300
9/8/2022,Evenementen Scholen,0
9/8/2022,Evenementen met entree,0
9/8/2022,Groepen,300
9/8/2022,Gratis/ <3,105
9/8/2022,Abonnement,250
9/9/2022,Vol betalend,203
9/9/2022,Actie,1103
9/9/2022,Accommodatie,39
9/9/2022,Scholen alleen entree,300
9/9/2022,Evenementen Scholen,0
9/9/2022,Evenementen met entree,0
9/9/2022,Groepen,0
9/9/2022,Gratis/ <3,105
9/9/2022,Abonnement,250
9/10/2022,Vol betalend,1239
9/10/2022,Actie,2000
9/10/2022,Accommodatie,116
9/10/2022,Scholen alleen entree,0
9/10/2022,Evenementen Scholen,0
9/10/2022,Evenementen met entree,0
9/10/2022,Groepen,0
9/10/2022,Gratis/ <3,245
9/10/2022,Abonnement,400
9/11/2022,Vol betalend,1439
9/11/2022,Actie,2700
9/11/2022,Accommodatie,116
9/11/2022,Scholen alleen entree,0
9/11/2022,Evenementen Scholen,0
9/11/2022,Evenementen met entree,0
9/11/2022,Groepen,0
9/11/2022,Gratis/ <3,245
9/11/2022,Abonnement,500
9/12/2022,Vol betalend,206
9/12/2022,Actie,460
9/12/2022,Accommodatie,39
9/12/2022,Scholen alleen entree,300
9/12/2022,Evenementen Scholen,0
9/12/2022,Evenementen met entree,0
9/12/2022,Groepen,240
9/12/2022,Gratis/ <3,105
9/12/2022,Abonnement,250
9/13/2022,Vol betalend,206
9/13/2022,Actie,460
9/13/2022,Accommodatie,39
9/13/2022,Scholen alleen entree,300
9/13/2022,Evenementen Scholen,0
9/13/2022,Evenementen met entree,0
9/13/2022,Groepen,240
9/13/2022,Gratis/ <3,105
9/13/2022,Abonnement,250
9/14/2022,Vol betalend,206
9/14/2022,Actie,460
9/14/2022,Accommodatie,39
9/14/2022,Scholen alleen entree,300
9/14/2022,Evenementen Scholen,0
9/14/2022,Evenementen met entree,0
9/14/2022,Groepen,240
9/14/2022,Gratis/ <3,105
9/14/2022,Abonnement,250
9/15/2022,Vol betalend,206
9/15/2022,Actie,460
9/15/2022,Accommodatie,39
9/15/2022,Scholen alleen entree,300
9/15/2022,Evenementen Scholen,0
9/15/2022,Evenementen met entree,0
9/15/2022,Groepen,240
9/15/2022,Gratis/ <3,105
9/15/2022,Abonnement,250
9/16/2022,Vol betalend,206
9/16/2022,Actie,460
9/16/2022,Accommodatie,39
9/16/2022,Scholen alleen entree,300
9/16/2022,Evenementen Scholen,0
9/16/2022,Evenementen met entree,0
9/16/2022,Groepen,240
9/16/2022,Gratis/ <3,105
9/16/2022,Abonnement,250
9/17/2022,Vol betalend,1219
9/17/2022,Actie,2020
9/17/2022,Accommodatie,116
9/17/2022,Scholen alleen entree,0
9/17/2022,Evenementen Scholen,0
9/17/2022,Evenementen met entree,0
9/17/2022,Groepen,0
9/17/2022,Gratis/ <3,245
9/17/2022,Abonnement,400
9/18/2022,Vol betalend,1219
9/18/2022,Actie,2120
9/18/2022,Accommodatie,116
9/18/2022,Scholen alleen entree,0
9/18/2022,Evenementen Scholen,0
9/18/2022,Evenementen met entree,0
9/18/2022,Groepen,0
9/18/2022,Gratis/ <3,245
9/18/2022,Abonnement,800
9/19/2022,Vol betalend,203
9/19/2022,Actie,403
9/19/2022,Accommodatie,39
9/19/2022,Scholen alleen entree,300
9/19/2022,Evenementen Scholen,0
9/19/2022,Evenementen met entree,0
9/19/2022,Groepen,300
9/19/2022,Gratis/ <3,105
9/19/2022,Abonnement,250
9/20/2022,Vol betalend,203
9/20/2022,Actie,403
9/20/2022,Accommodatie,39
9/20/2022,Scholen alleen entree,300
9/20/2022,Evenementen Scholen,0
9/20/2022,Evenementen met entree,0
9/20/2022,Groepen,300
9/20/2022,Gratis/ <3,105
9/20/2022,Abonnement,250
9/21/2022,Vol betalend,203
9/21/2022,Actie,403
9/21/2022,Accommodatie,39
9/21/2022,Scholen alleen entree,300
9/21/2022,Evenementen Scholen,0
9/21/2022,Evenementen met entree,0
9/21/2022,Groepen,300
9/21/2022,Gratis/ <3,105
9/21/2022,Abonnement,250
9/22/2022,Vol betalend,203
9/22/2022,Actie,403
9/22/2022,Accommodatie,39
9/22/2022,Scholen alleen entree,300
9/22/2022,Evenementen Scholen,0
9/22/2022,Evenementen met entree,0
9/22/2022,Groepen,300
9/22/2022,Gratis/ <3,105
9/22/2022,Abonnement,250
9/23/2022,Vol betalend,203
9/23/2022,Actie,603
9/23/2022,Accommodatie,39
9/23/2022,Scholen alleen entree,300
9/23/2022,Evenementen Scholen,0
9/23/2022,Evenementen met entree,0
9/23/2022,Groepen,0
9/23/2022,Gratis/ <3,105
9/23/2022,Abonnement,250
9/24/2022,Vol betalend,750
9/24/2022,Actie,2489
9/24/2022,Accommodatie,116
9/24/2022,Scholen alleen entree,0
9/24/2022,Evenementen Scholen,0
9/24/2022,Evenementen met entree,0
9/24/2022,Groepen,0
9/24/2022,Gratis/ <3,245
9/24/2022,Abonnement,400
9/25/2022,Vol betalend,750
9/25/2022,Actie,2589
9/25/2022,Accommodatie,116
9/25/2022,Scholen alleen entree,0
9/25/2022,Evenementen Scholen,0
9/25/2022,Evenementen met entree,0
9/25/2022,Groepen,0
9/25/2022,Gratis/ <3,245
9/25/2022,Abonnement,800
9/26/2022,Vol betalend,203
9/26/2022,Actie,403
9/26/2022,Accommodatie,39
9/26/2022,Scholen alleen entree,300
9/26/2022,Evenementen Scholen,0
9/26/2022,Evenementen met entree,0
9/26/2022,Groepen,300
9/26/2022,Gratis/ <3,105
9/26/2022,Abonnement,250
9/27/2022,Vol betalend,203
9/27/2022,Actie,403
9/27/2022,Accommodatie,39
9/27/2022,Scholen alleen entree,300
9/27/2022,Evenementen Scholen,0
9/27/2022,Evenementen met entree,0
9/27/2022,Groepen,300
9/27/2022,Gratis/ <3,105
9/27/2022,Abonnement,250
9/28/2022,Vol betalend,203
9/28/2022,Actie,403
9/28/2022,Accommodatie,39
9/28/2022,Scholen alleen entree,300
9/28/2022,Evenementen Scholen,0
9/28/2022,Evenementen met entree,0
9/28/2022,Groepen,300
9/28/2022,Gratis/ <3,105
9/28/2022,Abonnement,250
9/29/2022,Vol betalend,203
9/29/2022,Actie,403
9/29/2022,Accommodatie,39
9/29/2022,Scholen alleen entree,300
9/29/2022,Evenementen Scholen,0
9/29/2022,Evenementen met entree,0
9/29/2022,Groepen,300
9/29/2022,Gratis/ <3,105
9/29/2022,Abonnement,250
9/30/2022,Vol betalend,500
9/30/2022,Actie,406
9/30/2022,Accommodatie,39
9/30/2022,Scholen alleen entree,300
9/30/2022,Evenementen Scholen,0
9/30/2022,Evenementen met entree,0
9/30/2022,Groepen,0
9/30/2022,Gratis/ <3,105
9/30/2022,Abonnement,250
10/1/2022,Vol betalend,900
10/1/2022,Actie,1995
10/1/2022,Accommodatie,100
10/1/2022,Scholen alleen entree,0
10/1/2022,Evenementen Scholen,0
10/1/2022,Evenementen met entree,0
10/1/2022,Groepen,0
10/1/2022,Gratis/ <3,105
10/1/2022,Abonnement,400
10/2/2022,Vol betalend,1100
10/2/2022,Actie,2290
10/2/2022,Accommodatie,100
10/2/2022,Scholen alleen entree,0
10/2/2022,Evenementen Scholen,0
10/2/2022,Evenementen met entree,0
10/2/2022,Groepen,0
10/2/2022,Gratis/ <3,210
10/2/2022,Abonnement,800
10/3/2022,Vol betalend,203
10/3/2022,Actie,609
10/3/2022,Accommodatie,133
10/3/2022,Scholen alleen entree,0
10/3/2022,Evenementen Scholen,0
10/3/2022,Evenementen met entree,0
10/3/2022,Groepen,300
10/3/2022,Gratis/ <3,105
10/3/2022,Abonnement,200
10/4/2022,Vol betalend,203
10/4/2022,Actie,653
10/4/2022,Accommodatie,39
10/4/2022,Scholen alleen entree,0
10/4/2022,Evenementen Scholen,0
10/4/2022,Evenementen met entree,0
10/4/2022,Groepen,300
10/4/2022,Gratis/ <3,105
10/4/2022,Abonnement,200
10/5/2022,Vol betalend,203
10/5/2022,Actie,631
10/5/2022,Accommodatie,39
10/5/2022,Scholen alleen entree,22
10/5/2022,Evenementen Scholen,0
10/5/2022,Evenementen met entree,0
10/5/2022,Groepen,300
10/5/2022,Gratis/ <3,105
10/5/2022,Abonnement,200
10/6/2022,Vol betalend,203
10/6/2022,Actie,631
10/6/2022,Accommodatie,39
10/6/2022,Scholen alleen entree,22
10/6/2022,Evenementen Scholen,0
10/6/2022,Evenementen met entree,0
10/6/2022,Groepen,300
10/6/2022,Gratis/ <3,105
10/6/2022,Abonnement,200
10/7/2022,Vol betalend,203
10/7/2022,Actie,931
10/7/2022,Accommodatie,39
10/7/2022,Scholen alleen entree,22
10/7/2022,Evenementen Scholen,0
10/7/2022,Evenementen met entree,0
10/7/2022,Groepen,0
10/7/2022,Gratis/ <3,105
10/7/2022,Abonnement,200
10/8/2022,Vol betalend,920
10/8/2022,Actie,1975
10/8/2022,Accommodatie,100
10/8/2022,Scholen alleen entree,0
10/8/2022,Evenementen Scholen,0
10/8/2022,Evenementen met entree,0
10/8/2022,Groepen,0
10/8/2022,Gratis/ <3,105
10/8/2022,Abonnement,400
10/9/2022,Vol betalend,900
10/9/2022,Actie,2190
10/9/2022,Accommodatie,100
10/9/2022,Scholen alleen entree,0
10/9/2022,Evenementen Scholen,0
10/9/2022,Evenementen met entree,0
10/9/2022,Groepen,0
10/9/2022,Gratis/ <3,210
10/9/2022,Abonnement,600
10/10/2022,Vol betalend,203
10/10/2022,Actie,653
10/10/2022,Accommodatie,39
10/10/2022,Scholen alleen entree,0
10/10/2022,Evenementen Scholen,0
10/10/2022,Evenementen met entree,0
10/10/2022,Groepen,300
10/10/2022,Gratis/ <3,105
10/10/2022,Abonnement,200
10/11/2022,Vol betalend,203
10/11/2022,Actie,631
10/11/2022,Accommodatie,39
10/11/2022,Scholen alleen entree,22
10/11/2022,Evenementen Scholen,0
10/11/2022,Evenementen met entree,0
10/11/2022,Groepen,300
10/11/2022,Gratis/ <3,105
10/11/2022,Abonnement,200
10/12/2022,Vol betalend,203
10/12/2022,Actie,631
10/12/2022,Accommodatie,39
10/12/2022,Scholen alleen entree,22
10/12/2022,Evenementen Scholen,0
10/12/2022,Evenementen met entree,0
10/12/2022,Groepen,300
10/12/2022,Gratis/ <3,105
10/12/2022,Abonnement,200
10/13/2022,Vol betalend,203
10/13/2022,Actie,631
10/13/2022,Accommodatie,39
10/13/2022,Scholen alleen entree,22
10/13/2022,Evenementen Scholen,0
10/13/2022,Evenementen met entree,0
10/13/2022,Groepen,300
10/13/2022,Gratis/ <3,105
10/13/2022,Abonnement,200
10/14/2022,Vol betalend,203
10/14/2022,Actie,931
10/14/2022,Accommodatie,39
10/14/2022,Scholen alleen entree,22
10/14/2022,Evenementen Scholen,0
10/14/2022,Evenementen met entree,0
10/14/2022,Groepen,0
10/14/2022,Gratis/ <3,105
10/14/2022,Abonnement,200
10/15/2022,Vol betalend,1100
10/15/2022,Actie,1782
10/15/2022,Accommodatie,113
10/15/2022,Scholen alleen entree,0
10/15/2022,Evenementen Scholen,0
10/15/2022,Evenementen met entree,0
10/15/2022,Groepen,0
10/15/2022,Gratis/ <3,105
10/15/2022,Abonnement,400
10/16/2022,Vol betalend,1100
10/16/2022,Actie,1907
10/16/2022,Accommodatie,113
10/16/2022,Scholen alleen entree,0
10/16/2022,Evenementen Scholen,0
10/16/2022,Evenementen met entree,0
10/16/2022,Groepen,0
10/16/2022,Gratis/ <3,280
10/16/2022,Abonnement,600
10/17/2022,Vol betalend,473
10/17/2022,Actie,2216
10/17/2022,Accommodatie,116
10/17/2022,Scholen alleen entree,0
10/17/2022,Evenementen Scholen,0
10/17/2022,Evenementen met entree,0
10/17/2022,Groepen,0
10/17/2022,Gratis/ <3,245
10/17/2022,Abonnement,500
10/18/2022,Vol betalend,473
10/18/2022,Actie,2216
10/18/2022,Accommodatie,116
10/18/2022,Scholen alleen entree,0
10/18/2022,Evenementen Scholen,0
10/18/2022,Evenementen met entree,0
10/18/2022,Groepen,0
10/18/2022,Gratis/ <3,245
10/18/2022,Abonnement,500
10/19/2022,Vol betalend,473
10/19/2022,Actie,2216
10/19/2022,Accommodatie,116
10/19/2022,Scholen alleen entree,0
10/19/2022,Evenementen Scholen,0
10/19/2022,Evenementen met entree,0
10/19/2022,Groepen,0
10/19/2022,Gratis/ <3,245
10/19/2022,Abonnement,500
10/20/2022,Vol betalend,473
10/20/2022,Actie,2216
10/20/2022,Accommodatie,116
10/20/2022,Scholen alleen entree,0
10/20/2022,Evenementen Scholen,0
10/20/2022,Evenementen met entree,0
10/20/2022,Groepen,0
10/20/2022,Gratis/ <3,245
10/20/2022,Abonnement,500
10/21/2022,Vol betalend,473
10/21/2022,Actie,2216
10/21/2022,Accommodatie,116
10/21/2022,Scholen alleen entree,0
10/21/2022,Evenementen Scholen,0
10/21/2022,Evenementen met entree,0
10/21/2022,Groepen,0
10/21/2022,Gratis/ <3,245
10/21/2022,Abonnement,500
10/22/2022,Vol betalend,1100
10/22/2022,Actie,2442
10/22/2022,Accommodatie,113
10/22/2022,Scholen alleen entree,0
10/22/2022,Evenementen Scholen,0
10/22/2022,Evenementen met entree,0
10/22/2022,Groepen,0
10/22/2022,Gratis/ <3,245
10/22/2022,Abonnement,600
10/23/2022,Vol betalend,1100
10/23/2022,Actie,2707
10/23/2022,Accommodatie,113
10/23/2022,Scholen alleen entree,0
10/23/2022,Evenementen Scholen,0
10/23/2022,Evenementen met entree,0
10/23/2022,Groepen,0
10/23/2022,Gratis/ <3,280
10/23/2022,Abonnement,800
10/24/2022,Vol betalend,800
10/24/2022,Actie,1242
10/24/2022,Accommodatie,83
10/24/2022,Scholen alleen entree,0
10/24/2022,Evenementen Scholen,0
10/24/2022,Evenementen met entree,0
10/24/2022,Groepen,0
10/24/2022,Gratis/ <3,175
10/24/2022,Abonnement,200
10/25/2022,Vol betalend,800
10/25/2022,Actie,1224
10/25/2022,Accommodatie,83
10/25/2022,Scholen alleen entree,18
10/25/2022,Evenementen Scholen,0
10/25/2022,Evenementen met entree,0
10/25/2022,Groepen,0
10/25/2022,Gratis/ <3,175
10/25/2022,Abonnement,200
10/26/2022,Vol betalend,800
10/26/2022,Actie,1224
10/26/2022,Accommodatie,83
10/26/2022,Scholen alleen entree,18
10/26/2022,Evenementen Scholen,0
10/26/2022,Evenementen met entree,0
10/26/2022,Groepen,0
10/26/2022,Gratis/ <3,175
10/26/2022,Abonnement,200
10/27/2022,Vol betalend,800
10/27/2022,Actie,1224
10/27/2022,Accommodatie,83
10/27/2022,Scholen alleen entree,18
10/27/2022,Evenementen Scholen,0
10/27/2022,Evenementen met entree,0
10/27/2022,Groepen,0
10/27/2022,Gratis/ <3,175
10/27/2022,Abonnement,200
10/28/2022,Vol betalend,800
10/28/2022,Actie,1224
10/28/2022,Accommodatie,83
10/28/2022,Scholen alleen entree,18
10/28/2022,Evenementen Scholen,0
10/28/2022,Evenementen met entree,0
10/28/2022,Groepen,0
10/28/2022,Gratis/ <3,175
10/28/2022,Abonnement,200
10/29/2022,Vol betalend,600
10/29/2022,Actie,2212
10/29/2022,Accommodatie,113
10/29/2022,Scholen alleen entree,0
10/29/2022,Evenementen Scholen,0
10/29/2022,Evenementen met entree,0
10/29/2022,Groepen,0
10/29/2022,Gratis/ <3,175
10/29/2022,Abonnement,400
10/30/2022,Vol betalend,1100
10/30/2022,Actie,2007
10/30/2022,Accommodatie,113
10/30/2022,Scholen alleen entree,0
10/30/2022,Evenementen Scholen,0
10/30/2022,Evenementen met entree,0
10/30/2022,Groepen,0
10/30/2022,Gratis/ <3,280
10/30/2022,Abonnement,600
10/31/2022,Vol betalend,74
10/31/2022,Actie,429
10/31/2022,Accommodatie,23
10/31/2022,Scholen alleen entree,0
10/31/2022,Evenementen Scholen,0
10/31/2022,Evenementen met entree,0
10/31/2022,Groepen,0
10/31/2022,Gratis/ <3,49
10/31/2022,Abonnement,250
11/1/2022,Vol betalend,74
11/1/2022,Actie,429
11/1/2022,Accommodatie,23
11/1/2022,Scholen alleen entree,0
11/1/2022,Evenementen Scholen,0
11/1/2022,Evenementen met entree,0
11/1/2022,Groepen,0
11/1/2022,Gratis/ <3,49
11/1/2022,Abonnement,250
11/2/2022,Vol betalend,74
11/2/2022,Actie,429
11/2/2022,Accommodatie,23
11/2/2022,Scholen alleen entree,0
11/2/2022,Evenementen Scholen,0
11/2/2022,Evenementen met entree,0
11/2/2022,Groepen,0
11/2/2022,Gratis/ <3,49
11/2/2022,Abonnement,250
11/3/2022,Vol betalend,74
11/3/2022,Actie,429
11/3/2022,Accommodatie,23
11/3/2022,Scholen alleen entree,0
11/3/2022,Evenementen Scholen,0
11/3/2022,Evenementen met entree,0
11/3/2022,Groepen,0
11/3/2022,Gratis/ <3,49
11/3/2022,Abonnement,250
11/4/2022,Vol betalend,74
11/4/2022,Actie,429
11/4/2022,Accommodatie,23
11/4/2022,Scholen alleen entree,0
11/4/2022,Evenementen Scholen,0
11/4/2022,Evenementen met entree,0
11/4/2022,Groepen,0
11/4/2022,Gratis/ <3,49
11/4/2022,Abonnement,250
11/5/2022,Vol betalend,600
11/5/2022,Actie,985
11/5/2022,Accommodatie,66
11/5/2022,Scholen alleen entree,0
11/5/2022,Evenementen Scholen,0
11/5/2022,Evenementen met entree,0
11/5/2022,Groepen,0
11/5/2022,Gratis/ <3,49
11/5/2022,Abonnement,400
11/6/2022,Vol betalend,700
11/6/2022,Actie,1080
11/6/2022,Accommodatie,80
11/6/2022,Scholen alleen entree,0
11/6/2022,Evenementen Scholen,0
11/6/2022,Evenementen met entree,0
11/6/2022,Groepen,0
11/6/2022,Gratis/ <3,140
11/6/2022,Abonnement,500
11/7/2022,Vol betalend,74
11/7/2022,Actie,429
11/7/2022,Accommodatie,23
11/7/2022,Scholen alleen entree,0
11/7/2022,Evenementen Scholen,0
11/7/2022,Evenementen met entree,0
11/7/2022,Groepen,0
11/7/2022,Gratis/ <3,49
11/7/2022,Abonnement,250
11/8/2022,Vol betalend,74
11/8/2022,Actie,424
11/8/2022,Accommodatie,23
11/8/2022,Scholen alleen entree,5
11/8/2022,Evenementen Scholen,0
11/8/2022,Evenementen met entree,0
11/8/2022,Groepen,0
11/8/2022,Gratis/ <3,49
11/8/2022,Abonnement,250
11/9/2022,Vol betalend,74
11/9/2022,Actie,424
11/9/2022,Accommodatie,23
11/9/2022,Scholen alleen entree,5
11/9/2022,Evenementen Scholen,0
11/9/2022,Evenementen met entree,0
11/9/2022,Groepen,0
11/9/2022,Gratis/ <3,49
11/9/2022,Abonnement,250
11/10/2022,Vol betalend,74
11/10/2022,Actie,424
11/10/2022,Accommodatie,23
11/10/2022,Scholen alleen entree,5
11/10/2022,Evenementen Scholen,0
11/10/2022,Evenementen met entree,0
11/10/2022,Groepen,0
11/10/2022,Gratis/ <3,49
11/10/2022,Abonnement,250
11/11/2022,Vol betalend,74
11/11/2022,Actie,429
11/11/2022,Accommodatie,23
11/11/2022,Scholen alleen entree,0
11/11/2022,Evenementen Scholen,0
11/11/2022,Evenementen met entree,0
11/11/2022,Groepen,0
11/11/2022,Gratis/ <3,49
11/11/2022,Abonnement,200
11/12/2022,Vol betalend,685
11/12/2022,Actie,974
11/12/2022,Accommodatie,66
11/12/2022,Scholen alleen entree,0
11/12/2022,Evenementen Scholen,0
11/12/2022,Evenementen met entree,0
11/12/2022,Groepen,0
11/12/2022,Gratis/ <3,75
11/12/2022,Abonnement,300
11/13/2022,Vol betalend,700
11/13/2022,Actie,1080
11/13/2022,Accommodatie,80
11/13/2022,Scholen alleen entree,0
11/13/2022,Evenementen Scholen,0
11/13/2022,Evenementen met entree,0
11/13/2022,Groepen,0
11/13/2022,Gratis/ <3,140
11/13/2022,Abonnement,500
11/14/2022,Vol betalend,74
11/14/2022,Actie,429
11/14/2022,Accommodatie,23
11/14/2022,Scholen alleen entree,0
11/14/2022,Evenementen Scholen,0
11/14/2022,Evenementen met entree,0
11/14/2022,Groepen,0
11/14/2022,Gratis/ <3,49
11/14/2022,Abonnement,250
11/15/2022,Vol betalend,74
11/15/2022,Actie,424
11/15/2022,Accommodatie,23
11/15/2022,Scholen alleen entree,5
11/15/2022,Evenementen Scholen,0
11/15/2022,Evenementen met entree,0
11/15/2022,Groepen,0
11/15/2022,Gratis/ <3,49
11/15/2022,Abonnement,250
11/16/2022,Vol betalend,74
11/16/2022,Actie,424
11/16/2022,Accommodatie,23
11/16/2022,Scholen alleen entree,5
11/16/2022,Evenementen Scholen,0
11/16/2022,Evenementen met entree,0
11/16/2022,Groepen,0
11/16/2022,Gratis/ <3,49
11/16/2022,Abonnement,250
11/17/2022,Vol betalend,74
11/17/2022,Actie,424
11/17/2022,Accommodatie,23
11/17/2022,Scholen alleen entree,5
11/17/2022,Evenementen Scholen,0
11/17/2022,Evenementen met entree,0
11/17/2022,Groepen,0
11/17/2022,Gratis/ <3,49
11/17/2022,Abonnement,250
11/18/2022,Vol betalend,74
11/18/2022,Actie,424
11/18/2022,Accommodatie,23
11/18/2022,Scholen alleen entree,5
11/18/2022,Evenementen Scholen,0
11/18/2022,Evenementen met entree,0
11/18/2022,Groepen,0
11/18/2022,Gratis/ <3,49
11/18/2022,Abonnement,250
11/19/2022,Vol betalend,600
11/19/2022,Actie,959
11/19/2022,Accommodatie,66
11/19/2022,Scholen alleen entree,0
11/19/2022,Evenementen Scholen,0
11/19/2022,Evenementen met entree,0
11/19/2022,Groepen,0
11/19/2022,Gratis/ <3,75
11/19/2022,Abonnement,400
11/20/2022,Vol betalend,700
11/20/2022,Actie,980
11/20/2022,Accommodatie,80
11/20/2022,Scholen alleen entree,0
11/20/2022,Evenementen Scholen,0
11/20/2022,Evenementen met entree,0
11/20/2022,Groepen,0
11/20/2022,Gratis/ <3,140
11/20/2022,Abonnement,600
11/21/2022,Vol betalend,74
11/21/2022,Actie,429
11/21/2022,Accommodatie,23
11/21/2022,Scholen alleen entree,0
11/21/2022,Evenementen Scholen,0
11/21/2022,Evenementen met entree,0
11/21/2022,Groepen,0
11/21/2022,Gratis/ <3,49
11/21/2022,Abonnement,250
11/22/2022,Vol betalend,74
11/22/2022,Actie,424
11/22/2022,Accommodatie,23
11/22/2022,Scholen alleen entree,5
11/22/2022,Evenementen Scholen,0
11/22/2022,Evenementen met entree,0
11/22/2022,Groepen,0
11/22/2022,Gratis/ <3,49
11/22/2022,Abonnement,250
11/23/2022,Vol betalend,74
11/23/2022,Actie,424
11/23/2022,Accommodatie,23
11/23/2022,Scholen alleen entree,5
11/23/2022,Evenementen Scholen,0
11/23/2022,Evenementen met entree,0
11/23/2022,Groepen,0
11/23/2022,Gratis/ <3,49
11/23/2022,Abonnement,250
11/24/2022,Vol betalend,74
11/24/2022,Actie,424
11/24/2022,Accommodatie,23
11/24/2022,Scholen alleen entree,5
11/24/2022,Evenementen Scholen,0
11/24/2022,Evenementen met entree,0
11/24/2022,Groepen,0
11/24/2022,Gratis/ <3,49
11/24/2022,Abonnement,250
11/25/2022,Vol betalend,74
11/25/2022,Actie,425
11/25/2022,Accommodatie,23
11/25/2022,Scholen alleen entree,4
11/25/2022,Evenementen Scholen,0
11/25/2022,Evenementen met entree,0
11/25/2022,Groepen,0
11/25/2022,Gratis/ <3,49
11/25/2022,Abonnement,250
11/26/2022,Vol betalend,600
11/26/2022,Actie,966
11/26/2022,Accommodatie,59
11/26/2022,Scholen alleen entree,0
11/26/2022,Evenementen Scholen,0
11/26/2022,Evenementen met entree,0
11/26/2022,Groepen,0
11/26/2022,Gratis/ <3,75
11/26/2022,Abonnement,400
11/27/2022,Vol betalend,750
11/27/2022,Actie,1030
11/27/2022,Accommodatie,80
11/27/2022,Scholen alleen entree,0
11/27/2022,Evenementen Scholen,0
11/27/2022,Evenementen met entree,0
11/27/2022,Groepen,0
11/27/2022,Gratis/ <3,140
11/27/2022,Abonnement,500
11/28/2022,Vol betalend,41
11/28/2022,Actie,178
11/28/2022,Accommodatie,10
11/28/2022,Scholen alleen entree,0
11/28/2022,Evenementen Scholen,0
11/28/2022,Evenementen met entree,0
11/28/2022,Groepen,0
11/28/2022,Gratis/ <3,21
11/28/2022,Abonnement,100
11/29/2022,Vol betalend,41
11/29/2022,Actie,178
11/29/2022,Accommodatie,10
11/29/2022,Scholen alleen entree,0
11/29/2022,Evenementen Scholen,0
11/29/2022,Evenementen met entree,0
11/29/2022,Groepen,0
11/29/2022,Gratis/ <3,21
11/29/2022,Abonnement,100
11/30/2022,Vol betalend,41
11/30/2022,Actie,178
11/30/2022,Accommodatie,10
11/30/2022,Scholen alleen entree,0
11/30/2022,Evenementen Scholen,0
11/30/2022,Evenementen met entree,0
11/30/2022,Groepen,0
11/30/2022,Gratis/ <3,21
11/30/2022,Abonnement,100
12/1/2022,Vol betalend,43
12/1/2022,Actie,176
12/1/2022,Accommodatie,10
12/1/2022,Scholen alleen entree,0
12/1/2022,Evenementen Scholen,0
12/1/2022,Evenementen met entree,0
12/1/2022,Groepen,0
12/1/2022,Gratis/ <3,21
12/1/2022,Abonnement,100
12/2/2022,Vol betalend,43
12/2/2022,Actie,176
12/2/2022,Accommodatie,10
12/2/2022,Scholen alleen entree,0
12/2/2022,Evenementen Scholen,0
12/2/2022,Evenementen met entree,0
12/2/2022,Groepen,0
12/2/2022,Gratis/ <3,21
12/2/2022,Abonnement,100
12/3/2022,Vol betalend,106
12/3/2022,Actie,166
12/3/2022,Accommodatie,25
12/3/2022,Scholen alleen entree,0
12/3/2022,Evenementen Scholen,0
12/3/2022,Evenementen met entree,0
12/3/2022,Groepen,0
12/3/2022,Gratis/ <3,53
12/3/2022,Abonnement,300
12/4/2022,Vol betalend,120
12/4/2022,Actie,452
12/4/2022,Accommodatie,25
12/4/2022,Scholen alleen entree,0
12/4/2022,Evenementen Scholen,0
12/4/2022,Evenementen met entree,0
12/4/2022,Groepen,0
12/4/2022,Gratis/ <3,53
12/4/2022,Abonnement,500
12/5/2022,Vol betalend,43
12/5/2022,Actie,176
12/5/2022,Accommodatie,10
12/5/2022,Scholen alleen entree,0
12/5/2022,Evenementen Scholen,0
12/5/2022,Evenementen met entree,0
12/5/2022,Groepen,0
12/5/2022,Gratis/ <3,21
12/5/2022,Abonnement,100
12/6/2022,Vol betalend,43
12/6/2022,Actie,176
12/6/2022,Accommodatie,10
12/6/2022,Scholen alleen entree,0
12/6/2022,Evenementen Scholen,0
12/6/2022,Evenementen met entree,0
12/6/2022,Groepen,0
12/6/2022,Gratis/ <3,21
12/6/2022,Abonnement,100
12/7/2022,Vol betalend,43
12/7/2022,Actie,176
12/7/2022,Accommodatie,10
12/7/2022,Scholen alleen entree,0
12/7/2022,Evenementen Scholen,0
12/7/2022,Evenementen met entree,0
12/7/2022,Groepen,0
12/7/2022,Gratis/ <3,21
12/7/2022,Abonnement,100
12/8/2022,Vol betalend,43
12/8/2022,Actie,176
12/8/2022,Accommodatie,10
12/8/2022,Scholen alleen entree,0
12/8/2022,Evenementen Scholen,0
12/8/2022,Evenementen met entree,0
12/8/2022,Groepen,0
12/8/2022,Gratis/ <3,21
12/8/2022,Abonnement,100
12/9/2022,Vol betalend,43
12/9/2022,Actie,176
12/9/2022,Accommodatie,10
12/9/2022,Scholen alleen entree,0
12/9/2022,Evenementen Scholen,0
12/9/2022,Evenementen met entree,0
12/9/2022,Groepen,0
12/9/2022,Gratis/ <3,21
12/9/2022,Abonnement,100
12/10/2022,Vol betalend,106
12/10/2022,Actie,516
12/10/2022,Accommodatie,25
12/10/2022,Scholen alleen entree,0
12/10/2022,Evenementen Scholen,0
12/10/2022,Evenementen met entree,0
12/10/2022,Groepen,0
12/10/2022,Gratis/ <3,53
12/10/2022,Abonnement,300
12/11/2022,Vol betalend,120
12/11/2022,Actie,502
12/11/2022,Accommodatie,25
12/11/2022,Scholen alleen entree,0
12/11/2022,Evenementen Scholen,0
12/11/2022,Evenementen met entree,0
12/11/2022,Groepen,0
12/11/2022,Gratis/ <3,53
12/11/2022,Abonnement,500
12/12/2022,Vol betalend,43
12/12/2022,Actie,176
12/12/2022,Accommodatie,10
12/12/2022,Scholen alleen entree,0
12/12/2022,Evenementen Scholen,0
12/12/2022,Evenementen met entree,0
12/12/2022,Groepen,0
12/12/2022,Gratis/ <3,21
12/12/2022,Abonnement,100
12/13/2022,Vol betalend,43
12/13/2022,Actie,178
12/13/2022,Accommodatie,10
12/13/2022,Scholen alleen entree,0
12/13/2022,Evenementen Scholen,0
12/13/2022,Evenementen met entree,0
12/13/2022,Groepen,0
12/13/2022,Gratis/ <3,21
12/13/2022,Abonnement,98
12/14/2022,Vol betalend,43
12/14/2022,Actie,186
12/14/2022,Accommodatie,10
12/14/2022,Scholen alleen entree,0
12/14/2022,Evenementen Scholen,0
12/14/2022,Evenementen met entree,0
12/14/2022,Groepen,0
12/14/2022,Gratis/ <3,21
12/14/2022,Abonnement,90
12/15/2022,Vol betalend,43
12/15/2022,Actie,186
12/15/2022,Accommodatie,10
12/15/2022,Scholen alleen entree,0
12/15/2022,Evenementen Scholen,0
12/15/2022,Evenementen met entree,0
12/15/2022,Groepen,0
12/15/2022,Gratis/ <3,21
12/15/2022,Abonnement,90
12/16/2022,Vol betalend,43
12/16/2022,Actie,186
12/16/2022,Accommodatie,10
12/16/2022,Scholen alleen entree,0
12/16/2022,Evenementen Scholen,0
12/16/2022,Evenementen met entree,0
12/16/2022,Groepen,0
12/16/2022,Gratis/ <3,21
12/16/2022,Abonnement,90
12/17/2022,Vol betalend,106
12/17/2022,Actie,516
12/17/2022,Accommodatie,25
12/17/2022,Scholen alleen entree,0
12/17/2022,Evenementen Scholen,0
12/17/2022,Evenementen met entree,0
12/17/2022,Groepen,0
12/17/2022,Gratis/ <3,53
12/17/2022,Abonnement,300
12/18/2022,Vol betalend,120
12/18/2022,Actie,502
12/18/2022,Accommodatie,25
12/18/2022,Scholen alleen entree,0
12/18/2022,Evenementen Scholen,0
12/18/2022,Evenementen met entree,0
12/18/2022,Groepen,0
12/18/2022,Gratis/ <3,53
12/18/2022,Abonnement,500
12/19/2022,Vol betalend,44
12/19/2022,Actie,185
12/19/2022,Accommodatie,10
12/19/2022,Scholen alleen entree,0
12/19/2022,Evenementen Scholen,0
12/19/2022,Evenementen met entree,0
12/19/2022,Groepen,0
12/19/2022,Gratis/ <3,21
12/19/2022,Abonnement,90
12/20/2022,Vol betalend,44
12/20/2022,Actie,185
12/20/2022,Accommodatie,10
12/20/2022,Scholen alleen entree,0
12/20/2022,Evenementen Scholen,0
12/20/2022,Evenementen met entree,0
12/20/2022,Groepen,0
12/20/2022,Gratis/ <3,21
12/20/2022,Abonnement,90
12/21/2022,Vol betalend,42
12/21/2022,Actie,185
12/21/2022,Accommodatie,10
12/21/2022,Scholen alleen entree,0
12/21/2022,Evenementen Scholen,0
12/21/2022,Evenementen met entree,0
12/21/2022,Groepen,0
12/21/2022,Gratis/ <3,21
12/21/2022,Abonnement,92
12/22/2022,Vol betalend,44
12/22/2022,Actie,185
12/22/2022,Accommodatie,10
12/22/2022,Scholen alleen entree,0
12/22/2022,Evenementen Scholen,0
12/22/2022,Evenementen met entree,0
12/22/2022,Groepen,0
12/22/2022,Gratis/ <3,21
12/22/2022,Abonnement,90
12/23/2022,Vol betalend,44
12/23/2022,Actie,185
12/23/2022,Accommodatie,10
12/23/2022,Scholen alleen entree,0
12/23/2022,Evenementen Scholen,0
12/23/2022,Evenementen met entree,0
12/23/2022,Groepen,0
12/23/2022,Gratis/ <3,21
12/23/2022,Abonnement,90
12/24/2022,Vol betalend,1000
12/24/2022,Actie,1415
12/24/2022,Accommodatie,70
12/24/2022,Scholen alleen entree,0
12/24/2022,Evenementen Scholen,0
12/24/2022,Evenementen met entree,0
12/24/2022,Groepen,0
12/24/2022,Gratis/ <3,315
12/24/2022,Abonnement,1200
12/25/2022,Vol betalend,750
12/25/2022,Actie,708
12/25/2022,Accommodatie,67
12/25/2022,Scholen alleen entree,0
12/25/2022,Evenementen Scholen,0
12/25/2022,Evenementen met entree,0
12/25/2022,Groepen,0
12/25/2022,Gratis/ <3,175
12/25/2022,Abonnement,800
12/26/2022,Vol betalend,1000
12/26/2022,Actie,1765
12/26/2022,Accommodatie,70
12/26/2022,Scholen alleen entree,0
12/26/2022,Evenementen Scholen,0
12/26/2022,Evenementen met entree,0
12/26/2022,Groepen,0
12/26/2022,Gratis/ <3,315
12/26/2022,Abonnement,1350
12/27/2022,Vol betalend,1000
12/27/2022,Actie,1915
12/27/2022,Accommodatie,70
12/27/2022,Scholen alleen entree,0
12/27/2022,Evenementen Scholen,0
12/27/2022,Evenementen met entree,0
12/27/2022,Groepen,0
12/27/2022,Gratis/ <3,315
12/27/2022,Abonnement,1200
12/28/2022,Vol betalend,1000
12/28/2022,Actie,1915
12/28/2022,Accommodatie,70
12/28/2022,Scholen alleen entree,0
12/28/2022,Evenementen Scholen,0
12/28/2022,Evenementen met entree,0
12/28/2022,Groepen,0
12/28/2022,Gratis/ <3,315
12/28/2022,Abonnement,1200
12/29/2022,Vol betalend,1000
12/29/2022,Actie,1915
12/29/2022,Accommodatie,70
12/29/2022,Scholen alleen entree,0
12/29/2022,Evenementen Scholen,0
12/29/2022,Evenementen met entree,0
12/29/2022,Groepen,0
12/29/2022,Gratis/ <3,315
12/29/2022,Abonnement,1200
12/30/2022,Vol betalend,1000
12/30/2022,Actie,1915
12/30/2022,Accommodatie,70
12/30/2022,Scholen alleen entree,0
12/30/2022,Evenementen Scholen,0
12/30/2022,Evenementen met entree,0
12/30/2022,Groepen,0
12/30/2022,Gratis/ <3,315
12/30/2022,Abonnement,1200
12/31/2022,Vol betalend,130
12/31/2022,Actie,421
12/31/2022,Accommodatie,66
12/31/2022,Scholen alleen entree,0
12/31/2022,Evenementen Scholen,0
12/31/2022,Evenementen met entree,0
12/31/2022,Groepen,0
12/31/2022,Gratis/ <3,83
12/31/2022,Abonnement,300
1/1/2023,Vol betalend,0
1/1/2023,Actie,0
1/1/2023,Accommodatie,0
1/1/2023,Scholen alleen entree,0
1/1/2023,Evenementen Scholen,0
1/1/2023,Evenementen met entree,0
1/1/2023,Groepen,0
1/1/2023,Gratis/ <3,0
1/1/2023,Abonnement,0
1/2/2023,Vol betalend,1000
1/2/2023,Actie,2115
1/2/2023,Accommodatie,70
1/2/2023,Scholen alleen entree,0
1/2/2023,Evenementen Scholen,0
1/2/2023,Evenementen met entree,0
1/2/2023,Groepen,0
1/2/2023,Gratis/ <3,315
1/2/2023,Abonnement,1000
1/3/2023,Vol betalend,1000
1/3/2023,Actie,2115
1/3/2023,Accommodatie,70
1/3/2023,Scholen alleen entree,0
1/3/2023,Evenementen Scholen,0
1/3/2023,Evenementen met entree,0
1/3/2023,Groepen,0
1/3/2023,Gratis/ <3,315
1/3/2023,Abonnement,1000
1/4/2023,Vol betalend,1000
1/4/2023,Actie,2115
1/4/2023,Accommodatie,70
1/4/2023,Scholen alleen entree,0
1/4/2023,Evenementen Scholen,0
1/4/2023,Evenementen met entree,0
1/4/2023,Groepen,0
1/4/2023,Gratis/ <3,315
1/4/2023,Abonnement,1000
1/5/2023,Vol betalend,1000
1/5/2023,Actie,2115
1/5/2023,Accommodatie,70
1/5/2023,Scholen alleen entree,0
1/5/2023,Evenementen Scholen,0
1/5/2023,Evenementen met entree,0
1/5/2023,Groepen,0
1/5/2023,Gratis/ <3,315
1/5/2023,Abonnement,1000
1/6/2023,Vol betalend,1000
1/6/2023,Actie,2115
1/6/2023,Accommodatie,70
1/6/2023,Scholen alleen entree,0
1/6/2023,Evenementen Scholen,0
1/6/2023,Evenementen met entree,0
1/6/2023,Groepen,0
1/6/2023,Gratis/ <3,315
1/6/2023,Abonnement,1000
1/7/2023,Vol betalend,1000
1/7/2023,Actie,2115
1/7/2023,Accommodatie,70
1/7/2023,Scholen alleen entree,0
1/7/2023,Evenementen Scholen,0
1/7/2023,Evenementen met entree,0
1/7/2023,Groepen,0
1/7/2023,Gratis/ <3,315
1/7/2023,Abonnement,1000
1/8/2023,Vol betalend,1000
1/8/2023,Actie,2115
1/8/2023,Accommodatie,70
1/8/2023,Scholen alleen entree,0
1/8/2023,Evenementen Scholen,0
1/8/2023,Evenementen met entree,0
1/8/2023,Groepen,0
1/8/2023,Gratis/ <3,315
1/8/2023,Abonnement,1000
1/9/2023,Vol betalend,44
1/9/2023,Actie,113
1/9/2023,Accommodatie,10
1/9/2023,Scholen alleen entree,0
1/9/2023,Evenementen Scholen,0
1/9/2023,Evenementen met entree,0
1/9/2023,Groepen,0
1/9/2023,Gratis/ <3,23
1/9/2023,Abonnement,160
1/10/2023,Vol betalend,44
1/10/2023,Actie,113
1/10/2023,Accommodatie,10
1/10/2023,Scholen alleen entree,0
1/10/2023,Evenementen Scholen,0
1/10/2023,Evenementen met entree,0
1/10/2023,Groepen,0
1/10/2023,Gratis/ <3,23
1/10/2023,Abonnement,160
1/11/2023,Vol betalend,44
1/11/2023,Actie,113
1/11/2023,Accommodatie,10
1/11/2023,Scholen alleen entree,0
1/11/2023,Evenementen Scholen,0
1/11/2023,Evenementen met entree,0
1/11/2023,Groepen,0
1/11/2023,Gratis/ <3,23
1/11/2023,Abonnement,160
1/12/2023,Vol betalend,44
1/12/2023,Actie,113
1/12/2023,Accommodatie,10
1/12/2023,Scholen alleen entree,0
1/12/2023,Evenementen Scholen,0
1/12/2023,Evenementen met entree,0
1/12/2023,Groepen,0
1/12/2023,Gratis/ <3,23
1/12/2023,Abonnement,160
1/13/2023,Vol betalend,44
1/13/2023,Actie,113
1/13/2023,Accommodatie,10
1/13/2023,Scholen alleen entree,0
1/13/2023,Evenementen Scholen,0
1/13/2023,Evenementen met entree,0
1/13/2023,Groepen,0
1/13/2023,Gratis/ <3,23
1/13/2023,Abonnement,160
1/14/2023,Vol betalend,203
1/14/2023,Actie,572
1/14/2023,Accommodatie,25
1/14/2023,Scholen alleen entree,0
1/14/2023,Evenementen Scholen,0
1/14/2023,Evenementen met entree,0
1/14/2023,Groepen,0
1/14/2023,Gratis/ <3,100
1/14/2023,Abonnement,400
1/15/2023,Vol betalend,270
1/15/2023,Actie,765
1/15/2023,Accommodatie,25
1/15/2023,Scholen alleen entree,0
1/15/2023,Evenementen Scholen,0
1/15/2023,Evenementen met entree,0
1/15/2023,Groepen,0
1/15/2023,Gratis/ <3,140
1/15/2023,Abonnement,400
1/16/2023,Vol betalend,44
1/16/2023,Actie,113
1/16/2023,Accommodatie,10
1/16/2023,Scholen alleen entree,0
1/16/2023,Evenementen Scholen,0
1/16/2023,Evenementen met entree,0
1/16/2023,Groepen,0
1/16/2023,Gratis/ <3,23
1/16/2023,Abonnement,160
1/17/2023,Vol betalend,44
1/17/2023,Actie,113
1/17/2023,Accommodatie,10
1/17/2023,Scholen alleen entree,0
1/17/2023,Evenementen Scholen,0
1/17/2023,Evenementen met entree,0
1/17/2023,Groepen,0
1/17/2023,Gratis/ <3,23
1/17/2023,Abonnement,160
1/18/2023,Vol betalend,44
1/18/2023,Actie,113
1/18/2023,Accommodatie,10
1/18/2023,Scholen alleen entree,0
1/18/2023,Evenementen Scholen,0
1/18/2023,Evenementen met entree,0
1/18/2023,Groepen,0
1/18/2023,Gratis/ <3,23
1/18/2023,Abonnement,160
1/19/2023,Vol betalend,44
1/19/2023,Actie,113
1/19/2023,Accommodatie,10
1/19/2023,Scholen alleen entree,0
1/19/2023,Evenementen Scholen,0
1/19/2023,Evenementen met entree,0
1/19/2023,Groepen,0
1/19/2023,Gratis/ <3,23
1/19/2023,Abonnement,160
1/20/2023,Vol betalend,44
1/20/2023,Actie,113
1/20/2023,Accommodatie,10
1/20/2023,Scholen alleen entree,0
1/20/2023,Evenementen Scholen,0
1/20/2023,Evenementen met entree,0
1/20/2023,Groepen,0
1/20/2023,Gratis/ <3,23
1/20/2023,Abonnement,160
1/21/2023,Vol betalend,203
1/21/2023,Actie,572
1/21/2023,Accommodatie,25
1/21/2023,Scholen alleen entree,0
1/21/2023,Evenementen Scholen,0
1/21/2023,Evenementen met entree,0
1/21/2023,Groepen,0
1/21/2023,Gratis/ <3,100
1/21/2023,Abonnement,400
1/22/2023,Vol betalend,270
1/22/2023,Actie,765
1/22/2023,Accommodatie,25
1/22/2023,Scholen alleen entree,0
1/22/2023,Evenementen Scholen,0
1/22/2023,Evenementen met entree,0
1/22/2023,Groepen,0
1/22/2023,Gratis/ <3,140
1/22/2023,Abonnement,400
1/23/2023,Vol betalend,44
1/23/2023,Actie,113
1/23/2023,Accommodatie,10
1/23/2023,Scholen alleen entree,0
1/23/2023,Evenementen Scholen,0
1/23/2023,Evenementen met entree,0
1/23/2023,Groepen,0
1/23/2023,Gratis/ <3,23
1/23/2023,Abonnement,160
1/24/2023,Vol betalend,44
1/24/2023,Actie,113
1/24/2023,Accommodatie,10
1/24/2023,Scholen alleen entree,0
1/24/2023,Evenementen Scholen,0
1/24/2023,Evenementen met entree,0
1/24/2023,Groepen,0
1/24/2023,Gratis/ <3,23
1/24/2023,Abonnement,160
1/25/2023,Vol betalend,44
1/25/2023,Actie,113
1/25/2023,Accommodatie,10
1/25/2023,Scholen alleen entree,0
1/25/2023,Evenementen Scholen,0
1/25/2023,Evenementen met entree,0
1/25/2023,Groepen,0
1/25/2023,Gratis/ <3,23
1/25/2023,Abonnement,160
1/26/2023,Vol betalend,44
1/26/2023,Actie,113
1/26/2023,Accommodatie,10
1/26/2023,Scholen alleen entree,0
1/26/2023,Evenementen Scholen,0
1/26/2023,Evenementen met entree,0
1/26/2023,Groepen,0
1/26/2023,Gratis/ <3,23
1/26/2023,Abonnement,160
1/27/2023,Vol betalend,44
1/27/2023,Actie,113
1/27/2023,Accommodatie,10
1/27/2023,Scholen alleen entree,0
1/27/2023,Evenementen Scholen,0
1/27/2023,Evenementen met entree,0
1/27/2023,Groepen,0
1/27/2023,Gratis/ <3,23
1/27/2023,Abonnement,160
1/28/2023,Vol betalend,203
1/28/2023,Actie,572
1/28/2023,Accommodatie,25
1/28/2023,Scholen alleen entree,0
1/28/2023,Evenementen Scholen,0
1/28/2023,Evenementen met entree,0
1/28/2023,Groepen,0
1/28/2023,Gratis/ <3,100
1/28/2023,Abonnement,400
1/29/2023,Vol betalend,270
1/29/2023,Actie,765
1/29/2023,Accommodatie,25
1/29/2023,Scholen alleen entree,0
1/29/2023,Evenementen Scholen,0
1/29/2023,Evenementen met entree,0
1/29/2023,Groepen,0
1/29/2023,Gratis/ <3,140
1/29/2023,Abonnement,400
1/30/2023,Vol betalend,43
1/30/2023,Actie,133
1/30/2023,Accommodatie,11
1/30/2023,Scholen alleen entree,0
1/30/2023,Evenementen Scholen,0
1/30/2023,Evenementen met entree,0
1/30/2023,Groepen,0
1/30/2023,Gratis/ <3,23
1/30/2023,Abonnement,140
1/31/2023,Vol betalend,43
1/31/2023,Actie,133
1/31/2023,Accommodatie,11
1/31/2023,Scholen alleen entree,0
1/31/2023,Evenementen Scholen,0
1/31/2023,Evenementen met entree,0
1/31/2023,Groepen,0
1/31/2023,Gratis/ <3,23
1/31/2023,Abonnement,140
2/1/2023,Vol betalend,43
2/1/2023,Actie,133
2/1/2023,Accommodatie,11
2/1/2023,Scholen alleen entree,0
2/1/2023,Evenementen Scholen,0
2/1/2023,Evenementen met entree,0
2/1/2023,Groepen,0
2/1/2023,Gratis/ <3,23
2/1/2023,Abonnement,140
2/2/2023,Vol betalend,43
2/2/2023,Actie,133
2/2/2023,Accommodatie,11
2/2/2023,Scholen alleen entree,0
2/2/2023,Evenementen Scholen,0
2/2/2023,Evenementen met entree,0
2/2/2023,Groepen,0
2/2/2023,Gratis/ <3,23
2/2/2023,Abonnement,140
2/3/2023,Vol betalend,43
2/3/2023,Actie,133
2/3/2023,Accommodatie,11
2/3/2023,Scholen alleen entree,0
2/3/2023,Evenementen Scholen,0
2/3/2023,Evenementen met entree,0
2/3/2023,Groepen,0
2/3/2023,Gratis/ <3,23
2/3/2023,Abonnement,140
2/4/2023,Vol betalend,270
2/4/2023,Actie,800
2/4/2023,Accommodatie,30
2/4/2023,Scholen alleen entree,0
2/4/2023,Evenementen Scholen,0
2/4/2023,Evenementen met entree,0
2/4/2023,Groepen,0
2/4/2023,Gratis/ <3,50
2/4/2023,Abonnement,500
2/5/2023,Vol betalend,280
2/5/2023,Actie,800
2/5/2023,Accommodatie,50
2/5/2023,Scholen alleen entree,0
2/5/2023,Evenementen Scholen,0
2/5/2023,Evenementen met entree,0
2/5/2023,Groepen,0
2/5/2023,Gratis/ <3,120
2/5/2023,Abonnement,500
2/6/2023,Vol betalend,60
2/6/2023,Actie,159
2/6/2023,Accommodatie,11
2/6/2023,Scholen alleen entree,0
2/6/2023,Evenementen Scholen,0
2/6/2023,Evenementen met entree,0
2/6/2023,Groepen,0
2/6/2023,Gratis/ <3,105
2/6/2023,Abonnement,140
2/7/2023,Vol betalend,60
2/7/2023,Actie,159
2/7/2023,Accommodatie,11
2/7/2023,Scholen alleen entree,0
2/7/2023,Evenementen Scholen,0
2/7/2023,Evenementen met entree,0
2/7/2023,Groepen,0
2/7/2023,Gratis/ <3,105
2/7/2023,Abonnement,140
2/8/2023,Vol betalend,60
2/8/2023,Actie,159
2/8/2023,Accommodatie,11
2/8/2023,Scholen alleen entree,0
2/8/2023,Evenementen Scholen,0
2/8/2023,Evenementen met entree,0
2/8/2023,Groepen,0
2/8/2023,Gratis/ <3,105
2/8/2023,Abonnement,140
2/9/2023,Vol betalend,60
2/9/2023,Actie,159
2/9/2023,Accommodatie,11
2/9/2023,Scholen alleen entree,0
2/9/2023,Evenementen Scholen,0
2/9/2023,Evenementen met entree,0
2/9/2023,Groepen,0
2/9/2023,Gratis/ <3,105
2/9/2023,Abonnement,140
2/10/2023,Vol betalend,60
2/10/2023,Actie,159
2/10/2023,Accommodatie,11
2/10/2023,Scholen alleen entree,0
2/10/2023,Evenementen Scholen,0
2/10/2023,Evenementen met entree,0
2/10/2023,Groepen,0
2/10/2023,Gratis/ <3,105
2/10/2023,Abonnement,140
2/11/2023,Vol betalend,270
2/11/2023,Actie,800
2/11/2023,Accommodatie,30
2/11/2023,Scholen alleen entree,0
2/11/2023,Evenementen Scholen,0
2/11/2023,Evenementen met entree,0
2/11/2023,Groepen,0
2/11/2023,Gratis/ <3,50
2/11/2023,Abonnement,500
2/12/2023,Vol betalend,280
2/12/2023,Actie,800
2/12/2023,Accommodatie,50
2/12/2023,Scholen alleen entree,0
2/12/2023,Evenementen Scholen,0
2/12/2023,Evenementen met entree,0
2/12/2023,Groepen,0
2/12/2023,Gratis/ <3,120
2/12/2023,Abonnement,500
2/13/2023,Vol betalend,271
2/13/2023,Actie,679
2/13/2023,Accommodatie,60
2/13/2023,Scholen alleen entree,0
2/13/2023,Evenementen Scholen,0
2/13/2023,Evenementen met entree,0
2/13/2023,Groepen,0
2/13/2023,Gratis/ <3,140
2/13/2023,Abonnement,450
2/14/2023,Vol betalend,60
2/14/2023,Actie,159
2/14/2023,Accommodatie,11
2/14/2023,Scholen alleen entree,0
2/14/2023,Evenementen Scholen,0
2/14/2023,Evenementen met entree,0
2/14/2023,Groepen,0
2/14/2023,Gratis/ <3,105
2/14/2023,Abonnement,140
2/15/2023,Vol betalend,60
2/15/2023,Actie,159
2/15/2023,Accommodatie,11
2/15/2023,Scholen alleen entree,0
2/15/2023,Evenementen Scholen,0
2/15/2023,Evenementen met entree,0
2/15/2023,Groepen,0
2/15/2023,Gratis/ <3,105
2/15/2023,Abonnement,140
2/16/2023,Vol betalend,60
2/16/2023,Actie,159
2/16/2023,Accommodatie,11
2/16/2023,Scholen alleen entree,0
2/16/2023,Evenementen Scholen,0
2/16/2023,Evenementen met entree,0
2/16/2023,Groepen,0
2/16/2023,Gratis/ <3,105
2/16/2023,Abonnement,140
2/17/2023,Vol betalend,60
2/17/2023,Actie,159
2/17/2023,Accommodatie,11
2/17/2023,Scholen alleen entree,0
2/17/2023,Evenementen Scholen,0
2/17/2023,Evenementen met entree,0
2/17/2023,Groepen,0
2/17/2023,Gratis/ <3,105
2/17/2023,Abonnement,140
2/18/2023,Vol betalend,753
2/18/2023,Actie,1923
2/18/2023,Accommodatie,49
2/18/2023,Scholen alleen entree,0
2/18/2023,Evenementen Scholen,0
2/18/2023,Evenementen met entree,10
2/18/2023,Groepen,0
2/18/2023,Gratis/ <3,225
2/18/2023,Abonnement,540
2/19/2023,Vol betalend,753
2/19/2023,Actie,1923
2/19/2023,Accommodatie,49
2/19/2023,Scholen alleen entree,0
2/19/2023,Evenementen Scholen,0
2/19/2023,Evenementen met entree,10
2/19/2023,Groepen,0
2/19/2023,Gratis/ <3,225
2/19/2023,Abonnement,540
2/20/2023,Vol betalend,170
2/20/2023,Actie,673
2/20/2023,Accommodatie,26
2/20/2023,Scholen alleen entree,0
2/20/2023,Evenementen Scholen,0
2/20/2023,Evenementen met entree,29
2/20/2023,Groepen,0
2/20/2023,Gratis/ <3,72
2/20/2023,Abonnement,580
2/21/2023,Vol betalend,170
2/21/2023,Actie,673
2/21/2023,Accommodatie,26
2/21/2023,Scholen alleen entree,0
2/21/2023,Evenementen Scholen,0
2/21/2023,Evenementen met entree,29
2/21/2023,Groepen,0
2/21/2023,Gratis/ <3,72
2/21/2023,Abonnement,580
2/22/2023,Vol betalend,170
2/22/2023,Actie,673
2/22/2023,Accommodatie,26
2/22/2023,Scholen alleen entree,0
2/22/2023,Evenementen Scholen,0
2/22/2023,Evenementen met entree,29
2/22/2023,Groepen,0
2/22/2023,Gratis/ <3,72
2/22/2023,Abonnement,580
2/23/2023,Vol betalend,170
2/23/2023,Actie,673
2/23/2023,Accommodatie,26
2/23/2023,Scholen alleen entree,0
2/23/2023,Evenementen Scholen,0
2/23/2023,Evenementen met entree,29
2/23/2023,Groepen,0
2/23/2023,Gratis/ <3,72
2/23/2023,Abonnement,580
2/24/2023,Vol betalend,170
2/24/2023,Actie,673
2/24/2023,Accommodatie,26
2/24/2023,Scholen alleen entree,0
2/24/2023,Evenementen Scholen,0
2/24/2023,Evenementen met entree,29
2/24/2023,Groepen,0
2/24/2023,Gratis/ <3,72
2/24/2023,Abonnement,580
2/25/2023,Vol betalend,753
2/25/2023,Actie,1923
2/25/2023,Accommodatie,49
2/25/2023,Scholen alleen entree,0
2/25/2023,Evenementen Scholen,0
2/25/2023,Evenementen met entree,10
2/25/2023,Groepen,0
2/25/2023,Gratis/ <3,225
2/25/2023,Abonnement,540
2/26/2023,Vol betalend,953
2/26/2023,Actie,2053
2/26/2023,Accommodatie,55
2/26/2023,Scholen alleen entree,0
2/26/2023,Evenementen Scholen,0
2/26/2023,Evenementen met entree,24
2/26/2023,Groepen,0
2/26/2023,Gratis/ <3,225
2/26/2023,Abonnement,690
2/27/2023,Vol betalend,1100
2/27/2023,Actie,1160
2/27/2023,Accommodatie,100
2/27/2023,Scholen alleen entree,0
2/27/2023,Evenementen Scholen,0
2/27/2023,Evenementen met entree,0
2/27/2023,Groepen,0
2/27/2023,Gratis/ <3,140
2/27/2023,Abonnement,500
2/28/2023,Vol betalend,1100
2/28/2023,Actie,1160
2/28/2023,Accommodatie,100
2/28/2023,Scholen alleen entree,0
2/28/2023,Evenementen Scholen,0
2/28/2023,Evenementen met entree,0
2/28/2023,Groepen,0
2/28/2023,Gratis/ <3,140
2/28/2023,Abonnement,500
3/1/2023,Vol betalend,1100
3/1/2023,Actie,1160
3/1/2023,Accommodatie,100
3/1/2023,Scholen alleen entree,0
3/1/2023,Evenementen Scholen,0
3/1/2023,Evenementen met entree,0
3/1/2023,Groepen,0
3/1/2023,Gratis/ <3,140
3/1/2023,Abonnement,500
3/2/2023,Vol betalend,1100
3/2/2023,Actie,1160
3/2/2023,Accommodatie,100
3/2/2023,Scholen alleen entree,0
3/2/2023,Evenementen Scholen,0
3/2/2023,Evenementen met entree,0
3/2/2023,Groepen,0
3/2/2023,Gratis/ <3,140
3/2/2023,Abonnement,500
3/3/2023,Vol betalend,1100
3/3/2023,Actie,1160
3/3/2023,Accommodatie,100
3/3/2023,Scholen alleen entree,0
3/3/2023,Evenementen Scholen,0
3/3/2023,Evenementen met entree,0
3/3/2023,Groepen,0
3/3/2023,Gratis/ <3,140
3/3/2023,Abonnement,500
3/4/2023,Vol betalend,753
3/4/2023,Actie,1923
3/4/2023,Accommodatie,49
3/4/2023,Scholen alleen entree,0
3/4/2023,Evenementen Scholen,0
3/4/2023,Evenementen met entree,10
3/4/2023,Groepen,0
3/4/2023,Gratis/ <3,225
3/4/2023,Abonnement,540
3/5/2023,Vol betalend,953
3/5/2023,Actie,2053
3/5/2023,Accommodatie,55
3/5/2023,Scholen alleen entree,0
3/5/2023,Evenementen Scholen,0
3/5/2023,Evenementen met entree,24
3/5/2023,Groepen,0
3/5/2023,Gratis/ <3,225
3/5/2023,Abonnement,690
3/6/2023,Vol betalend,106
3/6/2023,Actie,216
3/6/2023,Accommodatie,25
3/6/2023,Scholen alleen entree,0
3/6/2023,Evenementen Scholen,0
3/6/2023,Evenementen met entree,0
3/6/2023,Groepen,0
3/6/2023,Gratis/ <3,53
3/6/2023,Abonnement,400
3/7/2023,Vol betalend,106
3/7/2023,Actie,216
3/7/2023,Accommodatie,25
3/7/2023,Scholen alleen entree,0
3/7/2023,Evenementen Scholen,0
3/7/2023,Evenementen met entree,0
3/7/2023,Groepen,0
3/7/2023,Gratis/ <3,53
3/7/2023,Abonnement,400
3/8/2023,Vol betalend,106
3/8/2023,Actie,216
3/8/2023,Accommodatie,25
3/8/2023,Scholen alleen entree,0
3/8/2023,Evenementen Scholen,0
3/8/2023,Evenementen met entree,0
3/8/2023,Groepen,0
3/8/2023,Gratis/ <3,53
3/8/2023,Abonnement,400
3/9/2023,Vol betalend,106
3/9/2023,Actie,216
3/9/2023,Accommodatie,25
3/9/2023,Scholen alleen entree,0
3/9/2023,Evenementen Scholen,0
3/9/2023,Evenementen met entree,0
3/9/2023,Groepen,0
3/9/2023,Gratis/ <3,53
3/9/2023,Abonnement,400
3/10/2023,Vol betalend,106
3/10/2023,Actie,216
3/10/2023,Accommodatie,25
3/10/2023,Scholen alleen entree,0
3/10/2023,Evenementen Scholen,0
3/10/2023,Evenementen met entree,0
3/10/2023,Groepen,0
3/10/2023,Gratis/ <3,53
3/10/2023,Abonnement,400
3/11/2023,Vol betalend,753
3/11/2023,Actie,1923
3/11/2023,Accommodatie,49
3/11/2023,Scholen alleen entree,0
3/11/2023,Evenementen Scholen,0
3/11/2023,Evenementen met entree,10
3/11/2023,Groepen,0
3/11/2023,Gratis/ <3,225
3/11/2023,Abonnement,540
3/12/2023,Vol betalend,953
3/12/2023,Actie,2053
3/12/2023,Accommodatie,55
3/12/2023,Scholen alleen entree,0
3/12/2023,Evenementen Scholen,0
3/12/2023,Evenementen met entree,24
3/12/2023,Groepen,0
3/12/2023,Gratis/ <3,225
3/12/2023,Abonnement,690
3/13/2023,Vol betalend,106
3/13/2023,Actie,216
3/13/2023,Accommodatie,25
3/13/2023,Scholen alleen entree,0
3/13/2023,Evenementen Scholen,0
3/13/2023,Evenementen met entree,0
3/13/2023,Groepen,0
3/13/2023,Gratis/ <3,53
3/13/2023,Abonnement,400
3/14/2023,Vol betalend,106
3/14/2023,Actie,216
3/14/2023,Accommodatie,25
3/14/2023,Scholen alleen entree,0
3/14/2023,Evenementen Scholen,0
3/14/2023,Evenementen met entree,0
3/14/2023,Groepen,0
3/14/2023,Gratis/ <3,53
3/14/2023,Abonnement,400
3/15/2023,Vol betalend,106
3/15/2023,Actie,216
3/15/2023,Accommodatie,25
3/15/2023,Scholen alleen entree,0
3/15/2023,Evenementen Scholen,0
3/15/2023,Evenementen met entree,0
3/15/2023,Groepen,0
3/15/2023,Gratis/ <3,53
3/15/2023,Abonnement,400
3/16/2023,Vol betalend,106
3/16/2023,Actie,216
3/16/2023,Accommodatie,25
3/16/2023,Scholen alleen entree,0
3/16/2023,Evenementen Scholen,0
3/16/2023,Evenementen met entree,0
3/16/2023,Groepen,0
3/16/2023,Gratis/ <3,53
3/16/2023,Abonnement,400
3/17/2023,Vol betalend,106
3/17/2023,Actie,216
3/17/2023,Accommodatie,25
3/17/2023,Scholen alleen entree,0
3/17/2023,Evenementen Scholen,0
3/17/2023,Evenementen met entree,0
3/17/2023,Groepen,0
3/17/2023,Gratis/ <3,53
3/17/2023,Abonnement,400
3/18/2023,Vol betalend,753
3/18/2023,Actie,1923
3/18/2023,Accommodatie,49
3/18/2023,Scholen alleen entree,0
3/18/2023,Evenementen Scholen,0
3/18/2023,Evenementen met entree,10
3/18/2023,Groepen,0
3/18/2023,Gratis/ <3,225
3/18/2023,Abonnement,540
3/19/2023,Vol betalend,953
3/19/2023,Actie,2053
3/19/2023,Accommodatie,55
3/19/2023,Scholen alleen entree,0
3/19/2023,Evenementen Scholen,0
3/19/2023,Evenementen met entree,24
3/19/2023,Groepen,0
3/19/2023,Gratis/ <3,225
3/19/2023,Abonnement,690
3/20/2023,Vol betalend,106
3/20/2023,Actie,216
3/20/2023,Accommodatie,25
3/20/2023,Scholen alleen entree,0
3/20/2023,Evenementen Scholen,0
3/20/2023,Evenementen met entree,0
3/20/2023,Groepen,0
3/20/2023,Gratis/ <3,53
3/20/2023,Abonnement,400
3/21/2023,Vol betalend,106
3/21/2023,Actie,216
3/21/2023,Accommodatie,25
3/21/2023,Scholen alleen entree,0
3/21/2023,Evenementen Scholen,0
3/21/2023,Evenementen met entree,0
3/21/2023,Groepen,0
3/21/2023,Gratis/ <3,53
3/21/2023,Abonnement,400
3/22/2023,Vol betalend,106
3/22/2023,Actie,216
3/22/2023,Accommodatie,25
3/22/2023,Scholen alleen entree,0
3/22/2023,Evenementen Scholen,0
3/22/2023,Evenementen met entree,0
3/22/2023,Groepen,0
3/22/2023,Gratis/ <3,53
3/22/2023,Abonnement,400
3/23/2023,Vol betalend,106
3/23/2023,Actie,216
3/23/2023,Accommodatie,25
3/23/2023,Scholen alleen entree,0
3/23/2023,Evenementen Scholen,0
3/23/2023,Evenementen met entree,0
3/23/2023,Groepen,0
3/23/2023,Gratis/ <3,53
3/23/2023,Abonnement,400
3/24/2023,Vol betalend,106
3/24/2023,Actie,216
3/24/2023,Accommodatie,25
3/24/2023,Scholen alleen entree,0
3/24/2023,Evenementen Scholen,0
3/24/2023,Evenementen met entree,0
3/24/2023,Groepen,0
3/24/2023,Gratis/ <3,53
3/24/2023,Abonnement,400
3/25/2023,Vol betalend,753
3/25/2023,Actie,1923
3/25/2023,Accommodatie,49
3/25/2023,Scholen alleen entree,0
3/25/2023,Evenementen Scholen,0
3/25/2023,Evenementen met entree,10
3/25/2023,Groepen,0
3/25/2023,Gratis/ <3,225
3/25/2023,Abonnement,540
3/26/2023,Vol betalend,953
3/26/2023,Actie,2053
3/26/2023,Accommodatie,55
3/26/2023,Scholen alleen entree,0
3/26/2023,Evenementen Scholen,0
3/26/2023,Evenementen met entree,24
3/26/2023,Groepen,0
3/26/2023,Gratis/ <3,225
3/26/2023,Abonnement,690
3/27/2023,Vol betalend,270
3/27/2023,Actie,273
3/27/2023,Accommodatie,37
3/27/2023,Scholen alleen entree,330
3/27/2023,Evenementen Scholen,0
3/27/2023,Evenementen met entree,0
3/27/2023,Groepen,0
3/27/2023,Gratis/ <3,140
3/27/2023,Abonnement,400
3/28/2023,Vol betalend,270
3/28/2023,Actie,273
3/28/2023,Accommodatie,37
3/28/2023,Scholen alleen entree,330
3/28/2023,Evenementen Scholen,0
3/28/2023,Evenementen met entree,0
3/28/2023,Groepen,0
3/28/2023,Gratis/ <3,140
3/28/2023,Abonnement,400
3/29/2023,Vol betalend,270
3/29/2023,Actie,273
3/29/2023,Accommodatie,37
3/29/2023,Scholen alleen entree,330
3/29/2023,Evenementen Scholen,0
3/29/2023,Evenementen met entree,0
3/29/2023,Groepen,0
3/29/2023,Gratis/ <3,140
3/29/2023,Abonnement,400
3/30/2023,Vol betalend,270
3/30/2023,Actie,273
3/30/2023,Accommodatie,37
3/30/2023,Scholen alleen entree,330
3/30/2023,Evenementen Scholen,0
3/30/2023,Evenementen met entree,0
3/30/2023,Groepen,0
3/30/2023,Gratis/ <3,140
3/30/2023,Abonnement,400
3/31/2023,Vol betalend,270
3/31/2023,Actie,273
3/31/2023,Accommodatie,37
3/31/2023,Scholen alleen entree,330
3/31/2023,Evenementen Scholen,0
3/31/2023,Evenementen met entree,0
3/31/2023,Groepen,0
3/31/2023,Gratis/ <3,140
3/31/2023,Abonnement,400
4/1/2023,Vol betalend,753
4/1/2023,Actie,1923
4/1/2023,Accommodatie,49
4/1/2023,Scholen alleen entree,0
4/1/2023,Evenementen Scholen,0
4/1/2023,Evenementen met entree,10
4/1/2023,Groepen,0
4/1/2023,Gratis/ <3,225
4/1/2023,Abonnement,540
4/2/2023,Vol betalend,953
4/2/2023,Actie,2053
4/2/2023,Accommodatie,55
4/2/2023,Scholen alleen entree,0
4/2/2023,Evenementen Scholen,0
4/2/2023,Evenementen met entree,24
4/2/2023,Groepen,0
4/2/2023,Gratis/ <3,225
4/2/2023,Abonnement,690
4/3/2023,Vol betalend,270
4/3/2023,Actie,273
4/3/2023,Accommodatie,37
4/3/2023,Scholen alleen entree,330
4/3/2023,Evenementen Scholen,0
4/3/2023,Evenementen met entree,0
4/3/2023,Groepen,0
4/3/2023,Gratis/ <3,140
4/3/2023,Abonnement,400
4/4/2023,Vol betalend,270
4/4/2023,Actie,273
4/4/2023,Accommodatie,37
4/4/2023,Scholen alleen entree,330
4/4/2023,Evenementen Scholen,0
4/4/2023,Evenementen met entree,0
4/4/2023,Groepen,0
4/4/2023,Gratis/ <3,140
4/4/2023,Abonnement,400
4/5/2023,Vol betalend,270
4/5/2023,Actie,273
4/5/2023,Accommodatie,37
4/5/2023,Scholen alleen entree,330
4/5/2023,Evenementen Scholen,0
4/5/2023,Evenementen met entree,0
4/5/2023,Groepen,0
4/5/2023,Gratis/ <3,140
4/5/2023,Abonnement,400
4/6/2023,Vol betalend,270
4/6/2023,Actie,273
4/6/2023,Accommodatie,37
4/6/2023,Scholen alleen entree,330
4/6/2023,Evenementen Scholen,0
4/6/2023,Evenementen met entree,0
4/6/2023,Groepen,0
4/6/2023,Gratis/ <3,140
4/6/2023,Abonnement,400
4/7/2023,Vol betalend,1100
4/7/2023,Actie,2140
4/7/2023,Accommodatie,160
4/7/2023,Scholen alleen entree,0
4/7/2023,Evenementen Scholen,0
4/7/2023,Evenementen met entree,0
4/7/2023,Groepen,0
4/7/2023,Gratis/ <3,400
4/7/2023,Abonnement,1200
4/8/2023,Vol betalend,1100
4/8/2023,Actie,2140
4/8/2023,Accommodatie,160
4/8/2023,Scholen alleen entree,0
4/8/2023,Evenementen Scholen,0
4/8/2023,Evenementen met entree,0
4/8/2023,Groepen,0
4/8/2023,Gratis/ <3,400
4/8/2023,Abonnement,1200
4/9/2023,Vol betalend,1440
4/9/2023,Actie,2500
4/9/2023,Accommodatie,160
4/9/2023,Scholen alleen entree,0
4/9/2023,Evenementen Scholen,0
4/9/2023,Evenementen met entree,0
4/9/2023,Groepen,0
4/9/2023,Gratis/ <3,400
4/9/2023,Abonnement,1500
4/10/2023,Vol betalend,1440
4/10/2023,Actie,2500
4/10/2023,Accommodatie,160
4/10/2023,Scholen alleen entree,0
4/10/2023,Evenementen Scholen,0
4/10/2023,Evenementen met entree,0
4/10/2023,Groepen,0
4/10/2023,Gratis/ <3,400
4/10/2023,Abonnement,1500
4/11/2023,Vol betalend,270
4/11/2023,Actie,623
4/11/2023,Accommodatie,37
4/11/2023,Scholen alleen entree,330
4/11/2023,Evenementen Scholen,0
4/11/2023,Evenementen met entree,0
4/11/2023,Groepen,0
4/11/2023,Gratis/ <3,140
4/11/2023,Abonnement,350
4/12/2023,Vol betalend,270
4/12/2023,Actie,623
4/12/2023,Accommodatie,37
4/12/2023,Scholen alleen entree,330
4/12/2023,Evenementen Scholen,0
4/12/2023,Evenementen met entree,0
4/12/2023,Groepen,0
4/12/2023,Gratis/ <3,140
4/12/2023,Abonnement,350
4/13/2023,Vol betalend,270
4/13/2023,Actie,623
4/13/2023,Accommodatie,37
4/13/2023,Scholen alleen entree,330
4/13/2023,Evenementen Scholen,0
4/13/2023,Evenementen met entree,0
4/13/2023,Groepen,0
4/13/2023,Gratis/ <3,140
4/13/2023,Abonnement,350
4/14/2023,Vol betalend,270
4/14/2023,Actie,623
4/14/2023,Accommodatie,37
4/14/2023,Scholen alleen entree,330
4/14/2023,Evenementen Scholen,0
4/14/2023,Evenementen met entree,0
4/14/2023,Groepen,0
4/14/2023,Gratis/ <3,140
4/14/2023,Abonnement,350
4/15/2023,Vol betalend,753
4/15/2023,Actie,1623
4/15/2023,Accommodatie,49
4/15/2023,Scholen alleen entree,0
4/15/2023,Evenementen Scholen,0
4/15/2023,Evenementen met entree,10
4/15/2023,Groepen,0
4/15/2023,Gratis/ <3,225
4/15/2023,Abonnement,840
4/16/2023,Vol betalend,953
4/16/2023,Actie,1753
4/16/2023,Accommodatie,55
4/16/2023,Scholen alleen entree,0
4/16/2023,Evenementen Scholen,0
4/16/2023,Evenementen met entree,24
4/16/2023,Groepen,0
4/16/2023,Gratis/ <3,225
4/16/2023,Abonnement,990
4/17/2023,Vol betalend,270
4/17/2023,Actie,623
4/17/2023,Accommodatie,37
4/17/2023,Scholen alleen entree,330
4/17/2023,Evenementen Scholen,0
4/17/2023,Evenementen met entree,0
4/17/2023,Groepen,0
4/17/2023,Gratis/ <3,140
4/17/2023,Abonnement,350
4/18/2023,Vol betalend,270
4/18/2023,Actie,623
4/18/2023,Accommodatie,37
4/18/2023,Scholen alleen entree,330
4/18/2023,Evenementen Scholen,0
4/18/2023,Evenementen met entree,0
4/18/2023,Groepen,0
4/18/2023,Gratis/ <3,140
4/18/2023,Abonnement,350
4/19/2023,Vol betalend,270
4/19/2023,Actie,623
4/19/2023,Accommodatie,37
4/19/2023,Scholen alleen entree,330
4/19/2023,Evenementen Scholen,0
4/19/2023,Evenementen met entree,0
4/19/2023,Groepen,0
4/19/2023,Gratis/ <3,140
4/19/2023,Abonnement,350
4/20/2023,Vol betalend,270
4/20/2023,Actie,623
4/20/2023,Accommodatie,37
4/20/2023,Scholen alleen entree,330
4/20/2023,Evenementen Scholen,0
4/20/2023,Evenementen met entree,0
4/20/2023,Groepen,0
4/20/2023,Gratis/ <3,140
4/20/2023,Abonnement,350
4/21/2023,Vol betalend,270
4/21/2023,Actie,623
4/21/2023,Accommodatie,37
4/21/2023,Scholen alleen entree,330
4/21/2023,Evenementen Scholen,0
4/21/2023,Evenementen met entree,0
4/21/2023,Groepen,0
4/21/2023,Gratis/ <3,140
4/21/2023,Abonnement,350
4/22/2023,Vol betalend,753
4/22/2023,Actie,1623
4/22/2023,Accommodatie,49
4/22/2023,Scholen alleen entree,0
4/22/2023,Evenementen Scholen,0
4/22/2023,Evenementen met entree,10
4/22/2023,Groepen,0
4/22/2023,Gratis/ <3,225
4/22/2023,Abonnement,840
4/23/2023,Vol betalend,953
4/23/2023,Actie,1753
4/23/2023,Accommodatie,55
4/23/2023,Scholen alleen entree,0
4/23/2023,Evenementen Scholen,0
4/23/2023,Evenementen met entree,24
4/23/2023,Groepen,0
4/23/2023,Gratis/ <3,225
4/23/2023,Abonnement,990
4/24/2023,Vol betalend,670
4/24/2023,Actie,1200
4/24/2023,Accommodatie,100
4/24/2023,Scholen alleen entree,0
4/24/2023,Evenementen Scholen,0
4/24/2023,Evenementen met entree,0
4/24/2023,Groepen,0
4/24/2023,Gratis/ <3,180
4/24/2023,Abonnement,850
4/25/2023,Vol betalend,670
4/25/2023,Actie,1200
4/25/2023,Accommodatie,100
4/25/2023,Scholen alleen entree,0
4/25/2023,Evenementen Scholen,0
4/25/2023,Evenementen met entree,0
4/25/2023,Groepen,0
4/25/2023,Gratis/ <3,180
4/25/2023,Abonnement,850
4/26/2023,Vol betalend,670
4/26/2023,Actie,1200
4/26/2023,Accommodatie,100
4/26/2023,Scholen alleen entree,0
4/26/2023,Evenementen Scholen,0
4/26/2023,Evenementen met entree,0
4/26/2023,Groepen,0
4/26/2023,Gratis/ <3,180
4/26/2023,Abonnement,850
4/27/2023,Vol betalend,670
4/27/2023,Actie,1200
4/27/2023,Accommodatie,100
4/27/2023,Scholen alleen entree,0
4/27/2023,Evenementen Scholen,0
4/27/2023,Evenementen met entree,0
4/27/2023,Groepen,0
4/27/2023,Gratis/ <3,180
4/27/2023,Abonnement,850
4/28/2023,Vol betalend,600
4/28/2023,Actie,960
4/28/2023,Accommodatie,100
4/28/2023,Scholen alleen entree,0
4/28/2023,Evenementen Scholen,0
4/28/2023,Evenementen met entree,0
4/28/2023,Groepen,0
4/28/2023,Gratis/ <3,140
4/28/2023,Abonnement,700
4/29/2023,Vol betalend,1350
4/29/2023,Actie,1745
4/29/2023,Accommodatie,160
4/29/2023,Scholen alleen entree,0
4/29/2023,Evenementen Scholen,0
4/29/2023,Evenementen met entree,0
4/29/2023,Groepen,0
4/29/2023,Gratis/ <3,245
4/29/2023,Abonnement,1000
4/30/2023,Vol betalend,1350
4/30/2023,Actie,1745
4/30/2023,Accommodatie,160
4/30/2023,Scholen alleen entree,0
4/30/2023,Evenementen Scholen,0
4/30/2023,Evenementen met entree,0
4/30/2023,Groepen,0
4/30/2023,Gratis/ <3,245
4/30/2023,Abonnement,1000
5/1/2023,Vol betalend,1350
5/1/2023,Actie,1745
5/1/2023,Accommodatie,160
5/1/2023,Scholen alleen entree,0
5/1/2023,Evenementen Scholen,0
5/1/2023,Evenementen met entree,0
5/1/2023,Groepen,0
5/1/2023,Gratis/ <3,245
5/1/2023,Abonnement,1000
5/2/2023,Vol betalend,1350
5/2/2023,Actie,1745
5/2/2023,Accommodatie,160
5/2/2023,Scholen alleen entree,0
5/2/2023,Evenementen Scholen,0
5/2/2023,Evenementen met entree,0
5/2/2023,Groepen,0
5/2/2023,Gratis/ <3,245
5/2/2023,Abonnement,1000
5/3/2023,Vol betalend,1350
5/3/2023,Actie,1745
5/3/2023,Accommodatie,160
5/3/2023,Scholen alleen entree,0
5/3/2023,Evenementen Scholen,0
5/3/2023,Evenementen met entree,0
5/3/2023,Groepen,0
5/3/2023,Gratis/ <3,245
5/3/2023,Abonnement,1000
5/4/2023,Vol betalend,1350
5/4/2023,Actie,1745
5/4/2023,Accommodatie,160
5/4/2023,Scholen alleen entree,0
5/4/2023,Evenementen Scholen,0
5/4/2023,Evenementen met entree,0
5/4/2023,Groepen,0
5/4/2023,Gratis/ <3,245
5/4/2023,Abonnement,1000
5/5/2023,Vol betalend,1350
5/5/2023,Actie,1745
5/5/2023,Accommodatie,160
5/5/2023,Scholen alleen entree,0
5/5/2023,Evenementen Scholen,0
5/5/2023,Evenementen met entree,0
5/5/2023,Groepen,0
5/5/2023,Gratis/ <3,245
5/5/2023,Abonnement,1000
5/6/2023,Vol betalend,1350
5/6/2023,Actie,1745
5/6/2023,Accommodatie,160
5/6/2023,Scholen alleen entree,0
5/6/2023,Evenementen Scholen,0
5/6/2023,Evenementen met entree,0
5/6/2023,Groepen,0
5/6/2023,Gratis/ <3,245
5/6/2023,Abonnement,1000
5/7/2023,Vol betalend,1350
5/7/2023,Actie,1745
5/7/2023,Accommodatie,160
5/7/2023,Scholen alleen entree,0
5/7/2023,Evenementen Scholen,0
5/7/2023,Evenementen met entree,0
5/7/2023,Groepen,0
5/7/2023,Gratis/ <3,245
5/7/2023,Abonnement,1000
5/8/2023,Vol betalend,150
5/8/2023,Actie,293
5/8/2023,Accommodatie,37
5/8/2023,Scholen alleen entree,330
5/8/2023,Evenementen Scholen,0
5/8/2023,Evenementen met entree,0
5/8/2023,Groepen,0
5/8/2023,Gratis/ <3,140
5/8/2023,Abonnement,400
5/9/2023,Vol betalend,150
5/9/2023,Actie,293
5/9/2023,Accommodatie,37
5/9/2023,Scholen alleen entree,330
5/9/2023,Evenementen Scholen,0
5/9/2023,Evenementen met entree,0
5/9/2023,Groepen,0
5/9/2023,Gratis/ <3,140
5/9/2023,Abonnement,400
5/10/2023,Vol betalend,150
5/10/2023,Actie,293
5/10/2023,Accommodatie,37
5/10/2023,Scholen alleen entree,330
5/10/2023,Evenementen Scholen,0
5/10/2023,Evenementen met entree,0
5/10/2023,Groepen,0
5/10/2023,Gratis/ <3,140
5/10/2023,Abonnement,400
5/11/2023,Vol betalend,150
5/11/2023,Actie,293
5/11/2023,Accommodatie,37
5/11/2023,Scholen alleen entree,330
5/11/2023,Evenementen Scholen,0
5/11/2023,Evenementen met entree,0
5/11/2023,Groepen,0
5/11/2023,Gratis/ <3,140
5/11/2023,Abonnement,400
5/12/2023,Vol betalend,150
5/12/2023,Actie,293
5/12/2023,Accommodatie,37
5/12/2023,Scholen alleen entree,330
5/12/2023,Evenementen Scholen,0
5/12/2023,Evenementen met entree,0
5/12/2023,Groepen,0
5/12/2023,Gratis/ <3,140
5/12/2023,Abonnement,400
5/13/2023,Vol betalend,753
5/13/2023,Actie,1623
5/13/2023,Accommodatie,49
5/13/2023,Scholen alleen entree,0
5/13/2023,Evenementen Scholen,0
5/13/2023,Evenementen met entree,10
5/13/2023,Groepen,0
5/13/2023,Gratis/ <3,225
5/13/2023,Abonnement,840
5/14/2023,Vol betalend,1400
5/14/2023,Actie,1605
5/14/2023,Accommodatie,100
5/14/2023,Scholen alleen entree,0
5/14/2023,Evenementen Scholen,0
5/14/2023,Evenementen met entree,0
5/14/2023,Groepen,0
5/14/2023,Gratis/ <3,245
5/14/2023,Abonnement,650
5/15/2023,Vol betalend,150
5/15/2023,Actie,293
5/15/2023,Accommodatie,37
5/15/2023,Scholen alleen entree,330
5/15/2023,Evenementen Scholen,0
5/15/2023,Evenementen met entree,0
5/15/2023,Groepen,0
5/15/2023,Gratis/ <3,140
5/15/2023,Abonnement,400
5/16/2023,Vol betalend,150
5/16/2023,Actie,293
5/16/2023,Accommodatie,37
5/16/2023,Scholen alleen entree,330
5/16/2023,Evenementen Scholen,0
5/16/2023,Evenementen met entree,0
5/16/2023,Groepen,0
5/16/2023,Gratis/ <3,140
5/16/2023,Abonnement,400
5/17/2023,Vol betalend,150
5/17/2023,Actie,293
5/17/2023,Accommodatie,37
5/17/2023,Scholen alleen entree,330
5/17/2023,Evenementen Scholen,0
5/17/2023,Evenementen met entree,0
5/17/2023,Groepen,0
5/17/2023,Gratis/ <3,140
5/17/2023,Abonnement,400
5/18/2023,Vol betalend,1440
5/18/2023,Actie,2500
5/18/2023,Accommodatie,160
5/18/2023,Scholen alleen entree,0
5/18/2023,Evenementen Scholen,0
5/18/2023,Evenementen met entree,0
5/18/2023,Groepen,0
5/18/2023,Gratis/ <3,400
5/18/2023,Abonnement,1500
5/19/2023,Vol betalend,1440
5/19/2023,Actie,2500
5/19/2023,Accommodatie,160
5/19/2023,Scholen alleen entree,0
5/19/2023,Evenementen Scholen,0
5/19/2023,Evenementen met entree,0
5/19/2023,Groepen,0
5/19/2023,Gratis/ <3,400
5/19/2023,Abonnement,1500
5/20/2023,Vol betalend,1300
5/20/2023,Actie,1805
5/20/2023,Accommodatie,140
5/20/2023,Scholen alleen entree,0
5/20/2023,Evenementen Scholen,0
5/20/2023,Evenementen met entree,0
5/20/2023,Groepen,0
5/20/2023,Gratis/ <3,105
5/20/2023,Abonnement,650
5/21/2023,Vol betalend,1300
5/21/2023,Actie,1805
5/21/2023,Accommodatie,140
5/21/2023,Scholen alleen entree,0
5/21/2023,Evenementen Scholen,0
5/21/2023,Evenementen met entree,0
5/21/2023,Groepen,0
5/21/2023,Gratis/ <3,105
5/21/2023,Abonnement,650
5/22/2023,Vol betalend,270
5/22/2023,Actie,323
5/22/2023,Accommodatie,37
5/22/2023,Scholen alleen entree,330
5/22/2023,Evenementen Scholen,0
5/22/2023,Evenementen met entree,0
5/22/2023,Groepen,0
5/22/2023,Gratis/ <3,140
5/22/2023,Abonnement,400
5/23/2023,Vol betalend,270
5/23/2023,Actie,323
5/23/2023,Accommodatie,37
5/23/2023,Scholen alleen entree,330
5/23/2023,Evenementen Scholen,0
5/23/2023,Evenementen met entree,0
5/23/2023,Groepen,0
5/23/2023,Gratis/ <3,140
5/23/2023,Abonnement,400
5/24/2023,Vol betalend,270
5/24/2023,Actie,323
5/24/2023,Accommodatie,37
5/24/2023,Scholen alleen entree,330
5/24/2023,Evenementen Scholen,0
5/24/2023,Evenementen met entree,0
5/24/2023,Groepen,0
5/24/2023,Gratis/ <3,140
5/24/2023,Abonnement,400
5/25/2023,Vol betalend,270
5/25/2023,Actie,323
5/25/2023,Accommodatie,37
5/25/2023,Scholen alleen entree,330
5/25/2023,Evenementen Scholen,0
5/25/2023,Evenementen met entree,0
5/25/2023,Groepen,0
5/25/2023,Gratis/ <3,140
5/25/2023,Abonnement,400
5/26/2023,Vol betalend,270
5/26/2023,Actie,323
5/26/2023,Accommodatie,37
5/26/2023,Scholen alleen entree,330
5/26/2023,Evenementen Scholen,0
5/26/2023,Evenementen met entree,0
5/26/2023,Groepen,0
5/26/2023,Gratis/ <3,140
5/26/2023,Abonnement,400
5/27/2023,Vol betalend,1100
5/27/2023,Actie,2140
5/27/2023,Accommodatie,160
5/27/2023,Scholen alleen entree,0
5/27/2023,Evenementen Scholen,0
5/27/2023,Evenementen met entree,0
5/27/2023,Groepen,0
5/27/2023,Gratis/ <3,400
5/27/2023,Abonnement,1200
5/28/2023,Vol betalend,1440
5/28/2023,Actie,2500
5/28/2023,Accommodatie,160
5/28/2023,Scholen alleen entree,0
5/28/2023,Evenementen Scholen,0
5/28/2023,Evenementen met entree,0
5/28/2023,Groepen,0
5/28/2023,Gratis/ <3,400
5/28/2023,Abonnement,1500
5/29/2023,Vol betalend,1440
5/29/2023,Actie,2500
5/29/2023,Accommodatie,160
5/29/2023,Scholen alleen entree,0
5/29/2023,Evenementen Scholen,0
5/29/2023,Evenementen met entree,0
5/29/2023,Groepen,0
5/29/2023,Gratis/ <3,400
5/29/2023,Abonnement,1500
5/30/2023,Vol betalend,143
5/30/2023,Actie,426
5/30/2023,Accommodatie,58
5/30/2023,Scholen alleen entree,300
5/30/2023,Evenementen Scholen,0
5/30/2023,Evenementen met entree,300
5/30/2023,Groepen,0
5/30/2023,Gratis/ <3,123
5/30/2023,Abonnement,450
5/31/2023,Vol betalend,143
5/31/2023,Actie,426
5/31/2023,Accommodatie,58
5/31/2023,Scholen alleen entree,300
5/31/2023,Evenementen Scholen,0
5/31/2023,Evenementen met entree,300
5/31/2023,Groepen,0
5/31/2023,Gratis/ <3,123
5/31/2023,Abonnement,450
6/1/2023,Vol betalend,143
6/1/2023,Actie,176
6/1/2023,Accommodatie,58
6/1/2023,Scholen alleen entree,600
6/1/2023,Evenementen Scholen,0
6/1/2023,Evenementen met entree,300
6/1/2023,Groepen,0
6/1/2023,Gratis/ <3,123
6/1/2023,Abonnement,400
6/2/2023,Vol betalend,143
6/2/2023,Actie,176
6/2/2023,Accommodatie,58
6/2/2023,Scholen alleen entree,600
6/2/2023,Evenementen Scholen,0
6/2/2023,Evenementen met entree,300
6/2/2023,Groepen,0
6/2/2023,Gratis/ <3,123
6/2/2023,Abonnement,400
6/3/2023,Vol betalend,753
6/3/2023,Actie,1623
6/3/2023,Accommodatie,49
6/3/2023,Scholen alleen entree,0
6/3/2023,Evenementen Scholen,0
6/3/2023,Evenementen met entree,10
6/3/2023,Groepen,0
6/3/2023,Gratis/ <3,225
6/3/2023,Abonnement,840
6/4/2023,Vol betalend,1400
6/4/2023,Actie,1605
6/4/2023,Accommodatie,100
6/4/2023,Scholen alleen entree,0
6/4/2023,Evenementen Scholen,0
6/4/2023,Evenementen met entree,0
6/4/2023,Groepen,0
6/4/2023,Gratis/ <3,245
6/4/2023,Abonnement,650
6/5/2023,Vol betalend,143
6/5/2023,Actie,176
6/5/2023,Accommodatie,58
6/5/2023,Scholen alleen entree,600
6/5/2023,Evenementen Scholen,0
6/5/2023,Evenementen met entree,300
6/5/2023,Groepen,0
6/5/2023,Gratis/ <3,123
6/5/2023,Abonnement,400
6/6/2023,Vol betalend,143
6/6/2023,Actie,176
6/6/2023,Accommodatie,58
6/6/2023,Scholen alleen entree,600
6/6/2023,Evenementen Scholen,0
6/6/2023,Evenementen met entree,300
6/6/2023,Groepen,0
6/6/2023,Gratis/ <3,123
6/6/2023,Abonnement,400
6/7/2023,Vol betalend,143
6/7/2023,Actie,176
6/7/2023,Accommodatie,58
6/7/2023,Scholen alleen entree,600
6/7/2023,Evenementen Scholen,0
6/7/2023,Evenementen met entree,300
6/7/2023,Groepen,0
6/7/2023,Gratis/ <3,122.5
6/7/2023,Abonnement,400
6/8/2023,Vol betalend,143
6/8/2023,Actie,176
6/8/2023,Accommodatie,58
6/8/2023,Scholen alleen entree,600
6/8/2023,Evenementen Scholen,0
6/8/2023,Evenementen met entree,300
6/8/2023,Groepen,0
6/8/2023,Gratis/ <3,123
6/8/2023,Abonnement,400
6/9/2023,Vol betalend,143
6/9/2023,Actie,176
6/9/2023,Accommodatie,58
6/9/2023,Scholen alleen entree,600
6/9/2023,Evenementen Scholen,0
6/9/2023,Evenementen met entree,300
6/9/2023,Groepen,0
6/9/2023,Gratis/ <3,123
6/9/2023,Abonnement,400
6/10/2023,Vol betalend,753
6/10/2023,Actie,1623
6/10/2023,Accommodatie,49
6/10/2023,Scholen alleen entree,0
6/10/2023,Evenementen Scholen,0
6/10/2023,Evenementen met entree,10
6/10/2023,Groepen,0
6/10/2023,Gratis/ <3,225
6/10/2023,Abonnement,840
6/11/2023,Vol betalend,1400
6/11/2023,Actie,1405
6/11/2023,Accommodatie,100
6/11/2023,Scholen alleen entree,0
6/11/2023,Evenementen Scholen,0
6/11/2023,Evenementen met entree,0
6/11/2023,Groepen,0
6/11/2023,Gratis/ <3,245
6/11/2023,Abonnement,850
6/12/2023,Vol betalend,143
6/12/2023,Actie,176
6/12/2023,Accommodatie,58
6/12/2023,Scholen alleen entree,600
6/12/2023,Evenementen Scholen,0
6/12/2023,Evenementen met entree,300
6/12/2023,Groepen,0
6/12/2023,Gratis/ <3,123
6/12/2023,Abonnement,400
6/13/2023,Vol betalend,143
6/13/2023,Actie,176
6/13/2023,Accommodatie,58
6/13/2023,Scholen alleen entree,600
6/13/2023,Evenementen Scholen,0
6/13/2023,Evenementen met entree,300
6/13/2023,Groepen,0
6/13/2023,Gratis/ <3,123
6/13/2023,Abonnement,400
6/14/2023,Vol betalend,143
6/14/2023,Actie,176
6/14/2023,Accommodatie,58
6/14/2023,Scholen alleen entree,600
6/14/2023,Evenementen Scholen,0
6/14/2023,Evenementen met entree,300
6/14/2023,Groepen,0
6/14/2023,Gratis/ <3,123
6/14/2023,Abonnement,400
6/15/2023,Vol betalend,143
6/15/2023,Actie,176
6/15/2023,Accommodatie,58
6/15/2023,Scholen alleen entree,600
6/15/2023,Evenementen Scholen,0
6/15/2023,Evenementen met entree,300
6/15/2023,Groepen,0
6/15/2023,Gratis/ <3,123
6/15/2023,Abonnement,400
6/16/2023,Vol betalend,126
6/16/2023,Actie,193
6/16/2023,Accommodatie,58
6/16/2023,Scholen alleen entree,600
6/16/2023,Evenementen Scholen,0
6/16/2023,Evenementen met entree,300
6/16/2023,Groepen,0
6/16/2023,Gratis/ <3,123
6/16/2023,Abonnement,400
6/17/2023,Vol betalend,753
6/17/2023,Actie,1623
6/17/2023,Accommodatie,49
6/17/2023,Scholen alleen entree,0
6/17/2023,Evenementen Scholen,0
6/17/2023,Evenementen met entree,10
6/17/2023,Groepen,0
6/17/2023,Gratis/ <3,225
6/17/2023,Abonnement,840
6/18/2023,Vol betalend,1400
6/18/2023,Actie,1405
6/18/2023,Accommodatie,100
6/18/2023,Scholen alleen entree,0
6/18/2023,Evenementen Scholen,0
6/18/2023,Evenementen met entree,0
6/18/2023,Groepen,0
6/18/2023,Gratis/ <3,245
6/18/2023,Abonnement,850
6/19/2023,Vol betalend,143
6/19/2023,Actie,176
6/19/2023,Accommodatie,58
6/19/2023,Scholen alleen entree,600
6/19/2023,Evenementen Scholen,0
6/19/2023,Evenementen met entree,300
6/19/2023,Groepen,0
6/19/2023,Gratis/ <3,123
6/19/2023,Abonnement,400
6/20/2023,Vol betalend,126
6/20/2023,Actie,293
6/20/2023,Accommodatie,58
6/20/2023,Scholen alleen entree,560
6/20/2023,Evenementen Scholen,0
6/20/2023,Evenementen met entree,240
6/20/2023,Groepen,0
6/20/2023,Gratis/ <3,123
6/20/2023,Abonnement,400
6/21/2023,Vol betalend,126
6/21/2023,Actie,293
6/21/2023,Accommodatie,58
6/21/2023,Scholen alleen entree,560
6/21/2023,Evenementen Scholen,0
6/21/2023,Evenementen met entree,240
6/21/2023,Groepen,0
6/21/2023,Gratis/ <3,123
6/21/2023,Abonnement,400
6/22/2023,Vol betalend,126
6/22/2023,Actie,293
6/22/2023,Accommodatie,58
6/22/2023,Scholen alleen entree,560
6/22/2023,Evenementen Scholen,0
6/22/2023,Evenementen met entree,240
6/22/2023,Groepen,0
6/22/2023,Gratis/ <3,123
6/22/2023,Abonnement,400
6/23/2023,Vol betalend,126
6/23/2023,Actie,293
6/23/2023,Accommodatie,58
6/23/2023,Scholen alleen entree,560
6/23/2023,Evenementen Scholen,0
6/23/2023,Evenementen met entree,240
6/23/2023,Groepen,0
6/23/2023,Gratis/ <3,123
6/23/2023,Abonnement,400
6/24/2023,Vol betalend,753
6/24/2023,Actie,1623
6/24/2023,Accommodatie,49
6/24/2023,Scholen alleen entree,0
6/24/2023,Evenementen Scholen,0
6/24/2023,Evenementen met entree,10
6/24/2023,Groepen,0
6/24/2023,Gratis/ <3,225
6/24/2023,Abonnement,840
6/25/2023,Vol betalend,1000
6/25/2023,Actie,2005
6/25/2023,Accommodatie,100
6/25/2023,Scholen alleen entree,0
6/25/2023,Evenementen Scholen,0
6/25/2023,Evenementen met entree,0
6/25/2023,Groepen,0
6/25/2023,Gratis/ <3,245
6/25/2023,Abonnement,650
6/26/2023,Vol betalend,143
6/26/2023,Actie,176
6/26/2023,Accommodatie,20
6/26/2023,Scholen alleen entree,638
6/26/2023,Evenementen Scholen,0
6/26/2023,Evenementen met entree,300
6/26/2023,Groepen,0
6/26/2023,Gratis/ <3,123
6/26/2023,Abonnement,400
6/27/2023,Vol betalend,201
6/27/2023,Actie,368
6/27/2023,Accommodatie,38
6/27/2023,Scholen alleen entree,430
6/27/2023,Evenementen Scholen,0
6/27/2023,Evenementen met entree,240
6/27/2023,Groepen,0
6/27/2023,Gratis/ <3,123
6/27/2023,Abonnement,400
6/28/2023,Vol betalend,201
6/28/2023,Actie,368
6/28/2023,Accommodatie,38
6/28/2023,Scholen alleen entree,430
6/28/2023,Evenementen Scholen,0
6/28/2023,Evenementen met entree,240
6/28/2023,Groepen,0
6/28/2023,Gratis/ <3,123
6/28/2023,Abonnement,400
6/29/2023,Vol betalend,201
6/29/2023,Actie,368
6/29/2023,Accommodatie,38
6/29/2023,Scholen alleen entree,430
6/29/2023,Evenementen Scholen,0
6/29/2023,Evenementen met entree,240
6/29/2023,Groepen,0
6/29/2023,Gratis/ <3,123
6/29/2023,Abonnement,400
6/30/2023,Vol betalend,201
6/30/2023,Actie,368
6/30/2023,Accommodatie,38
6/30/2023,Scholen alleen entree,430
6/30/2023,Evenementen Scholen,0
6/30/2023,Evenementen met entree,240
6/30/2023,Groepen,0
6/30/2023,Gratis/ <3,123
6/30/2023,Abonnement,400
7/1/2023,Vol betalend,753
7/1/2023,Actie,1723
7/1/2023,Accommodatie,49
7/1/2023,Scholen alleen entree,0
7/1/2023,Evenementen Scholen,0
7/1/2023,Evenementen met entree,10
7/1/2023,Groepen,0
7/1/2023,Gratis/ <3,225
7/1/2023,Abonnement,840
7/2/2023,Vol betalend,1400
7/2/2023,Actie,1605
7/2/2023,Accommodatie,100
7/2/2023,Scholen alleen entree,0
7/2/2023,Evenementen Scholen,0
7/2/2023,Evenementen met entree,0
7/2/2023,Groepen,0
7/2/2023,Gratis/ <3,245
7/2/2023,Abonnement,650
7/3/2023,Vol betalend,370
7/3/2023,Actie,600
7/3/2023,Accommodatie,66
7/3/2023,Scholen alleen entree,0
7/3/2023,Evenementen Scholen,0
7/3/2023,Evenementen met entree,0
7/3/2023,Groepen,0
7/3/2023,Gratis/ <3,140
7/3/2023,Abonnement,824
7/4/2023,Vol betalend,370
7/4/2023,Actie,600
7/4/2023,Accommodatie,66
7/4/2023,Scholen alleen entree,0
7/4/2023,Evenementen Scholen,0
7/4/2023,Evenementen met entree,0
7/4/2023,Groepen,0
7/4/2023,Gratis/ <3,140
7/4/2023,Abonnement,824
7/5/2023,Vol betalend,370
7/5/2023,Actie,600
7/5/2023,Accommodatie,66
7/5/2023,Scholen alleen entree,0
7/5/2023,Evenementen Scholen,0
7/5/2023,Evenementen met entree,0
7/5/2023,Groepen,0
7/5/2023,Gratis/ <3,140
7/5/2023,Abonnement,824
7/6/2023,Vol betalend,370
7/6/2023,Actie,600
7/6/2023,Accommodatie,66
7/6/2023,Scholen alleen entree,0
7/6/2023,Evenementen Scholen,0
7/6/2023,Evenementen met entree,0
7/6/2023,Groepen,0
7/6/2023,Gratis/ <3,140
7/6/2023,Abonnement,824
7/7/2023,Vol betalend,370
7/7/2023,Actie,600
7/7/2023,Accommodatie,66
7/7/2023,Scholen alleen entree,0
7/7/2023,Evenementen Scholen,0
7/7/2023,Evenementen met entree,0
7/7/2023,Groepen,0
7/7/2023,Gratis/ <3,140
7/7/2023,Abonnement,824
7/8/2023,Vol betalend,753
7/8/2023,Actie,1723
7/8/2023,Accommodatie,49
7/8/2023,Scholen alleen entree,0
7/8/2023,Evenementen Scholen,0
7/8/2023,Evenementen met entree,10
7/8/2023,Groepen,0
7/8/2023,Gratis/ <3,225
7/8/2023,Abonnement,840
7/9/2023,Vol betalend,1400
7/9/2023,Actie,1605
7/9/2023,Accommodatie,100
7/9/2023,Scholen alleen entree,0
7/9/2023,Evenementen Scholen,0
7/9/2023,Evenementen met entree,0
7/9/2023,Groepen,0
7/9/2023,Gratis/ <3,245
7/9/2023,Abonnement,650
7/10/2023,Vol betalend,600
7/10/2023,Actie,1010
7/10/2023,Accommodatie,100
7/10/2023,Scholen alleen entree,0
7/10/2023,Evenementen Scholen,0
7/10/2023,Evenementen met entree,0
7/10/2023,Groepen,0
7/10/2023,Gratis/ <3,140
7/10/2023,Abonnement,700
7/11/2023,Vol betalend,600
7/11/2023,Actie,1010
7/11/2023,Accommodatie,100
7/11/2023,Scholen alleen entree,0
7/11/2023,Evenementen Scholen,0
7/11/2023,Evenementen met entree,0
7/11/2023,Groepen,0
7/11/2023,Gratis/ <3,140
7/11/2023,Abonnement,700
7/12/2023,Vol betalend,600
7/12/2023,Actie,1010
7/12/2023,Accommodatie,100
7/12/2023,Scholen alleen entree,0
7/12/2023,Evenementen Scholen,0
7/12/2023,Evenementen met entree,0
7/12/2023,Groepen,0
7/12/2023,Gratis/ <3,140
7/12/2023,Abonnement,700
7/13/2023,Vol betalend,600
7/13/2023,Actie,1010
7/13/2023,Accommodatie,100
7/13/2023,Scholen alleen entree,0
7/13/2023,Evenementen Scholen,0
7/13/2023,Evenementen met entree,0
7/13/2023,Groepen,0
7/13/2023,Gratis/ <3,140
7/13/2023,Abonnement,700
7/14/2023,Vol betalend,600
7/14/2023,Actie,1010
7/14/2023,Accommodatie,100
7/14/2023,Scholen alleen entree,0
7/14/2023,Evenementen Scholen,0
7/14/2023,Evenementen met entree,0
7/14/2023,Groepen,0
7/14/2023,Gratis/ <3,140
7/14/2023,Abonnement,700
7/15/2023,Vol betalend,753
7/15/2023,Actie,1723
7/15/2023,Accommodatie,49
7/15/2023,Scholen alleen entree,0
7/15/2023,Evenementen Scholen,0
7/15/2023,Evenementen met entree,10
7/15/2023,Groepen,0
7/15/2023,Gratis/ <3,225
7/15/2023,Abonnement,840
7/16/2023,Vol betalend,1400
7/16/2023,Actie,1605
7/16/2023,Accommodatie,100
7/16/2023,Scholen alleen entree,0
7/16/2023,Evenementen Scholen,0
7/16/2023,Evenementen met entree,0
7/16/2023,Groepen,0
7/16/2023,Gratis/ <3,245
7/16/2023,Abonnement,650
7/17/2023,Vol betalend,600
7/17/2023,Actie,1010
7/17/2023,Accommodatie,100
7/17/2023,Scholen alleen entree,0
7/17/2023,Evenementen Scholen,0
7/17/2023,Evenementen met entree,0
7/17/2023,Groepen,0
7/17/2023,Gratis/ <3,140
7/17/2023,Abonnement,700
7/18/2023,Vol betalend,600
7/18/2023,Actie,1010
7/18/2023,Accommodatie,100
7/18/2023,Scholen alleen entree,0
7/18/2023,Evenementen Scholen,0
7/18/2023,Evenementen met entree,0
7/18/2023,Groepen,0
7/18/2023,Gratis/ <3,140
7/18/2023,Abonnement,700
7/19/2023,Vol betalend,600
7/19/2023,Actie,1010
7/19/2023,Accommodatie,100
7/19/2023,Scholen alleen entree,0
7/19/2023,Evenementen Scholen,0
7/19/2023,Evenementen met entree,0
7/19/2023,Groepen,0
7/19/2023,Gratis/ <3,140
7/19/2023,Abonnement,700
7/20/2023,Vol betalend,600
7/20/2023,Actie,1010
7/20/2023,Accommodatie,100
7/20/2023,Scholen alleen entree,0
7/20/2023,Evenementen Scholen,0
7/20/2023,Evenementen met entree,0
7/20/2023,Groepen,0
7/20/2023,Gratis/ <3,140
7/20/2023,Abonnement,700
7/21/2023,Vol betalend,600
7/21/2023,Actie,1010
7/21/2023,Accommodatie,100
7/21/2023,Scholen alleen entree,0
7/21/2023,Evenementen Scholen,0
7/21/2023,Evenementen met entree,0
7/21/2023,Groepen,0
7/21/2023,Gratis/ <3,140
7/21/2023,Abonnement,700
7/22/2023,Vol betalend,1200
7/22/2023,Actie,2550
7/22/2023,Accommodatie,150
7/22/2023,Scholen alleen entree,0
7/22/2023,Evenementen Scholen,0
7/22/2023,Evenementen met entree,0
7/22/2023,Groepen,0
7/22/2023,Gratis/ <3,300
7/22/2023,Abonnement,600
7/23/2023,Vol betalend,1350
7/23/2023,Actie,3070
7/23/2023,Accommodatie,130
7/23/2023,Scholen alleen entree,0
7/23/2023,Evenementen Scholen,0
7/23/2023,Evenementen met entree,0
7/23/2023,Groepen,0
7/23/2023,Gratis/ <3,300
7/23/2023,Abonnement,400
7/24/2023,Vol betalend,1000
7/24/2023,Actie,2389
7/24/2023,Accommodatie,116
7/24/2023,Scholen alleen entree,0
7/24/2023,Evenementen Scholen,0
7/24/2023,Evenementen met entree,0
7/24/2023,Groepen,0
7/24/2023,Gratis/ <3,245
7/24/2023,Abonnement,800
7/25/2023,Vol betalend,1000
7/25/2023,Actie,2389
7/25/2023,Accommodatie,116
7/25/2023,Scholen alleen entree,0
7/25/2023,Evenementen Scholen,0
7/25/2023,Evenementen met entree,0
7/25/2023,Groepen,0
7/25/2023,Gratis/ <3,245
7/25/2023,Abonnement,800
7/26/2023,Vol betalend,1000
7/26/2023,Actie,2389
7/26/2023,Accommodatie,116
7/26/2023,Scholen alleen entree,0
7/26/2023,Evenementen Scholen,0
7/26/2023,Evenementen met entree,0
7/26/2023,Groepen,0
7/26/2023,Gratis/ <3,245
7/26/2023,Abonnement,800
7/27/2023,Vol betalend,1000
7/27/2023,Actie,2389
7/27/2023,Accommodatie,116
7/27/2023,Scholen alleen entree,0
7/27/2023,Evenementen Scholen,0
7/27/2023,Evenementen met entree,0
7/27/2023,Groepen,0
7/27/2023,Gratis/ <3,245
7/27/2023,Abonnement,800
7/28/2023,Vol betalend,1000
7/28/2023,Actie,2389
7/28/2023,Accommodatie,116
7/28/2023,Scholen alleen entree,0
7/28/2023,Evenementen Scholen,0
7/28/2023,Evenementen met entree,0
7/28/2023,Groepen,0
7/28/2023,Gratis/ <3,245
7/28/2023,Abonnement,800
7/29/2023,Vol betalend,1150
7/29/2023,Actie,2620
7/29/2023,Accommodatie,150
7/29/2023,Scholen alleen entree,0
7/29/2023,Evenementen Scholen,0
7/29/2023,Evenementen met entree,0
7/29/2023,Groepen,0
7/29/2023,Gratis/ <3,280
7/29/2023,Abonnement,600
7/30/2023,Vol betalend,1350
7/30/2023,Actie,3070
7/30/2023,Accommodatie,130
7/30/2023,Scholen alleen entree,0
7/30/2023,Evenementen Scholen,0
7/30/2023,Evenementen met entree,0
7/30/2023,Groepen,0
7/30/2023,Gratis/ <3,300
7/30/2023,Abonnement,400
7/31/2023,Vol betalend,1250
7/31/2023,Actie,2520
7/31/2023,Accommodatie,150
7/31/2023,Scholen alleen entree,0
7/31/2023,Evenementen Scholen,0
7/31/2023,Evenementen met entree,0
7/31/2023,Groepen,0
7/31/2023,Gratis/ <3,280
7/31/2023,Abonnement,600
8/1/2023,Vol betalend,1000
8/1/2023,Actie,2770
8/1/2023,Accommodatie,150
8/1/2023,Scholen alleen entree,0
8/1/2023,Evenementen Scholen,0
8/1/2023,Evenementen met entree,0
8/1/2023,Groepen,0
8/1/2023,Gratis/ <3,280
8/1/2023,Abonnement,600
8/2/2023,Vol betalend,1000
8/2/2023,Actie,2770
8/2/2023,Accommodatie,150
8/2/2023,Scholen alleen entree,0
8/2/2023,Evenementen Scholen,0
8/2/2023,Evenementen met entree,0
8/2/2023,Groepen,0
8/2/2023,Gratis/ <3,280
8/2/2023,Abonnement,600
8/3/2023,Vol betalend,1000
8/3/2023,Actie,2770
8/3/2023,Accommodatie,150
8/3/2023,Scholen alleen entree,0
8/3/2023,Evenementen Scholen,0
8/3/2023,Evenementen met entree,0
8/3/2023,Groepen,0
8/3/2023,Gratis/ <3,280
8/3/2023,Abonnement,600
8/4/2023,Vol betalend,1000
8/4/2023,Actie,2770
8/4/2023,Accommodatie,150
8/4/2023,Scholen alleen entree,0
8/4/2023,Evenementen Scholen,0
8/4/2023,Evenementen met entree,0
8/4/2023,Groepen,0
8/4/2023,Gratis/ <3,280
8/4/2023,Abonnement,600
8/5/2023,Vol betalend,1250
8/5/2023,Actie,2520
8/5/2023,Accommodatie,150
8/5/2023,Scholen alleen entree,0
8/5/2023,Evenementen Scholen,0
8/5/2023,Evenementen met entree,0
8/5/2023,Groepen,0
8/5/2023,Gratis/ <3,280
8/5/2023,Abonnement,600
8/6/2023,Vol betalend,1350
8/6/2023,Actie,3070
8/6/2023,Accommodatie,130
8/6/2023,Scholen alleen entree,0
8/6/2023,Evenementen Scholen,0
8/6/2023,Evenementen met entree,0
8/6/2023,Groepen,0
8/6/2023,Gratis/ <3,300
8/6/2023,Abonnement,400
8/7/2023,Vol betalend,1000
8/7/2023,Actie,2820
8/7/2023,Accommodatie,100
8/7/2023,Scholen alleen entree,0
8/7/2023,Evenementen Scholen,0
8/7/2023,Evenementen met entree,0
8/7/2023,Groepen,0
8/7/2023,Gratis/ <3,280
8/7/2023,Abonnement,600
8/8/2023,Vol betalend,1000
8/8/2023,Actie,2820
8/8/2023,Accommodatie,100
8/8/2023,Scholen alleen entree,0
8/8/2023,Evenementen Scholen,0
8/8/2023,Evenementen met entree,0
8/8/2023,Groepen,0
8/8/2023,Gratis/ <3,280
8/8/2023,Abonnement,600
8/9/2023,Vol betalend,1000
8/9/2023,Actie,2820
8/9/2023,Accommodatie,100
8/9/2023,Scholen alleen entree,0
8/9/2023,Evenementen Scholen,0
8/9/2023,Evenementen met entree,0
8/9/2023,Groepen,0
8/9/2023,Gratis/ <3,280
8/9/2023,Abonnement,600
8/10/2023,Vol betalend,1000
8/10/2023,Actie,2820
8/10/2023,Accommodatie,100
8/10/2023,Scholen alleen entree,0
8/10/2023,Evenementen Scholen,0
8/10/2023,Evenementen met entree,0
8/10/2023,Groepen,0
8/10/2023,Gratis/ <3,280
8/10/2023,Abonnement,600
8/11/2023,Vol betalend,1000
8/11/2023,Actie,2820
8/11/2023,Accommodatie,100
8/11/2023,Scholen alleen entree,0
8/11/2023,Evenementen Scholen,0
8/11/2023,Evenementen met entree,0
8/11/2023,Groepen,0
8/11/2023,Gratis/ <3,280
8/11/2023,Abonnement,600
8/12/2023,Vol betalend,1250
8/12/2023,Actie,2600
8/12/2023,Accommodatie,100
8/12/2023,Scholen alleen entree,0
8/12/2023,Evenementen Scholen,0
8/12/2023,Evenementen met entree,0
8/12/2023,Groepen,0
8/12/2023,Gratis/ <3,250
8/12/2023,Abonnement,600
8/13/2023,Vol betalend,1380
8/13/2023,Actie,3070
8/13/2023,Accommodatie,100
8/13/2023,Scholen alleen entree,0
8/13/2023,Evenementen Scholen,0
8/13/2023,Evenementen met entree,0
8/13/2023,Groepen,0
8/13/2023,Gratis/ <3,300
8/13/2023,Abonnement,400
8/14/2023,Vol betalend,1000
8/14/2023,Actie,2820
8/14/2023,Accommodatie,100
8/14/2023,Scholen alleen entree,0
8/14/2023,Evenementen Scholen,0
8/14/2023,Evenementen met entree,0
8/14/2023,Groepen,0
8/14/2023,Gratis/ <3,280
8/14/2023,Abonnement,600
8/15/2023,Vol betalend,1000
8/15/2023,Actie,2820
8/15/2023,Accommodatie,100
8/15/2023,Scholen alleen entree,0
8/15/2023,Evenementen Scholen,0
8/15/2023,Evenementen met entree,0
8/15/2023,Groepen,0
8/15/2023,Gratis/ <3,280
8/15/2023,Abonnement,600
8/16/2023,Vol betalend,1000
8/16/2023,Actie,2820
8/16/2023,Accommodatie,100
8/16/2023,Scholen alleen entree,0
8/16/2023,Evenementen Scholen,0
8/16/2023,Evenementen met entree,0
8/16/2023,Groepen,0
8/16/2023,Gratis/ <3,280
8/16/2023,Abonnement,600
8/17/2023,Vol betalend,1000
8/17/2023,Actie,2820
8/17/2023,Accommodatie,100
8/17/2023,Scholen alleen entree,0
8/17/2023,Evenementen Scholen,0
8/17/2023,Evenementen met entree,0
8/17/2023,Groepen,0
8/17/2023,Gratis/ <3,280
8/17/2023,Abonnement,600
8/18/2023,Vol betalend,1000
8/18/2023,Actie,2820
8/18/2023,Accommodatie,100
8/18/2023,Scholen alleen entree,0
8/18/2023,Evenementen Scholen,0
8/18/2023,Evenementen met entree,0
8/18/2023,Groepen,0
8/18/2023,Gratis/ <3,280
8/18/2023,Abonnement,600
8/19/2023,Vol betalend,1000
8/19/2023,Actie,2850
8/19/2023,Accommodatie,100
8/19/2023,Scholen alleen entree,0
8/19/2023,Evenementen Scholen,0
8/19/2023,Evenementen met entree,0
8/19/2023,Groepen,0
8/19/2023,Gratis/ <3,250
8/19/2023,Abonnement,600
8/20/2023,Vol betalend,1030
8/20/2023,Actie,3420
8/20/2023,Accommodatie,100
8/20/2023,Scholen alleen entree,0
8/20/2023,Evenementen Scholen,0
8/20/2023,Evenementen met entree,0
8/20/2023,Groepen,0
8/20/2023,Gratis/ <3,300
8/20/2023,Abonnement,400
8/21/2023,Vol betalend,780
8/21/2023,Actie,2070
8/21/2023,Accommodatie,100
8/21/2023,Scholen alleen entree,0
8/21/2023,Evenementen Scholen,0
8/21/2023,Evenementen met entree,0
8/21/2023,Groepen,0
8/21/2023,Gratis/ <3,350
8/21/2023,Abonnement,500
8/22/2023,Vol betalend,780
8/22/2023,Actie,2070
8/22/2023,Accommodatie,100
8/22/2023,Scholen alleen entree,0
8/22/2023,Evenementen Scholen,0
8/22/2023,Evenementen met entree,0
8/22/2023,Groepen,0
8/22/2023,Gratis/ <3,350
8/22/2023,Abonnement,500
8/23/2023,Vol betalend,780
8/23/2023,Actie,2070
8/23/2023,Accommodatie,100
8/23/2023,Scholen alleen entree,0
8/23/2023,Evenementen Scholen,0
8/23/2023,Evenementen met entree,0
8/23/2023,Groepen,0
8/23/2023,Gratis/ <3,350
8/23/2023,Abonnement,500
8/24/2023,Vol betalend,780
8/24/2023,Actie,2070
8/24/2023,Accommodatie,100
8/24/2023,Scholen alleen entree,0
8/24/2023,Evenementen Scholen,0
8/24/2023,Evenementen met entree,0
8/24/2023,Groepen,0
8/24/2023,Gratis/ <3,350
8/24/2023,Abonnement,500
8/25/2023,Vol betalend,780
8/25/2023,Actie,2070
8/25/2023,Accommodatie,100
8/25/2023,Scholen alleen entree,0
8/25/2023,Evenementen Scholen,0
8/25/2023,Evenementen met entree,0
8/25/2023,Groepen,0
8/25/2023,Gratis/ <3,350
8/25/2023,Abonnement,500
8/26/2023,Vol betalend,1050
8/26/2023,Actie,2800
8/26/2023,Accommodatie,100
8/26/2023,Scholen alleen entree,0
8/26/2023,Evenementen Scholen,0
8/26/2023,Evenementen met entree,0
8/26/2023,Groepen,0
8/26/2023,Gratis/ <3,250
8/26/2023,Abonnement,600
8/27/2023,Vol betalend,880
8/27/2023,Actie,3370
8/27/2023,Accommodatie,50
8/27/2023,Scholen alleen entree,0
8/27/2023,Evenementen Scholen,0
8/27/2023,Evenementen met entree,0
8/27/2023,Groepen,0
8/27/2023,Gratis/ <3,300
8/27/2023,Abonnement,400
8/28/2023,Vol betalend,600
8/28/2023,Actie,1010
8/28/2023,Accommodatie,50
8/28/2023,Scholen alleen entree,0
8/28/2023,Evenementen Scholen,0
8/28/2023,Evenementen met entree,0
8/28/2023,Groepen,0
8/28/2023,Gratis/ <3,240
8/28/2023,Abonnement,600
8/29/2023,Vol betalend,600
8/29/2023,Actie,1010
8/29/2023,Accommodatie,50
8/29/2023,Scholen alleen entree,0
8/29/2023,Evenementen Scholen,0
8/29/2023,Evenementen met entree,0
8/29/2023,Groepen,0
8/29/2023,Gratis/ <3,240
8/29/2023,Abonnement,600
8/30/2023,Vol betalend,600
8/30/2023,Actie,1010
8/30/2023,Accommodatie,50
8/30/2023,Scholen alleen entree,0
8/30/2023,Evenementen Scholen,0
8/30/2023,Evenementen met entree,0
8/30/2023,Groepen,0
8/30/2023,Gratis/ <3,240
8/30/2023,Abonnement,600
8/31/2023,Vol betalend,600
8/31/2023,Actie,1010
8/31/2023,Accommodatie,50
8/31/2023,Scholen alleen entree,0
8/31/2023,Evenementen Scholen,0
8/31/2023,Evenementen met entree,0
8/31/2023,Groepen,0
8/31/2023,Gratis/ <3,240
8/31/2023,Abonnement,600
9/1/2023,Vol betalend,600
9/1/2023,Actie,1010
9/1/2023,Accommodatie,50
9/1/2023,Scholen alleen entree,0
9/1/2023,Evenementen Scholen,0
9/1/2023,Evenementen met entree,0
9/1/2023,Groepen,0
9/1/2023,Gratis/ <3,240
9/1/2023,Abonnement,600
9/2/2023,Vol betalend,766
9/2/2023,Actie,1989
9/2/2023,Accommodatie,50
9/2/2023,Scholen alleen entree,0
9/2/2023,Evenementen Scholen,0
9/2/2023,Evenementen met entree,0
9/2/2023,Groepen,0
9/2/2023,Gratis/ <3,245
9/2/2023,Abonnement,400
9/3/2023,Vol betalend,766
9/3/2023,Actie,2389
9/3/2023,Accommodatie,50
9/3/2023,Scholen alleen entree,0
9/3/2023,Evenementen Scholen,0
9/3/2023,Evenementen met entree,0
9/3/2023,Groepen,0
9/3/2023,Gratis/ <3,245
9/3/2023,Abonnement,500
9/4/2023,Vol betalend,206
9/4/2023,Actie,460
9/4/2023,Accommodatie,39
9/4/2023,Scholen alleen entree,300
9/4/2023,Evenementen Scholen,0
9/4/2023,Evenementen met entree,240
9/4/2023,Groepen,0
9/4/2023,Gratis/ <3,105
9/4/2023,Abonnement,250
9/5/2023,Vol betalend,206
9/5/2023,Actie,460
9/5/2023,Accommodatie,39
9/5/2023,Scholen alleen entree,300
9/5/2023,Evenementen Scholen,0
9/5/2023,Evenementen met entree,240
9/5/2023,Groepen,0
9/5/2023,Gratis/ <3,105
9/5/2023,Abonnement,250
9/6/2023,Vol betalend,206
9/6/2023,Actie,460
9/6/2023,Accommodatie,39
9/6/2023,Scholen alleen entree,300
9/6/2023,Evenementen Scholen,0
9/6/2023,Evenementen met entree,240
9/6/2023,Groepen,0
9/6/2023,Gratis/ <3,105
9/6/2023,Abonnement,250
9/7/2023,Vol betalend,206
9/7/2023,Actie,460
9/7/2023,Accommodatie,39
9/7/2023,Scholen alleen entree,300
9/7/2023,Evenementen Scholen,0
9/7/2023,Evenementen met entree,240
9/7/2023,Groepen,0
9/7/2023,Gratis/ <3,105
9/7/2023,Abonnement,250
9/8/2023,Vol betalend,206
9/8/2023,Actie,460
9/8/2023,Accommodatie,39
9/8/2023,Scholen alleen entree,300
9/8/2023,Evenementen Scholen,0
9/8/2023,Evenementen met entree,240
9/8/2023,Groepen,0
9/8/2023,Gratis/ <3,105
9/8/2023,Abonnement,250
9/9/2023,Vol betalend,1016
9/9/2023,Actie,2239
9/9/2023,Accommodatie,50
9/9/2023,Scholen alleen entree,0
9/9/2023,Evenementen Scholen,0
9/9/2023,Evenementen met entree,0
9/9/2023,Groepen,0
9/9/2023,Gratis/ <3,245
9/9/2023,Abonnement,400
9/10/2023,Vol betalend,1016
9/10/2023,Actie,2239
9/10/2023,Accommodatie,50
9/10/2023,Scholen alleen entree,0
9/10/2023,Evenementen Scholen,0
9/10/2023,Evenementen met entree,0
9/10/2023,Groepen,0
9/10/2023,Gratis/ <3,245
9/10/2023,Abonnement,800
9/11/2023,Vol betalend,206
9/11/2023,Actie,460
9/11/2023,Accommodatie,39
9/11/2023,Scholen alleen entree,300
9/11/2023,Evenementen Scholen,0
9/11/2023,Evenementen met entree,240
9/11/2023,Groepen,0
9/11/2023,Gratis/ <3,105
9/11/2023,Abonnement,250
9/12/2023,Vol betalend,206
9/12/2023,Actie,460
9/12/2023,Accommodatie,39
9/12/2023,Scholen alleen entree,300
9/12/2023,Evenementen Scholen,0
9/12/2023,Evenementen met entree,240
9/12/2023,Groepen,0
9/12/2023,Gratis/ <3,105
9/12/2023,Abonnement,250
9/13/2023,Vol betalend,206
9/13/2023,Actie,460
9/13/2023,Accommodatie,39
9/13/2023,Scholen alleen entree,300
9/13/2023,Evenementen Scholen,0
9/13/2023,Evenementen met entree,240
9/13/2023,Groepen,0
9/13/2023,Gratis/ <3,105
9/13/2023,Abonnement,250
9/14/2023,Vol betalend,206
9/14/2023,Actie,460
9/14/2023,Accommodatie,39
9/14/2023,Scholen alleen entree,300
9/14/2023,Evenementen Scholen,0
9/14/2023,Evenementen met entree,240
9/14/2023,Groepen,0
9/14/2023,Gratis/ <3,105
9/14/2023,Abonnement,250
9/15/2023,Vol betalend,206
9/15/2023,Actie,460
9/15/2023,Accommodatie,39
9/15/2023,Scholen alleen entree,300
9/15/2023,Evenementen Scholen,0
9/15/2023,Evenementen met entree,240
9/15/2023,Groepen,0
9/15/2023,Gratis/ <3,105
9/15/2023,Abonnement,250
9/16/2023,Vol betalend,1016
9/16/2023,Actie,2239
9/16/2023,Accommodatie,50
9/16/2023,Scholen alleen entree,0
9/16/2023,Evenementen Scholen,0
9/16/2023,Evenementen met entree,0
9/16/2023,Groepen,0
9/16/2023,Gratis/ <3,245
9/16/2023,Abonnement,400
9/17/2023,Vol betalend,1016
9/17/2023,Actie,2239
9/17/2023,Accommodatie,50
9/17/2023,Scholen alleen entree,0
9/17/2023,Evenementen Scholen,0
9/17/2023,Evenementen met entree,0
9/17/2023,Groepen,0
9/17/2023,Gratis/ <3,245
9/17/2023,Abonnement,800
9/18/2023,Vol betalend,203
9/18/2023,Actie,403
9/18/2023,Accommodatie,39
9/18/2023,Scholen alleen entree,300
9/18/2023,Evenementen Scholen,0
9/18/2023,Evenementen met entree,300
9/18/2023,Groepen,0
9/18/2023,Gratis/ <3,105
9/18/2023,Abonnement,250
9/19/2023,Vol betalend,203
9/19/2023,Actie,403
9/19/2023,Accommodatie,39
9/19/2023,Scholen alleen entree,300
9/19/2023,Evenementen Scholen,0
9/19/2023,Evenementen met entree,300
9/19/2023,Groepen,0
9/19/2023,Gratis/ <3,105
9/19/2023,Abonnement,250
9/20/2023,Vol betalend,203
9/20/2023,Actie,403
9/20/2023,Accommodatie,39
9/20/2023,Scholen alleen entree,300
9/20/2023,Evenementen Scholen,0
9/20/2023,Evenementen met entree,300
9/20/2023,Groepen,0
9/20/2023,Gratis/ <3,105
9/20/2023,Abonnement,250
9/21/2023,Vol betalend,203
9/21/2023,Actie,403
9/21/2023,Accommodatie,39
9/21/2023,Scholen alleen entree,300
9/21/2023,Evenementen Scholen,0
9/21/2023,Evenementen met entree,300
9/21/2023,Groepen,0
9/21/2023,Gratis/ <3,105
9/21/2023,Abonnement,250
9/22/2023,Vol betalend,203
9/22/2023,Actie,403
9/22/2023,Accommodatie,39
9/22/2023,Scholen alleen entree,300
9/22/2023,Evenementen Scholen,0
9/22/2023,Evenementen met entree,300
9/22/2023,Groepen,0
9/22/2023,Gratis/ <3,105
9/22/2023,Abonnement,250
9/23/2023,Vol betalend,766
9/23/2023,Actie,2489
9/23/2023,Accommodatie,50
9/23/2023,Scholen alleen entree,0
9/23/2023,Evenementen Scholen,0
9/23/2023,Evenementen met entree,0
9/23/2023,Groepen,0
9/23/2023,Gratis/ <3,245
9/23/2023,Abonnement,400
9/24/2023,Vol betalend,816
9/24/2023,Actie,2589
9/24/2023,Accommodatie,50
9/24/2023,Scholen alleen entree,0
9/24/2023,Evenementen Scholen,0
9/24/2023,Evenementen met entree,0
9/24/2023,Groepen,0
9/24/2023,Gratis/ <3,245
9/24/2023,Abonnement,800
9/25/2023,Vol betalend,203
9/25/2023,Actie,403
9/25/2023,Accommodatie,39
9/25/2023,Scholen alleen entree,300
9/25/2023,Evenementen Scholen,0
9/25/2023,Evenementen met entree,300
9/25/2023,Groepen,0
9/25/2023,Gratis/ <3,105
9/25/2023,Abonnement,250
9/26/2023,Vol betalend,203
9/26/2023,Actie,403
9/26/2023,Accommodatie,39
9/26/2023,Scholen alleen entree,300
9/26/2023,Evenementen Scholen,0
9/26/2023,Evenementen met entree,300
9/26/2023,Groepen,0
9/26/2023,Gratis/ <3,105
9/26/2023,Abonnement,250
9/27/2023,Vol betalend,203
9/27/2023,Actie,403
9/27/2023,Accommodatie,39
9/27/2023,Scholen alleen entree,300
9/27/2023,Evenementen Scholen,0
9/27/2023,Evenementen met entree,300
9/27/2023,Groepen,0
9/27/2023,Gratis/ <3,105
9/27/2023,Abonnement,250
9/28/2023,Vol betalend,203
9/28/2023,Actie,403
9/28/2023,Accommodatie,39
9/28/2023,Scholen alleen entree,300
9/28/2023,Evenementen Scholen,0
9/28/2023,Evenementen met entree,300
9/28/2023,Groepen,0
9/28/2023,Gratis/ <3,105
9/28/2023,Abonnement,250
9/29/2023,Vol betalend,203
9/29/2023,Actie,403
9/29/2023,Accommodatie,39
9/29/2023,Scholen alleen entree,300
9/29/2023,Evenementen Scholen,0
9/29/2023,Evenementen met entree,300
9/29/2023,Groepen,0
9/29/2023,Gratis/ <3,105
9/29/2023,Abonnement,250
9/30/2023,Vol betalend,900
9/30/2023,Actie,2195
9/30/2023,Accommodatie,50
9/30/2023,Scholen alleen entree,0
9/30/2023,Evenementen Scholen,0
9/30/2023,Evenementen met entree,0
9/30/2023,Groepen,0
9/30/2023,Gratis/ <3,105
9/30/2023,Abonnement,200
10/1/2023,Vol betalend,1150
10/1/2023,Actie,2490
10/1/2023,Accommodatie,50
10/1/2023,Scholen alleen entree,0
10/1/2023,Evenementen Scholen,0
10/1/2023,Evenementen met entree,0
10/1/2023,Groepen,0
10/1/2023,Gratis/ <3,210
10/1/2023,Abonnement,600
10/2/2023,Vol betalend,191
10/2/2023,Actie,654
10/2/2023,Accommodatie,50
10/2/2023,Scholen alleen entree,0
10/2/2023,Evenementen Scholen,0
10/2/2023,Evenementen met entree,300
10/2/2023,Groepen,0
10/2/2023,Gratis/ <3,105
10/2/2023,Abonnement,2195
10/3/2023,Vol betalend,863
10/3/2023,Actie,1224
10/3/2023,Accommodatie,20
10/3/2023,Scholen alleen entree,18
10/3/2023,Evenementen Scholen,0
10/3/2023,Evenementen met entree,0
10/3/2023,Groepen,0
10/3/2023,Gratis/ <3,175
10/3/2023,Abonnement,200
10/4/2023,Vol betalend,203
10/4/2023,Actie,653
10/4/2023,Accommodatie,39
10/4/2023,Scholen alleen entree,0
10/4/2023,Evenementen Scholen,0
10/4/2023,Evenementen met entree,300
10/4/2023,Groepen,0
10/4/2023,Gratis/ <3,155
10/4/2023,Abonnement,150
10/5/2023,Vol betalend,203
10/5/2023,Actie,631
10/5/2023,Accommodatie,39
10/5/2023,Scholen alleen entree,22
10/5/2023,Evenementen Scholen,0
10/5/2023,Evenementen met entree,300
10/5/2023,Groepen,0
10/5/2023,Gratis/ <3,155
10/5/2023,Abonnement,150
10/6/2023,Vol betalend,203
10/6/2023,Actie,631
10/6/2023,Accommodatie,39
10/6/2023,Scholen alleen entree,22
10/6/2023,Evenementen Scholen,0
10/6/2023,Evenementen met entree,300
10/6/2023,Groepen,0
10/6/2023,Gratis/ <3,155
10/6/2023,Abonnement,150
10/7/2023,Vol betalend,970
10/7/2023,Actie,2175
10/7/2023,Accommodatie,50
10/7/2023,Scholen alleen entree,0
10/7/2023,Evenementen Scholen,0
10/7/2023,Evenementen met entree,0
10/7/2023,Groepen,0
10/7/2023,Gratis/ <3,105
10/7/2023,Abonnement,200
10/8/2023,Vol betalend,850
10/8/2023,Actie,2390
10/8/2023,Accommodatie,50
10/8/2023,Scholen alleen entree,0
10/8/2023,Evenementen Scholen,0
10/8/2023,Evenementen met entree,0
10/8/2023,Groepen,0
10/8/2023,Gratis/ <3,210
10/8/2023,Abonnement,400
10/9/2023,Vol betalend,203
10/9/2023,Actie,653
10/9/2023,Accommodatie,39
10/9/2023,Scholen alleen entree,0
10/9/2023,Evenementen Scholen,0
10/9/2023,Evenementen met entree,300
10/9/2023,Groepen,0
10/9/2023,Gratis/ <3,155
10/9/2023,Abonnement,150
10/10/2023,Vol betalend,203
10/10/2023,Actie,653
10/10/2023,Accommodatie,39
10/10/2023,Scholen alleen entree,0
10/10/2023,Evenementen Scholen,0
10/10/2023,Evenementen met entree,300
10/10/2023,Groepen,0
10/10/2023,Gratis/ <3,155
10/10/2023,Abonnement,150
10/11/2023,Vol betalend,203
10/11/2023,Actie,631
10/11/2023,Accommodatie,22
10/11/2023,Scholen alleen entree,39
10/11/2023,Evenementen Scholen,0
10/11/2023,Evenementen met entree,300
10/11/2023,Groepen,0
10/11/2023,Gratis/ <3,155
10/11/2023,Abonnement,150
10/12/2023,Vol betalend,203
10/12/2023,Actie,631
10/12/2023,Accommodatie,22
10/12/2023,Scholen alleen entree,39
10/12/2023,Evenementen Scholen,0
10/12/2023,Evenementen met entree,300
10/12/2023,Groepen,0
10/12/2023,Gratis/ <3,155
10/12/2023,Abonnement,150
10/13/2023,Vol betalend,203
10/13/2023,Actie,631
10/13/2023,Accommodatie,22
10/13/2023,Scholen alleen entree,39
10/13/2023,Evenementen Scholen,0
10/13/2023,Evenementen met entree,300
10/13/2023,Groepen,0
10/13/2023,Gratis/ <3,155
10/13/2023,Abonnement,150
10/14/2023,Vol betalend,1163
10/14/2023,Actie,1982
10/14/2023,Accommodatie,50
10/14/2023,Scholen alleen entree,0
10/14/2023,Evenementen Scholen,0
10/14/2023,Evenementen met entree,0
10/14/2023,Groepen,0
10/14/2023,Gratis/ <3,105
10/14/2023,Abonnement,200
10/15/2023,Vol betalend,1163
10/15/2023,Actie,2107
10/15/2023,Accommodatie,50
10/15/2023,Scholen alleen entree,0
10/15/2023,Evenementen Scholen,0
10/15/2023,Evenementen met entree,0
10/15/2023,Groepen,0
10/15/2023,Gratis/ <3,280
10/15/2023,Abonnement,400
10/16/2023,Vol betalend,800
10/16/2023,Actie,1274
10/16/2023,Accommodatie,43
10/16/2023,Scholen alleen entree,58
10/16/2023,Evenementen Scholen,0
10/16/2023,Evenementen met entree,0
10/16/2023,Groepen,0
10/16/2023,Gratis/ <3,200
10/16/2023,Abonnement,175
10/17/2023,Vol betalend,800
10/17/2023,Actie,1274
10/17/2023,Accommodatie,43
10/17/2023,Scholen alleen entree,58
10/17/2023,Evenementen Scholen,0
10/17/2023,Evenementen met entree,0
10/17/2023,Groepen,0
10/17/2023,Gratis/ <3,200
10/17/2023,Abonnement,175
10/18/2023,Vol betalend,800
10/18/2023,Actie,1274
10/18/2023,Accommodatie,43
10/18/2023,Scholen alleen entree,58
10/18/2023,Evenementen Scholen,0
10/18/2023,Evenementen met entree,0
10/18/2023,Groepen,0
10/18/2023,Gratis/ <3,200
10/18/2023,Abonnement,175
10/19/2023,Vol betalend,800
10/19/2023,Actie,1274
10/19/2023,Accommodatie,43
10/19/2023,Scholen alleen entree,58
10/19/2023,Evenementen Scholen,0
10/19/2023,Evenementen met entree,0
10/19/2023,Groepen,0
10/19/2023,Gratis/ <3,200
10/19/2023,Abonnement,175
10/20/2023,Vol betalend,800
10/20/2023,Actie,1274
10/20/2023,Accommodatie,43
10/20/2023,Scholen alleen entree,58
10/20/2023,Evenementen Scholen,0
10/20/2023,Evenementen met entree,0
10/20/2023,Groepen,0
10/20/2023,Gratis/ <3,200
10/20/2023,Abonnement,175
10/21/2023,Vol betalend,863
10/21/2023,Actie,2942
10/21/2023,Accommodatie,50
10/21/2023,Scholen alleen entree,0
10/21/2023,Evenementen Scholen,0
10/21/2023,Evenementen met entree,0
10/21/2023,Groepen,0
10/21/2023,Gratis/ <3,245
10/21/2023,Abonnement,400
10/22/2023,Vol betalend,863
10/22/2023,Actie,3207
10/22/2023,Accommodatie,50
10/22/2023,Scholen alleen entree,0
10/22/2023,Evenementen Scholen,0
10/22/2023,Evenementen met entree,0
10/22/2023,Groepen,0
10/22/2023,Gratis/ <3,280
10/22/2023,Abonnement,600
10/23/2023,Vol betalend,763
10/23/2023,Actie,2507
10/23/2023,Accommodatie,50
10/23/2023,Scholen alleen entree,0
10/23/2023,Evenementen Scholen,0
10/23/2023,Evenementen met entree,0
10/23/2023,Groepen,0
10/23/2023,Gratis/ <3,380
10/23/2023,Abonnement,300
10/24/2023,Vol betalend,763
10/24/2023,Actie,2507
10/24/2023,Accommodatie,50
10/24/2023,Scholen alleen entree,0
10/24/2023,Evenementen Scholen,0
10/24/2023,Evenementen met entree,0
10/24/2023,Groepen,0
10/24/2023,Gratis/ <3,380
10/24/2023,Abonnement,300
10/25/2023,Vol betalend,763
10/25/2023,Actie,2507
10/25/2023,Accommodatie,50
10/25/2023,Scholen alleen entree,0
10/25/2023,Evenementen Scholen,0
10/25/2023,Evenementen met entree,0
10/25/2023,Groepen,0
10/25/2023,Gratis/ <3,380
10/25/2023,Abonnement,300
10/26/2023,Vol betalend,763
10/26/2023,Actie,2507
10/26/2023,Accommodatie,50
10/26/2023,Scholen alleen entree,0
10/26/2023,Evenementen Scholen,0
10/26/2023,Evenementen met entree,0
10/26/2023,Groepen,0
10/26/2023,Gratis/ <3,380
10/26/2023,Abonnement,300
10/27/2023,Vol betalend,763
10/27/2023,Actie,2507
10/27/2023,Accommodatie,50
10/27/2023,Scholen alleen entree,0
10/27/2023,Evenementen Scholen,0
10/27/2023,Evenementen met entree,0
10/27/2023,Groepen,0
10/27/2023,Gratis/ <3,380
10/27/2023,Abonnement,300
10/28/2023,Vol betalend,663
10/28/2023,Actie,2412
10/28/2023,Accommodatie,50
10/28/2023,Scholen alleen entree,0
10/28/2023,Evenementen Scholen,0
10/28/2023,Evenementen met entree,0
10/28/2023,Groepen,0
10/28/2023,Gratis/ <3,175
10/28/2023,Abonnement,200
10/29/2023,Vol betalend,763
10/29/2023,Actie,2507
10/29/2023,Accommodatie,50
10/29/2023,Scholen alleen entree,0
10/29/2023,Evenementen Scholen,0
10/29/2023,Evenementen met entree,0
10/29/2023,Groepen,0
10/29/2023,Gratis/ <3,280
10/29/2023,Abonnement,400
10/30/2023,Vol betalend,74
10/30/2023,Actie,429
10/30/2023,Accommodatie,23
10/30/2023,Scholen alleen entree,0
10/30/2023,Evenementen Scholen,0
10/30/2023,Evenementen met entree,0
10/30/2023,Groepen,0
10/30/2023,Gratis/ <3,149
10/30/2023,Abonnement,150
10/31/2023,Vol betalend,74
10/31/2023,Actie,429
10/31/2023,Accommodatie,23
10/31/2023,Scholen alleen entree,0
10/31/2023,Evenementen Scholen,0
10/31/2023,Evenementen met entree,0
10/31/2023,Groepen,0
10/31/2023,Gratis/ <3,149
10/31/2023,Abonnement,150
11/1/2023,Vol betalend,74
11/1/2023,Actie,429
11/1/2023,Accommodatie,23
11/1/2023,Scholen alleen entree,0
11/1/2023,Evenementen Scholen,0
11/1/2023,Evenementen met entree,0
11/1/2023,Groepen,0
11/1/2023,Gratis/ <3,149
11/1/2023,Abonnement,150
11/2/2023,Vol betalend,74
11/2/2023,Actie,429
11/2/2023,Accommodatie,23
11/2/2023,Scholen alleen entree,0
11/2/2023,Evenementen Scholen,0
11/2/2023,Evenementen met entree,0
11/2/2023,Groepen,0
11/2/2023,Gratis/ <3,149
11/2/2023,Abonnement,150
11/3/2023,Vol betalend,74
11/3/2023,Actie,429
11/3/2023,Accommodatie,23
11/3/2023,Scholen alleen entree,0
11/3/2023,Evenementen Scholen,0
11/3/2023,Evenementen met entree,0
11/3/2023,Groepen,0
11/3/2023,Gratis/ <3,149
11/3/2023,Abonnement,150
11/4/2023,Vol betalend,400
11/4/2023,Actie,810
11/4/2023,Accommodatie,50
11/4/2023,Scholen alleen entree,0
11/4/2023,Evenementen Scholen,0
11/4/2023,Evenementen met entree,0
11/4/2023,Groepen,0
11/4/2023,Gratis/ <3,140
11/4/2023,Abonnement,500
11/5/2023,Vol betalend,400
11/5/2023,Actie,1410
11/5/2023,Accommodatie,50
11/5/2023,Scholen alleen entree,0
11/5/2023,Evenementen Scholen,0
11/5/2023,Evenementen met entree,0
11/5/2023,Groepen,0
11/5/2023,Gratis/ <3,140
11/5/2023,Abonnement,500
11/6/2023,Vol betalend,74
11/6/2023,Actie,424
11/6/2023,Accommodatie,8
11/6/2023,Scholen alleen entree,20
11/6/2023,Evenementen Scholen,0
11/6/2023,Evenementen met entree,0
11/6/2023,Groepen,0
11/6/2023,Gratis/ <3,149
11/6/2023,Abonnement,150
11/7/2023,Vol betalend,74
11/7/2023,Actie,424
11/7/2023,Accommodatie,8
11/7/2023,Scholen alleen entree,20
11/7/2023,Evenementen Scholen,0
11/7/2023,Evenementen met entree,0
11/7/2023,Groepen,0
11/7/2023,Gratis/ <3,149
11/7/2023,Abonnement,150
11/8/2023,Vol betalend,74
11/8/2023,Actie,424
11/8/2023,Accommodatie,8
11/8/2023,Scholen alleen entree,20
11/8/2023,Evenementen Scholen,0
11/8/2023,Evenementen met entree,0
11/8/2023,Groepen,0
11/8/2023,Gratis/ <3,149
11/8/2023,Abonnement,150
11/9/2023,Vol betalend,74
11/9/2023,Actie,424
11/9/2023,Accommodatie,8
11/9/2023,Scholen alleen entree,20
11/9/2023,Evenementen Scholen,0
11/9/2023,Evenementen met entree,0
11/9/2023,Groepen,0
11/9/2023,Gratis/ <3,149
11/9/2023,Abonnement,150
11/10/2023,Vol betalend,74
11/10/2023,Actie,424
11/10/2023,Accommodatie,8
11/10/2023,Scholen alleen entree,20
11/10/2023,Evenementen Scholen,0
11/10/2023,Evenementen met entree,0
11/10/2023,Groepen,0
11/10/2023,Gratis/ <3,149
11/10/2023,Abonnement,150
11/11/2023,Vol betalend,400
11/11/2023,Actie,810
11/11/2023,Accommodatie,50
11/11/2023,Scholen alleen entree,0
11/11/2023,Evenementen Scholen,0
11/11/2023,Evenementen met entree,0
11/11/2023,Groepen,0
11/11/2023,Gratis/ <3,140
11/11/2023,Abonnement,500
11/12/2023,Vol betalend,400
11/12/2023,Actie,1410
11/12/2023,Accommodatie,50
11/12/2023,Scholen alleen entree,0
11/12/2023,Evenementen Scholen,0
11/12/2023,Evenementen met entree,0
11/12/2023,Groepen,0
11/12/2023,Gratis/ <3,140
11/12/2023,Abonnement,500
11/13/2023,Vol betalend,74
11/13/2023,Actie,424
11/13/2023,Accommodatie,8
11/13/2023,Scholen alleen entree,20
11/13/2023,Evenementen Scholen,0
11/13/2023,Evenementen met entree,0
11/13/2023,Groepen,0
11/13/2023,Gratis/ <3,149
11/13/2023,Abonnement,150
11/14/2023,Vol betalend,74
11/14/2023,Actie,424
11/14/2023,Accommodatie,8
11/14/2023,Scholen alleen entree,20
11/14/2023,Evenementen Scholen,0
11/14/2023,Evenementen met entree,0
11/14/2023,Groepen,0
11/14/2023,Gratis/ <3,149
11/14/2023,Abonnement,150
11/15/2023,Vol betalend,74
11/15/2023,Actie,424
11/15/2023,Accommodatie,8
11/15/2023,Scholen alleen entree,20
11/15/2023,Evenementen Scholen,0
11/15/2023,Evenementen met entree,0
11/15/2023,Groepen,0
11/15/2023,Gratis/ <3,149
11/15/2023,Abonnement,150
11/16/2023,Vol betalend,74
11/16/2023,Actie,424
11/16/2023,Accommodatie,8
11/16/2023,Scholen alleen entree,20
11/16/2023,Evenementen Scholen,0
11/16/2023,Evenementen met entree,0
11/16/2023,Groepen,0
11/16/2023,Gratis/ <3,149
11/16/2023,Abonnement,150
11/17/2023,Vol betalend,74
11/17/2023,Actie,424
11/17/2023,Accommodatie,8
11/17/2023,Scholen alleen entree,20
11/17/2023,Evenementen Scholen,0
11/17/2023,Evenementen met entree,0
11/17/2023,Groepen,0
11/17/2023,Gratis/ <3,149
11/17/2023,Abonnement,150
11/18/2023,Vol betalend,400
11/18/2023,Actie,810
11/18/2023,Accommodatie,50
11/18/2023,Scholen alleen entree,0
11/18/2023,Evenementen Scholen,0
11/18/2023,Evenementen met entree,0
11/18/2023,Groepen,0
11/18/2023,Gratis/ <3,140
11/18/2023,Abonnement,500
11/19/2023,Vol betalend,400
11/19/2023,Actie,1410
11/19/2023,Accommodatie,50
11/19/2023,Scholen alleen entree,0
11/19/2023,Evenementen Scholen,0
11/19/2023,Evenementen met entree,0
11/19/2023,Groepen,0
11/19/2023,Gratis/ <3,140
11/19/2023,Abonnement,500
11/20/2023,Vol betalend,74
11/20/2023,Actie,424
11/20/2023,Accommodatie,8
11/20/2023,Scholen alleen entree,20
11/20/2023,Evenementen Scholen,0
11/20/2023,Evenementen met entree,0
11/20/2023,Groepen,0
11/20/2023,Gratis/ <3,149
11/20/2023,Abonnement,150
11/21/2023,Vol betalend,74
11/21/2023,Actie,424
11/21/2023,Accommodatie,8
11/21/2023,Scholen alleen entree,20
11/21/2023,Evenementen Scholen,0
11/21/2023,Evenementen met entree,0
11/21/2023,Groepen,0
11/21/2023,Gratis/ <3,149
11/21/2023,Abonnement,150
11/22/2023,Vol betalend,74
11/22/2023,Actie,424
11/22/2023,Accommodatie,8
11/22/2023,Scholen alleen entree,20
11/22/2023,Evenementen Scholen,0
11/22/2023,Evenementen met entree,0
11/22/2023,Groepen,0
11/22/2023,Gratis/ <3,149
11/22/2023,Abonnement,150
11/23/2023,Vol betalend,74
11/23/2023,Actie,421
11/23/2023,Accommodatie,8
11/23/2023,Scholen alleen entree,23
11/23/2023,Evenementen Scholen,0
11/23/2023,Evenementen met entree,0
11/23/2023,Groepen,0
11/23/2023,Gratis/ <3,149
11/23/2023,Abonnement,150
11/24/2023,Vol betalend,74
11/24/2023,Actie,424
11/24/2023,Accommodatie,8
11/24/2023,Scholen alleen entree,20
11/24/2023,Evenementen Scholen,0
11/24/2023,Evenementen met entree,0
11/24/2023,Groepen,0
11/24/2023,Gratis/ <3,149
11/24/2023,Abonnement,150
11/25/2023,Vol betalend,400
11/25/2023,Actie,1160
11/25/2023,Accommodatie,50
11/25/2023,Scholen alleen entree,0
11/25/2023,Evenementen Scholen,0
11/25/2023,Evenementen met entree,0
11/25/2023,Groepen,0
11/25/2023,Gratis/ <3,340
11/25/2023,Abonnement,300
11/26/2023,Vol betalend,400
11/26/2023,Actie,1410
11/26/2023,Accommodatie,50
11/26/2023,Scholen alleen entree,0
11/26/2023,Evenementen Scholen,0
11/26/2023,Evenementen met entree,0
11/26/2023,Groepen,0
11/26/2023,Gratis/ <3,340
11/26/2023,Abonnement,300
11/27/2023,Vol betalend,41
11/27/2023,Actie,178
11/27/2023,Accommodatie,10
11/27/2023,Scholen alleen entree,0
11/27/2023,Evenementen Scholen,0
11/27/2023,Evenementen met entree,0
11/27/2023,Groepen,0
11/27/2023,Gratis/ <3,21
11/27/2023,Abonnement,100
11/28/2023,Vol betalend,41
11/28/2023,Actie,178
11/28/2023,Accommodatie,10
11/28/2023,Scholen alleen entree,0
11/28/2023,Evenementen Scholen,0
11/28/2023,Evenementen met entree,0
11/28/2023,Groepen,0
11/28/2023,Gratis/ <3,21
11/28/2023,Abonnement,100
11/29/2023,Vol betalend,41
11/29/2023,Actie,178
11/29/2023,Accommodatie,10
11/29/2023,Scholen alleen entree,0
11/29/2023,Evenementen Scholen,0
11/29/2023,Evenementen met entree,0
11/29/2023,Groepen,0
11/29/2023,Gratis/ <3,21
11/29/2023,Abonnement,100
11/30/2023,Vol betalend,41
11/30/2023,Actie,178
11/30/2023,Accommodatie,10
11/30/2023,Scholen alleen entree,0
11/30/2023,Evenementen Scholen,0
11/30/2023,Evenementen met entree,0
11/30/2023,Groepen,0
11/30/2023,Gratis/ <3,21
11/30/2023,Abonnement,100
12/1/2023,Vol betalend,43
12/1/2023,Actie,176
12/1/2023,Accommodatie,10
12/1/2023,Scholen alleen entree,0
12/1/2023,Evenementen Scholen,0
12/1/2023,Evenementen met entree,0
12/1/2023,Groepen,0
12/1/2023,Gratis/ <3,21
12/1/2023,Abonnement,100
12/2/2023,Vol betalend,106
12/2/2023,Actie,516
12/2/2023,Accommodatie,25
12/2/2023,Scholen alleen entree,0
12/2/2023,Evenementen Scholen,0
12/2/2023,Evenementen met entree,0
12/2/2023,Groepen,0
12/2/2023,Gratis/ <3,53
12/2/2023,Abonnement,300
12/3/2023,Vol betalend,120
12/3/2023,Actie,602
12/3/2023,Accommodatie,25
12/3/2023,Scholen alleen entree,0
12/3/2023,Evenementen Scholen,0
12/3/2023,Evenementen met entree,0
12/3/2023,Groepen,0
12/3/2023,Gratis/ <3,53
12/3/2023,Abonnement,400
12/4/2023,Vol betalend,43
12/4/2023,Actie,176
12/4/2023,Accommodatie,10
12/4/2023,Scholen alleen entree,0
12/4/2023,Evenementen Scholen,0
12/4/2023,Evenementen met entree,0
12/4/2023,Groepen,0
12/4/2023,Gratis/ <3,21
12/4/2023,Abonnement,100
12/5/2023,Vol betalend,43
12/5/2023,Actie,176
12/5/2023,Accommodatie,10
12/5/2023,Scholen alleen entree,0
12/5/2023,Evenementen Scholen,0
12/5/2023,Evenementen met entree,0
12/5/2023,Groepen,0
12/5/2023,Gratis/ <3,21
12/5/2023,Abonnement,100
12/6/2023,Vol betalend,43
12/6/2023,Actie,176
12/6/2023,Accommodatie,10
12/6/2023,Scholen alleen entree,0
12/6/2023,Evenementen Scholen,0
12/6/2023,Evenementen met entree,0
12/6/2023,Groepen,0
12/6/2023,Gratis/ <3,21
12/6/2023,Abonnement,100
12/7/2023,Vol betalend,43
12/7/2023,Actie,176
12/7/2023,Accommodatie,10
12/7/2023,Scholen alleen entree,0
12/7/2023,Evenementen Scholen,0
12/7/2023,Evenementen met entree,0
12/7/2023,Groepen,0
12/7/2023,Gratis/ <3,21
12/7/2023,Abonnement,100
12/8/2023,Vol betalend,43
12/8/2023,Actie,176
12/8/2023,Accommodatie,10
12/8/2023,Scholen alleen entree,0
12/8/2023,Evenementen Scholen,0
12/8/2023,Evenementen met entree,0
12/8/2023,Groepen,0
12/8/2023,Gratis/ <3,21
12/8/2023,Abonnement,100
12/9/2023,Vol betalend,106
12/9/2023,Actie,516
12/9/2023,Accommodatie,25
12/9/2023,Scholen alleen entree,0
12/9/2023,Evenementen Scholen,0
12/9/2023,Evenementen met entree,0
12/9/2023,Groepen,0
12/9/2023,Gratis/ <3,153
12/9/2023,Abonnement,400
12/10/2023,Vol betalend,120
12/10/2023,Actie,502
12/10/2023,Accommodatie,25
12/10/2023,Scholen alleen entree,0
12/10/2023,Evenementen Scholen,0
12/10/2023,Evenementen met entree,0
12/10/2023,Groepen,0
12/10/2023,Gratis/ <3,153
12/10/2023,Abonnement,400
12/11/2023,Vol betalend,43
12/11/2023,Actie,176
12/11/2023,Accommodatie,10
12/11/2023,Scholen alleen entree,0
12/11/2023,Evenementen Scholen,0
12/11/2023,Evenementen met entree,0
12/11/2023,Groepen,0
12/11/2023,Gratis/ <3,71
12/11/2023,Abonnement,50
12/12/2023,Vol betalend,43
12/12/2023,Actie,176
12/12/2023,Accommodatie,10
12/12/2023,Scholen alleen entree,0
12/12/2023,Evenementen Scholen,0
12/12/2023,Evenementen met entree,0
12/12/2023,Groepen,0
12/12/2023,Gratis/ <3,71
12/12/2023,Abonnement,50
12/13/2023,Vol betalend,43
12/13/2023,Actie,178
12/13/2023,Accommodatie,10
12/13/2023,Scholen alleen entree,0
12/13/2023,Evenementen Scholen,0
12/13/2023,Evenementen met entree,0
12/13/2023,Groepen,0
12/13/2023,Gratis/ <3,21
12/13/2023,Abonnement,98
12/14/2023,Vol betalend,43
12/14/2023,Actie,186
12/14/2023,Accommodatie,10
12/14/2023,Scholen alleen entree,0
12/14/2023,Evenementen Scholen,0
12/14/2023,Evenementen met entree,0
12/14/2023,Groepen,0
12/14/2023,Gratis/ <3,21
12/14/2023,Abonnement,90
12/15/2023,Vol betalend,43
12/15/2023,Actie,186
12/15/2023,Accommodatie,10
12/15/2023,Scholen alleen entree,0
12/15/2023,Evenementen Scholen,0
12/15/2023,Evenementen met entree,0
12/15/2023,Groepen,0
12/15/2023,Gratis/ <3,21
12/15/2023,Abonnement,90
12/16/2023,Vol betalend,106
12/16/2023,Actie,516
12/16/2023,Accommodatie,25
12/16/2023,Scholen alleen entree,0
12/16/2023,Evenementen Scholen,0
12/16/2023,Evenementen met entree,0
12/16/2023,Groepen,0
12/16/2023,Gratis/ <3,153
12/16/2023,Abonnement,200
12/17/2023,Vol betalend,120
12/17/2023,Actie,502
12/17/2023,Accommodatie,25
12/17/2023,Scholen alleen entree,0
12/17/2023,Evenementen Scholen,0
12/17/2023,Evenementen met entree,0
12/17/2023,Groepen,0
12/17/2023,Gratis/ <3,53
12/17/2023,Abonnement,500
12/18/2023,Vol betalend,44
12/18/2023,Actie,185
12/18/2023,Accommodatie,10
12/18/2023,Scholen alleen entree,0
12/18/2023,Evenementen Scholen,0
12/18/2023,Evenementen met entree,0
12/18/2023,Groepen,0
12/18/2023,Gratis/ <3,21
12/18/2023,Abonnement,90
12/19/2023,Vol betalend,44
12/19/2023,Actie,185
12/19/2023,Accommodatie,10
12/19/2023,Scholen alleen entree,0
12/19/2023,Evenementen Scholen,0
12/19/2023,Evenementen met entree,0
12/19/2023,Groepen,0
12/19/2023,Gratis/ <3,21
12/19/2023,Abonnement,90
12/20/2023,Vol betalend,44
12/20/2023,Actie,185
12/20/2023,Accommodatie,10
12/20/2023,Scholen alleen entree,0
12/20/2023,Evenementen Scholen,0
12/20/2023,Evenementen met entree,0
12/20/2023,Groepen,0
12/20/2023,Gratis/ <3,21
12/20/2023,Abonnement,90
12/21/2023,Vol betalend,42
12/21/2023,Actie,185
12/21/2023,Accommodatie,10
12/21/2023,Scholen alleen entree,0
12/21/2023,Evenementen Scholen,0
12/21/2023,Evenementen met entree,0
12/21/2023,Groepen,0
12/21/2023,Gratis/ <3,21
12/21/2023,Abonnement,92
12/22/2023,Vol betalend,44
12/22/2023,Actie,185
12/22/2023,Accommodatie,10
12/22/2023,Scholen alleen entree,0
12/22/2023,Evenementen Scholen,0
12/22/2023,Evenementen met entree,0
12/22/2023,Groepen,0
12/22/2023,Gratis/ <3,21
12/22/2023,Abonnement,90
12/23/2023,Vol betalend,800
12/23/2023,Actie,2115
12/23/2023,Accommodatie,50
12/23/2023,Scholen alleen entree,0
12/23/2023,Evenementen Scholen,0
12/23/2023,Evenementen met entree,0
12/23/2023,Groepen,0
12/23/2023,Gratis/ <3,415
12/23/2023,Abonnement,1120
12/24/2023,Vol betalend,800
12/24/2023,Actie,2115
12/24/2023,Accommodatie,50
12/24/2023,Scholen alleen entree,0
12/24/2023,Evenementen Scholen,0
12/24/2023,Evenementen met entree,0
12/24/2023,Groepen,0
12/24/2023,Gratis/ <3,415
12/24/2023,Abonnement,1120
12/25/2023,Vol betalend,750
12/25/2023,Actie,738
12/25/2023,Accommodatie,37
12/25/2023,Scholen alleen entree,0
12/25/2023,Evenementen Scholen,0
12/25/2023,Evenementen met entree,0
12/25/2023,Groepen,0
12/25/2023,Gratis/ <3,175
12/25/2023,Abonnement,800
12/26/2023,Vol betalend,700
12/26/2023,Actie,1995
12/26/2023,Accommodatie,40
12/26/2023,Scholen alleen entree,0
12/26/2023,Evenementen Scholen,0
12/26/2023,Evenementen met entree,0
12/26/2023,Groepen,0
12/26/2023,Gratis/ <3,415
12/26/2023,Abonnement,1250
12/27/2023,Vol betalend,700
12/27/2023,Actie,2045
12/27/2023,Accommodatie,40
12/27/2023,Scholen alleen entree,0
12/27/2023,Evenementen Scholen,0
12/27/2023,Evenementen met entree,0
12/27/2023,Groepen,0
12/27/2023,Gratis/ <3,415
12/27/2023,Abonnement,1100
12/28/2023,Vol betalend,700
12/28/2023,Actie,2045
12/28/2023,Accommodatie,40
12/28/2023,Scholen alleen entree,0
12/28/2023,Evenementen Scholen,0
12/28/2023,Evenementen met entree,0
12/28/2023,Groepen,0
12/28/2023,Gratis/ <3,415
12/28/2023,Abonnement,1100
12/29/2023,Vol betalend,700
12/29/2023,Actie,2045
12/29/2023,Accommodatie,40
12/29/2023,Scholen alleen entree,0
12/29/2023,Evenementen Scholen,0
12/29/2023,Evenementen met entree,0
12/29/2023,Groepen,0
12/29/2023,Gratis/ <3,415
12/29/2023,Abonnement,1100
12/30/2023,Vol betalend,700
12/30/2023,Actie,2045
12/30/2023,Accommodatie,40
12/30/2023,Scholen alleen entree,0
12/30/2023,Evenementen Scholen,0
12/30/2023,Evenementen met entree,0
12/30/2023,Groepen,0
12/30/2023,Gratis/ <3,415
12/30/2023,Abonnement,1100
12/31/2023,Vol betalend,160
12/31/2023,Actie,416
12/31/2023,Accommodatie,36
12/31/2023,Scholen alleen entree,0
12/31/2023,Evenementen Scholen,0
12/31/2023,Evenementen met entree,0
12/31/2023,Groepen,0
12/31/2023,Gratis/ <3,68
12/31/2023,Abonnement,300
1/1/2024,Vol betalend,0
1/1/2024,Actie,0
1/1/2024,Accommodatie,0
1/1/2024,Scholen alleen entree,0
1/1/2024,Evenementen Scholen,0
1/1/2024,Evenementen met entree,0
1/1/2024,Groepen,0
1/1/2024,Gratis/ <3,0
1/1/2024,Abonnement,0
1/2/2024,Vol betalend,1684
1/2/2024,Actie,738
1/2/2024,Accommodatie,57
1/2/2024,Scholen alleen entree,0
1/2/2024,Evenementen Scholen,0
1/2/2024,Evenementen met entree,0
1/2/2024,Groepen,0
1/2/2024,Gratis/ <3,297
1/2/2024,Abonnement,1724
1/3/2024,Vol betalend,1830
1/3/2024,Actie,903
1/3/2024,Accommodatie,72
1/3/2024,Scholen alleen entree,0
1/3/2024,Evenementen Scholen,0
1/3/2024,Evenementen met entree,0
1/3/2024,Groepen,0
1/3/2024,Gratis/ <3,369
1/3/2024,Abonnement,2426
1/4/2024,Vol betalend,1830
1/4/2024,Actie,903
1/4/2024,Accommodatie,72
1/4/2024,Scholen alleen entree,0
1/4/2024,Evenementen Scholen,0
1/4/2024,Evenementen met entree,0
1/4/2024,Groepen,0
1/4/2024,Gratis/ <3,369
1/4/2024,Abonnement,2426
1/5/2024,Vol betalend,1830
1/5/2024,Actie,903
1/5/2024,Accommodatie,72
1/5/2024,Scholen alleen entree,0
1/5/2024,Evenementen Scholen,0
1/5/2024,Evenementen met entree,0
1/5/2024,Groepen,0
1/5/2024,Gratis/ <3,369
1/5/2024,Abonnement,2426
1/6/2024,Vol betalend,2178
1/6/2024,Actie,985
1/6/2024,Accommodatie,76
1/6/2024,Scholen alleen entree,0
1/6/2024,Evenementen Scholen,0
1/6/2024,Evenementen met entree,0
1/6/2024,Groepen,175
1/6/2024,Gratis/ <3,395
1/6/2024,Abonnement,2191
1/7/2024,Vol betalend,1684
1/7/2024,Actie,738
1/7/2024,Accommodatie,57
1/7/2024,Scholen alleen entree,0
1/7/2024,Evenementen Scholen,0
1/7/2024,Evenementen met entree,0
1/7/2024,Groepen,125
1/7/2024,Gratis/ <3,297
1/7/2024,Abonnement,1599
1/8/2024,Vol betalend,50
1/8/2024,Actie,91
1/8/2024,Accommodatie,8
1/8/2024,Scholen alleen entree,0
1/8/2024,Evenementen Scholen,0
1/8/2024,Evenementen met entree,0
1/8/2024,Groepen,0
1/8/2024,Gratis/ <3,26
1/8/2024,Abonnement,225
1/9/2024,Vol betalend,50
1/9/2024,Actie,91
1/9/2024,Accommodatie,8
1/9/2024,Scholen alleen entree,0
1/9/2024,Evenementen Scholen,0
1/9/2024,Evenementen met entree,0
1/9/2024,Groepen,0
1/9/2024,Gratis/ <3,26
1/9/2024,Abonnement,225
1/10/2024,Vol betalend,50
1/10/2024,Actie,91
1/10/2024,Accommodatie,8
1/10/2024,Scholen alleen entree,0
1/10/2024,Evenementen Scholen,0
1/10/2024,Evenementen met entree,0
1/10/2024,Groepen,0
1/10/2024,Gratis/ <3,26
1/10/2024,Abonnement,225
1/11/2024,Vol betalend,50
1/11/2024,Actie,91
1/11/2024,Accommodatie,8
1/11/2024,Scholen alleen entree,0
1/11/2024,Evenementen Scholen,0
1/11/2024,Evenementen met entree,0
1/11/2024,Groepen,0
1/11/2024,Gratis/ <3,26
1/11/2024,Abonnement,225
1/12/2024,Vol betalend,50
1/12/2024,Actie,91
1/12/2024,Accommodatie,8
1/12/2024,Scholen alleen entree,0
1/12/2024,Evenementen Scholen,0
1/12/2024,Evenementen met entree,0
1/12/2024,Groepen,0
1/12/2024,Gratis/ <3,26
1/12/2024,Abonnement,225
1/13/2024,Vol betalend,242
1/13/2024,Actie,458
1/13/2024,Accommodatie,40
1/13/2024,Scholen alleen entree,0
1/13/2024,Evenementen Scholen,0
1/13/2024,Evenementen met entree,0
1/13/2024,Groepen,25
1/13/2024,Gratis/ <3,132
1/13/2024,Abonnement,1103
1/14/2024,Vol betalend,329
1/14/2024,Actie,621
1/14/2024,Accommodatie,55
1/14/2024,Scholen alleen entree,0
1/14/2024,Evenementen Scholen,0
1/14/2024,Evenementen met entree,0
1/14/2024,Groepen,60
1/14/2024,Gratis/ <3,181
1/14/2024,Abonnement,1504
1/15/2024,Vol betalend,50
1/15/2024,Actie,91
1/15/2024,Accommodatie,8
1/15/2024,Scholen alleen entree,0
1/15/2024,Evenementen Scholen,0
1/15/2024,Evenementen met entree,0
1/15/2024,Groepen,0
1/15/2024,Gratis/ <3,26
1/15/2024,Abonnement,225
1/16/2024,Vol betalend,50
1/16/2024,Actie,91
1/16/2024,Accommodatie,8
1/16/2024,Scholen alleen entree,0
1/16/2024,Evenementen Scholen,0
1/16/2024,Evenementen met entree,0
1/16/2024,Groepen,0
1/16/2024,Gratis/ <3,26
1/16/2024,Abonnement,225
1/17/2024,Vol betalend,50
1/17/2024,Actie,91
1/17/2024,Accommodatie,8
1/17/2024,Scholen alleen entree,0
1/17/2024,Evenementen Scholen,0
1/17/2024,Evenementen met entree,0
1/17/2024,Groepen,0
1/17/2024,Gratis/ <3,26
1/17/2024,Abonnement,225
1/18/2024,Vol betalend,50
1/18/2024,Actie,91
1/18/2024,Accommodatie,8
1/18/2024,Scholen alleen entree,0
1/18/2024,Evenementen Scholen,0
1/18/2024,Evenementen met entree,0
1/18/2024,Groepen,0
1/18/2024,Gratis/ <3,26
1/18/2024,Abonnement,225
1/19/2024,Vol betalend,50
1/19/2024,Actie,91
1/19/2024,Accommodatie,8
1/19/2024,Scholen alleen entree,0
1/19/2024,Evenementen Scholen,0
1/19/2024,Evenementen met entree,0
1/19/2024,Groepen,0
1/19/2024,Gratis/ <3,29
1/19/2024,Abonnement,222
1/20/2024,Vol betalend,242
1/20/2024,Actie,458
1/20/2024,Accommodatie,40
1/20/2024,Scholen alleen entree,0
1/20/2024,Evenementen Scholen,0
1/20/2024,Evenementen met entree,0
1/20/2024,Groepen,25
1/20/2024,Gratis/ <3,132
1/20/2024,Abonnement,1103
1/21/2024,Vol betalend,329
1/21/2024,Actie,621
1/21/2024,Accommodatie,55
1/21/2024,Scholen alleen entree,0
1/21/2024,Evenementen Scholen,0
1/21/2024,Evenementen met entree,0
1/21/2024,Groepen,60
1/21/2024,Gratis/ <3,181
1/21/2024,Abonnement,1504
1/22/2024,Vol betalend,65
1/22/2024,Actie,111
1/22/2024,Accommodatie,10
1/22/2024,Scholen alleen entree,0
1/22/2024,Evenementen Scholen,0
1/22/2024,Evenementen met entree,0
1/22/2024,Groepen,0
1/22/2024,Gratis/ <3,33
1/22/2024,Abonnement,281
1/23/2024,Vol betalend,65
1/23/2024,Actie,111
1/23/2024,Accommodatie,10
1/23/2024,Scholen alleen entree,0
1/23/2024,Evenementen Scholen,0
1/23/2024,Evenementen met entree,0
1/23/2024,Groepen,0
1/23/2024,Gratis/ <3,33
1/23/2024,Abonnement,281
1/24/2024,Vol betalend,65
1/24/2024,Actie,111
1/24/2024,Accommodatie,10
1/24/2024,Scholen alleen entree,15
1/24/2024,Evenementen Scholen,0
1/24/2024,Evenementen met entree,0
1/24/2024,Groepen,0
1/24/2024,Gratis/ <3,33
1/24/2024,Abonnement,266
1/25/2024,Vol betalend,65
1/25/2024,Actie,111
1/25/2024,Accommodatie,10
1/25/2024,Scholen alleen entree,15
1/25/2024,Evenementen Scholen,0
1/25/2024,Evenementen met entree,0
1/25/2024,Groepen,0
1/25/2024,Gratis/ <3,33
1/25/2024,Abonnement,266
1/26/2024,Vol betalend,65
1/26/2024,Actie,111
1/26/2024,Accommodatie,10
1/26/2024,Scholen alleen entree,15
1/26/2024,Evenementen Scholen,0
1/26/2024,Evenementen met entree,0
1/26/2024,Groepen,0
1/26/2024,Gratis/ <3,33
1/26/2024,Abonnement,266
1/27/2024,Vol betalend,272
1/27/2024,Actie,508
1/27/2024,Accommodatie,45
1/27/2024,Scholen alleen entree,0
1/27/2024,Evenementen Scholen,0
1/27/2024,Evenementen met entree,0
1/27/2024,Groepen,25
1/27/2024,Gratis/ <3,148
1/27/2024,Abonnement,1252
1/28/2024,Vol betalend,329
1/28/2024,Actie,621
1/28/2024,Accommodatie,55
1/28/2024,Scholen alleen entree,0
1/28/2024,Evenementen Scholen,0
1/28/2024,Evenementen met entree,0
1/28/2024,Groepen,60
1/28/2024,Gratis/ <3,181
1/28/2024,Abonnement,1504
1/29/2024,Vol betalend,65
1/29/2024,Actie,111
1/29/2024,Accommodatie,10
1/29/2024,Scholen alleen entree,0
1/29/2024,Evenementen Scholen,0
1/29/2024,Evenementen met entree,0
1/29/2024,Groepen,0
1/29/2024,Gratis/ <3,33
1/29/2024,Abonnement,281
1/30/2024,Vol betalend,65
1/30/2024,Actie,111
1/30/2024,Accommodatie,10
1/30/2024,Scholen alleen entree,15
1/30/2024,Evenementen Scholen,0
1/30/2024,Evenementen met entree,0
1/30/2024,Groepen,0
1/30/2024,Gratis/ <3,33
1/30/2024,Abonnement,266
1/31/2024,Vol betalend,65
1/31/2024,Actie,111
1/31/2024,Accommodatie,10
1/31/2024,Scholen alleen entree,15
1/31/2024,Evenementen Scholen,0
1/31/2024,Evenementen met entree,0
1/31/2024,Groepen,0
1/31/2024,Gratis/ <3,33
1/31/2024,Abonnement,266
2/1/2024,Vol betalend,59
2/1/2024,Actie,134
2/1/2024,Accommodatie,12
2/1/2024,Scholen alleen entree,15
2/1/2024,Evenementen Scholen,0
2/1/2024,Evenementen met entree,0
2/1/2024,Groepen,0
2/1/2024,Gratis/ <3,32
2/1/2024,Abonnement,248
2/2/2024,Vol betalend,59
2/2/2024,Actie,134
2/2/2024,Accommodatie,12
2/2/2024,Scholen alleen entree,15
2/2/2024,Evenementen Scholen,0
2/2/2024,Evenementen met entree,0
2/2/2024,Groepen,0
2/2/2024,Gratis/ <3,32
2/2/2024,Abonnement,248
2/3/2024,Vol betalend,235
2/3/2024,Actie,534
2/3/2024,Accommodatie,47
2/3/2024,Scholen alleen entree,0
2/3/2024,Evenementen Scholen,0
2/3/2024,Evenementen met entree,0
2/3/2024,Groepen,20
2/3/2024,Gratis/ <3,127
2/3/2024,Abonnement,1037
2/4/2024,Vol betalend,292
2/4/2024,Actie,670
2/4/2024,Accommodatie,58
2/4/2024,Scholen alleen entree,0
2/4/2024,Evenementen Scholen,0
2/4/2024,Evenementen met entree,0
2/4/2024,Groepen,60
2/4/2024,Gratis/ <3,162
2/4/2024,Abonnement,1308
2/5/2024,Vol betalend,59
2/5/2024,Actie,134
2/5/2024,Accommodatie,12
2/5/2024,Scholen alleen entree,50
2/5/2024,Evenementen Scholen,0
2/5/2024,Evenementen met entree,0
2/5/2024,Groepen,0
2/5/2024,Gratis/ <3,32
2/5/2024,Abonnement,213
2/6/2024,Vol betalend,59
2/6/2024,Actie,134
2/6/2024,Accommodatie,12
2/6/2024,Scholen alleen entree,50
2/6/2024,Evenementen Scholen,0
2/6/2024,Evenementen met entree,0
2/6/2024,Groepen,0
2/6/2024,Gratis/ <3,32
2/6/2024,Abonnement,213
2/7/2024,Vol betalend,59
2/7/2024,Actie,134
2/7/2024,Accommodatie,12
2/7/2024,Scholen alleen entree,50
2/7/2024,Evenementen Scholen,0
2/7/2024,Evenementen met entree,0
2/7/2024,Groepen,0
2/7/2024,Gratis/ <3,32
2/7/2024,Abonnement,213
2/8/2024,Vol betalend,59
2/8/2024,Actie,134
2/8/2024,Accommodatie,12
2/8/2024,Scholen alleen entree,50
2/8/2024,Evenementen Scholen,0
2/8/2024,Evenementen met entree,0
2/8/2024,Groepen,0
2/8/2024,Gratis/ <3,32
2/8/2024,Abonnement,213
2/9/2024,Vol betalend,59
2/9/2024,Actie,134
2/9/2024,Accommodatie,12
2/9/2024,Scholen alleen entree,50
2/9/2024,Evenementen Scholen,0
2/9/2024,Evenementen met entree,0
2/9/2024,Groepen,0
2/9/2024,Gratis/ <3,32
2/9/2024,Abonnement,213
2/10/2024,Vol betalend,292
2/10/2024,Actie,670
2/10/2024,Accommodatie,58
2/10/2024,Scholen alleen entree,0
2/10/2024,Evenementen Scholen,0
2/10/2024,Evenementen met entree,0
2/10/2024,Groepen,20
2/10/2024,Gratis/ <3,162
2/10/2024,Abonnement,1348
2/11/2024,Vol betalend,353
2/11/2024,Actie,804
2/11/2024,Accommodatie,70
2/11/2024,Scholen alleen entree,0
2/11/2024,Evenementen Scholen,0
2/11/2024,Evenementen met entree,0
2/11/2024,Groepen,60
2/11/2024,Gratis/ <3,190
2/11/2024,Abonnement,1523
2/12/2024,Vol betalend,129
2/12/2024,Actie,294
2/12/2024,Accommodatie,26
2/12/2024,Scholen alleen entree,70
2/12/2024,Evenementen Scholen,0
2/12/2024,Evenementen met entree,0
2/12/2024,Groepen,0
2/12/2024,Gratis/ <3,70
2/12/2024,Abonnement,511
2/13/2024,Vol betalend,129
2/13/2024,Actie,294
2/13/2024,Accommodatie,26
2/13/2024,Scholen alleen entree,70
2/13/2024,Evenementen Scholen,0
2/13/2024,Evenementen met entree,0
2/13/2024,Groepen,0
2/13/2024,Gratis/ <3,70
2/13/2024,Abonnement,511
2/14/2024,Vol betalend,129
2/14/2024,Actie,294
2/14/2024,Accommodatie,26
2/14/2024,Scholen alleen entree,70
2/14/2024,Evenementen Scholen,0
2/14/2024,Evenementen met entree,0
2/14/2024,Groepen,0
2/14/2024,Gratis/ <3,70
2/14/2024,Abonnement,511
2/15/2024,Vol betalend,129
2/15/2024,Actie,294
2/15/2024,Accommodatie,26
2/15/2024,Scholen alleen entree,70
2/15/2024,Evenementen Scholen,0
2/15/2024,Evenementen met entree,0
2/15/2024,Groepen,0
2/15/2024,Gratis/ <3,70
2/15/2024,Abonnement,511
2/16/2024,Vol betalend,129
2/16/2024,Actie,294
2/16/2024,Accommodatie,26
2/16/2024,Scholen alleen entree,70
2/16/2024,Evenementen Scholen,0
2/16/2024,Evenementen met entree,0
2/16/2024,Groepen,0
2/16/2024,Gratis/ <3,70
2/16/2024,Abonnement,511
2/17/2024,Vol betalend,292
2/17/2024,Actie,670
2/17/2024,Accommodatie,58
2/17/2024,Scholen alleen entree,0
2/17/2024,Evenementen Scholen,0
2/17/2024,Evenementen met entree,0
2/17/2024,Groepen,20
2/17/2024,Gratis/ <3,162
2/17/2024,Abonnement,1348
2/18/2024,Vol betalend,410
2/18/2024,Actie,938
2/18/2024,Accommodatie,82
2/18/2024,Scholen alleen entree,0
2/18/2024,Evenementen Scholen,0
2/18/2024,Evenementen met entree,0
2/18/2024,Groepen,60
2/18/2024,Gratis/ <3,222
2/18/2024,Abonnement,1788
2/19/2024,Vol betalend,353
2/19/2024,Actie,804
2/19/2024,Accommodatie,70
2/19/2024,Scholen alleen entree,0
2/19/2024,Evenementen Scholen,0
2/19/2024,Evenementen met entree,0
2/19/2024,Groepen,0
2/19/2024,Gratis/ <3,190
2/19/2024,Abonnement,1583
2/20/2024,Vol betalend,353
2/20/2024,Actie,804
2/20/2024,Accommodatie,70
2/20/2024,Scholen alleen entree,0
2/20/2024,Evenementen Scholen,0
2/20/2024,Evenementen met entree,0
2/20/2024,Groepen,0
2/20/2024,Gratis/ <3,190
2/20/2024,Abonnement,1583
2/21/2024,Vol betalend,353
2/21/2024,Actie,804
2/21/2024,Accommodatie,70
2/21/2024,Scholen alleen entree,0
2/21/2024,Evenementen Scholen,0
2/21/2024,Evenementen met entree,0
2/21/2024,Groepen,0
2/21/2024,Gratis/ <3,190
2/21/2024,Abonnement,1583
2/22/2024,Vol betalend,353
2/22/2024,Actie,804
2/22/2024,Accommodatie,70
2/22/2024,Scholen alleen entree,0
2/22/2024,Evenementen Scholen,0
2/22/2024,Evenementen met entree,0
2/22/2024,Groepen,0
2/22/2024,Gratis/ <3,190
2/22/2024,Abonnement,1583
2/23/2024,Vol betalend,353
2/23/2024,Actie,804
2/23/2024,Accommodatie,70
2/23/2024,Scholen alleen entree,0
2/23/2024,Evenementen Scholen,0
2/23/2024,Evenementen met entree,0
2/23/2024,Groepen,0
2/23/2024,Gratis/ <3,190
2/23/2024,Abonnement,1583
2/24/2024,Vol betalend,292
2/24/2024,Actie,670
2/24/2024,Accommodatie,58
2/24/2024,Scholen alleen entree,0
2/24/2024,Evenementen Scholen,0
2/24/2024,Evenementen met entree,0
2/24/2024,Groepen,20
2/24/2024,Gratis/ <3,162
2/24/2024,Abonnement,1348
2/25/2024,Vol betalend,410
2/25/2024,Actie,938
2/25/2024,Accommodatie,82
2/25/2024,Scholen alleen entree,0
2/25/2024,Evenementen Scholen,0
2/25/2024,Evenementen met entree,0
2/25/2024,Groepen,60
2/25/2024,Gratis/ <3,222
2/25/2024,Abonnement,1788
2/26/2024,Vol betalend,59
2/26/2024,Actie,134
2/26/2024,Accommodatie,12
2/26/2024,Scholen alleen entree,50
2/26/2024,Evenementen Scholen,0
2/26/2024,Evenementen met entree,0
2/26/2024,Groepen,0
2/26/2024,Gratis/ <3,32
2/26/2024,Abonnement,213
2/27/2024,Vol betalend,59
2/27/2024,Actie,134
2/27/2024,Accommodatie,12
2/27/2024,Scholen alleen entree,50
2/27/2024,Evenementen Scholen,0
2/27/2024,Evenementen met entree,0
2/27/2024,Groepen,0
2/27/2024,Gratis/ <3,32
2/27/2024,Abonnement,213
2/28/2024,Vol betalend,59
2/28/2024,Actie,134
2/28/2024,Accommodatie,12
2/28/2024,Scholen alleen entree,50
2/28/2024,Evenementen Scholen,0
2/28/2024,Evenementen met entree,0
2/28/2024,Groepen,0
2/28/2024,Gratis/ <3,32
2/28/2024,Abonnement,213
2/29/2024,Vol betalend,59
2/29/2024,Actie,134
2/29/2024,Accommodatie,12
2/29/2024,Scholen alleen entree,50
2/29/2024,Evenementen Scholen,0
2/29/2024,Evenementen met entree,0
2/29/2024,Groepen,0
2/29/2024,Gratis/ <3,32
2/29/2024,Abonnement,213
3/1/2024,Vol betalend,87
3/1/2024,Actie,244
3/1/2024,Accommodatie,18
3/1/2024,Scholen alleen entree,50
3/1/2024,Evenementen Scholen,0
3/1/2024,Evenementen met entree,0
3/1/2024,Groepen,0
3/1/2024,Gratis/ <3,47
3/1/2024,Abonnement,304
3/2/2024,Vol betalend,321
3/2/2024,Actie,894
3/2/2024,Accommodatie,72
3/2/2024,Scholen alleen entree,0
3/2/2024,Evenementen Scholen,0
3/2/2024,Evenementen met entree,0
3/2/2024,Groepen,45
3/2/2024,Gratis/ <3,174
3/2/2024,Abonnement,1294
3/3/2024,Vol betalend,378
3/3/2024,Actie,1056
3/3/2024,Accommodatie,85
3/3/2024,Scholen alleen entree,0
3/3/2024,Evenementen Scholen,0
3/3/2024,Evenementen met entree,0
3/3/2024,Groepen,50
3/3/2024,Gratis/ <3,202
3/3/2024,Abonnement,1479
3/4/2024,Vol betalend,105
3/4/2024,Actie,293
3/4/2024,Accommodatie,24
3/4/2024,Scholen alleen entree,50
3/4/2024,Evenementen Scholen,0
3/4/2024,Evenementen met entree,0
3/4/2024,Groepen,0
3/4/2024,Gratis/ <3,56
3/4/2024,Abonnement,372
3/5/2024,Vol betalend,105
3/5/2024,Actie,293
3/5/2024,Accommodatie,24
3/5/2024,Scholen alleen entree,50
3/5/2024,Evenementen Scholen,0
3/5/2024,Evenementen met entree,0
3/5/2024,Groepen,0
3/5/2024,Gratis/ <3,56
3/5/2024,Abonnement,372
3/6/2024,Vol betalend,105
3/6/2024,Actie,293
3/6/2024,Accommodatie,24
3/6/2024,Scholen alleen entree,50
3/6/2024,Evenementen Scholen,0
3/6/2024,Evenementen met entree,0
3/6/2024,Groepen,0
3/6/2024,Gratis/ <3,56
3/6/2024,Abonnement,372
3/7/2024,Vol betalend,105
3/7/2024,Actie,293
3/7/2024,Accommodatie,24
3/7/2024,Scholen alleen entree,50
3/7/2024,Evenementen Scholen,0
3/7/2024,Evenementen met entree,0
3/7/2024,Groepen,0
3/7/2024,Gratis/ <3,56
3/7/2024,Abonnement,372
3/8/2024,Vol betalend,105
3/8/2024,Actie,293
3/8/2024,Accommodatie,24
3/8/2024,Scholen alleen entree,50
3/8/2024,Evenementen Scholen,0
3/8/2024,Evenementen met entree,0
3/8/2024,Groepen,0
3/8/2024,Gratis/ <3,56
3/8/2024,Abonnement,372
3/9/2024,Vol betalend,321
3/9/2024,Actie,894
3/9/2024,Accommodatie,72
3/9/2024,Scholen alleen entree,0
3/9/2024,Evenementen Scholen,0
3/9/2024,Evenementen met entree,0
3/9/2024,Groepen,45
3/9/2024,Gratis/ <3,174
3/9/2024,Abonnement,1294
3/10/2024,Vol betalend,408
3/10/2024,Actie,1137
3/10/2024,Accommodatie,92
3/10/2024,Scholen alleen entree,0
3/10/2024,Evenementen Scholen,0
3/10/2024,Evenementen met entree,0
3/10/2024,Groepen,55
3/10/2024,Gratis/ <3,217
3/10/2024,Abonnement,1591
3/11/2024,Vol betalend,105
3/11/2024,Actie,293
3/11/2024,Accommodatie,24
3/11/2024,Scholen alleen entree,60
3/11/2024,Evenementen Scholen,0
3/11/2024,Evenementen met entree,0
3/11/2024,Groepen,0
3/11/2024,Gratis/ <3,56
3/11/2024,Abonnement,362
3/12/2024,Vol betalend,105
3/12/2024,Actie,293
3/12/2024,Accommodatie,24
3/12/2024,Scholen alleen entree,60
3/12/2024,Evenementen Scholen,0
3/12/2024,Evenementen met entree,0
3/12/2024,Groepen,0
3/12/2024,Gratis/ <3,56
3/12/2024,Abonnement,362
3/13/2024,Vol betalend,105
3/13/2024,Actie,293
3/13/2024,Accommodatie,24
3/13/2024,Scholen alleen entree,60
3/13/2024,Evenementen Scholen,0
3/13/2024,Evenementen met entree,0
3/13/2024,Groepen,0
3/13/2024,Gratis/ <3,56
3/13/2024,Abonnement,362
3/14/2024,Vol betalend,105
3/14/2024,Actie,293
3/14/2024,Accommodatie,24
3/14/2024,Scholen alleen entree,60
3/14/2024,Evenementen Scholen,0
3/14/2024,Evenementen met entree,0
3/14/2024,Groepen,0
3/14/2024,Gratis/ <3,56
3/14/2024,Abonnement,362
3/15/2024,Vol betalend,105
3/15/2024,Actie,293
3/15/2024,Accommodatie,24
3/15/2024,Scholen alleen entree,60
3/15/2024,Evenementen Scholen,0
3/15/2024,Evenementen met entree,0
3/15/2024,Groepen,0
3/15/2024,Gratis/ <3,56
3/15/2024,Abonnement,362
3/16/2024,Vol betalend,321
3/16/2024,Actie,894
3/16/2024,Accommodatie,72
3/16/2024,Scholen alleen entree,0
3/16/2024,Evenementen Scholen,0
3/16/2024,Evenementen met entree,0
3/16/2024,Groepen,45
3/16/2024,Gratis/ <3,174
3/16/2024,Abonnement,1294
3/17/2024,Vol betalend,408
3/17/2024,Actie,1137
3/17/2024,Accommodatie,92
3/17/2024,Scholen alleen entree,0
3/17/2024,Evenementen Scholen,0
3/17/2024,Evenementen met entree,0
3/17/2024,Groepen,55
3/17/2024,Gratis/ <3,217
3/17/2024,Abonnement,1591
3/18/2024,Vol betalend,105
3/18/2024,Actie,293
3/18/2024,Accommodatie,24
3/18/2024,Scholen alleen entree,70
3/18/2024,Evenementen Scholen,0
3/18/2024,Evenementen met entree,0
3/18/2024,Groepen,0
3/18/2024,Gratis/ <3,56
3/18/2024,Abonnement,352
3/19/2024,Vol betalend,110
3/19/2024,Actie,309
3/19/2024,Accommodatie,25
3/19/2024,Scholen alleen entree,70
3/19/2024,Evenementen Scholen,0
3/19/2024,Evenementen met entree,0
3/19/2024,Groepen,0
3/19/2024,Gratis/ <3,59
3/19/2024,Abonnement,377
3/20/2024,Vol betalend,110
3/20/2024,Actie,309
3/20/2024,Accommodatie,25
3/20/2024,Scholen alleen entree,70
3/20/2024,Evenementen Scholen,0
3/20/2024,Evenementen met entree,0
3/20/2024,Groepen,0
3/20/2024,Gratis/ <3,59
3/20/2024,Abonnement,377
3/21/2024,Vol betalend,110
3/21/2024,Actie,309
3/21/2024,Accommodatie,25
3/21/2024,Scholen alleen entree,70
3/21/2024,Evenementen Scholen,0
3/21/2024,Evenementen met entree,0
3/21/2024,Groepen,0
3/21/2024,Gratis/ <3,59
3/21/2024,Abonnement,377
3/22/2024,Vol betalend,110
3/22/2024,Actie,309
3/22/2024,Accommodatie,25
3/22/2024,Scholen alleen entree,70
3/22/2024,Evenementen Scholen,0
3/22/2024,Evenementen met entree,0
3/22/2024,Groepen,0
3/22/2024,Gratis/ <3,59
3/22/2024,Abonnement,377
3/23/2024,Vol betalend,321
3/23/2024,Actie,894
3/23/2024,Accommodatie,72
3/23/2024,Scholen alleen entree,0
3/23/2024,Evenementen Scholen,0
3/23/2024,Evenementen met entree,0
3/23/2024,Groepen,45
3/23/2024,Gratis/ <3,174
3/23/2024,Abonnement,1294
3/24/2024,Vol betalend,408
3/24/2024,Actie,1137
3/24/2024,Accommodatie,92
3/24/2024,Scholen alleen entree,0
3/24/2024,Evenementen Scholen,0
3/24/2024,Evenementen met entree,0
3/24/2024,Groepen,55
3/24/2024,Gratis/ <3,217
3/24/2024,Abonnement,1591
3/25/2024,Vol betalend,110
3/25/2024,Actie,308
3/25/2024,Accommodatie,25
3/25/2024,Scholen alleen entree,50
3/25/2024,Evenementen Scholen,0
3/25/2024,Evenementen met entree,0
3/25/2024,Groepen,0
3/25/2024,Gratis/ <3,60
3/25/2024,Abonnement,422
3/26/2024,Vol betalend,110
3/26/2024,Actie,308
3/26/2024,Accommodatie,25
3/26/2024,Scholen alleen entree,50
3/26/2024,Evenementen Scholen,0
3/26/2024,Evenementen met entree,0
3/26/2024,Groepen,0
3/26/2024,Gratis/ <3,60
3/26/2024,Abonnement,422
3/27/2024,Vol betalend,110
3/27/2024,Actie,308
3/27/2024,Accommodatie,25
3/27/2024,Scholen alleen entree,50
3/27/2024,Evenementen Scholen,0
3/27/2024,Evenementen met entree,0
3/27/2024,Groepen,0
3/27/2024,Gratis/ <3,60
3/27/2024,Abonnement,422
3/28/2024,Vol betalend,110
3/28/2024,Actie,308
3/28/2024,Accommodatie,25
3/28/2024,Scholen alleen entree,50
3/28/2024,Evenementen Scholen,0
3/28/2024,Evenementen met entree,0
3/28/2024,Groepen,0
3/28/2024,Gratis/ <3,60
3/28/2024,Abonnement,422
3/29/2024,Vol betalend,583
3/29/2024,Actie,1626
3/29/2024,Accommodatie,131
3/29/2024,Scholen alleen entree,0
3/29/2024,Evenementen Scholen,0
3/29/2024,Evenementen met entree,0
3/29/2024,Groepen,0
3/29/2024,Gratis/ <3,310
3/29/2024,Abonnement,2350
3/30/2024,Vol betalend,583
3/30/2024,Actie,1626
3/30/2024,Accommodatie,131
3/30/2024,Scholen alleen entree,0
3/30/2024,Evenementen Scholen,0
3/30/2024,Evenementen met entree,0
3/30/2024,Groepen,50
3/30/2024,Gratis/ <3,310
3/30/2024,Abonnement,2300
3/31/2024,Vol betalend,700
3/31/2024,Actie,1952
3/31/2024,Accommodatie,157
3/31/2024,Scholen alleen entree,0
3/31/2024,Evenementen Scholen,0
3/31/2024,Evenementen met entree,0
3/31/2024,Groepen,65
3/31/2024,Gratis/ <3,372
3/31/2024,Abonnement,2754
4/1/2024,Vol betalend,1344
4/1/2024,Actie,2639
4/1/2024,Accommodatie,268
4/1/2024,Scholen alleen entree,0
4/1/2024,Evenementen Scholen,0
4/1/2024,Evenementen met entree,0
4/1/2024,Groepen,0
4/1/2024,Gratis/ <3,432
4/1/2024,Abonnement,1317
4/2/2024,Vol betalend,448
4/2/2024,Actie,880
4/2/2024,Accommodatie,90
4/2/2024,Scholen alleen entree,0
4/2/2024,Evenementen Scholen,0
4/2/2024,Evenementen met entree,0
4/2/2024,Groepen,0
4/2/2024,Gratis/ <3,144
4/2/2024,Abonnement,438
4/3/2024,Vol betalend,448
4/3/2024,Actie,880
4/3/2024,Accommodatie,90
4/3/2024,Scholen alleen entree,135
4/3/2024,Evenementen Scholen,0
4/3/2024,Evenementen met entree,0
4/3/2024,Groepen,0
4/3/2024,Gratis/ <3,144
4/3/2024,Abonnement,303
4/4/2024,Vol betalend,448
4/4/2024,Actie,880
4/4/2024,Accommodatie,90
4/4/2024,Scholen alleen entree,140
4/4/2024,Evenementen Scholen,0
4/4/2024,Evenementen met entree,0
4/4/2024,Groepen,0
4/4/2024,Gratis/ <3,144
4/4/2024,Abonnement,298
4/5/2024,Vol betalend,448
4/5/2024,Actie,880
4/5/2024,Accommodatie,90
4/5/2024,Scholen alleen entree,140
4/5/2024,Evenementen Scholen,0
4/5/2024,Evenementen met entree,0
4/5/2024,Groepen,0
4/5/2024,Gratis/ <3,144
4/5/2024,Abonnement,298
4/6/2024,Vol betalend,729
4/6/2024,Actie,1432
4/6/2024,Accommodatie,145
4/6/2024,Scholen alleen entree,0
4/6/2024,Evenementen Scholen,0
4/6/2024,Evenementen met entree,0
4/6/2024,Groepen,210
4/6/2024,Gratis/ <3,239
4/6/2024,Abonnement,560
4/7/2024,Vol betalend,840
4/7/2024,Actie,1653
4/7/2024,Accommodatie,168
4/7/2024,Scholen alleen entree,0
4/7/2024,Evenementen Scholen,0
4/7/2024,Evenementen met entree,0
4/7/2024,Groepen,230
4/7/2024,Gratis/ <3,278
4/7/2024,Abonnement,681
4/8/2024,Vol betalend,448
4/8/2024,Actie,880
4/8/2024,Accommodatie,90
4/8/2024,Scholen alleen entree,175
4/8/2024,Evenementen Scholen,0
4/8/2024,Evenementen met entree,0
4/8/2024,Groepen,0
4/8/2024,Gratis/ <3,144
4/8/2024,Abonnement,263
4/9/2024,Vol betalend,448
4/9/2024,Actie,880
4/9/2024,Accommodatie,90
4/9/2024,Scholen alleen entree,175
4/9/2024,Evenementen Scholen,0
4/9/2024,Evenementen met entree,0
4/9/2024,Groepen,0
4/9/2024,Gratis/ <3,144
4/9/2024,Abonnement,263
4/10/2024,Vol betalend,448
4/10/2024,Actie,880
4/10/2024,Accommodatie,90
4/10/2024,Scholen alleen entree,175
4/10/2024,Evenementen Scholen,0
4/10/2024,Evenementen met entree,0
4/10/2024,Groepen,0
4/10/2024,Gratis/ <3,144
4/10/2024,Abonnement,263
4/11/2024,Vol betalend,448
4/11/2024,Actie,880
4/11/2024,Accommodatie,90
4/11/2024,Scholen alleen entree,175
4/11/2024,Evenementen Scholen,0
4/11/2024,Evenementen met entree,0
4/11/2024,Groepen,0
4/11/2024,Gratis/ <3,144
4/11/2024,Abonnement,263
4/12/2024,Vol betalend,448
4/12/2024,Actie,880
4/12/2024,Accommodatie,90
4/12/2024,Scholen alleen entree,175
4/12/2024,Evenementen Scholen,0
4/12/2024,Evenementen met entree,0
4/12/2024,Groepen,0
4/12/2024,Gratis/ <3,144
4/12/2024,Abonnement,263
4/13/2024,Vol betalend,728
4/13/2024,Actie,1432
4/13/2024,Accommodatie,145
4/13/2024,Scholen alleen entree,0
4/13/2024,Evenementen Scholen,0
4/13/2024,Evenementen met entree,0
4/13/2024,Groepen,210
4/13/2024,Gratis/ <3,239
4/13/2024,Abonnement,561
4/14/2024,Vol betalend,840
4/14/2024,Actie,1653
4/14/2024,Accommodatie,168
4/14/2024,Scholen alleen entree,0
4/14/2024,Evenementen Scholen,0
4/14/2024,Evenementen met entree,0
4/14/2024,Groepen,230
4/14/2024,Gratis/ <3,278
4/14/2024,Abonnement,681
4/15/2024,Vol betalend,515
4/15/2024,Actie,1012
4/15/2024,Accommodatie,103
4/15/2024,Scholen alleen entree,200
4/15/2024,Evenementen Scholen,0
4/15/2024,Evenementen met entree,0
4/15/2024,Groepen,0
4/15/2024,Gratis/ <3,166
4/15/2024,Abonnement,304
4/16/2024,Vol betalend,515
4/16/2024,Actie,1012
4/16/2024,Accommodatie,103
4/16/2024,Scholen alleen entree,200
4/16/2024,Evenementen Scholen,0
4/16/2024,Evenementen met entree,0
4/16/2024,Groepen,0
4/16/2024,Gratis/ <3,166
4/16/2024,Abonnement,304
4/17/2024,Vol betalend,515
4/17/2024,Actie,1012
4/17/2024,Accommodatie,103
4/17/2024,Scholen alleen entree,200
4/17/2024,Evenementen Scholen,0
4/17/2024,Evenementen met entree,0
4/17/2024,Groepen,0
4/17/2024,Gratis/ <3,166
4/17/2024,Abonnement,304
4/18/2024,Vol betalend,515
4/18/2024,Actie,1012
4/18/2024,Accommodatie,103
4/18/2024,Scholen alleen entree,200
4/18/2024,Evenementen Scholen,0
4/18/2024,Evenementen met entree,0
4/18/2024,Groepen,0
4/18/2024,Gratis/ <3,166
4/18/2024,Abonnement,304
4/19/2024,Vol betalend,515
4/19/2024,Actie,1012
4/19/2024,Accommodatie,103
4/19/2024,Scholen alleen entree,200
4/19/2024,Evenementen Scholen,0
4/19/2024,Evenementen met entree,0
4/19/2024,Groepen,0
4/19/2024,Gratis/ <3,166
4/19/2024,Abonnement,304
4/20/2024,Vol betalend,729
4/20/2024,Actie,1432
4/20/2024,Accommodatie,145
4/20/2024,Scholen alleen entree,0
4/20/2024,Evenementen Scholen,0
4/20/2024,Evenementen met entree,0
4/20/2024,Groepen,210
4/20/2024,Gratis/ <3,239
4/20/2024,Abonnement,565
4/21/2024,Vol betalend,840
4/21/2024,Actie,1653
4/21/2024,Accommodatie,168
4/21/2024,Scholen alleen entree,0
4/21/2024,Evenementen Scholen,0
4/21/2024,Evenementen met entree,0
4/21/2024,Groepen,230
4/21/2024,Gratis/ <3,278
4/21/2024,Abonnement,681
4/22/2024,Vol betalend,515
4/22/2024,Actie,1012
4/22/2024,Accommodatie,103
4/22/2024,Scholen alleen entree,200
4/22/2024,Evenementen Scholen,0
4/22/2024,Evenementen met entree,0
4/22/2024,Groepen,0
4/22/2024,Gratis/ <3,166
4/22/2024,Abonnement,304
4/23/2024,Vol betalend,515
4/23/2024,Actie,1012
4/23/2024,Accommodatie,103
4/23/2024,Scholen alleen entree,200
4/23/2024,Evenementen Scholen,0
4/23/2024,Evenementen met entree,0
4/23/2024,Groepen,0
4/23/2024,Gratis/ <3,166
4/23/2024,Abonnement,304
4/24/2024,Vol betalend,515
4/24/2024,Actie,1012
4/24/2024,Accommodatie,103
4/24/2024,Scholen alleen entree,200
4/24/2024,Evenementen Scholen,0
4/24/2024,Evenementen met entree,0
4/24/2024,Groepen,0
4/24/2024,Gratis/ <3,166
4/24/2024,Abonnement,304
4/25/2024,Vol betalend,515
4/25/2024,Actie,1012
4/25/2024,Accommodatie,103
4/25/2024,Scholen alleen entree,200
4/25/2024,Evenementen Scholen,0
4/25/2024,Evenementen met entree,0
4/25/2024,Groepen,0
4/25/2024,Gratis/ <3,166
4/25/2024,Abonnement,304
4/26/2024,Vol betalend,515
4/26/2024,Actie,1012
4/26/2024,Accommodatie,103
4/26/2024,Scholen alleen entree,0
4/26/2024,Evenementen Scholen,0
4/26/2024,Evenementen met entree,0
4/26/2024,Groepen,0
4/26/2024,Gratis/ <3,166
4/26/2024,Abonnement,504
4/27/2024,Vol betalend,672
4/27/2024,Actie,1322
4/27/2024,Accommodatie,135
4/27/2024,Scholen alleen entree,0
4/27/2024,Evenementen Scholen,0
4/27/2024,Evenementen met entree,0
4/27/2024,Groepen,200
4/27/2024,Gratis/ <3,216
4/27/2024,Abonnement,455
4/28/2024,Vol betalend,1344
4/28/2024,Actie,2639
4/28/2024,Accommodatie,268
4/28/2024,Scholen alleen entree,0
4/28/2024,Evenementen Scholen,0
4/28/2024,Evenementen met entree,0
4/28/2024,Groepen,400
4/28/2024,Gratis/ <3,432
4/28/2024,Abonnement,917
4/29/2024,Vol betalend,1120
4/29/2024,Actie,2202
4/29/2024,Accommodatie,224
4/29/2024,Scholen alleen entree,0
4/29/2024,Evenementen Scholen,0
4/29/2024,Evenementen met entree,0
4/29/2024,Groepen,0
4/29/2024,Gratis/ <3,360
4/29/2024,Abonnement,1094
4/30/2024,Vol betalend,1120
4/30/2024,Actie,2202
4/30/2024,Accommodatie,224
4/30/2024,Scholen alleen entree,0
4/30/2024,Evenementen Scholen,0
4/30/2024,Evenementen met entree,0
4/30/2024,Groepen,0
4/30/2024,Gratis/ <3,360
4/30/2024,Abonnement,1094
5/1/2024,Vol betalend,1219
5/1/2024,Actie,2722
5/1/2024,Accommodatie,149
5/1/2024,Scholen alleen entree,0
5/1/2024,Evenementen Scholen,0
5/1/2024,Evenementen met entree,0
5/1/2024,Groepen,0
5/1/2024,Gratis/ <3,437
5/1/2024,Abonnement,1473
5/2/2024,Vol betalend,1016
5/2/2024,Actie,2271
5/2/2024,Accommodatie,124
5/2/2024,Scholen alleen entree,0
5/2/2024,Evenementen Scholen,0
5/2/2024,Evenementen met entree,0
5/2/2024,Groepen,0
5/2/2024,Gratis/ <3,365
5/2/2024,Abonnement,1224
5/3/2024,Vol betalend,1016
5/3/2024,Actie,2271
5/3/2024,Accommodatie,124
5/3/2024,Scholen alleen entree,0
5/3/2024,Evenementen Scholen,0
5/3/2024,Evenementen met entree,0
5/3/2024,Groepen,0
5/3/2024,Gratis/ <3,365
5/3/2024,Abonnement,1224
5/4/2024,Vol betalend,1113
5/4/2024,Actie,2500
5/4/2024,Accommodatie,136
5/4/2024,Scholen alleen entree,0
5/4/2024,Evenementen Scholen,0
5/4/2024,Evenementen met entree,0
5/4/2024,Groepen,290
5/4/2024,Gratis/ <3,408
5/4/2024,Abonnement,1153
5/5/2024,Vol betalend,812
5/5/2024,Actie,1819
5/5/2024,Accommodatie,99
5/5/2024,Scholen alleen entree,0
5/5/2024,Evenementen Scholen,0
5/5/2024,Evenementen met entree,0
5/5/2024,Groepen,210
5/5/2024,Gratis/ <3,292
5/5/2024,Abonnement,768
5/6/2024,Vol betalend,812
5/6/2024,Actie,1819
5/6/2024,Accommodatie,99
5/6/2024,Scholen alleen entree,150
5/6/2024,Evenementen Scholen,0
5/6/2024,Evenementen met entree,0
5/6/2024,Groepen,0
5/6/2024,Gratis/ <3,292
5/6/2024,Abonnement,828
5/7/2024,Vol betalend,812
5/7/2024,Actie,1819
5/7/2024,Accommodatie,99
5/7/2024,Scholen alleen entree,150
5/7/2024,Evenementen Scholen,0
5/7/2024,Evenementen met entree,0
5/7/2024,Groepen,0
5/7/2024,Gratis/ <3,292
5/7/2024,Abonnement,828
5/8/2024,Vol betalend,812
5/8/2024,Actie,1819
5/8/2024,Accommodatie,99
5/8/2024,Scholen alleen entree,150
5/8/2024,Evenementen Scholen,0
5/8/2024,Evenementen met entree,0
5/8/2024,Groepen,0
5/8/2024,Gratis/ <3,292
5/8/2024,Abonnement,828
5/9/2024,Vol betalend,1113
5/9/2024,Actie,2500
5/9/2024,Accommodatie,136
5/9/2024,Scholen alleen entree,0
5/9/2024,Evenementen Scholen,0
5/9/2024,Evenementen met entree,0
5/9/2024,Groepen,0
5/9/2024,Gratis/ <3,408
5/9/2024,Abonnement,1443
5/10/2024,Vol betalend,1117
5/10/2024,Actie,2503
5/10/2024,Accommodatie,136
5/10/2024,Scholen alleen entree,0
5/10/2024,Evenementen Scholen,0
5/10/2024,Evenementen met entree,0
5/10/2024,Groepen,0
5/10/2024,Gratis/ <3,401
5/10/2024,Abonnement,1343
5/11/2024,Vol betalend,1016
5/11/2024,Actie,2271
5/11/2024,Accommodatie,124
5/11/2024,Scholen alleen entree,0
5/11/2024,Evenementen Scholen,0
5/11/2024,Evenementen met entree,0
5/11/2024,Groepen,270
5/11/2024,Gratis/ <3,365
5/11/2024,Abonnement,954
5/12/2024,Vol betalend,1016
5/12/2024,Actie,2271
5/12/2024,Accommodatie,124
5/12/2024,Scholen alleen entree,0
5/12/2024,Evenementen Scholen,0
5/12/2024,Evenementen met entree,0
5/12/2024,Groepen,270
5/12/2024,Gratis/ <3,365
5/12/2024,Abonnement,954
5/13/2024,Vol betalend,366
5/13/2024,Actie,817
5/13/2024,Accommodatie,45
5/13/2024,Scholen alleen entree,150
5/13/2024,Evenementen Scholen,0
5/13/2024,Evenementen met entree,0
5/13/2024,Groepen,0
5/13/2024,Gratis/ <3,131
5/13/2024,Abonnement,291
5/14/2024,Vol betalend,366
5/14/2024,Actie,817
5/14/2024,Accommodatie,45
5/14/2024,Scholen alleen entree,150
5/14/2024,Evenementen Scholen,0
5/14/2024,Evenementen met entree,0
5/14/2024,Groepen,0
5/14/2024,Gratis/ <3,131
5/14/2024,Abonnement,291
5/15/2024,Vol betalend,366
5/15/2024,Actie,817
5/15/2024,Accommodatie,45
5/15/2024,Scholen alleen entree,150
5/15/2024,Evenementen Scholen,0
5/15/2024,Evenementen met entree,0
5/15/2024,Groepen,0
5/15/2024,Gratis/ <3,131
5/15/2024,Abonnement,291
5/16/2024,Vol betalend,366
5/16/2024,Actie,817
5/16/2024,Accommodatie,45
5/16/2024,Scholen alleen entree,150
5/16/2024,Evenementen Scholen,0
5/16/2024,Evenementen met entree,0
5/16/2024,Groepen,0
5/16/2024,Gratis/ <3,131
5/16/2024,Abonnement,291
5/17/2024,Vol betalend,366
5/17/2024,Actie,817
5/17/2024,Accommodatie,45
5/17/2024,Scholen alleen entree,150
5/17/2024,Evenementen Scholen,0
5/17/2024,Evenementen met entree,0
5/17/2024,Groepen,0
5/17/2024,Gratis/ <3,131
5/17/2024,Abonnement,291
5/18/2024,Vol betalend,813
5/18/2024,Actie,1819
5/18/2024,Accommodatie,99
5/18/2024,Scholen alleen entree,0
5/18/2024,Evenementen Scholen,0
5/18/2024,Evenementen met entree,0
5/18/2024,Groepen,210
5/18/2024,Gratis/ <3,292
5/18/2024,Abonnement,767
5/19/2024,Vol betalend,1113
5/19/2024,Actie,2500
5/19/2024,Accommodatie,136
5/19/2024,Scholen alleen entree,0
5/19/2024,Evenementen Scholen,0
5/19/2024,Evenementen met entree,0
5/19/2024,Groepen,290
5/19/2024,Gratis/ <3,408
5/19/2024,Abonnement,1153
5/20/2024,Vol betalend,1113
5/20/2024,Actie,2500
5/20/2024,Accommodatie,136
5/20/2024,Scholen alleen entree,0
5/20/2024,Evenementen Scholen,0
5/20/2024,Evenementen met entree,0
5/20/2024,Groepen,0
5/20/2024,Gratis/ <3,408
5/20/2024,Abonnement,1443
5/21/2024,Vol betalend,366
5/21/2024,Actie,817
5/21/2024,Accommodatie,45
5/21/2024,Scholen alleen entree,175
5/21/2024,Evenementen Scholen,0
5/21/2024,Evenementen met entree,0
5/21/2024,Groepen,0
5/21/2024,Gratis/ <3,131
5/21/2024,Abonnement,266
5/22/2024,Vol betalend,366
5/22/2024,Actie,817
5/22/2024,Accommodatie,45
5/22/2024,Scholen alleen entree,175
5/22/2024,Evenementen Scholen,0
5/22/2024,Evenementen met entree,0
5/22/2024,Groepen,0
5/22/2024,Gratis/ <3,131
5/22/2024,Abonnement,266
5/23/2024,Vol betalend,366
5/23/2024,Actie,817
5/23/2024,Accommodatie,45
5/23/2024,Scholen alleen entree,175
5/23/2024,Evenementen Scholen,0
5/23/2024,Evenementen met entree,0
5/23/2024,Groepen,0
5/23/2024,Gratis/ <3,131
5/23/2024,Abonnement,266
5/24/2024,Vol betalend,366
5/24/2024,Actie,817
5/24/2024,Accommodatie,45
5/24/2024,Scholen alleen entree,175
5/24/2024,Evenementen Scholen,0
5/24/2024,Evenementen met entree,0
5/24/2024,Groepen,0
5/24/2024,Gratis/ <3,131
5/24/2024,Abonnement,266
5/25/2024,Vol betalend,711
5/25/2024,Actie,1591
5/25/2024,Accommodatie,87
5/25/2024,Scholen alleen entree,0
5/25/2024,Evenementen Scholen,0
5/25/2024,Evenementen met entree,0
5/25/2024,Groepen,190
5/25/2024,Gratis/ <3,255
5/25/2024,Abonnement,666
5/26/2024,Vol betalend,812
5/26/2024,Actie,1819
5/26/2024,Accommodatie,99
5/26/2024,Scholen alleen entree,0
5/26/2024,Evenementen Scholen,0
5/26/2024,Evenementen met entree,0
5/26/2024,Groepen,210
5/26/2024,Gratis/ <3,292
5/26/2024,Abonnement,768
5/27/2024,Vol betalend,366
5/27/2024,Actie,817
5/27/2024,Accommodatie,45
5/27/2024,Scholen alleen entree,175
5/27/2024,Evenementen Scholen,0
5/27/2024,Evenementen met entree,0
5/27/2024,Groepen,0
5/27/2024,Gratis/ <3,131
5/27/2024,Abonnement,266
5/28/2024,Vol betalend,366
5/28/2024,Actie,817
5/28/2024,Accommodatie,45
5/28/2024,Scholen alleen entree,175
5/28/2024,Evenementen Scholen,0
5/28/2024,Evenementen met entree,0
5/28/2024,Groepen,0
5/28/2024,Gratis/ <3,131
5/28/2024,Abonnement,266
5/29/2024,Vol betalend,366
5/29/2024,Actie,817
5/29/2024,Accommodatie,45
5/29/2024,Scholen alleen entree,175
5/29/2024,Evenementen Scholen,0
5/29/2024,Evenementen met entree,0
5/29/2024,Groepen,0
5/29/2024,Gratis/ <3,131
5/29/2024,Abonnement,266
5/30/2024,Vol betalend,457
5/30/2024,Actie,1000
5/30/2024,Accommodatie,55
5/30/2024,Scholen alleen entree,175
5/30/2024,Evenementen Scholen,0
5/30/2024,Evenementen met entree,0
5/30/2024,Groepen,0
5/30/2024,Gratis/ <3,168
5/30/2024,Abonnement,445
5/31/2024,Vol betalend,457
5/31/2024,Actie,1000
5/31/2024,Accommodatie,55
5/31/2024,Scholen alleen entree,175
5/31/2024,Evenementen Scholen,0
5/31/2024,Evenementen met entree,0
5/31/2024,Groepen,0
5/31/2024,Gratis/ <3,168
5/31/2024,Abonnement,445
6/1/2024,Vol betalend,620
6/1/2024,Actie,1675
6/1/2024,Accommodatie,94
6/1/2024,Scholen alleen entree,0
6/1/2024,Evenementen Scholen,0
6/1/2024,Evenementen met entree,0
6/1/2024,Groepen,165
6/1/2024,Gratis/ <3,304
6/1/2024,Abonnement,942
6/2/2024,Vol betalend,738
6/2/2024,Actie,1891
6/2/2024,Accommodatie,107
6/2/2024,Scholen alleen entree,0
6/2/2024,Evenementen Scholen,0
6/2/2024,Evenementen met entree,0
6/2/2024,Groepen,185
6/2/2024,Gratis/ <3,338
6/2/2024,Abonnement,966
6/3/2024,Vol betalend,312
6/3/2024,Actie,839
6/3/2024,Accommodatie,48
6/3/2024,Scholen alleen entree,304
6/3/2024,Evenementen Scholen,0
6/3/2024,Evenementen met entree,0
6/3/2024,Groepen,0
6/3/2024,Gratis/ <3,152
6/3/2024,Abonnement,245
6/4/2024,Vol betalend,312
6/4/2024,Actie,839
6/4/2024,Accommodatie,48
6/4/2024,Scholen alleen entree,304
6/4/2024,Evenementen Scholen,0
6/4/2024,Evenementen met entree,0
6/4/2024,Groepen,0
6/4/2024,Gratis/ <3,152
6/4/2024,Abonnement,245
6/5/2024,Vol betalend,312
6/5/2024,Actie,839
6/5/2024,Accommodatie,48
6/5/2024,Scholen alleen entree,304
6/5/2024,Evenementen Scholen,0
6/5/2024,Evenementen met entree,0
6/5/2024,Groepen,0
6/5/2024,Gratis/ <3,152
6/5/2024,Abonnement,245
6/6/2024,Vol betalend,312
6/6/2024,Actie,839
6/6/2024,Accommodatie,48
6/6/2024,Scholen alleen entree,304
6/6/2024,Evenementen Scholen,0
6/6/2024,Evenementen met entree,0
6/6/2024,Groepen,0
6/6/2024,Gratis/ <3,152
6/6/2024,Abonnement,245
6/7/2024,Vol betalend,312
6/7/2024,Actie,839
6/7/2024,Accommodatie,48
6/7/2024,Scholen alleen entree,304
6/7/2024,Evenementen Scholen,0
6/7/2024,Evenementen met entree,0
6/7/2024,Groepen,0
6/7/2024,Gratis/ <3,152
6/7/2024,Abonnement,245
6/8/2024,Vol betalend,620
6/8/2024,Actie,1675
6/8/2024,Accommodatie,94
6/8/2024,Scholen alleen entree,0
6/8/2024,Evenementen Scholen,0
6/8/2024,Evenementen met entree,0
6/8/2024,Groepen,165
6/8/2024,Gratis/ <3,304
6/8/2024,Abonnement,942
6/9/2024,Vol betalend,690
6/9/2024,Actie,1874
6/9/2024,Accommodatie,106
6/9/2024,Scholen alleen entree,0
6/9/2024,Evenementen Scholen,0
6/9/2024,Evenementen met entree,0
6/9/2024,Groepen,180
6/9/2024,Gratis/ <3,338
6/9/2024,Abonnement,1037
6/10/2024,Vol betalend,312
6/10/2024,Actie,839
6/10/2024,Accommodatie,48
6/10/2024,Scholen alleen entree,304
6/10/2024,Evenementen Scholen,0
6/10/2024,Evenementen met entree,0
6/10/2024,Groepen,0
6/10/2024,Gratis/ <3,152
6/10/2024,Abonnement,245
6/11/2024,Vol betalend,312
6/11/2024,Actie,839
6/11/2024,Accommodatie,48
6/11/2024,Scholen alleen entree,304
6/11/2024,Evenementen Scholen,0
6/11/2024,Evenementen met entree,0
6/11/2024,Groepen,0
6/11/2024,Gratis/ <3,152
6/11/2024,Abonnement,245
6/12/2024,Vol betalend,312
6/12/2024,Actie,839
6/12/2024,Accommodatie,48
6/12/2024,Scholen alleen entree,304
6/12/2024,Evenementen Scholen,0
6/12/2024,Evenementen met entree,0
6/12/2024,Groepen,0
6/12/2024,Gratis/ <3,152
6/12/2024,Abonnement,245
6/13/2024,Vol betalend,312
6/13/2024,Actie,839
6/13/2024,Accommodatie,48
6/13/2024,Scholen alleen entree,304
6/13/2024,Evenementen Scholen,0
6/13/2024,Evenementen met entree,0
6/13/2024,Groepen,0
6/13/2024,Gratis/ <3,152
6/13/2024,Abonnement,245
6/14/2024,Vol betalend,312
6/14/2024,Actie,839
6/14/2024,Accommodatie,48
6/14/2024,Scholen alleen entree,304
6/14/2024,Evenementen Scholen,0
6/14/2024,Evenementen met entree,0
6/14/2024,Groepen,0
6/14/2024,Gratis/ <3,152
6/14/2024,Abonnement,245
6/15/2024,Vol betalend,620
6/15/2024,Actie,1675
6/15/2024,Accommodatie,94
6/15/2024,Scholen alleen entree,0
6/15/2024,Evenementen Scholen,0
6/15/2024,Evenementen met entree,0
6/15/2024,Groepen,165
6/15/2024,Gratis/ <3,304
6/15/2024,Abonnement,942
6/16/2024,Vol betalend,739
6/16/2024,Actie,2008
6/16/2024,Accommodatie,113
6/16/2024,Scholen alleen entree,0
6/16/2024,Evenementen Scholen,0
6/16/2024,Evenementen met entree,0
6/16/2024,Groepen,195
6/16/2024,Gratis/ <3,364
6/16/2024,Abonnement,1131
6/17/2024,Vol betalend,312
6/17/2024,Actie,839
6/17/2024,Accommodatie,48
6/17/2024,Scholen alleen entree,304
6/17/2024,Evenementen Scholen,0
6/17/2024,Evenementen met entree,0
6/17/2024,Groepen,0
6/17/2024,Gratis/ <3,152
6/17/2024,Abonnement,245
6/18/2024,Vol betalend,312
6/18/2024,Actie,839
6/18/2024,Accommodatie,48
6/18/2024,Scholen alleen entree,304
6/18/2024,Evenementen Scholen,0
6/18/2024,Evenementen met entree,0
6/18/2024,Groepen,0
6/18/2024,Gratis/ <3,152
6/18/2024,Abonnement,245
6/19/2024,Vol betalend,312
6/19/2024,Actie,839
6/19/2024,Accommodatie,48
6/19/2024,Scholen alleen entree,304
6/19/2024,Evenementen Scholen,0
6/19/2024,Evenementen met entree,0
6/19/2024,Groepen,0
6/19/2024,Gratis/ <3,152
6/19/2024,Abonnement,245
6/20/2024,Vol betalend,312
6/20/2024,Actie,839
6/20/2024,Accommodatie,48
6/20/2024,Scholen alleen entree,304
6/20/2024,Evenementen Scholen,0
6/20/2024,Evenementen met entree,0
6/20/2024,Groepen,0
6/20/2024,Gratis/ <3,152
6/20/2024,Abonnement,245
6/21/2024,Vol betalend,312
6/21/2024,Actie,839
6/21/2024,Accommodatie,48
6/21/2024,Scholen alleen entree,304
6/21/2024,Evenementen Scholen,0
6/21/2024,Evenementen met entree,0
6/21/2024,Groepen,0
6/21/2024,Gratis/ <3,152
6/21/2024,Abonnement,245
6/22/2024,Vol betalend,620
6/22/2024,Actie,1675
6/22/2024,Accommodatie,94
6/22/2024,Scholen alleen entree,0
6/22/2024,Evenementen Scholen,0
6/22/2024,Evenementen met entree,0
6/22/2024,Groepen,165
6/22/2024,Gratis/ <3,304
6/22/2024,Abonnement,942
6/23/2024,Vol betalend,739
6/23/2024,Actie,2008
6/23/2024,Accommodatie,113
6/23/2024,Scholen alleen entree,0
6/23/2024,Evenementen Scholen,0
6/23/2024,Evenementen met entree,0
6/23/2024,Groepen,195
6/23/2024,Gratis/ <3,364
6/23/2024,Abonnement,1131
6/24/2024,Vol betalend,312
6/24/2024,Actie,839
6/24/2024,Accommodatie,48
6/24/2024,Scholen alleen entree,304
6/24/2024,Evenementen Scholen,0
6/24/2024,Evenementen met entree,0
6/24/2024,Groepen,0
6/24/2024,Gratis/ <3,152
6/24/2024,Abonnement,245
6/25/2024,Vol betalend,312
6/25/2024,Actie,839
6/25/2024,Accommodatie,48
6/25/2024,Scholen alleen entree,304
6/25/2024,Evenementen Scholen,0
6/25/2024,Evenementen met entree,0
6/25/2024,Groepen,0
6/25/2024,Gratis/ <3,152
6/25/2024,Abonnement,245
6/26/2024,Vol betalend,312
6/26/2024,Actie,839
6/26/2024,Accommodatie,48
6/26/2024,Scholen alleen entree,304
6/26/2024,Evenementen Scholen,0
6/26/2024,Evenementen met entree,0
6/26/2024,Groepen,0
6/26/2024,Gratis/ <3,152
6/26/2024,Abonnement,245
6/27/2024,Vol betalend,325
6/27/2024,Actie,883
6/27/2024,Accommodatie,48
6/27/2024,Scholen alleen entree,304
6/27/2024,Evenementen Scholen,0
6/27/2024,Evenementen met entree,0
6/27/2024,Groepen,0
6/27/2024,Gratis/ <3,160
6/27/2024,Abonnement,280
6/28/2024,Vol betalend,325
6/28/2024,Actie,883
6/28/2024,Accommodatie,48
6/28/2024,Scholen alleen entree,304
6/28/2024,Evenementen Scholen,0
6/28/2024,Evenementen met entree,0
6/28/2024,Groepen,0
6/28/2024,Gratis/ <3,160
6/28/2024,Abonnement,280
6/29/2024,Vol betalend,620
6/29/2024,Actie,1675
6/29/2024,Accommodatie,94
6/29/2024,Scholen alleen entree,0
6/29/2024,Evenementen Scholen,0
6/29/2024,Evenementen met entree,0
6/29/2024,Groepen,165
6/29/2024,Gratis/ <3,304
6/29/2024,Abonnement,942
6/30/2024,Vol betalend,622
6/30/2024,Actie,2013
6/30/2024,Accommodatie,113
6/30/2024,Scholen alleen entree,0
6/30/2024,Evenementen Scholen,0
6/30/2024,Evenementen met entree,0
6/30/2024,Groepen,195
6/30/2024,Gratis/ <3,364
6/30/2024,Abonnement,1243
7/1/2024,Vol betalend,614
7/1/2024,Actie,1047
7/1/2024,Accommodatie,104
7/1/2024,Scholen alleen entree,360
7/1/2024,Evenementen Scholen,0
7/1/2024,Evenementen met entree,0
7/1/2024,Groepen,0
7/1/2024,Gratis/ <3,182
7/1/2024,Abonnement,193
7/2/2024,Vol betalend,614
7/2/2024,Actie,1047
7/2/2024,Accommodatie,104
7/2/2024,Scholen alleen entree,360
7/2/2024,Evenementen Scholen,0
7/2/2024,Evenementen met entree,0
7/2/2024,Groepen,0
7/2/2024,Gratis/ <3,182
7/2/2024,Abonnement,193
7/3/2024,Vol betalend,614
7/3/2024,Actie,1047
7/3/2024,Accommodatie,104
7/3/2024,Scholen alleen entree,360
7/3/2024,Evenementen Scholen,0
7/3/2024,Evenementen met entree,0
7/3/2024,Groepen,0
7/3/2024,Gratis/ <3,182
7/3/2024,Abonnement,193
7/4/2024,Vol betalend,614
7/4/2024,Actie,1047
7/4/2024,Accommodatie,104
7/4/2024,Scholen alleen entree,360
7/4/2024,Evenementen Scholen,0
7/4/2024,Evenementen met entree,0
7/4/2024,Groepen,0
7/4/2024,Gratis/ <3,182
7/4/2024,Abonnement,193
7/5/2024,Vol betalend,614
7/5/2024,Actie,1047
7/5/2024,Accommodatie,104
7/5/2024,Scholen alleen entree,360
7/5/2024,Evenementen Scholen,0
7/5/2024,Evenementen met entree,0
7/5/2024,Groepen,0
7/5/2024,Gratis/ <3,182
7/5/2024,Abonnement,193
7/6/2024,Vol betalend,858
7/6/2024,Actie,1465
7/6/2024,Accommodatie,145
7/6/2024,Scholen alleen entree,0
7/6/2024,Evenementen Scholen,0
7/6/2024,Evenementen met entree,0
7/6/2024,Groepen,195
7/6/2024,Gratis/ <3,262
7/6/2024,Abonnement,675
7/7/2024,Vol betalend,1105
7/7/2024,Actie,1882
7/7/2024,Accommodatie,187
7/7/2024,Scholen alleen entree,0
7/7/2024,Evenementen Scholen,0
7/7/2024,Evenementen met entree,0
7/7/2024,Groepen,255
7/7/2024,Gratis/ <3,331
7/7/2024,Abonnement,790
7/8/2024,Vol betalend,797
7/8/2024,Actie,1359
7/8/2024,Accommodatie,135
7/8/2024,Scholen alleen entree,360
7/8/2024,Evenementen Scholen,0
7/8/2024,Evenementen met entree,0
7/8/2024,Groepen,0
7/8/2024,Gratis/ <3,236
7/8/2024,Abonnement,363
7/9/2024,Vol betalend,797
7/9/2024,Actie,1359
7/9/2024,Accommodatie,135
7/9/2024,Scholen alleen entree,360
7/9/2024,Evenementen Scholen,0
7/9/2024,Evenementen met entree,0
7/9/2024,Groepen,0
7/9/2024,Gratis/ <3,236
7/9/2024,Abonnement,363
7/10/2024,Vol betalend,797
7/10/2024,Actie,1359
7/10/2024,Accommodatie,135
7/10/2024,Scholen alleen entree,360
7/10/2024,Evenementen Scholen,0
7/10/2024,Evenementen met entree,0
7/10/2024,Groepen,0
7/10/2024,Gratis/ <3,236
7/10/2024,Abonnement,363
7/11/2024,Vol betalend,797
7/11/2024,Actie,1359
7/11/2024,Accommodatie,135
7/11/2024,Scholen alleen entree,360
7/11/2024,Evenementen Scholen,0
7/11/2024,Evenementen met entree,0
7/11/2024,Groepen,0
7/11/2024,Gratis/ <3,236
7/11/2024,Abonnement,363
7/12/2024,Vol betalend,797
7/12/2024,Actie,1359
7/12/2024,Accommodatie,135
7/12/2024,Scholen alleen entree,360
7/12/2024,Evenementen Scholen,0
7/12/2024,Evenementen met entree,0
7/12/2024,Groepen,0
7/12/2024,Gratis/ <3,236
7/12/2024,Abonnement,363
7/13/2024,Vol betalend,858
7/13/2024,Actie,1465
7/13/2024,Accommodatie,145
7/13/2024,Scholen alleen entree,0
7/13/2024,Evenementen Scholen,0
7/13/2024,Evenementen met entree,0
7/13/2024,Groepen,195
7/13/2024,Gratis/ <3,262
7/13/2024,Abonnement,675
7/14/2024,Vol betalend,983
7/14/2024,Actie,1674
7/14/2024,Accommodatie,166
7/14/2024,Scholen alleen entree,0
7/14/2024,Evenementen Scholen,0
7/14/2024,Evenementen met entree,0
7/14/2024,Groepen,225
7/14/2024,Gratis/ <3,294
7/14/2024,Abonnement,708
7/15/2024,Vol betalend,883
7/15/2024,Actie,1507
7/15/2024,Accommodatie,149
7/15/2024,Scholen alleen entree,250
7/15/2024,Evenementen Scholen,0
7/15/2024,Evenementen met entree,0
7/15/2024,Groepen,0
7/15/2024,Gratis/ <3,262
7/15/2024,Abonnement,549
7/16/2024,Vol betalend,883
7/16/2024,Actie,1507
7/16/2024,Accommodatie,149
7/16/2024,Scholen alleen entree,250
7/16/2024,Evenementen Scholen,0
7/16/2024,Evenementen met entree,0
7/16/2024,Groepen,0
7/16/2024,Gratis/ <3,262
7/16/2024,Abonnement,549
7/17/2024,Vol betalend,883
7/17/2024,Actie,1507
7/17/2024,Accommodatie,149
7/17/2024,Scholen alleen entree,220
7/17/2024,Evenementen Scholen,0
7/17/2024,Evenementen met entree,0
7/17/2024,Groepen,0
7/17/2024,Gratis/ <3,262
7/17/2024,Abonnement,579
7/18/2024,Vol betalend,883
7/18/2024,Actie,1507
7/18/2024,Accommodatie,149
7/18/2024,Scholen alleen entree,100
7/18/2024,Evenementen Scholen,0
7/18/2024,Evenementen met entree,0
7/18/2024,Groepen,0
7/18/2024,Gratis/ <3,262
7/18/2024,Abonnement,699
7/19/2024,Vol betalend,883
7/19/2024,Actie,1507
7/19/2024,Accommodatie,149
7/19/2024,Scholen alleen entree,50
7/19/2024,Evenementen Scholen,0
7/19/2024,Evenementen met entree,0
7/19/2024,Groepen,0
7/19/2024,Gratis/ <3,262
7/19/2024,Abonnement,749
7/20/2024,Vol betalend,920
7/20/2024,Actie,1571
7/20/2024,Accommodatie,156
7/20/2024,Scholen alleen entree,0
7/20/2024,Evenementen Scholen,0
7/20/2024,Evenementen met entree,0
7/20/2024,Groepen,210
7/20/2024,Gratis/ <3,280
7/20/2024,Abonnement,713
7/21/2024,Vol betalend,1055
7/21/2024,Actie,1797
7/21/2024,Accommodatie,178
7/21/2024,Scholen alleen entree,0
7/21/2024,Evenementen Scholen,0
7/21/2024,Evenementen met entree,0
7/21/2024,Groepen,240
7/21/2024,Gratis/ <3,316
7/21/2024,Abonnement,764
7/22/2024,Vol betalend,1055
7/22/2024,Actie,1799
7/22/2024,Accommodatie,178
7/22/2024,Scholen alleen entree,0
7/22/2024,Evenementen Scholen,0
7/22/2024,Evenementen met entree,0
7/22/2024,Groepen,0
7/22/2024,Gratis/ <3,313
7/22/2024,Abonnement,955
7/23/2024,Vol betalend,1055
7/23/2024,Actie,1799
7/23/2024,Accommodatie,178
7/23/2024,Scholen alleen entree,0
7/23/2024,Evenementen Scholen,0
7/23/2024,Evenementen met entree,0
7/23/2024,Groepen,0
7/23/2024,Gratis/ <3,313
7/23/2024,Abonnement,955
7/24/2024,Vol betalend,1055
7/24/2024,Actie,1799
7/24/2024,Accommodatie,178
7/24/2024,Scholen alleen entree,0
7/24/2024,Evenementen Scholen,0
7/24/2024,Evenementen met entree,0
7/24/2024,Groepen,0
7/24/2024,Gratis/ <3,313
7/24/2024,Abonnement,955
7/25/2024,Vol betalend,1055
7/25/2024,Actie,1799
7/25/2024,Accommodatie,178
7/25/2024,Scholen alleen entree,0
7/25/2024,Evenementen Scholen,0
7/25/2024,Evenementen met entree,0
7/25/2024,Groepen,0
7/25/2024,Gratis/ <3,313
7/25/2024,Abonnement,955
7/26/2024,Vol betalend,1055
7/26/2024,Actie,1799
7/26/2024,Accommodatie,178
7/26/2024,Scholen alleen entree,0
7/26/2024,Evenementen Scholen,0
7/26/2024,Evenementen met entree,0
7/26/2024,Groepen,0
7/26/2024,Gratis/ <3,313
7/26/2024,Abonnement,955
7/27/2024,Vol betalend,908
7/27/2024,Actie,1547
7/27/2024,Accommodatie,153
7/27/2024,Scholen alleen entree,0
7/27/2024,Evenementen Scholen,0
7/27/2024,Evenementen met entree,0
7/27/2024,Groepen,210
7/27/2024,Gratis/ <3,276
7/27/2024,Abonnement,706
7/28/2024,Vol betalend,1105
7/28/2024,Actie,1882
7/28/2024,Accommodatie,187
7/28/2024,Scholen alleen entree,0
7/28/2024,Evenementen Scholen,0
7/28/2024,Evenementen met entree,0
7/28/2024,Groepen,255
7/28/2024,Gratis/ <3,331
7/28/2024,Abonnement,790
7/29/2024,Vol betalend,1104
7/29/2024,Actie,1883
7/29/2024,Accommodatie,187
7/29/2024,Scholen alleen entree,0
7/29/2024,Evenementen Scholen,0
7/29/2024,Evenementen met entree,0
7/29/2024,Groepen,0
7/29/2024,Gratis/ <3,327
7/29/2024,Abonnement,999
7/30/2024,Vol betalend,1104
7/30/2024,Actie,1883
7/30/2024,Accommodatie,187
7/30/2024,Scholen alleen entree,0
7/30/2024,Evenementen Scholen,0
7/30/2024,Evenementen met entree,0
7/30/2024,Groepen,0
7/30/2024,Gratis/ <3,327
7/30/2024,Abonnement,999
7/31/2024,Vol betalend,1104
7/31/2024,Actie,1883
7/31/2024,Accommodatie,187
7/31/2024,Scholen alleen entree,0
7/31/2024,Evenementen Scholen,0
7/31/2024,Evenementen met entree,0
7/31/2024,Groepen,0
7/31/2024,Gratis/ <3,327
7/31/2024,Abonnement,999
8/1/2024,Vol betalend,1076
8/1/2024,Actie,2370
8/1/2024,Accommodatie,172
8/1/2024,Scholen alleen entree,0
8/1/2024,Evenementen Scholen,0
8/1/2024,Evenementen met entree,0
8/1/2024,Groepen,0
8/1/2024,Gratis/ <3,320
8/1/2024,Abonnement,562
8/2/2024,Vol betalend,1076
8/2/2024,Actie,2370
8/2/2024,Accommodatie,172
8/2/2024,Scholen alleen entree,0
8/2/2024,Evenementen Scholen,0
8/2/2024,Evenementen met entree,0
8/2/2024,Groepen,0
8/2/2024,Gratis/ <3,320
8/2/2024,Abonnement,562
8/3/2024,Vol betalend,1190
8/3/2024,Actie,2624
8/3/2024,Accommodatie,190
8/3/2024,Scholen alleen entree,0
8/3/2024,Evenementen Scholen,0
8/3/2024,Evenementen met entree,0
8/3/2024,Groepen,275
8/3/2024,Gratis/ <3,360
8/3/2024,Abonnement,461
8/4/2024,Vol betalend,1426
8/4/2024,Actie,3144
8/4/2024,Accommodatie,229
8/4/2024,Scholen alleen entree,0
8/4/2024,Evenementen Scholen,0
8/4/2024,Evenementen met entree,0
8/4/2024,Groepen,330
8/4/2024,Gratis/ <3,420
8/4/2024,Abonnement,451
8/5/2024,Vol betalend,1076
8/5/2024,Actie,2370
8/5/2024,Accommodatie,172
8/5/2024,Scholen alleen entree,0
8/5/2024,Evenementen Scholen,0
8/5/2024,Evenementen met entree,0
8/5/2024,Groepen,0
8/5/2024,Gratis/ <3,320
8/5/2024,Abonnement,562
8/6/2024,Vol betalend,1076
8/6/2024,Actie,2370
8/6/2024,Accommodatie,172
8/6/2024,Scholen alleen entree,0
8/6/2024,Evenementen Scholen,0
8/6/2024,Evenementen met entree,0
8/6/2024,Groepen,0
8/6/2024,Gratis/ <3,320
8/6/2024,Abonnement,562
8/7/2024,Vol betalend,1076
8/7/2024,Actie,2370
8/7/2024,Accommodatie,172
8/7/2024,Scholen alleen entree,0
8/7/2024,Evenementen Scholen,0
8/7/2024,Evenementen met entree,0
8/7/2024,Groepen,0
8/7/2024,Gratis/ <3,320
8/7/2024,Abonnement,562
8/8/2024,Vol betalend,1076
8/8/2024,Actie,2370
8/8/2024,Accommodatie,172
8/8/2024,Scholen alleen entree,0
8/8/2024,Evenementen Scholen,0
8/8/2024,Evenementen met entree,0
8/8/2024,Groepen,0
8/8/2024,Gratis/ <3,320
8/8/2024,Abonnement,562
8/9/2024,Vol betalend,1076
8/9/2024,Actie,2370
8/9/2024,Accommodatie,172
8/9/2024,Scholen alleen entree,0
8/9/2024,Evenementen Scholen,0
8/9/2024,Evenementen met entree,0
8/9/2024,Groepen,0
8/9/2024,Gratis/ <3,320
8/9/2024,Abonnement,562
8/10/2024,Vol betalend,1190
8/10/2024,Actie,2624
8/10/2024,Accommodatie,190
8/10/2024,Scholen alleen entree,0
8/10/2024,Evenementen Scholen,0
8/10/2024,Evenementen met entree,0
8/10/2024,Groepen,275
8/10/2024,Gratis/ <3,360
8/10/2024,Abonnement,461
8/11/2024,Vol betalend,1426
8/11/2024,Actie,3144
8/11/2024,Accommodatie,229
8/11/2024,Scholen alleen entree,0
8/11/2024,Evenementen Scholen,0
8/11/2024,Evenementen met entree,0
8/11/2024,Groepen,330
8/11/2024,Gratis/ <3,420
8/11/2024,Abonnement,451
8/12/2024,Vol betalend,1076
8/12/2024,Actie,2370
8/12/2024,Accommodatie,172
8/12/2024,Scholen alleen entree,0
8/12/2024,Evenementen Scholen,0
8/12/2024,Evenementen met entree,0
8/12/2024,Groepen,0
8/12/2024,Gratis/ <3,320
8/12/2024,Abonnement,562
8/13/2024,Vol betalend,1076
8/13/2024,Actie,2370
8/13/2024,Accommodatie,172
8/13/2024,Scholen alleen entree,0
8/13/2024,Evenementen Scholen,0
8/13/2024,Evenementen met entree,0
8/13/2024,Groepen,0
8/13/2024,Gratis/ <3,320
8/13/2024,Abonnement,562
8/14/2024,Vol betalend,1076
8/14/2024,Actie,2370
8/14/2024,Accommodatie,172
8/14/2024,Scholen alleen entree,0
8/14/2024,Evenementen Scholen,0
8/14/2024,Evenementen met entree,0
8/14/2024,Groepen,0
8/14/2024,Gratis/ <3,320
8/14/2024,Abonnement,562
8/15/2024,Vol betalend,1076
8/15/2024,Actie,2370
8/15/2024,Accommodatie,172
8/15/2024,Scholen alleen entree,0
8/15/2024,Evenementen Scholen,0
8/15/2024,Evenementen met entree,0
8/15/2024,Groepen,0
8/15/2024,Gratis/ <3,320
8/15/2024,Abonnement,562
8/16/2024,Vol betalend,1076
8/16/2024,Actie,2370
8/16/2024,Accommodatie,172
8/16/2024,Scholen alleen entree,0
8/16/2024,Evenementen Scholen,0
8/16/2024,Evenementen met entree,0
8/16/2024,Groepen,0
8/16/2024,Gratis/ <3,320
8/16/2024,Abonnement,562
8/17/2024,Vol betalend,1190
8/17/2024,Actie,2624
8/17/2024,Accommodatie,190
8/17/2024,Scholen alleen entree,0
8/17/2024,Evenementen Scholen,0
8/17/2024,Evenementen met entree,0
8/17/2024,Groepen,275
8/17/2024,Gratis/ <3,360
8/17/2024,Abonnement,461
8/18/2024,Vol betalend,1426
8/18/2024,Actie,3144
8/18/2024,Accommodatie,229
8/18/2024,Scholen alleen entree,0
8/18/2024,Evenementen Scholen,0
8/18/2024,Evenementen met entree,0
8/18/2024,Groepen,330
8/18/2024,Gratis/ <3,420
8/18/2024,Abonnement,451
8/19/2024,Vol betalend,957
8/19/2024,Actie,2109
8/19/2024,Accommodatie,155
8/19/2024,Scholen alleen entree,0
8/19/2024,Evenementen Scholen,0
8/19/2024,Evenementen met entree,0
8/19/2024,Groepen,0
8/19/2024,Gratis/ <3,288
8/19/2024,Abonnement,541
8/20/2024,Vol betalend,957
8/20/2024,Actie,2109
8/20/2024,Accommodatie,155
8/20/2024,Scholen alleen entree,0
8/20/2024,Evenementen Scholen,0
8/20/2024,Evenementen met entree,0
8/20/2024,Groepen,0
8/20/2024,Gratis/ <3,288
8/20/2024,Abonnement,541
8/21/2024,Vol betalend,957
8/21/2024,Actie,2109
8/21/2024,Accommodatie,155
8/21/2024,Scholen alleen entree,0
8/21/2024,Evenementen Scholen,0
8/21/2024,Evenementen met entree,0
8/21/2024,Groepen,0
8/21/2024,Gratis/ <3,288
8/21/2024,Abonnement,541
8/22/2024,Vol betalend,957
8/22/2024,Actie,2109
8/22/2024,Accommodatie,155
8/22/2024,Scholen alleen entree,0
8/22/2024,Evenementen Scholen,0
8/22/2024,Evenementen met entree,0
8/22/2024,Groepen,0
8/22/2024,Gratis/ <3,288
8/22/2024,Abonnement,541
8/23/2024,Vol betalend,957
8/23/2024,Actie,2109
8/23/2024,Accommodatie,155
8/23/2024,Scholen alleen entree,0
8/23/2024,Evenementen Scholen,0
8/23/2024,Evenementen met entree,0
8/23/2024,Groepen,0
8/23/2024,Gratis/ <3,288
8/23/2024,Abonnement,541
8/24/2024,Vol betalend,1058
8/24/2024,Actie,2335
8/24/2024,Accommodatie,167
8/24/2024,Scholen alleen entree,0
8/24/2024,Evenementen Scholen,0
8/24/2024,Evenementen met entree,0
8/24/2024,Groepen,245
8/24/2024,Gratis/ <3,320
8/24/2024,Abonnement,400
8/25/2024,Vol betalend,1190
8/25/2024,Actie,2624
8/25/2024,Accommodatie,190
8/25/2024,Scholen alleen entree,0
8/25/2024,Evenementen Scholen,0
8/25/2024,Evenementen met entree,0
8/25/2024,Groepen,275
8/25/2024,Gratis/ <3,360
8/25/2024,Abonnement,461
8/26/2024,Vol betalend,837
8/26/2024,Actie,1843
8/26/2024,Accommodatie,134
8/26/2024,Scholen alleen entree,25
8/26/2024,Evenementen Scholen,0
8/26/2024,Evenementen met entree,0
8/26/2024,Groepen,0
8/26/2024,Gratis/ <3,249
8/26/2024,Abonnement,412
8/27/2024,Vol betalend,837
8/27/2024,Actie,1843
8/27/2024,Accommodatie,134
8/27/2024,Scholen alleen entree,25
8/27/2024,Evenementen Scholen,0
8/27/2024,Evenementen met entree,0
8/27/2024,Groepen,0
8/27/2024,Gratis/ <3,249
8/27/2024,Abonnement,412
8/28/2024,Vol betalend,837
8/28/2024,Actie,1843
8/28/2024,Accommodatie,134
8/28/2024,Scholen alleen entree,25
8/28/2024,Evenementen Scholen,0
8/28/2024,Evenementen met entree,0
8/28/2024,Groepen,0
8/28/2024,Gratis/ <3,249
8/28/2024,Abonnement,412
8/29/2024,Vol betalend,837
8/29/2024,Actie,1843
8/29/2024,Accommodatie,134
8/29/2024,Scholen alleen entree,25
8/29/2024,Evenementen Scholen,0
8/29/2024,Evenementen met entree,0
8/29/2024,Groepen,0
8/29/2024,Gratis/ <3,249
8/29/2024,Abonnement,412
8/30/2024,Vol betalend,837
8/30/2024,Actie,1843
8/30/2024,Accommodatie,134
8/30/2024,Scholen alleen entree,25
8/30/2024,Evenementen Scholen,0
8/30/2024,Evenementen met entree,0
8/30/2024,Groepen,0
8/30/2024,Gratis/ <3,249
8/30/2024,Abonnement,412
8/31/2024,Vol betalend,1058
8/31/2024,Actie,2335
8/31/2024,Accommodatie,169
8/31/2024,Scholen alleen entree,0
8/31/2024,Evenementen Scholen,0
8/31/2024,Evenementen met entree,0
8/31/2024,Groepen,245
8/31/2024,Gratis/ <3,320
8/31/2024,Abonnement,398
9/1/2024,Vol betalend,923
9/1/2024,Actie,2199
9/1/2024,Accommodatie,141
9/1/2024,Scholen alleen entree,0
9/1/2024,Evenementen Scholen,0
9/1/2024,Evenementen met entree,0
9/1/2024,Groepen,875
9/1/2024,Gratis/ <3,454
9/1/2024,Abonnement,508
9/2/2024,Vol betalend,333
9/2/2024,Actie,792
9/2/2024,Accommodatie,51
9/2/2024,Scholen alleen entree,150
9/2/2024,Evenementen Scholen,0
9/2/2024,Evenementen met entree,0
9/2/2024,Groepen,0
9/2/2024,Gratis/ <3,160
9/2/2024,Abonnement,314
9/3/2024,Vol betalend,333
9/3/2024,Actie,792
9/3/2024,Accommodatie,51
9/3/2024,Scholen alleen entree,150
9/3/2024,Evenementen Scholen,0
9/3/2024,Evenementen met entree,0
9/3/2024,Groepen,0
9/3/2024,Gratis/ <3,160
9/3/2024,Abonnement,314
9/4/2024,Vol betalend,333
9/4/2024,Actie,792
9/4/2024,Accommodatie,51
9/4/2024,Scholen alleen entree,150
9/4/2024,Evenementen Scholen,0
9/4/2024,Evenementen met entree,0
9/4/2024,Groepen,0
9/4/2024,Gratis/ <3,160
9/4/2024,Abonnement,314
9/5/2024,Vol betalend,333
9/5/2024,Actie,792
9/5/2024,Accommodatie,51
9/5/2024,Scholen alleen entree,150
9/5/2024,Evenementen Scholen,0
9/5/2024,Evenementen met entree,0
9/5/2024,Groepen,0
9/5/2024,Gratis/ <3,160
9/5/2024,Abonnement,314
9/6/2024,Vol betalend,333
9/6/2024,Actie,792
9/6/2024,Accommodatie,51
9/6/2024,Scholen alleen entree,150
9/6/2024,Evenementen Scholen,0
9/6/2024,Evenementen met entree,0
9/6/2024,Groepen,0
9/6/2024,Gratis/ <3,160
9/6/2024,Abonnement,314
9/7/2024,Vol betalend,693
9/7/2024,Actie,1647
9/7/2024,Accommodatie,105
9/7/2024,Scholen alleen entree,0
9/7/2024,Evenementen Scholen,0
9/7/2024,Evenementen met entree,0
9/7/2024,Groepen,660
9/7/2024,Gratis/ <3,338
9/7/2024,Abonnement,357
9/8/2024,Vol betalend,787
9/8/2024,Actie,1867
9/8/2024,Accommodatie,119
9/8/2024,Scholen alleen entree,0
9/8/2024,Evenementen Scholen,0
9/8/2024,Evenementen met entree,0
9/8/2024,Groepen,745
9/8/2024,Gratis/ <3,383
9/8/2024,Abonnement,399
9/9/2024,Vol betalend,333
9/9/2024,Actie,792
9/9/2024,Accommodatie,51
9/9/2024,Scholen alleen entree,180
9/9/2024,Evenementen Scholen,0
9/9/2024,Evenementen met entree,0
9/9/2024,Groepen,0
9/9/2024,Gratis/ <3,160
9/9/2024,Abonnement,284
9/10/2024,Vol betalend,333
9/10/2024,Actie,792
9/10/2024,Accommodatie,51
9/10/2024,Scholen alleen entree,180
9/10/2024,Evenementen Scholen,0
9/10/2024,Evenementen met entree,0
9/10/2024,Groepen,0
9/10/2024,Gratis/ <3,160
9/10/2024,Abonnement,284
9/11/2024,Vol betalend,333
9/11/2024,Actie,792
9/11/2024,Accommodatie,51
9/11/2024,Scholen alleen entree,180
9/11/2024,Evenementen Scholen,0
9/11/2024,Evenementen met entree,0
9/11/2024,Groepen,0
9/11/2024,Gratis/ <3,160
9/11/2024,Abonnement,284
9/12/2024,Vol betalend,333
9/12/2024,Actie,792
9/12/2024,Accommodatie,51
9/12/2024,Scholen alleen entree,180
9/12/2024,Evenementen Scholen,0
9/12/2024,Evenementen met entree,0
9/12/2024,Groepen,0
9/12/2024,Gratis/ <3,160
9/12/2024,Abonnement,284
9/13/2024,Vol betalend,333
9/13/2024,Actie,792
9/13/2024,Accommodatie,51
9/13/2024,Scholen alleen entree,180
9/13/2024,Evenementen Scholen,0
9/13/2024,Evenementen met entree,0
9/13/2024,Groepen,0
9/13/2024,Gratis/ <3,160
9/13/2024,Abonnement,284
9/14/2024,Vol betalend,648
9/14/2024,Actie,1538
9/14/2024,Accommodatie,98
9/14/2024,Scholen alleen entree,0
9/14/2024,Evenementen Scholen,0
9/14/2024,Evenementen met entree,0
9/14/2024,Groepen,615
9/14/2024,Gratis/ <3,316
9/14/2024,Abonnement,335
9/15/2024,Vol betalend,739
9/15/2024,Actie,1759
9/15/2024,Accommodatie,112
9/15/2024,Scholen alleen entree,0
9/15/2024,Evenementen Scholen,0
9/15/2024,Evenementen met entree,0
9/15/2024,Groepen,703
9/15/2024,Gratis/ <3,360
9/15/2024,Abonnement,377
9/16/2024,Vol betalend,296
9/16/2024,Actie,703
9/16/2024,Accommodatie,45
9/16/2024,Scholen alleen entree,210
9/16/2024,Evenementen Scholen,0
9/16/2024,Evenementen met entree,0
9/16/2024,Groepen,0
9/16/2024,Gratis/ <3,142
9/16/2024,Abonnement,204
9/17/2024,Vol betalend,296
9/17/2024,Actie,703
9/17/2024,Accommodatie,45
9/17/2024,Scholen alleen entree,210
9/17/2024,Evenementen Scholen,0
9/17/2024,Evenementen met entree,0
9/17/2024,Groepen,0
9/17/2024,Gratis/ <3,142
9/17/2024,Abonnement,204
9/18/2024,Vol betalend,296
9/18/2024,Actie,703
9/18/2024,Accommodatie,45
9/18/2024,Scholen alleen entree,210
9/18/2024,Evenementen Scholen,0
9/18/2024,Evenementen met entree,0
9/18/2024,Groepen,0
9/18/2024,Gratis/ <3,142
9/18/2024,Abonnement,204
9/19/2024,Vol betalend,296
9/19/2024,Actie,703
9/19/2024,Accommodatie,45
9/19/2024,Scholen alleen entree,210
9/19/2024,Evenementen Scholen,0
9/19/2024,Evenementen met entree,0
9/19/2024,Groepen,0
9/19/2024,Gratis/ <3,142
9/19/2024,Abonnement,204
9/20/2024,Vol betalend,296
9/20/2024,Actie,703
9/20/2024,Accommodatie,45
9/20/2024,Scholen alleen entree,210
9/20/2024,Evenementen Scholen,0
9/20/2024,Evenementen met entree,0
9/20/2024,Groepen,0
9/20/2024,Gratis/ <3,142
9/20/2024,Abonnement,204
9/21/2024,Vol betalend,648
9/21/2024,Actie,1538
9/21/2024,Accommodatie,98
9/21/2024,Scholen alleen entree,0
9/21/2024,Evenementen Scholen,0
9/21/2024,Evenementen met entree,0
9/21/2024,Groepen,615
9/21/2024,Gratis/ <3,316
9/21/2024,Abonnement,335
9/22/2024,Vol betalend,739
9/22/2024,Actie,1759
9/22/2024,Accommodatie,112
9/22/2024,Scholen alleen entree,0
9/22/2024,Evenementen Scholen,0
9/22/2024,Evenementen met entree,0
9/22/2024,Groepen,703
9/22/2024,Gratis/ <3,360
9/22/2024,Abonnement,377
9/23/2024,Vol betalend,296
9/23/2024,Actie,703
9/23/2024,Accommodatie,45
9/23/2024,Scholen alleen entree,175
9/23/2024,Evenementen Scholen,0
9/23/2024,Evenementen met entree,0
9/23/2024,Groepen,0
9/23/2024,Gratis/ <3,142
9/23/2024,Abonnement,239
9/24/2024,Vol betalend,296
9/24/2024,Actie,703
9/24/2024,Accommodatie,45
9/24/2024,Scholen alleen entree,175
9/24/2024,Evenementen Scholen,0
9/24/2024,Evenementen met entree,0
9/24/2024,Groepen,0
9/24/2024,Gratis/ <3,142
9/24/2024,Abonnement,239
9/25/2024,Vol betalend,296
9/25/2024,Actie,703
9/25/2024,Accommodatie,45
9/25/2024,Scholen alleen entree,175
9/25/2024,Evenementen Scholen,0
9/25/2024,Evenementen met entree,0
9/25/2024,Groepen,0
9/25/2024,Gratis/ <3,142
9/25/2024,Abonnement,239
9/26/2024,Vol betalend,296
9/26/2024,Actie,703
9/26/2024,Accommodatie,45
9/26/2024,Scholen alleen entree,175
9/26/2024,Evenementen Scholen,0
9/26/2024,Evenementen met entree,0
9/26/2024,Groepen,0
9/26/2024,Gratis/ <3,142
9/26/2024,Abonnement,239
9/27/2024,Vol betalend,296
9/27/2024,Actie,703
9/27/2024,Accommodatie,45
9/27/2024,Scholen alleen entree,175
9/27/2024,Evenementen Scholen,0
9/27/2024,Evenementen met entree,0
9/27/2024,Groepen,0
9/27/2024,Gratis/ <3,142
9/27/2024,Abonnement,239
9/28/2024,Vol betalend,592
9/28/2024,Actie,1406
9/28/2024,Accommodatie,90
9/28/2024,Scholen alleen entree,0
9/28/2024,Evenementen Scholen,0
9/28/2024,Evenementen met entree,0
9/28/2024,Groepen,560
9/28/2024,Gratis/ <3,285
9/28/2024,Abonnement,267
9/29/2024,Vol betalend,739
9/29/2024,Actie,1760
9/29/2024,Accommodatie,112
9/29/2024,Scholen alleen entree,0
9/29/2024,Evenementen Scholen,0
9/29/2024,Evenementen met entree,0
9/29/2024,Groepen,703
9/29/2024,Gratis/ <3,356
9/29/2024,Abonnement,330
9/30/2024,Vol betalend,296
9/30/2024,Actie,703
9/30/2024,Accommodatie,45
9/30/2024,Scholen alleen entree,50
9/30/2024,Evenementen Scholen,0
9/30/2024,Evenementen met entree,0
9/30/2024,Groepen,0
9/30/2024,Gratis/ <3,142
9/30/2024,Abonnement,364
10/1/2024,Vol betalend,317
10/1/2024,Actie,840
10/1/2024,Accommodatie,67
10/1/2024,Scholen alleen entree,50
10/1/2024,Evenementen Scholen,0
10/1/2024,Evenementen met entree,0
10/1/2024,Groepen,0
10/1/2024,Gratis/ <3,134
10/1/2024,Abonnement,342
10/2/2024,Vol betalend,317
10/2/2024,Actie,840
10/2/2024,Accommodatie,67
10/2/2024,Scholen alleen entree,50
10/2/2024,Evenementen Scholen,0
10/2/2024,Evenementen met entree,0
10/2/2024,Groepen,0
10/2/2024,Gratis/ <3,134
10/2/2024,Abonnement,342
10/3/2024,Vol betalend,544
10/3/2024,Actie,1440
10/3/2024,Accommodatie,115
10/3/2024,Scholen alleen entree,50
10/3/2024,Evenementen Scholen,0
10/3/2024,Evenementen met entree,0
10/3/2024,Groepen,0
10/3/2024,Gratis/ <3,230
10/3/2024,Abonnement,621
10/4/2024,Vol betalend,544
10/4/2024,Actie,1440
10/4/2024,Accommodatie,115
10/4/2024,Scholen alleen entree,50
10/4/2024,Evenementen Scholen,0
10/4/2024,Evenementen met entree,0
10/4/2024,Groepen,0
10/4/2024,Gratis/ <3,230
10/4/2024,Abonnement,621
10/5/2024,Vol betalend,677
10/5/2024,Actie,1800
10/5/2024,Accommodatie,144
10/5/2024,Scholen alleen entree,0
10/5/2024,Evenementen Scholen,0
10/5/2024,Evenementen met entree,0
10/5/2024,Groepen,425
10/5/2024,Gratis/ <3,290
10/5/2024,Abonnement,464
10/6/2024,Vol betalend,769
10/6/2024,Actie,2041
10/6/2024,Accommodatie,163
10/6/2024,Scholen alleen entree,0
10/6/2024,Evenementen Scholen,0
10/6/2024,Evenementen met entree,0
10/6/2024,Groepen,475
10/6/2024,Gratis/ <3,328
10/6/2024,Abonnement,524
10/7/2024,Vol betalend,317
10/7/2024,Actie,840
10/7/2024,Accommodatie,67
10/7/2024,Scholen alleen entree,50
10/7/2024,Evenementen Scholen,0
10/7/2024,Evenementen met entree,0
10/7/2024,Groepen,0
10/7/2024,Gratis/ <3,134
10/7/2024,Abonnement,342
10/8/2024,Vol betalend,317
10/8/2024,Actie,840
10/8/2024,Accommodatie,67
10/8/2024,Scholen alleen entree,50
10/8/2024,Evenementen Scholen,0
10/8/2024,Evenementen met entree,0
10/8/2024,Groepen,0
10/8/2024,Gratis/ <3,134
10/8/2024,Abonnement,342
10/9/2024,Vol betalend,317
10/9/2024,Actie,840
10/9/2024,Accommodatie,67
10/9/2024,Scholen alleen entree,50
10/9/2024,Evenementen Scholen,0
10/9/2024,Evenementen met entree,0
10/9/2024,Groepen,0
10/9/2024,Gratis/ <3,134
10/9/2024,Abonnement,342
10/10/2024,Vol betalend,317
10/10/2024,Actie,840
10/10/2024,Accommodatie,67
10/10/2024,Scholen alleen entree,50
10/10/2024,Evenementen Scholen,0
10/10/2024,Evenementen met entree,0
10/10/2024,Groepen,0
10/10/2024,Gratis/ <3,134
10/10/2024,Abonnement,342
10/11/2024,Vol betalend,317
10/11/2024,Actie,840
10/11/2024,Accommodatie,67
10/11/2024,Scholen alleen entree,50
10/11/2024,Evenementen Scholen,0
10/11/2024,Evenementen met entree,0
10/11/2024,Groepen,0
10/11/2024,Gratis/ <3,134
10/11/2024,Abonnement,342
10/12/2024,Vol betalend,677
10/12/2024,Actie,1800
10/12/2024,Accommodatie,144
10/12/2024,Scholen alleen entree,0
10/12/2024,Evenementen Scholen,0
10/12/2024,Evenementen met entree,0
10/12/2024,Groepen,425
10/12/2024,Gratis/ <3,290
10/12/2024,Abonnement,464
10/13/2024,Vol betalend,769
10/13/2024,Actie,2041
10/13/2024,Accommodatie,163
10/13/2024,Scholen alleen entree,0
10/13/2024,Evenementen Scholen,0
10/13/2024,Evenementen met entree,0
10/13/2024,Groepen,475
10/13/2024,Gratis/ <3,328
10/13/2024,Abonnement,524
10/14/2024,Vol betalend,317
10/14/2024,Actie,840
10/14/2024,Accommodatie,67
10/14/2024,Scholen alleen entree,65
10/14/2024,Evenementen Scholen,0
10/14/2024,Evenementen met entree,0
10/14/2024,Groepen,0
10/14/2024,Gratis/ <3,134
10/14/2024,Abonnement,327
10/15/2024,Vol betalend,317
10/15/2024,Actie,840
10/15/2024,Accommodatie,67
10/15/2024,Scholen alleen entree,65
10/15/2024,Evenementen Scholen,0
10/15/2024,Evenementen met entree,0
10/15/2024,Groepen,0
10/15/2024,Gratis/ <3,134
10/15/2024,Abonnement,327
10/16/2024,Vol betalend,317
10/16/2024,Actie,840
10/16/2024,Accommodatie,67
10/16/2024,Scholen alleen entree,65
10/16/2024,Evenementen Scholen,0
10/16/2024,Evenementen met entree,0
10/16/2024,Groepen,0
10/16/2024,Gratis/ <3,134
10/16/2024,Abonnement,327
10/17/2024,Vol betalend,317
10/17/2024,Actie,840
10/17/2024,Accommodatie,67
10/17/2024,Scholen alleen entree,65
10/17/2024,Evenementen Scholen,0
10/17/2024,Evenementen met entree,0
10/17/2024,Groepen,0
10/17/2024,Gratis/ <3,134
10/17/2024,Abonnement,327
10/18/2024,Vol betalend,317
10/18/2024,Actie,840
10/18/2024,Accommodatie,67
10/18/2024,Scholen alleen entree,60
10/18/2024,Evenementen Scholen,0
10/18/2024,Evenementen met entree,0
10/18/2024,Groepen,0
10/18/2024,Gratis/ <3,134
10/18/2024,Abonnement,332
10/19/2024,Vol betalend,723
10/19/2024,Actie,1222
10/19/2024,Accommodatie,154
10/19/2024,Scholen alleen entree,0
10/19/2024,Evenementen Scholen,0
10/19/2024,Evenementen met entree,0
10/19/2024,Groepen,445
10/19/2024,Gratis/ <3,209
10/19/2024,Abonnement,497
10/20/2024,Vol betalend,815
10/20/2024,Actie,1462
10/20/2024,Accommodatie,173
10/20/2024,Scholen alleen entree,0
10/20/2024,Evenementen Scholen,0
10/20/2024,Evenementen met entree,0
10/20/2024,Groepen,500
10/20/2024,Gratis/ <3,247
10/20/2024,Abonnement,553
10/21/2024,Vol betalend,634
10/21/2024,Actie,982
10/21/2024,Accommodatie,135
10/21/2024,Scholen alleen entree,25
10/21/2024,Evenementen Scholen,0
10/21/2024,Evenementen met entree,0
10/21/2024,Groepen,0
10/21/2024,Gratis/ <3,200
10/21/2024,Abonnement,756
10/22/2024,Vol betalend,634
10/22/2024,Actie,982
10/22/2024,Accommodatie,135
10/22/2024,Scholen alleen entree,25
10/22/2024,Evenementen Scholen,0
10/22/2024,Evenementen met entree,0
10/22/2024,Groepen,0
10/22/2024,Gratis/ <3,210
10/22/2024,Abonnement,756
10/23/2024,Vol betalend,634
10/23/2024,Actie,982
10/23/2024,Accommodatie,135
10/23/2024,Scholen alleen entree,25
10/23/2024,Evenementen Scholen,0
10/23/2024,Evenementen met entree,0
10/23/2024,Groepen,0
10/23/2024,Gratis/ <3,210
10/23/2024,Abonnement,756
10/24/2024,Vol betalend,634
10/24/2024,Actie,982
10/24/2024,Accommodatie,135
10/24/2024,Scholen alleen entree,25
10/24/2024,Evenementen Scholen,0
10/24/2024,Evenementen met entree,0
10/24/2024,Groepen,0
10/24/2024,Gratis/ <3,210
10/24/2024,Abonnement,756
10/25/2024,Vol betalend,634
10/25/2024,Actie,982
10/25/2024,Accommodatie,135
10/25/2024,Scholen alleen entree,25
10/25/2024,Evenementen Scholen,0
10/25/2024,Evenementen met entree,0
10/25/2024,Groepen,0
10/25/2024,Gratis/ <3,210
10/25/2024,Abonnement,756
10/26/2024,Vol betalend,815
10/26/2024,Actie,1462
10/26/2024,Accommodatie,173
10/26/2024,Scholen alleen entree,0
10/26/2024,Evenementen Scholen,0
10/26/2024,Evenementen met entree,0
10/26/2024,Groepen,500
10/26/2024,Gratis/ <3,251
10/26/2024,Abonnement,599
10/27/2024,Vol betalend,905
10/27/2024,Actie,1701
10/27/2024,Accommodatie,193
10/27/2024,Scholen alleen entree,0
10/27/2024,Evenementen Scholen,0
10/27/2024,Evenementen met entree,0
10/27/2024,Groepen,560
10/27/2024,Gratis/ <3,289
10/27/2024,Abonnement,652
10/28/2024,Vol betalend,815
10/28/2024,Actie,2162
10/28/2024,Accommodatie,173
10/28/2024,Scholen alleen entree,0
10/28/2024,Evenementen Scholen,0
10/28/2024,Evenementen met entree,0
10/28/2024,Groepen,0
10/28/2024,Gratis/ <3,344
10/28/2024,Abonnement,1006
10/29/2024,Vol betalend,815
10/29/2024,Actie,2162
10/29/2024,Accommodatie,173
10/29/2024,Scholen alleen entree,0
10/29/2024,Evenementen Scholen,0
10/29/2024,Evenementen met entree,0
10/29/2024,Groepen,0
10/29/2024,Gratis/ <3,344
10/29/2024,Abonnement,1006
10/30/2024,Vol betalend,815
10/30/2024,Actie,2162
10/30/2024,Accommodatie,173
10/30/2024,Scholen alleen entree,0
10/30/2024,Evenementen Scholen,0
10/30/2024,Evenementen met entree,0
10/30/2024,Groepen,0
10/30/2024,Gratis/ <3,344
10/30/2024,Abonnement,1006
10/31/2024,Vol betalend,905
10/31/2024,Actie,2403
10/31/2024,Accommodatie,192
10/31/2024,Scholen alleen entree,0
10/31/2024,Evenementen Scholen,0
10/31/2024,Evenementen met entree,0
10/31/2024,Groepen,0
10/31/2024,Gratis/ <3,383
10/31/2024,Abonnement,1117
11/1/2024,Vol betalend,379
11/1/2024,Actie,1356
11/1/2024,Accommodatie,69
11/1/2024,Scholen alleen entree,0
11/1/2024,Evenementen Scholen,0
11/1/2024,Evenementen met entree,0
11/1/2024,Groepen,0
11/1/2024,Gratis/ <3,252
11/1/2024,Abonnement,944
11/2/2024,Vol betalend,222
11/2/2024,Actie,788
11/2/2024,Accommodatie,40
11/2/2024,Scholen alleen entree,0
11/2/2024,Evenementen Scholen,0
11/2/2024,Evenementen met entree,0
11/2/2024,Groepen,110
11/2/2024,Gratis/ <3,149
11/2/2024,Abonnement,481
11/3/2024,Vol betalend,252
11/3/2024,Actie,903
11/3/2024,Accommodatie,46
11/3/2024,Scholen alleen entree,0
11/3/2024,Evenementen Scholen,0
11/3/2024,Evenementen met entree,0
11/3/2024,Groepen,120
11/3/2024,Gratis/ <3,167
11/3/2024,Abonnement,512
11/4/2024,Vol betalend,101
11/4/2024,Actie,361
11/4/2024,Accommodatie,18
11/4/2024,Scholen alleen entree,25
11/4/2024,Evenementen Scholen,0
11/4/2024,Evenementen met entree,0
11/4/2024,Groepen,0
11/4/2024,Gratis/ <3,67
11/4/2024,Abonnement,228
11/5/2024,Vol betalend,101
11/5/2024,Actie,361
11/5/2024,Accommodatie,18
11/5/2024,Scholen alleen entree,25
11/5/2024,Evenementen Scholen,0
11/5/2024,Evenementen met entree,0
11/5/2024,Groepen,0
11/5/2024,Gratis/ <3,67
11/5/2024,Abonnement,228
11/6/2024,Vol betalend,101
11/6/2024,Actie,361
11/6/2024,Accommodatie,18
11/6/2024,Scholen alleen entree,35
11/6/2024,Evenementen Scholen,0
11/6/2024,Evenementen met entree,0
11/6/2024,Groepen,0
11/6/2024,Gratis/ <3,67
11/6/2024,Abonnement,218
11/7/2024,Vol betalend,101
11/7/2024,Actie,361
11/7/2024,Accommodatie,18
11/7/2024,Scholen alleen entree,25
11/7/2024,Evenementen Scholen,0
11/7/2024,Evenementen met entree,0
11/7/2024,Groepen,0
11/7/2024,Gratis/ <3,67
11/7/2024,Abonnement,228
11/8/2024,Vol betalend,101
11/8/2024,Actie,361
11/8/2024,Accommodatie,18
11/8/2024,Scholen alleen entree,25
11/8/2024,Evenementen Scholen,0
11/8/2024,Evenementen met entree,0
11/8/2024,Groepen,0
11/8/2024,Gratis/ <3,67
11/8/2024,Abonnement,228
11/9/2024,Vol betalend,222
11/9/2024,Actie,788
11/9/2024,Accommodatie,40
11/9/2024,Scholen alleen entree,0
11/9/2024,Evenementen Scholen,0
11/9/2024,Evenementen met entree,0
11/9/2024,Groepen,110
11/9/2024,Gratis/ <3,149
11/9/2024,Abonnement,481
11/10/2024,Vol betalend,252
11/10/2024,Actie,903
11/10/2024,Accommodatie,46
11/10/2024,Scholen alleen entree,0
11/10/2024,Evenementen Scholen,0
11/10/2024,Evenementen met entree,0
11/10/2024,Groepen,120
11/10/2024,Gratis/ <3,167
11/10/2024,Abonnement,512
11/11/2024,Vol betalend,134
11/11/2024,Actie,470
11/11/2024,Accommodatie,24
11/11/2024,Scholen alleen entree,25
11/11/2024,Evenementen Scholen,0
11/11/2024,Evenementen met entree,0
11/11/2024,Groepen,0
11/11/2024,Gratis/ <3,87
11/11/2024,Abonnement,310
11/12/2024,Vol betalend,101
11/12/2024,Actie,361
11/12/2024,Accommodatie,18
11/12/2024,Scholen alleen entree,25
11/12/2024,Evenementen Scholen,0
11/12/2024,Evenementen met entree,0
11/12/2024,Groepen,0
11/12/2024,Gratis/ <3,67
11/12/2024,Abonnement,228
11/13/2024,Vol betalend,101
11/13/2024,Actie,361
11/13/2024,Accommodatie,18
11/13/2024,Scholen alleen entree,35
11/13/2024,Evenementen Scholen,0
11/13/2024,Evenementen met entree,0
11/13/2024,Groepen,0
11/13/2024,Gratis/ <3,67
11/13/2024,Abonnement,218
11/14/2024,Vol betalend,101
11/14/2024,Actie,361
11/14/2024,Accommodatie,18
11/14/2024,Scholen alleen entree,25
11/14/2024,Evenementen Scholen,0
11/14/2024,Evenementen met entree,0
11/14/2024,Groepen,0
11/14/2024,Gratis/ <3,67
11/14/2024,Abonnement,228
11/15/2024,Vol betalend,101
11/15/2024,Actie,361
11/15/2024,Accommodatie,18
11/15/2024,Scholen alleen entree,25
11/15/2024,Evenementen Scholen,0
11/15/2024,Evenementen met entree,0
11/15/2024,Groepen,0
11/15/2024,Gratis/ <3,67
11/15/2024,Abonnement,228
11/16/2024,Vol betalend,222
11/16/2024,Actie,788
11/16/2024,Accommodatie,40
11/16/2024,Scholen alleen entree,0
11/16/2024,Evenementen Scholen,0
11/16/2024,Evenementen met entree,0
11/16/2024,Groepen,110
11/16/2024,Gratis/ <3,149
11/16/2024,Abonnement,481
11/17/2024,Vol betalend,252
11/17/2024,Actie,903
11/17/2024,Accommodatie,46
11/17/2024,Scholen alleen entree,0
11/17/2024,Evenementen Scholen,0
11/17/2024,Evenementen met entree,0
11/17/2024,Groepen,120
11/17/2024,Gratis/ <3,167
11/17/2024,Abonnement,512
11/18/2024,Vol betalend,89
11/18/2024,Actie,315
11/18/2024,Accommodatie,16
11/18/2024,Scholen alleen entree,25
11/18/2024,Evenementen Scholen,0
11/18/2024,Evenementen met entree,0
11/18/2024,Groepen,0
11/18/2024,Gratis/ <3,58
11/18/2024,Abonnement,197
11/19/2024,Vol betalend,89
11/19/2024,Actie,315
11/19/2024,Accommodatie,16
11/19/2024,Scholen alleen entree,25
11/19/2024,Evenementen Scholen,0
11/19/2024,Evenementen met entree,0
11/19/2024,Groepen,0
11/19/2024,Gratis/ <3,58
11/19/2024,Abonnement,197
11/20/2024,Vol betalend,89
11/20/2024,Actie,315
11/20/2024,Accommodatie,16
11/20/2024,Scholen alleen entree,35
11/20/2024,Evenementen Scholen,0
11/20/2024,Evenementen met entree,0
11/20/2024,Groepen,0
11/20/2024,Gratis/ <3,58
11/20/2024,Abonnement,187
11/21/2024,Vol betalend,89
11/21/2024,Actie,315
11/21/2024,Accommodatie,16
11/21/2024,Scholen alleen entree,25
11/21/2024,Evenementen Scholen,0
11/21/2024,Evenementen met entree,0
11/21/2024,Groepen,0
11/21/2024,Gratis/ <3,58
11/21/2024,Abonnement,197
11/22/2024,Vol betalend,89
11/22/2024,Actie,315
11/22/2024,Accommodatie,16
11/22/2024,Scholen alleen entree,25
11/22/2024,Evenementen Scholen,0
11/22/2024,Evenementen met entree,0
11/22/2024,Groepen,0
11/22/2024,Gratis/ <3,58
11/22/2024,Abonnement,197
11/23/2024,Vol betalend,222
11/23/2024,Actie,788
11/23/2024,Accommodatie,40
11/23/2024,Scholen alleen entree,0
11/23/2024,Evenementen Scholen,0
11/23/2024,Evenementen met entree,0
11/23/2024,Groepen,110
11/23/2024,Gratis/ <3,149
11/23/2024,Abonnement,481
11/24/2024,Vol betalend,252
11/24/2024,Actie,903
11/24/2024,Accommodatie,46
11/24/2024,Scholen alleen entree,0
11/24/2024,Evenementen Scholen,0
11/24/2024,Evenementen met entree,0
11/24/2024,Groepen,120
11/24/2024,Gratis/ <3,167
11/24/2024,Abonnement,512
11/25/2024,Vol betalend,89
11/25/2024,Actie,315
11/25/2024,Accommodatie,16
11/25/2024,Scholen alleen entree,25
11/25/2024,Evenementen Scholen,0
11/25/2024,Evenementen met entree,0
11/25/2024,Groepen,0
11/25/2024,Gratis/ <3,58
11/25/2024,Abonnement,197
11/26/2024,Vol betalend,89
11/26/2024,Actie,315
11/26/2024,Accommodatie,16
11/26/2024,Scholen alleen entree,25
11/26/2024,Evenementen Scholen,0
11/26/2024,Evenementen met entree,0
11/26/2024,Groepen,0
11/26/2024,Gratis/ <3,58
11/26/2024,Abonnement,197
11/27/2024,Vol betalend,89
11/27/2024,Actie,315
11/27/2024,Accommodatie,16
11/27/2024,Scholen alleen entree,35
11/27/2024,Evenementen Scholen,0
11/27/2024,Evenementen met entree,0
11/27/2024,Groepen,0
11/27/2024,Gratis/ <3,58
11/27/2024,Abonnement,187
11/28/2024,Vol betalend,89
11/28/2024,Actie,315
11/28/2024,Accommodatie,16
11/28/2024,Scholen alleen entree,25
11/28/2024,Evenementen Scholen,0
11/28/2024,Evenementen met entree,0
11/28/2024,Groepen,0
11/28/2024,Gratis/ <3,58
11/28/2024,Abonnement,197
11/29/2024,Vol betalend,89
11/29/2024,Actie,315
11/29/2024,Accommodatie,16
11/29/2024,Scholen alleen entree,25
11/29/2024,Evenementen Scholen,0
11/29/2024,Evenementen met entree,0
11/29/2024,Groepen,0
11/29/2024,Gratis/ <3,58
11/29/2024,Abonnement,197
11/30/2024,Vol betalend,222
11/30/2024,Actie,788
11/30/2024,Accommodatie,40
11/30/2024,Scholen alleen entree,0
11/30/2024,Evenementen Scholen,0
11/30/2024,Evenementen met entree,0
11/30/2024,Groepen,110
11/30/2024,Gratis/ <3,149
11/30/2024,Abonnement,481
12/1/2024,Vol betalend,195
12/1/2024,Actie,364
12/1/2024,Accommodatie,13
12/1/2024,Scholen alleen entree,0
12/1/2024,Evenementen Scholen,0
12/1/2024,Evenementen met entree,0
12/1/2024,Groepen,85
12/1/2024,Gratis/ <3,105
12/1/2024,Abonnement,738
12/2/2024,Vol betalend,62
12/2/2024,Actie,121
12/2/2024,Accommodatie,4
12/2/2024,Scholen alleen entree,25
12/2/2024,Evenementen Scholen,0
12/2/2024,Evenementen met entree,0
12/2/2024,Groepen,0
12/2/2024,Gratis/ <3,35
12/2/2024,Abonnement,253
12/3/2024,Vol betalend,62
12/3/2024,Actie,121
12/3/2024,Accommodatie,4
12/3/2024,Scholen alleen entree,25
12/3/2024,Evenementen Scholen,0
12/3/2024,Evenementen met entree,0
12/3/2024,Groepen,0
12/3/2024,Gratis/ <3,35
12/3/2024,Abonnement,253
12/4/2024,Vol betalend,62
12/4/2024,Actie,121
12/4/2024,Accommodatie,4
12/4/2024,Scholen alleen entree,30
12/4/2024,Evenementen Scholen,0
12/4/2024,Evenementen met entree,0
12/4/2024,Groepen,0
12/4/2024,Gratis/ <3,35
12/4/2024,Abonnement,248
12/5/2024,Vol betalend,42
12/5/2024,Actie,76
12/5/2024,Accommodatie,3
12/5/2024,Scholen alleen entree,25
12/5/2024,Evenementen Scholen,0
12/5/2024,Evenementen met entree,0
12/5/2024,Groepen,0
12/5/2024,Gratis/ <3,21
12/5/2024,Abonnement,133
12/6/2024,Vol betalend,62
12/6/2024,Actie,121
12/6/2024,Accommodatie,4
12/6/2024,Scholen alleen entree,25
12/6/2024,Evenementen Scholen,0
12/6/2024,Evenementen met entree,0
12/6/2024,Groepen,0
12/6/2024,Gratis/ <3,35
12/6/2024,Abonnement,253
12/7/2024,Vol betalend,127
12/7/2024,Actie,242
12/7/2024,Accommodatie,9
12/7/2024,Scholen alleen entree,0
12/7/2024,Evenementen Scholen,0
12/7/2024,Evenementen met entree,0
12/7/2024,Groepen,25
12/7/2024,Gratis/ <3,70
12/7/2024,Abonnement,527
12/8/2024,Vol betalend,194
12/8/2024,Actie,364
12/8/2024,Accommodatie,13
12/8/2024,Scholen alleen entree,0
12/8/2024,Evenementen Scholen,0
12/8/2024,Evenementen met entree,0
12/8/2024,Groepen,40
12/8/2024,Gratis/ <3,105
12/8/2024,Abonnement,784
12/9/2024,Vol betalend,62
12/9/2024,Actie,121
12/9/2024,Accommodatie,4
12/9/2024,Scholen alleen entree,20
12/9/2024,Evenementen Scholen,0
12/9/2024,Evenementen met entree,0
12/9/2024,Groepen,0
12/9/2024,Gratis/ <3,35
12/9/2024,Abonnement,258
12/10/2024,Vol betalend,62
12/10/2024,Actie,121
12/10/2024,Accommodatie,4
12/10/2024,Scholen alleen entree,20
12/10/2024,Evenementen Scholen,0
12/10/2024,Evenementen met entree,0
12/10/2024,Groepen,0
12/10/2024,Gratis/ <3,35
12/10/2024,Abonnement,258
12/11/2024,Vol betalend,62
12/11/2024,Actie,121
12/11/2024,Accommodatie,4
12/11/2024,Scholen alleen entree,25
12/11/2024,Evenementen Scholen,0
12/11/2024,Evenementen met entree,0
12/11/2024,Groepen,0
12/11/2024,Gratis/ <3,35
12/11/2024,Abonnement,253
12/12/2024,Vol betalend,97
12/12/2024,Actie,182
12/12/2024,Accommodatie,7
12/12/2024,Scholen alleen entree,20
12/12/2024,Evenementen Scholen,0
12/12/2024,Evenementen met entree,0
12/12/2024,Groepen,0
12/12/2024,Gratis/ <3,53
12/12/2024,Abonnement,391
12/13/2024,Vol betalend,62
12/13/2024,Actie,121
12/13/2024,Accommodatie,4
12/13/2024,Scholen alleen entree,20
12/13/2024,Evenementen Scholen,0
12/13/2024,Evenementen met entree,0
12/13/2024,Groepen,0
12/13/2024,Gratis/ <3,35
12/13/2024,Abonnement,258
12/14/2024,Vol betalend,127
12/14/2024,Actie,242
12/14/2024,Accommodatie,9
12/14/2024,Scholen alleen entree,0
12/14/2024,Evenementen Scholen,0
12/14/2024,Evenementen met entree,0
12/14/2024,Groepen,25
12/14/2024,Gratis/ <3,70
12/14/2024,Abonnement,527
12/15/2024,Vol betalend,194
12/15/2024,Actie,364
12/15/2024,Accommodatie,13
12/15/2024,Scholen alleen entree,0
12/15/2024,Evenementen Scholen,0
12/15/2024,Evenementen met entree,0
12/15/2024,Groepen,40
12/15/2024,Gratis/ <3,105
12/15/2024,Abonnement,784
12/16/2024,Vol betalend,62
12/16/2024,Actie,121
12/16/2024,Accommodatie,4
12/16/2024,Scholen alleen entree,20
12/16/2024,Evenementen Scholen,0
12/16/2024,Evenementen met entree,0
12/16/2024,Groepen,0
12/16/2024,Gratis/ <3,35
12/16/2024,Abonnement,258
12/17/2024,Vol betalend,97
12/17/2024,Actie,182
12/17/2024,Accommodatie,7
12/17/2024,Scholen alleen entree,20
12/17/2024,Evenementen Scholen,0
12/17/2024,Evenementen met entree,0
12/17/2024,Groepen,0
12/17/2024,Gratis/ <3,53
12/17/2024,Abonnement,391
12/18/2024,Vol betalend,97
12/18/2024,Actie,182
12/18/2024,Accommodatie,7
12/18/2024,Scholen alleen entree,25
12/18/2024,Evenementen Scholen,0
12/18/2024,Evenementen met entree,0
12/18/2024,Groepen,0
12/18/2024,Gratis/ <3,53
12/18/2024,Abonnement,386
12/19/2024,Vol betalend,97
12/19/2024,Actie,182
12/19/2024,Accommodatie,7
12/19/2024,Scholen alleen entree,18
12/19/2024,Evenementen Scholen,0
12/19/2024,Evenementen met entree,0
12/19/2024,Groepen,0
12/19/2024,Gratis/ <3,53
12/19/2024,Abonnement,393
12/20/2024,Vol betalend,62
12/20/2024,Actie,121
12/20/2024,Accommodatie,4
12/20/2024,Scholen alleen entree,18
12/20/2024,Evenementen Scholen,0
12/20/2024,Evenementen met entree,0
12/20/2024,Groepen,0
12/20/2024,Gratis/ <3,35
12/20/2024,Abonnement,260
12/21/2024,Vol betalend,442
12/21/2024,Actie,1502
12/21/2024,Accommodatie,26
12/21/2024,Scholen alleen entree,0
12/21/2024,Evenementen Scholen,0
12/21/2024,Evenementen met entree,0
12/21/2024,Groepen,75
12/21/2024,Gratis/ <3,310
12/21/2024,Abonnement,1445
12/22/2024,Vol betalend,442
12/22/2024,Actie,1502
12/22/2024,Accommodatie,26
12/22/2024,Scholen alleen entree,0
12/22/2024,Evenementen Scholen,0
12/22/2024,Evenementen met entree,0
12/22/2024,Groepen,75
12/22/2024,Gratis/ <3,310
12/22/2024,Abonnement,1445
12/23/2024,Vol betalend,442
12/23/2024,Actie,1502
12/23/2024,Accommodatie,26
12/23/2024,Scholen alleen entree,0
12/23/2024,Evenementen Scholen,0
12/23/2024,Evenementen met entree,0
12/23/2024,Groepen,0
12/23/2024,Gratis/ <3,310
12/23/2024,Abonnement,1520
12/24/2024,Vol betalend,442
12/24/2024,Actie,1502
12/24/2024,Accommodatie,26
12/24/2024,Scholen alleen entree,0
12/24/2024,Evenementen Scholen,0
12/24/2024,Evenementen met entree,0
12/24/2024,Groepen,0
12/24/2024,Gratis/ <3,310
12/24/2024,Abonnement,1520
12/25/2024,Vol betalend,298
12/25/2024,Actie,535
12/25/2024,Accommodatie,18
12/25/2024,Scholen alleen entree,0
12/25/2024,Evenementen Scholen,0
12/25/2024,Evenementen met entree,0
12/25/2024,Groepen,0
12/25/2024,Gratis/ <3,140
12/25/2024,Abonnement,1009
12/26/2024,Vol betalend,1040
12/26/2024,Actie,1187
12/26/2024,Accommodatie,26
12/26/2024,Scholen alleen entree,0
12/26/2024,Evenementen Scholen,0
12/26/2024,Evenementen met entree,0
12/26/2024,Groepen,0
12/26/2024,Gratis/ <3,310
12/26/2024,Abonnement,1237
12/27/2024,Vol betalend,1370
12/27/2024,Actie,1349
12/27/2024,Accommodatie,36
12/27/2024,Scholen alleen entree,0
12/27/2024,Evenementen Scholen,0
12/27/2024,Evenementen met entree,0
12/27/2024,Groepen,0
12/27/2024,Gratis/ <3,320
12/27/2024,Abonnement,1665
12/28/2024,Vol betalend,1534
12/28/2024,Actie,1430
12/28/2024,Accommodatie,39
12/28/2024,Scholen alleen entree,0
12/28/2024,Evenementen Scholen,0
12/28/2024,Evenementen met entree,0
12/28/2024,Groepen,121
12/28/2024,Gratis/ <3,369
12/28/2024,Abonnement,1807
12/29/2024,Vol betalend,1534
12/29/2024,Actie,1430
12/29/2024,Accommodatie,39
12/29/2024,Scholen alleen entree,0
12/29/2024,Evenementen Scholen,0
12/29/2024,Evenementen met entree,0
12/29/2024,Groepen,121
12/29/2024,Gratis/ <3,369
12/29/2024,Abonnement,1807
12/30/2024,Vol betalend,1436
12/30/2024,Actie,1381
12/30/2024,Accommodatie,37
12/30/2024,Scholen alleen entree,0
12/30/2024,Evenementen Scholen,0
12/30/2024,Evenementen met entree,0
12/30/2024,Groepen,0
12/30/2024,Gratis/ <3,361
12/30/2024,Abonnement,1845
12/31/2024,Vol betalend,0
12/31/2024,Actie,0
12/31/2024,Accommodatie,0
12/31/2024,Scholen alleen entree,0
12/31/2024,Evenementen Scholen,0
12/31/2024,Evenementen met entree,0
12/31/2024,Groepen,0
12/31/2024,Gratis/ <3,0
12/31/2024,Abonnement,0
1/1/2025,Vol betalend,0
1/1/2025,Actie,0
1/1/2025,Accommodatie,0
1/1/2025,Scholen alleen entree,0
1/1/2025,Evenementen Scholen,0
1/1/2025,Evenementen met entree,0
1/1/2025,Groepen,0
1/1/2025,Gratis/ <3,0
1/1/2025,Abonnement,0
1/2/2025,Vol betalend,1375
1/2/2025,Actie,1540
1/2/2025,Accommodatie,51
1/2/2025,Scholen alleen entree,0
1/2/2025,Evenementen Scholen,0
1/2/2025,Evenementen met entree,0
1/2/2025,Groepen,0
1/2/2025,Gratis/ <3,407
1/2/2025,Abonnement,2127
1/3/2025,Vol betalend,1375
1/3/2025,Actie,1540
1/3/2025,Accommodatie,51
1/3/2025,Scholen alleen entree,0
1/3/2025,Evenementen Scholen,0
1/3/2025,Evenementen met entree,0
1/3/2025,Groepen,0
1/3/2025,Gratis/ <3,407
1/3/2025,Abonnement,2127
1/4/2025,Vol betalend,1660
1/4/2025,Actie,1868
1/4/2025,Accommodatie,62
1/4/2025,Scholen alleen entree,0
1/4/2025,Evenementen Scholen,0
1/4/2025,Evenementen met entree,67
1/4/2025,Groepen,43
1/4/2025,Gratis/ <3,494
1/4/2025,Abonnement,2476
1/5/2025,Vol betalend,1250
1/5/2025,Actie,1400
1/5/2025,Accommodatie,48
1/5/2025,Scholen alleen entree,0
1/5/2025,Evenementen Scholen,0
1/5/2025,Evenementen met entree,50
1/5/2025,Groepen,33
1/5/2025,Gratis/ <3,370
1/5/2025,Abonnement,1849
1/6/2025,Vol betalend,0
1/6/2025,Actie,0
1/6/2025,Accommodatie,0
1/6/2025,Scholen alleen entree,0
1/6/2025,Evenementen Scholen,0
1/6/2025,Evenementen met entree,0
1/6/2025,Groepen,0
1/6/2025,Gratis/ <3,0
1/6/2025,Abonnement,0
1/7/2025,Vol betalend,38
1/7/2025,Actie,66
1/7/2025,Accommodatie,3
1/7/2025,Scholen alleen entree,0
1/7/2025,Evenementen Scholen,0
1/7/2025,Evenementen met entree,0
1/7/2025,Groepen,0
1/7/2025,Gratis/ <3,26
1/7/2025,Abonnement,217
1/8/2025,Vol betalend,60
1/8/2025,Actie,103
1/8/2025,Accommodatie,5
1/8/2025,Scholen alleen entree,0
1/8/2025,Evenementen Scholen,0
1/8/2025,Evenementen met entree,0
1/8/2025,Groepen,0
1/8/2025,Gratis/ <3,41
1/8/2025,Abonnement,341
1/9/2025,Vol betalend,38
1/9/2025,Actie,66
1/9/2025,Accommodatie,3
1/9/2025,Scholen alleen entree,0
1/9/2025,Evenementen Scholen,0
1/9/2025,Evenementen met entree,0
1/9/2025,Groepen,0
1/9/2025,Gratis/ <3,26
1/9/2025,Abonnement,217
1/10/2025,Vol betalend,38
1/10/2025,Actie,66
1/10/2025,Accommodatie,3
1/10/2025,Scholen alleen entree,0
1/10/2025,Evenementen Scholen,0
1/10/2025,Evenementen met entree,0
1/10/2025,Groepen,0
1/10/2025,Gratis/ <3,26
1/10/2025,Abonnement,217
1/11/2025,Vol betalend,189
1/11/2025,Actie,329
1/11/2025,Accommodatie,17
1/11/2025,Scholen alleen entree,0
1/11/2025,Evenementen Scholen,0
1/11/2025,Evenementen met entree,17
1/11/2025,Groepen,12
1/11/2025,Gratis/ <3,130
1/11/2025,Abonnement,1056
1/12/2025,Vol betalend,270
1/12/2025,Actie,470
1/12/2025,Accommodatie,24
1/12/2025,Scholen alleen entree,0
1/12/2025,Evenementen Scholen,0
1/12/2025,Evenementen met entree,25
1/12/2025,Groepen,17
1/12/2025,Gratis/ <3,185
1/12/2025,Abonnement,1509
1/13/2025,Vol betalend,38
1/13/2025,Actie,66
1/13/2025,Accommodatie,3
1/13/2025,Scholen alleen entree,0
1/13/2025,Evenementen Scholen,0
1/13/2025,Evenementen met entree,0
1/13/2025,Groepen,0
1/13/2025,Gratis/ <3,26
1/13/2025,Abonnement,217
1/14/2025,Vol betalend,38
1/14/2025,Actie,66
1/14/2025,Accommodatie,3
1/14/2025,Scholen alleen entree,0
1/14/2025,Evenementen Scholen,0
1/14/2025,Evenementen met entree,0
1/14/2025,Groepen,0
1/14/2025,Gratis/ <3,26
1/14/2025,Abonnement,217
1/15/2025,Vol betalend,38
1/15/2025,Actie,66
1/15/2025,Accommodatie,3
1/15/2025,Scholen alleen entree,0
1/15/2025,Evenementen Scholen,0
1/15/2025,Evenementen met entree,0
1/15/2025,Groepen,0
1/15/2025,Gratis/ <3,26
1/15/2025,Abonnement,217
1/16/2025,Vol betalend,38
1/16/2025,Actie,66
1/16/2025,Accommodatie,3
1/16/2025,Scholen alleen entree,0
1/16/2025,Evenementen Scholen,0
1/16/2025,Evenementen met entree,0
1/16/2025,Groepen,0
1/16/2025,Gratis/ <3,26
1/16/2025,Abonnement,217
1/17/2025,Vol betalend,38
1/17/2025,Actie,66
1/17/2025,Accommodatie,3
1/17/2025,Scholen alleen entree,0
1/17/2025,Evenementen Scholen,0
1/17/2025,Evenementen met entree,0
1/17/2025,Groepen,0
1/17/2025,Gratis/ <3,26
1/17/2025,Abonnement,217
1/18/2025,Vol betalend,188
1/18/2025,Actie,329
1/18/2025,Accommodatie,17
1/18/2025,Scholen alleen entree,0
1/18/2025,Evenementen Scholen,0
1/18/2025,Evenementen met entree,17
1/18/2025,Groepen,12
1/18/2025,Gratis/ <3,130
1/18/2025,Abonnement,1057
1/19/2025,Vol betalend,270
1/19/2025,Actie,470
1/19/2025,Accommodatie,24
1/19/2025,Scholen alleen entree,0
1/19/2025,Evenementen Scholen,0
1/19/2025,Evenementen met entree,25
1/19/2025,Groepen,17
1/19/2025,Gratis/ <3,184
1/19/2025,Abonnement,1510
1/20/2025,Vol betalend,38
1/20/2025,Actie,66
1/20/2025,Accommodatie,3
1/20/2025,Scholen alleen entree,0
1/20/2025,Evenementen Scholen,0
1/20/2025,Evenementen met entree,0
1/20/2025,Groepen,0
1/20/2025,Gratis/ <3,26
1/20/2025,Abonnement,217
1/21/2025,Vol betalend,49
1/21/2025,Actie,85
1/21/2025,Accommodatie,4
1/21/2025,Scholen alleen entree,0
1/21/2025,Evenementen Scholen,0
1/21/2025,Evenementen met entree,0
1/21/2025,Groepen,0
1/21/2025,Gratis/ <3,33
1/21/2025,Abonnement,279
1/22/2025,Vol betalend,60
1/22/2025,Actie,103
1/22/2025,Accommodatie,5
1/22/2025,Scholen alleen entree,0
1/22/2025,Evenementen Scholen,0
1/22/2025,Evenementen met entree,0
1/22/2025,Groepen,0
1/22/2025,Gratis/ <3,41
1/22/2025,Abonnement,341
1/23/2025,Vol betalend,49
1/23/2025,Actie,85
1/23/2025,Accommodatie,4
1/23/2025,Scholen alleen entree,0
1/23/2025,Evenementen Scholen,0
1/23/2025,Evenementen met entree,0
1/23/2025,Groepen,0
1/23/2025,Gratis/ <3,33
1/23/2025,Abonnement,279
1/24/2025,Vol betalend,49
1/24/2025,Actie,85
1/24/2025,Accommodatie,4
1/24/2025,Scholen alleen entree,0
1/24/2025,Evenementen Scholen,0
1/24/2025,Evenementen met entree,0
1/24/2025,Groepen,0
1/24/2025,Gratis/ <3,33
1/24/2025,Abonnement,279
1/25/2025,Vol betalend,216
1/25/2025,Actie,376
1/25/2025,Accommodatie,20
1/25/2025,Scholen alleen entree,0
1/25/2025,Evenementen Scholen,0
1/25/2025,Evenementen met entree,20
1/25/2025,Groepen,13
1/25/2025,Gratis/ <3,148
1/25/2025,Abonnement,1207
1/26/2025,Vol betalend,270
1/26/2025,Actie,470
1/26/2025,Accommodatie,24
1/26/2025,Scholen alleen entree,0
1/26/2025,Evenementen Scholen,0
1/26/2025,Evenementen met entree,25
1/26/2025,Groepen,17
1/26/2025,Gratis/ <3,184
1/26/2025,Abonnement,1510
1/27/2025,Vol betalend,49
1/27/2025,Actie,85
1/27/2025,Accommodatie,4
1/27/2025,Scholen alleen entree,0
1/27/2025,Evenementen Scholen,0
1/27/2025,Evenementen met entree,0
1/27/2025,Groepen,0
1/27/2025,Gratis/ <3,33
1/27/2025,Abonnement,279
1/28/2025,Vol betalend,49
1/28/2025,Actie,85
1/28/2025,Accommodatie,4
1/28/2025,Scholen alleen entree,0
1/28/2025,Evenementen Scholen,0
1/28/2025,Evenementen met entree,0
1/28/2025,Groepen,0
1/28/2025,Gratis/ <3,33
1/28/2025,Abonnement,279
1/29/2025,Vol betalend,60
1/29/2025,Actie,103
1/29/2025,Accommodatie,5
1/29/2025,Scholen alleen entree,0
1/29/2025,Evenementen Scholen,0
1/29/2025,Evenementen met entree,0
1/29/2025,Groepen,0
1/29/2025,Gratis/ <3,41
1/29/2025,Abonnement,341
1/30/2025,Vol betalend,60
1/30/2025,Actie,103
1/30/2025,Accommodatie,5
1/30/2025,Scholen alleen entree,0
1/30/2025,Evenementen Scholen,0
1/30/2025,Evenementen met entree,0
1/30/2025,Groepen,0
1/30/2025,Gratis/ <3,41
1/30/2025,Abonnement,341
1/31/2025,Vol betalend,60
1/31/2025,Actie,103
1/31/2025,Accommodatie,5
1/31/2025,Scholen alleen entree,0
1/31/2025,Evenementen Scholen,0
1/31/2025,Evenementen met entree,0
1/31/2025,Groepen,0
1/31/2025,Gratis/ <3,41
1/31/2025,Abonnement,341
2/1/2025,Vol betalend,236
2/1/2025,Actie,609
2/1/2025,Accommodatie,30
2/1/2025,Scholen alleen entree,0
2/1/2025,Evenementen Scholen,0
2/1/2025,Evenementen met entree,33
2/1/2025,Groepen,22
2/1/2025,Gratis/ <3,177
2/1/2025,Abonnement,893
2/2/2025,Vol betalend,236
2/2/2025,Actie,609
2/2/2025,Accommodatie,30
2/2/2025,Scholen alleen entree,0
2/2/2025,Evenementen Scholen,0
2/2/2025,Evenementen met entree,33
2/2/2025,Groepen,22
2/2/2025,Gratis/ <3,177
2/2/2025,Abonnement,893
2/3/2025,Vol betalend,119
2/3/2025,Actie,307
2/3/2025,Accommodatie,17
2/3/2025,Scholen alleen entree,0
2/3/2025,Evenementen Scholen,70
2/3/2025,Evenementen met entree,0
2/3/2025,Groepen,0
2/3/2025,Gratis/ <3,88
2/3/2025,Abonnement,399
2/4/2025,Vol betalend,119
2/4/2025,Actie,307
2/4/2025,Accommodatie,17
2/4/2025,Scholen alleen entree,0
2/4/2025,Evenementen Scholen,70
2/4/2025,Evenementen met entree,0
2/4/2025,Groepen,0
2/4/2025,Gratis/ <3,88
2/4/2025,Abonnement,399
2/5/2025,Vol betalend,59
2/5/2025,Actie,153
2/5/2025,Accommodatie,9
2/5/2025,Scholen alleen entree,0
2/5/2025,Evenementen Scholen,70
2/5/2025,Evenementen met entree,0
2/5/2025,Groepen,0
2/5/2025,Gratis/ <3,44
2/5/2025,Abonnement,165
2/6/2025,Vol betalend,47
2/6/2025,Actie,122
2/6/2025,Accommodatie,6
2/6/2025,Scholen alleen entree,0
2/6/2025,Evenementen Scholen,70
2/6/2025,Evenementen met entree,0
2/6/2025,Groepen,0
2/6/2025,Gratis/ <3,35
2/6/2025,Abonnement,120
2/7/2025,Vol betalend,47
2/7/2025,Actie,122
2/7/2025,Accommodatie,6
2/7/2025,Scholen alleen entree,12
2/7/2025,Evenementen Scholen,70
2/7/2025,Evenementen met entree,0
2/7/2025,Groepen,0
2/7/2025,Gratis/ <3,35
2/7/2025,Abonnement,108
2/8/2025,Vol betalend,236
2/8/2025,Actie,609
2/8/2025,Accommodatie,30
2/8/2025,Scholen alleen entree,0
2/8/2025,Evenementen Scholen,0
2/8/2025,Evenementen met entree,33
2/8/2025,Groepen,22
2/8/2025,Gratis/ <3,177
2/8/2025,Abonnement,893
2/9/2025,Vol betalend,236
2/9/2025,Actie,609
2/9/2025,Accommodatie,30
2/9/2025,Scholen alleen entree,0
2/9/2025,Evenementen Scholen,0
2/9/2025,Evenementen met entree,33
2/9/2025,Groepen,22
2/9/2025,Gratis/ <3,177
2/9/2025,Abonnement,893
2/10/2025,Vol betalend,47
2/10/2025,Actie,122
2/10/2025,Accommodatie,6
2/10/2025,Scholen alleen entree,0
2/10/2025,Evenementen Scholen,70
2/10/2025,Evenementen met entree,0
2/10/2025,Groepen,0
2/10/2025,Gratis/ <3,35
2/10/2025,Abonnement,120
2/11/2025,Vol betalend,47
2/11/2025,Actie,122
2/11/2025,Accommodatie,6
2/11/2025,Scholen alleen entree,0
2/11/2025,Evenementen Scholen,70
2/11/2025,Evenementen met entree,0
2/11/2025,Groepen,0
2/11/2025,Gratis/ <3,35
2/11/2025,Abonnement,120
2/12/2025,Vol betalend,59
2/12/2025,Actie,152
2/12/2025,Accommodatie,8
2/12/2025,Scholen alleen entree,0
2/12/2025,Evenementen Scholen,70
2/12/2025,Evenementen met entree,0
2/12/2025,Groepen,0
2/12/2025,Gratis/ <3,44
2/12/2025,Abonnement,167
2/13/2025,Vol betalend,47
2/13/2025,Actie,122
2/13/2025,Accommodatie,6
2/13/2025,Scholen alleen entree,0
2/13/2025,Evenementen Scholen,70
2/13/2025,Evenementen met entree,0
2/13/2025,Groepen,0
2/13/2025,Gratis/ <3,35
2/13/2025,Abonnement,120
2/14/2025,Vol betalend,47
2/14/2025,Actie,122
2/14/2025,Accommodatie,6
2/14/2025,Scholen alleen entree,12
2/14/2025,Evenementen Scholen,70
2/14/2025,Evenementen met entree,0
2/14/2025,Groepen,0
2/14/2025,Gratis/ <3,35
2/14/2025,Abonnement,108
2/15/2025,Vol betalend,301
2/15/2025,Actie,777
2/15/2025,Accommodatie,39
2/15/2025,Scholen alleen entree,0
2/15/2025,Evenementen Scholen,0
2/15/2025,Evenementen met entree,41
2/15/2025,Groepen,27
2/15/2025,Gratis/ <3,224
2/15/2025,Abonnement,1141
2/16/2025,Vol betalend,354
2/16/2025,Actie,914
2/16/2025,Accommodatie,45
2/16/2025,Scholen alleen entree,0
2/16/2025,Evenementen Scholen,0
2/16/2025,Evenementen met entree,49
2/16/2025,Groepen,33
2/16/2025,Gratis/ <3,265
2/16/2025,Abonnement,1340
2/17/2025,Vol betalend,307
2/17/2025,Actie,792
2/17/2025,Accommodatie,39
2/17/2025,Scholen alleen entree,0
2/17/2025,Evenementen Scholen,11
2/17/2025,Evenementen met entree,0
2/17/2025,Groepen,0
2/17/2025,Gratis/ <3,229
2/17/2025,Abonnement,1222
2/18/2025,Vol betalend,307
2/18/2025,Actie,792
2/18/2025,Accommodatie,39
2/18/2025,Scholen alleen entree,0
2/18/2025,Evenementen Scholen,11
2/18/2025,Evenementen met entree,0
2/18/2025,Groepen,0
2/18/2025,Gratis/ <3,229
2/18/2025,Abonnement,1222
2/19/2025,Vol betalend,307
2/19/2025,Actie,792
2/19/2025,Accommodatie,39
2/19/2025,Scholen alleen entree,0
2/19/2025,Evenementen Scholen,11
2/19/2025,Evenementen met entree,0
2/19/2025,Groepen,0
2/19/2025,Gratis/ <3,229
2/19/2025,Abonnement,1222
2/20/2025,Vol betalend,307
2/20/2025,Actie,792
2/20/2025,Accommodatie,39
2/20/2025,Scholen alleen entree,0
2/20/2025,Evenementen Scholen,11
2/20/2025,Evenementen met entree,0
2/20/2025,Groepen,0
2/20/2025,Gratis/ <3,229
2/20/2025,Abonnement,1222
2/21/2025,Vol betalend,307
2/21/2025,Actie,792
2/21/2025,Accommodatie,39
2/21/2025,Scholen alleen entree,10
2/21/2025,Evenementen Scholen,11
2/21/2025,Evenementen met entree,0
2/21/2025,Groepen,0
2/21/2025,Gratis/ <3,229
2/21/2025,Abonnement,1212
2/22/2025,Vol betalend,378
2/22/2025,Actie,975
2/22/2025,Accommodatie,48
2/22/2025,Scholen alleen entree,0
2/22/2025,Evenementen Scholen,0
2/22/2025,Evenementen met entree,52
2/22/2025,Groepen,35
2/22/2025,Gratis/ <3,283
2/22/2025,Abonnement,1429
2/23/2025,Vol betalend,401
2/23/2025,Actie,1036
2/23/2025,Accommodatie,51
2/23/2025,Scholen alleen entree,0
2/23/2025,Evenementen Scholen,0
2/23/2025,Evenementen met entree,56
2/23/2025,Groepen,37
2/23/2025,Gratis/ <3,300
2/23/2025,Abonnement,1519
2/24/2025,Vol betalend,183
2/24/2025,Actie,472
2/24/2025,Accommodatie,23
2/24/2025,Scholen alleen entree,0
2/24/2025,Evenementen Scholen,20
2/24/2025,Evenementen met entree,0
2/24/2025,Groepen,0
2/24/2025,Gratis/ <3,136
2/24/2025,Abonnement,716
2/25/2025,Vol betalend,183
2/25/2025,Actie,472
2/25/2025,Accommodatie,23
2/25/2025,Scholen alleen entree,0
2/25/2025,Evenementen Scholen,20
2/25/2025,Evenementen met entree,0
2/25/2025,Groepen,0
2/25/2025,Gratis/ <3,136
2/25/2025,Abonnement,716
2/26/2025,Vol betalend,183
2/26/2025,Actie,472
2/26/2025,Accommodatie,23
2/26/2025,Scholen alleen entree,0
2/26/2025,Evenementen Scholen,20
2/26/2025,Evenementen met entree,0
2/26/2025,Groepen,0
2/26/2025,Gratis/ <3,136
2/26/2025,Abonnement,716
2/27/2025,Vol betalend,183
2/27/2025,Actie,472
2/27/2025,Accommodatie,23
2/27/2025,Scholen alleen entree,0
2/27/2025,Evenementen Scholen,20
2/27/2025,Evenementen met entree,0
2/27/2025,Groepen,0
2/27/2025,Gratis/ <3,132
2/27/2025,Abonnement,720
2/28/2025,Vol betalend,177
2/28/2025,Actie,457
2/28/2025,Accommodatie,23
2/28/2025,Scholen alleen entree,11
2/28/2025,Evenementen Scholen,20
2/28/2025,Evenementen met entree,0
2/28/2025,Groepen,0
2/28/2025,Gratis/ <3,132
2/28/2025,Abonnement,680
3/1/2025,Vol betalend,417
3/1/2025,Actie,1125
3/1/2025,Accommodatie,72
3/1/2025,Scholen alleen entree,0
3/1/2025,Evenementen Scholen,0
3/1/2025,Evenementen met entree,86
3/1/2025,Groepen,57
3/1/2025,Gratis/ <3,300
3/1/2025,Abonnement,1443
3/2/2025,Vol betalend,446
3/2/2025,Actie,1205
3/2/2025,Accommodatie,77
3/2/2025,Scholen alleen entree,0
3/2/2025,Evenementen Scholen,0
3/2/2025,Evenementen met entree,91
3/2/2025,Groepen,62
3/2/2025,Gratis/ <3,321
3/2/2025,Abonnement,1548
3/3/2025,Vol betalend,59
3/3/2025,Actie,160
3/3/2025,Accommodatie,10
3/3/2025,Scholen alleen entree,0
3/3/2025,Evenementen Scholen,21
3/3/2025,Evenementen met entree,0
3/3/2025,Groepen,0
3/3/2025,Gratis/ <3,43
3/3/2025,Abonnement,207
3/4/2025,Vol betalend,59
3/4/2025,Actie,160
3/4/2025,Accommodatie,10
3/4/2025,Scholen alleen entree,0
3/4/2025,Evenementen Scholen,21
3/4/2025,Evenementen met entree,0
3/4/2025,Groepen,0
3/4/2025,Gratis/ <3,43
3/4/2025,Abonnement,207
3/5/2025,Vol betalend,119
3/5/2025,Actie,322
3/5/2025,Accommodatie,20
3/5/2025,Scholen alleen entree,0
3/5/2025,Evenementen Scholen,41
3/5/2025,Evenementen met entree,0
3/5/2025,Groepen,0
3/5/2025,Gratis/ <3,86
3/5/2025,Abonnement,412
3/6/2025,Vol betalend,59
3/6/2025,Actie,160
3/6/2025,Accommodatie,10
3/6/2025,Scholen alleen entree,0
3/6/2025,Evenementen Scholen,21
3/6/2025,Evenementen met entree,0
3/6/2025,Groepen,0
3/6/2025,Gratis/ <3,43
3/6/2025,Abonnement,207
3/7/2025,Vol betalend,48
3/7/2025,Actie,160
3/7/2025,Accommodatie,10
3/7/2025,Scholen alleen entree,9
3/7/2025,Evenementen Scholen,21
3/7/2025,Evenementen met entree,0
3/7/2025,Groepen,0
3/7/2025,Gratis/ <3,43
3/7/2025,Abonnement,209
3/8/2025,Vol betalend,386
3/8/2025,Actie,1043
3/8/2025,Accommodatie,66
3/8/2025,Scholen alleen entree,0
3/8/2025,Evenementen Scholen,0
3/8/2025,Evenementen met entree,80
3/8/2025,Groepen,54
3/8/2025,Gratis/ <3,278
3/8/2025,Abonnement,1343
3/9/2025,Vol betalend,446
3/9/2025,Actie,1205
3/9/2025,Accommodatie,77
3/9/2025,Scholen alleen entree,0
3/9/2025,Evenementen Scholen,0
3/9/2025,Evenementen met entree,91
3/9/2025,Groepen,61
3/9/2025,Gratis/ <3,320
3/9/2025,Abonnement,1550
3/10/2025,Vol betalend,89
3/10/2025,Actie,241
3/10/2025,Accommodatie,16
3/10/2025,Scholen alleen entree,0
3/10/2025,Evenementen Scholen,31
3/10/2025,Evenementen met entree,0
3/10/2025,Groepen,0
3/10/2025,Gratis/ <3,64
3/10/2025,Abonnement,309
3/11/2025,Vol betalend,89
3/11/2025,Actie,241
3/11/2025,Accommodatie,16
3/11/2025,Scholen alleen entree,0
3/11/2025,Evenementen Scholen,31
3/11/2025,Evenementen met entree,0
3/11/2025,Groepen,0
3/11/2025,Gratis/ <3,64
3/11/2025,Abonnement,309
3/12/2025,Vol betalend,119
3/12/2025,Actie,322
3/12/2025,Accommodatie,20
3/12/2025,Scholen alleen entree,0
3/12/2025,Evenementen Scholen,41
3/12/2025,Evenementen met entree,0
3/12/2025,Groepen,0
3/12/2025,Gratis/ <3,86
3/12/2025,Abonnement,412
3/13/2025,Vol betalend,89
3/13/2025,Actie,241
3/13/2025,Accommodatie,16
3/13/2025,Scholen alleen entree,0
3/13/2025,Evenementen Scholen,31
3/13/2025,Evenementen met entree,0
3/13/2025,Groepen,0
3/13/2025,Gratis/ <3,64
3/13/2025,Abonnement,309
3/14/2025,Vol betalend,89
3/14/2025,Actie,241
3/14/2025,Accommodatie,16
3/14/2025,Scholen alleen entree,10
3/14/2025,Evenementen Scholen,31
3/14/2025,Evenementen met entree,0
3/14/2025,Groepen,0
3/14/2025,Gratis/ <3,64
3/14/2025,Abonnement,299
3/15/2025,Vol betalend,417
3/15/2025,Actie,1125
3/15/2025,Accommodatie,72
3/15/2025,Scholen alleen entree,0
3/15/2025,Evenementen Scholen,0
3/15/2025,Evenementen met entree,86
3/15/2025,Groepen,57
3/15/2025,Gratis/ <3,300
3/15/2025,Abonnement,1443
3/16/2025,Vol betalend,476
3/16/2025,Actie,1286
3/16/2025,Accommodatie,82
3/16/2025,Scholen alleen entree,0
3/16/2025,Evenementen Scholen,0
3/16/2025,Evenementen met entree,98
3/16/2025,Groepen,65
3/16/2025,Gratis/ <3,343
3/16/2025,Abonnement,1650
3/17/2025,Vol betalend,89
3/17/2025,Actie,241
3/17/2025,Accommodatie,15
3/17/2025,Scholen alleen entree,0
3/17/2025,Evenementen Scholen,31
3/17/2025,Evenementen met entree,0
3/17/2025,Groepen,0
3/17/2025,Gratis/ <3,64
3/17/2025,Abonnement,310
3/18/2025,Vol betalend,89
3/18/2025,Actie,241
3/18/2025,Accommodatie,15
3/18/2025,Scholen alleen entree,0
3/18/2025,Evenementen Scholen,31
3/18/2025,Evenementen met entree,0
3/18/2025,Groepen,0
3/18/2025,Gratis/ <3,64
3/18/2025,Abonnement,310
3/19/2025,Vol betalend,148
3/19/2025,Actie,402
3/19/2025,Accommodatie,26
3/19/2025,Scholen alleen entree,0
3/19/2025,Evenementen Scholen,51
3/19/2025,Evenementen met entree,0
3/19/2025,Groepen,0
3/19/2025,Gratis/ <3,107
3/19/2025,Abonnement,516
3/20/2025,Vol betalend,89
3/20/2025,Actie,241
3/20/2025,Accommodatie,15
3/20/2025,Scholen alleen entree,0
3/20/2025,Evenementen Scholen,31
3/20/2025,Evenementen met entree,0
3/20/2025,Groepen,0
3/20/2025,Gratis/ <3,64
3/20/2025,Abonnement,310
3/21/2025,Vol betalend,119
3/21/2025,Actie,322
3/21/2025,Accommodatie,20
3/21/2025,Scholen alleen entree,10
3/21/2025,Evenementen Scholen,41
3/21/2025,Evenementen met entree,0
3/21/2025,Groepen,0
3/21/2025,Gratis/ <3,86
3/21/2025,Abonnement,402
3/22/2025,Vol betalend,417
3/22/2025,Actie,1125
3/22/2025,Accommodatie,72
3/22/2025,Scholen alleen entree,0
3/22/2025,Evenementen Scholen,0
3/22/2025,Evenementen met entree,86
3/22/2025,Groepen,57
3/22/2025,Gratis/ <3,300
3/22/2025,Abonnement,1443
3/23/2025,Vol betalend,476
3/23/2025,Actie,1286
3/23/2025,Accommodatie,82
3/23/2025,Scholen alleen entree,0
3/23/2025,Evenementen Scholen,0
3/23/2025,Evenementen met entree,98
3/23/2025,Groepen,65
3/23/2025,Gratis/ <3,343
3/23/2025,Abonnement,1650
3/24/2025,Vol betalend,119
3/24/2025,Actie,322
3/24/2025,Accommodatie,20
3/24/2025,Scholen alleen entree,0
3/24/2025,Evenementen Scholen,41
3/24/2025,Evenementen met entree,0
3/24/2025,Groepen,0
3/24/2025,Gratis/ <3,86
3/24/2025,Abonnement,412
3/25/2025,Vol betalend,119
3/25/2025,Actie,322
3/25/2025,Accommodatie,20
3/25/2025,Scholen alleen entree,0
3/25/2025,Evenementen Scholen,41
3/25/2025,Evenementen met entree,0
3/25/2025,Groepen,0
3/25/2025,Gratis/ <3,86
3/25/2025,Abonnement,412
3/26/2025,Vol betalend,178
3/26/2025,Actie,482
3/26/2025,Accommodatie,31
3/26/2025,Scholen alleen entree,0
3/26/2025,Evenementen Scholen,61
3/26/2025,Evenementen met entree,0
3/26/2025,Groepen,0
3/26/2025,Gratis/ <3,129
3/26/2025,Abonnement,619
3/27/2025,Vol betalend,119
3/27/2025,Actie,322
3/27/2025,Accommodatie,20
3/27/2025,Scholen alleen entree,0
3/27/2025,Evenementen Scholen,41
3/27/2025,Evenementen met entree,0
3/27/2025,Groepen,0
3/27/2025,Gratis/ <3,86
3/27/2025,Abonnement,412
3/28/2025,Vol betalend,119
3/28/2025,Actie,322
3/28/2025,Accommodatie,20
3/28/2025,Scholen alleen entree,10
3/28/2025,Evenementen Scholen,41
3/28/2025,Evenementen met entree,0
3/28/2025,Groepen,0
3/28/2025,Gratis/ <3,86
3/28/2025,Abonnement,402
3/29/2025,Vol betalend,417
3/29/2025,Actie,1125
3/29/2025,Accommodatie,72
3/29/2025,Scholen alleen entree,0
3/29/2025,Evenementen Scholen,0
3/29/2025,Evenementen met entree,86
3/29/2025,Groepen,57
3/29/2025,Gratis/ <3,300
3/29/2025,Abonnement,1443
3/30/2025,Vol betalend,476
3/30/2025,Actie,1286
3/30/2025,Accommodatie,82
3/30/2025,Scholen alleen entree,0
3/30/2025,Evenementen Scholen,0
3/30/2025,Evenementen met entree,98
3/30/2025,Groepen,65
3/30/2025,Gratis/ <3,343
3/30/2025,Abonnement,1650
3/31/2025,Vol betalend,119
3/31/2025,Actie,322
3/31/2025,Accommodatie,20
3/31/2025,Scholen alleen entree,0
3/31/2025,Evenementen Scholen,41
3/31/2025,Evenementen met entree,0
3/31/2025,Groepen,0
3/31/2025,Gratis/ <3,86
3/31/2025,Abonnement,412
4/1/2025,Vol betalend,190
4/1/2025,Actie,402
4/1/2025,Accommodatie,20
4/1/2025,Scholen alleen entree,0
4/1/2025,Evenementen Scholen,116
4/1/2025,Evenementen met entree,0
4/1/2025,Groepen,0
4/1/2025,Gratis/ <3,73
4/1/2025,Abonnement,199
4/2/2025,Vol betalend,285
4/2/2025,Actie,604
4/2/2025,Accommodatie,29
4/2/2025,Scholen alleen entree,0
4/2/2025,Evenementen Scholen,174
4/2/2025,Evenementen met entree,0
4/2/2025,Groepen,0
4/2/2025,Gratis/ <3,111
4/2/2025,Abonnement,297
4/3/2025,Vol betalend,190
4/3/2025,Actie,402
4/3/2025,Accommodatie,20
4/3/2025,Scholen alleen entree,0
4/3/2025,Evenementen Scholen,116
4/3/2025,Evenementen met entree,0
4/3/2025,Groepen,0
4/3/2025,Gratis/ <3,73
4/3/2025,Abonnement,199
4/4/2025,Vol betalend,190
4/4/2025,Actie,402
4/4/2025,Accommodatie,20
4/4/2025,Scholen alleen entree,44
4/4/2025,Evenementen Scholen,116
4/4/2025,Evenementen met entree,0
4/4/2025,Groepen,0
4/4/2025,Gratis/ <3,73
4/4/2025,Abonnement,155
4/5/2025,Vol betalend,666
4/5/2025,Actie,1407
4/5/2025,Accommodatie,68
4/5/2025,Scholen alleen entree,0
4/5/2025,Evenementen Scholen,0
4/5/2025,Evenementen met entree,112
4/5/2025,Groepen,75
4/5/2025,Gratis/ <3,256
4/5/2025,Abonnement,916
4/6/2025,Vol betalend,761
4/6/2025,Actie,1608
4/6/2025,Accommodatie,78
4/6/2025,Scholen alleen entree,0
4/6/2025,Evenementen Scholen,0
4/6/2025,Evenementen met entree,128
4/6/2025,Groepen,85
4/6/2025,Gratis/ <3,291
4/6/2025,Abonnement,1049
4/7/2025,Vol betalend,285
4/7/2025,Actie,604
4/7/2025,Accommodatie,29
4/7/2025,Scholen alleen entree,0
4/7/2025,Evenementen Scholen,174
4/7/2025,Evenementen met entree,0
4/7/2025,Groepen,0
4/7/2025,Gratis/ <3,110
4/7/2025,Abonnement,298
4/8/2025,Vol betalend,285
4/8/2025,Actie,604
4/8/2025,Accommodatie,29
4/8/2025,Scholen alleen entree,0
4/8/2025,Evenementen Scholen,174
4/8/2025,Evenementen met entree,0
4/8/2025,Groepen,0
4/8/2025,Gratis/ <3,110
4/8/2025,Abonnement,298
4/9/2025,Vol betalend,285
4/9/2025,Actie,604
4/9/2025,Accommodatie,29
4/9/2025,Scholen alleen entree,0
4/9/2025,Evenementen Scholen,174
4/9/2025,Evenementen met entree,0
4/9/2025,Groepen,0
4/9/2025,Gratis/ <3,110
4/9/2025,Abonnement,298
4/10/2025,Vol betalend,285
4/10/2025,Actie,604
4/10/2025,Accommodatie,29
4/10/2025,Scholen alleen entree,0
4/10/2025,Evenementen Scholen,174
4/10/2025,Evenementen met entree,0
4/10/2025,Groepen,0
4/10/2025,Gratis/ <3,110
4/10/2025,Abonnement,298
4/11/2025,Vol betalend,285
4/11/2025,Actie,604
4/11/2025,Accommodatie,29
4/11/2025,Scholen alleen entree,44
4/11/2025,Evenementen Scholen,203
4/11/2025,Evenementen met entree,0
4/11/2025,Groepen,0
4/11/2025,Gratis/ <3,110
4/11/2025,Abonnement,225
4/12/2025,Vol betalend,666
4/12/2025,Actie,1407
4/12/2025,Accommodatie,68
4/12/2025,Scholen alleen entree,0
4/12/2025,Evenementen Scholen,0
4/12/2025,Evenementen met entree,112
4/12/2025,Groepen,75
4/12/2025,Gratis/ <3,256
4/12/2025,Abonnement,916
4/13/2025,Vol betalend,761
4/13/2025,Actie,1608
4/13/2025,Accommodatie,78
4/13/2025,Scholen alleen entree,0
4/13/2025,Evenementen Scholen,0
4/13/2025,Evenementen met entree,128
4/13/2025,Groepen,85
4/13/2025,Gratis/ <3,291
4/13/2025,Abonnement,1049
4/14/2025,Vol betalend,333
4/14/2025,Actie,704
4/14/2025,Accommodatie,34
4/14/2025,Scholen alleen entree,0
4/14/2025,Evenementen Scholen,203
4/14/2025,Evenementen met entree,0
4/14/2025,Groepen,0
4/14/2025,Gratis/ <3,128
4/14/2025,Abonnement,348
4/15/2025,Vol betalend,333
4/15/2025,Actie,704
4/15/2025,Accommodatie,34
4/15/2025,Scholen alleen entree,0
4/15/2025,Evenementen Scholen,203
4/15/2025,Evenementen met entree,0
4/15/2025,Groepen,0
4/15/2025,Gratis/ <3,128
4/15/2025,Abonnement,348
4/16/2025,Vol betalend,381
4/16/2025,Actie,804
4/16/2025,Accommodatie,39
4/16/2025,Scholen alleen entree,0
4/16/2025,Evenementen Scholen,203
4/16/2025,Evenementen met entree,0
4/16/2025,Groepen,0
4/16/2025,Gratis/ <3,146
4/16/2025,Abonnement,427
4/17/2025,Vol betalend,333
4/17/2025,Actie,704
4/17/2025,Accommodatie,34
4/17/2025,Scholen alleen entree,29
4/17/2025,Evenementen Scholen,203
4/17/2025,Evenementen met entree,0
4/17/2025,Groepen,0
4/17/2025,Gratis/ <3,128
4/17/2025,Abonnement,319
4/18/2025,Vol betalend,761
4/18/2025,Actie,1608
4/18/2025,Accommodatie,78
4/18/2025,Scholen alleen entree,0
4/18/2025,Evenementen Scholen,0
4/18/2025,Evenementen met entree,0
4/18/2025,Groepen,0
4/18/2025,Gratis/ <3,291
4/18/2025,Abonnement,1262
4/19/2025,Vol betalend,856
4/19/2025,Actie,1809
4/19/2025,Accommodatie,88
4/19/2025,Scholen alleen entree,0
4/19/2025,Evenementen Scholen,0
4/19/2025,Evenementen met entree,144
4/19/2025,Groepen,96
4/19/2025,Gratis/ <3,329
4/19/2025,Abonnement,1178
4/20/2025,Vol betalend,999
4/20/2025,Actie,2111
4/20/2025,Accommodatie,103
4/20/2025,Scholen alleen entree,0
4/20/2025,Evenementen Scholen,0
4/20/2025,Evenementen met entree,168
4/20/2025,Groepen,112
4/20/2025,Gratis/ <3,383
4/20/2025,Abonnement,1374
4/21/2025,Vol betalend,1046
4/21/2025,Actie,2212
4/21/2025,Accommodatie,108
4/21/2025,Scholen alleen entree,0
4/21/2025,Evenementen Scholen,0
4/21/2025,Evenementen met entree,0
4/21/2025,Groepen,0
4/21/2025,Gratis/ <3,402
4/21/2025,Abonnement,1732
4/22/2025,Vol betalend,761
4/22/2025,Actie,1608
4/22/2025,Accommodatie,78
4/22/2025,Scholen alleen entree,0
4/22/2025,Evenementen Scholen,0
4/22/2025,Evenementen met entree,0
4/22/2025,Groepen,0
4/22/2025,Gratis/ <3,291
4/22/2025,Abonnement,1262
4/23/2025,Vol betalend,761
4/23/2025,Actie,1608
4/23/2025,Accommodatie,78
4/23/2025,Scholen alleen entree,0
4/23/2025,Evenementen Scholen,0
4/23/2025,Evenementen met entree,0
4/23/2025,Groepen,0
4/23/2025,Gratis/ <3,291
4/23/2025,Abonnement,1262
4/24/2025,Vol betalend,761
4/24/2025,Actie,1608
4/24/2025,Accommodatie,78
4/24/2025,Scholen alleen entree,0
4/24/2025,Evenementen Scholen,0
4/24/2025,Evenementen met entree,0
4/24/2025,Groepen,0
4/24/2025,Gratis/ <3,291
4/24/2025,Abonnement,1262
4/25/2025,Vol betalend,761
4/25/2025,Actie,1608
4/25/2025,Accommodatie,78
4/25/2025,Scholen alleen entree,0
4/25/2025,Evenementen Scholen,0
4/25/2025,Evenementen met entree,0
4/25/2025,Groepen,0
4/25/2025,Gratis/ <3,291
4/25/2025,Abonnement,1262
4/26/2025,Vol betalend,761
4/26/2025,Actie,1608
4/26/2025,Accommodatie,78
4/26/2025,Scholen alleen entree,0
4/26/2025,Evenementen Scholen,0
4/26/2025,Evenementen met entree,128
4/26/2025,Groepen,85
4/26/2025,Gratis/ <3,291
4/26/2025,Abonnement,1049
4/27/2025,Vol betalend,951
4/27/2025,Actie,2011
4/27/2025,Accommodatie,99
4/27/2025,Scholen alleen entree,0
4/27/2025,Evenementen Scholen,0
4/27/2025,Evenementen met entree,160
4/27/2025,Groepen,107
4/27/2025,Gratis/ <3,365
4/27/2025,Abonnement,1307
4/28/2025,Vol betalend,856
4/28/2025,Actie,1809
4/28/2025,Accommodatie,89
4/28/2025,Scholen alleen entree,0
4/28/2025,Evenementen Scholen,0
4/28/2025,Evenementen met entree,0
4/28/2025,Groepen,0
4/28/2025,Gratis/ <3,329
4/28/2025,Abonnement,1417
4/29/2025,Vol betalend,856
4/29/2025,Actie,1809
4/29/2025,Accommodatie,89
4/29/2025,Scholen alleen entree,0
4/29/2025,Evenementen Scholen,0
4/29/2025,Evenementen met entree,0
4/29/2025,Groepen,0
4/29/2025,Gratis/ <3,329
4/29/2025,Abonnement,1417
4/30/2025,Vol betalend,856
4/30/2025,Actie,1809
4/30/2025,Accommodatie,89
4/30/2025,Scholen alleen entree,0
4/30/2025,Evenementen Scholen,0
4/30/2025,Evenementen met entree,0
4/30/2025,Groepen,0
4/30/2025,Gratis/ <3,329
4/30/2025,Abonnement,1417
5/1/2025,Vol betalend,1260
5/1/2025,Actie,3436
5/1/2025,Accommodatie,117
5/1/2025,Scholen alleen entree,0
5/1/2025,Evenementen Scholen,0
5/1/2025,Evenementen met entree,0
5/1/2025,Groepen,0
5/1/2025,Gratis/ <3,511
5/1/2025,Abonnement,1676
5/2/2025,Vol betalend,900
5/2/2025,Actie,2454
5/2/2025,Accommodatie,83
5/2/2025,Scholen alleen entree,0
5/2/2025,Evenementen Scholen,0
5/2/2025,Evenementen met entree,0
5/2/2025,Groepen,0
5/2/2025,Gratis/ <3,365
5/2/2025,Abonnement,1198
5/3/2025,Vol betalend,900
5/3/2025,Actie,2454
5/3/2025,Accommodatie,83
5/3/2025,Scholen alleen entree,0
5/3/2025,Evenementen Scholen,0
5/3/2025,Evenementen met entree,129
5/3/2025,Groepen,86
5/3/2025,Gratis/ <3,365
5/3/2025,Abonnement,983
5/4/2025,Vol betalend,900
5/4/2025,Actie,2454
5/4/2025,Accommodatie,83
5/4/2025,Scholen alleen entree,0
5/4/2025,Evenementen Scholen,0
5/4/2025,Evenementen met entree,129
5/4/2025,Groepen,86
5/4/2025,Gratis/ <3,365
5/4/2025,Abonnement,983
5/5/2025,Vol betalend,720
5/5/2025,Actie,1963
5/5/2025,Accommodatie,67
5/5/2025,Scholen alleen entree,0
5/5/2025,Evenementen Scholen,0
5/5/2025,Evenementen met entree,0
5/5/2025,Groepen,0
5/5/2025,Gratis/ <3,292
5/5/2025,Abonnement,958
5/6/2025,Vol betalend,147
5/6/2025,Actie,811
5/6/2025,Accommodatie,28
5/6/2025,Scholen alleen entree,0
5/6/2025,Evenementen Scholen,103
5/6/2025,Evenementen met entree,0
5/6/2025,Groepen,0
5/6/2025,Gratis/ <3,120
5/6/2025,Abonnement,291
5/7/2025,Vol betalend,147
5/7/2025,Actie,811
5/7/2025,Accommodatie,28
5/7/2025,Scholen alleen entree,0
5/7/2025,Evenementen Scholen,103
5/7/2025,Evenementen met entree,0
5/7/2025,Groepen,0
5/7/2025,Gratis/ <3,120
5/7/2025,Abonnement,291
5/8/2025,Vol betalend,147
5/8/2025,Actie,811
5/8/2025,Accommodatie,28
5/8/2025,Scholen alleen entree,0
5/8/2025,Evenementen Scholen,103
5/8/2025,Evenementen met entree,0
5/8/2025,Groepen,0
5/8/2025,Gratis/ <3,120
5/8/2025,Abonnement,291
5/9/2025,Vol betalend,147
5/9/2025,Actie,811
5/9/2025,Accommodatie,28
5/9/2025,Scholen alleen entree,34
5/9/2025,Evenementen Scholen,103
5/9/2025,Evenementen met entree,0
5/9/2025,Groepen,0
5/9/2025,Gratis/ <3,120
5/9/2025,Abonnement,257
5/10/2025,Vol betalend,810
5/10/2025,Actie,2209
5/10/2025,Accommodatie,75
5/10/2025,Scholen alleen entree,0
5/10/2025,Evenementen Scholen,0
5/10/2025,Evenementen met entree,116
5/10/2025,Groepen,77
5/10/2025,Gratis/ <3,329
5/10/2025,Abonnement,884
5/11/2025,Vol betalend,900
5/11/2025,Actie,2454
5/11/2025,Accommodatie,83
5/11/2025,Scholen alleen entree,0
5/11/2025,Evenementen Scholen,0
5/11/2025,Evenementen met entree,129
5/11/2025,Groepen,87
5/11/2025,Gratis/ <3,365
5/11/2025,Abonnement,982
5/12/2025,Vol betalend,100
5/12/2025,Actie,477
5/12/2025,Accommodatie,42
5/12/2025,Scholen alleen entree,0
5/12/2025,Evenementen Scholen,157
5/12/2025,Evenementen met entree,0
5/12/2025,Groepen,0
5/12/2025,Gratis/ <3,183
5/12/2025,Abonnement,191
5/13/2025,Vol betalend,200
5/13/2025,Actie,727
5/13/2025,Accommodatie,42
5/13/2025,Scholen alleen entree,0
5/13/2025,Evenementen Scholen,157
5/13/2025,Evenementen met entree,0
5/13/2025,Groepen,0
5/13/2025,Gratis/ <3,183
5/13/2025,Abonnement,191
5/14/2025,Vol betalend,200
5/14/2025,Actie,727
5/14/2025,Accommodatie,42
5/14/2025,Scholen alleen entree,0
5/14/2025,Evenementen Scholen,157
5/14/2025,Evenementen met entree,0
5/14/2025,Groepen,0
5/14/2025,Gratis/ <3,183
5/14/2025,Abonnement,191
5/15/2025,Vol betalend,200
5/15/2025,Actie,727
5/15/2025,Accommodatie,42
5/15/2025,Scholen alleen entree,0
5/15/2025,Evenementen Scholen,157
5/15/2025,Evenementen met entree,0
5/15/2025,Groepen,0
5/15/2025,Gratis/ <3,183
5/15/2025,Abonnement,191
5/16/2025,Vol betalend,150
5/16/2025,Actie,954
5/16/2025,Accommodatie,83
5/16/2025,Scholen alleen entree,34
5/16/2025,Evenementen Scholen,311
5/16/2025,Evenementen met entree,0
5/16/2025,Groepen,0
5/16/2025,Gratis/ <3,365
5/16/2025,Abonnement,-397
5/17/2025,Vol betalend,810
5/17/2025,Actie,2209
5/17/2025,Accommodatie,75
5/17/2025,Scholen alleen entree,0
5/17/2025,Evenementen Scholen,0
5/17/2025,Evenementen met entree,116
5/17/2025,Groepen,77
5/17/2025,Gratis/ <3,329
5/17/2025,Abonnement,884
5/18/2025,Vol betalend,900
5/18/2025,Actie,2454
5/18/2025,Accommodatie,83
5/18/2025,Scholen alleen entree,0
5/18/2025,Evenementen Scholen,0
5/18/2025,Evenementen met entree,129
5/18/2025,Groepen,86
5/18/2025,Gratis/ <3,365
5/18/2025,Abonnement,983
5/19/2025,Vol betalend,205
5/19/2025,Actie,804
5/19/2025,Accommodatie,38
5/19/2025,Scholen alleen entree,0
5/19/2025,Evenementen Scholen,141
5/19/2025,Evenementen met entree,0
5/19/2025,Groepen,0
5/19/2025,Gratis/ <3,164
5/19/2025,Abonnement,148
5/20/2025,Vol betalend,205
5/20/2025,Actie,804
5/20/2025,Accommodatie,38
5/20/2025,Scholen alleen entree,0
5/20/2025,Evenementen Scholen,141
5/20/2025,Evenementen met entree,0
5/20/2025,Groepen,0
5/20/2025,Gratis/ <3,164
5/20/2025,Abonnement,148
5/21/2025,Vol betalend,205
5/21/2025,Actie,804
5/21/2025,Accommodatie,38
5/21/2025,Scholen alleen entree,0
5/21/2025,Evenementen Scholen,141
5/21/2025,Evenementen met entree,0
5/21/2025,Groepen,0
5/21/2025,Gratis/ <3,164
5/21/2025,Abonnement,148
5/22/2025,Vol betalend,205
5/22/2025,Actie,804
5/22/2025,Accommodatie,38
5/22/2025,Scholen alleen entree,0
5/22/2025,Evenementen Scholen,141
5/22/2025,Evenementen met entree,0
5/22/2025,Groepen,0
5/22/2025,Gratis/ <3,164
5/22/2025,Abonnement,148
5/23/2025,Vol betalend,205
5/23/2025,Actie,804
5/23/2025,Accommodatie,38
5/23/2025,Scholen alleen entree,34
5/23/2025,Evenementen Scholen,141
5/23/2025,Evenementen met entree,0
5/23/2025,Groepen,0
5/23/2025,Gratis/ <3,164
5/23/2025,Abonnement,114
5/24/2025,Vol betalend,410
5/24/2025,Actie,4209
5/24/2025,Accommodatie,75
5/24/2025,Scholen alleen entree,0
5/24/2025,Evenementen Scholen,0
5/24/2025,Evenementen met entree,116
5/24/2025,Groepen,77
5/24/2025,Gratis/ <3,329
5/24/2025,Abonnement,884
5/25/2025,Vol betalend,400
5/25/2025,Actie,4954
5/25/2025,Accommodatie,83
5/25/2025,Scholen alleen entree,0
5/25/2025,Evenementen Scholen,0
5/25/2025,Evenementen met entree,129
5/25/2025,Groepen,86
5/25/2025,Gratis/ <3,365
5/25/2025,Abonnement,983
5/26/2025,Vol betalend,405
5/26/2025,Actie,1104
5/26/2025,Accommodatie,38
5/26/2025,Scholen alleen entree,0
5/26/2025,Evenementen Scholen,141
5/26/2025,Evenementen met entree,0
5/26/2025,Groepen,0
5/26/2025,Gratis/ <3,164
5/26/2025,Abonnement,898
5/27/2025,Vol betalend,405
5/27/2025,Actie,1104
5/27/2025,Accommodatie,38
5/27/2025,Scholen alleen entree,0
5/27/2025,Evenementen Scholen,141
5/27/2025,Evenementen met entree,0
5/27/2025,Groepen,0
5/27/2025,Gratis/ <3,164
5/27/2025,Abonnement,1148
5/28/2025,Vol betalend,405
5/28/2025,Actie,1104
5/28/2025,Accommodatie,38
5/28/2025,Scholen alleen entree,29
5/28/2025,Evenementen Scholen,141
5/28/2025,Evenementen met entree,0
5/28/2025,Groepen,0
5/28/2025,Gratis/ <3,164
5/28/2025,Abonnement,1119
5/29/2025,Vol betalend,1200
5/29/2025,Actie,3331
5/29/2025,Accommodatie,126
5/29/2025,Scholen alleen entree,0
5/29/2025,Evenementen Scholen,0
5/29/2025,Evenementen met entree,0
5/29/2025,Groepen,0
5/29/2025,Gratis/ <3,548
5/29/2025,Abonnement,1795
5/30/2025,Vol betalend,1110
5/30/2025,Actie,3086
5/30/2025,Accommodatie,117
5/30/2025,Scholen alleen entree,0
5/30/2025,Evenementen Scholen,0
5/30/2025,Evenementen met entree,0
5/30/2025,Groepen,0
5/30/2025,Gratis/ <3,511
5/30/2025,Abonnement,1676
5/31/2025,Vol betalend,900
5/31/2025,Actie,2454
5/31/2025,Accommodatie,83
5/31/2025,Scholen alleen entree,0
5/31/2025,Evenementen Scholen,0
5/31/2025,Evenementen met entree,129
5/31/2025,Groepen,86
5/31/2025,Gratis/ <3,365
5/31/2025,Abonnement,983
6/1/2025,Vol betalend,579
6/1/2025,Actie,2157
6/1/2025,Accommodatie,86
6/1/2025,Scholen alleen entree,0
6/1/2025,Evenementen Scholen,0
6/1/2025,Evenementen met entree,140
6/1/2025,Groepen,93
6/1/2025,Gratis/ <3,405
6/1/2025,Abonnement,1540
6/2/2025,Vol betalend,203
6/2/2025,Actie,755
6/2/2025,Accommodatie,30
6/2/2025,Scholen alleen entree,0
6/2/2025,Evenementen Scholen,273
6/2/2025,Evenementen met entree,0
6/2/2025,Groepen,0
6/2/2025,Gratis/ <3,142
6/2/2025,Abonnement,347
6/3/2025,Vol betalend,203
6/3/2025,Actie,755
6/3/2025,Accommodatie,30
6/3/2025,Scholen alleen entree,0
6/3/2025,Evenementen Scholen,273
6/3/2025,Evenementen met entree,0
6/3/2025,Groepen,0
6/3/2025,Gratis/ <3,142
6/3/2025,Abonnement,347
6/4/2025,Vol betalend,203
6/4/2025,Actie,755
6/4/2025,Accommodatie,30
6/4/2025,Scholen alleen entree,0
6/4/2025,Evenementen Scholen,273
6/4/2025,Evenementen met entree,0
6/4/2025,Groepen,0
6/4/2025,Gratis/ <3,142
6/4/2025,Abonnement,347
6/5/2025,Vol betalend,203
6/5/2025,Actie,755
6/5/2025,Accommodatie,30
6/5/2025,Scholen alleen entree,0
6/5/2025,Evenementen Scholen,273
6/5/2025,Evenementen met entree,0
6/5/2025,Groepen,0
6/5/2025,Gratis/ <3,142
6/5/2025,Abonnement,347
6/6/2025,Vol betalend,203
6/6/2025,Actie,755
6/6/2025,Accommodatie,30
6/6/2025,Scholen alleen entree,72
6/6/2025,Evenementen Scholen,273
6/6/2025,Evenementen met entree,0
6/6/2025,Groepen,0
6/6/2025,Gratis/ <3,142
6/6/2025,Abonnement,275
6/7/2025,Vol betalend,492
6/7/2025,Actie,1833
6/7/2025,Accommodatie,73
6/7/2025,Scholen alleen entree,0
6/7/2025,Evenementen Scholen,0
6/7/2025,Evenementen met entree,119
6/7/2025,Groepen,79
6/7/2025,Gratis/ <3,344
6/7/2025,Abonnement,1310
6/8/2025,Vol betalend,811
6/8/2025,Actie,3020
6/8/2025,Accommodatie,121
6/8/2025,Scholen alleen entree,0
6/8/2025,Evenementen Scholen,0
6/8/2025,Evenementen met entree,195
6/8/2025,Groepen,130
6/8/2025,Gratis/ <3,567
6/8/2025,Abonnement,2156
6/9/2025,Vol betalend,695
6/9/2025,Actie,2588
6/9/2025,Accommodatie,104
6/9/2025,Scholen alleen entree,0
6/9/2025,Evenementen Scholen,0
6/9/2025,Evenementen met entree,0
6/9/2025,Groepen,0
6/9/2025,Gratis/ <3,486
6/9/2025,Abonnement,2127
6/10/2025,Vol betalend,348
6/10/2025,Actie,1294
6/10/2025,Accommodatie,52
6/10/2025,Scholen alleen entree,0
6/10/2025,Evenementen Scholen,0
6/10/2025,Evenementen met entree,0
6/10/2025,Groepen,0
6/10/2025,Gratis/ <3,243
6/10/2025,Abonnement,1063
6/11/2025,Vol betalend,209
6/11/2025,Actie,777
6/11/2025,Accommodatie,31
6/11/2025,Scholen alleen entree,0
6/11/2025,Evenementen Scholen,281
6/11/2025,Evenementen met entree,0
6/11/2025,Groepen,0
6/11/2025,Gratis/ <3,146
6/11/2025,Abonnement,356
6/12/2025,Vol betalend,203
6/12/2025,Actie,755
6/12/2025,Accommodatie,30
6/12/2025,Scholen alleen entree,0
6/12/2025,Evenementen Scholen,273
6/12/2025,Evenementen met entree,0
6/12/2025,Groepen,0
6/12/2025,Gratis/ <3,142
6/12/2025,Abonnement,347
6/13/2025,Vol betalend,220
6/13/2025,Actie,738
6/13/2025,Accommodatie,13
6/13/2025,Scholen alleen entree,54
6/13/2025,Evenementen Scholen,231
6/13/2025,Evenementen met entree,0
6/13/2025,Groepen,0
6/13/2025,Gratis/ <3,4486
6/13/2025,Abonnement,258
6/14/2025,Vol betalend,434
6/14/2025,Actie,1618
6/14/2025,Accommodatie,65
6/14/2025,Scholen alleen entree,0
6/14/2025,Evenementen Scholen,0
6/14/2025,Evenementen met entree,105
6/14/2025,Groepen,70
6/14/2025,Gratis/ <3,303
6/14/2025,Abonnement,1155
6/15/2025,Vol betalend,463
6/15/2025,Actie,1726
6/15/2025,Accommodatie,69
6/15/2025,Scholen alleen entree,0
6/15/2025,Evenementen Scholen,0
6/15/2025,Evenementen met entree,112
6/15/2025,Groepen,75
6/15/2025,Gratis/ <3,324
6/15/2025,Abonnement,1231
6/16/2025,Vol betalend,179
6/16/2025,Actie,661
6/16/2025,Accommodatie,26
6/16/2025,Scholen alleen entree,0
6/16/2025,Evenementen Scholen,234
6/16/2025,Evenementen met entree,0
6/16/2025,Groepen,0
6/16/2025,Gratis/ <3,91
6/16/2025,Abonnement,310
6/17/2025,Vol betalend,208
6/17/2025,Actie,771
6/17/2025,Accommodatie,31
6/17/2025,Scholen alleen entree,0
6/17/2025,Evenementen Scholen,281
6/17/2025,Evenementen met entree,0
6/17/2025,Groepen,0
6/17/2025,Gratis/ <3,107
6/17/2025,Abonnement,353
6/18/2025,Vol betalend,214
6/18/2025,Actie,792
6/18/2025,Accommodatie,32
6/18/2025,Scholen alleen entree,0
6/18/2025,Evenementen Scholen,273
6/18/2025,Evenementen met entree,0
6/18/2025,Groepen,0
6/18/2025,Gratis/ <3,111
6/18/2025,Abonnement,379
6/19/2025,Vol betalend,207
6/19/2025,Actie,770
6/19/2025,Accommodatie,31
6/19/2025,Scholen alleen entree,0
6/19/2025,Evenementen Scholen,273
6/19/2025,Evenementen met entree,0
6/19/2025,Groepen,0
6/19/2025,Gratis/ <3,107
6/19/2025,Abonnement,363
6/20/2025,Vol betalend,208
6/20/2025,Actie,771
6/20/2025,Accommodatie,31
6/20/2025,Scholen alleen entree,72
6/20/2025,Evenementen Scholen,273
6/20/2025,Evenementen met entree,0
6/20/2025,Groepen,0
6/20/2025,Gratis/ <3,107
6/20/2025,Abonnement,289
6/21/2025,Vol betalend,441
6/21/2025,Actie,1652
6/21/2025,Accommodatie,67
6/21/2025,Scholen alleen entree,0
6/21/2025,Evenementen Scholen,0
6/21/2025,Evenementen met entree,105
6/21/2025,Groepen,70
6/21/2025,Gratis/ <3,229
6/21/2025,Abonnement,1184
6/22/2025,Vol betalend,527
6/22/2025,Actie,1982
6/22/2025,Accommodatie,79
6/22/2025,Scholen alleen entree,0
6/22/2025,Evenementen Scholen,0
6/22/2025,Evenementen met entree,126
6/22/2025,Groepen,84
6/22/2025,Gratis/ <3,274
6/22/2025,Abonnement,1424
6/23/2025,Vol betalend,208
6/23/2025,Actie,771
6/23/2025,Accommodatie,31
6/23/2025,Scholen alleen entree,0
6/23/2025,Evenementen Scholen,273
6/23/2025,Evenementen met entree,0
6/23/2025,Groepen,0
6/23/2025,Gratis/ <3,107
6/23/2025,Abonnement,361
6/24/2025,Vol betalend,208
6/24/2025,Actie,771
6/24/2025,Accommodatie,31
6/24/2025,Scholen alleen entree,0
6/24/2025,Evenementen Scholen,273
6/24/2025,Evenementen met entree,0
6/24/2025,Groepen,0
6/24/2025,Gratis/ <3,107
6/24/2025,Abonnement,361
6/25/2025,Vol betalend,214
6/25/2025,Actie,793
6/25/2025,Accommodatie,32
6/25/2025,Scholen alleen entree,0
6/25/2025,Evenementen Scholen,281
6/25/2025,Evenementen met entree,0
6/25/2025,Groepen,0
6/25/2025,Gratis/ <3,111
6/25/2025,Abonnement,370
6/26/2025,Vol betalend,208
6/26/2025,Actie,771
6/26/2025,Accommodatie,31
6/26/2025,Scholen alleen entree,0
6/26/2025,Evenementen Scholen,273
6/26/2025,Evenementen met entree,0
6/26/2025,Groepen,0
6/26/2025,Gratis/ <3,107
6/26/2025,Abonnement,361
6/27/2025,Vol betalend,208
6/27/2025,Actie,771
6/27/2025,Accommodatie,31
6/27/2025,Scholen alleen entree,72
6/27/2025,Evenementen Scholen,273
6/27/2025,Evenementen met entree,0
6/27/2025,Groepen,0
6/27/2025,Gratis/ <3,107
6/27/2025,Abonnement,289
6/28/2025,Vol betalend,470
6/28/2025,Actie,1762
6/28/2025,Accommodatie,71
6/28/2025,Scholen alleen entree,0
6/28/2025,Evenementen Scholen,0
6/28/2025,Evenementen met entree,112
6/28/2025,Groepen,75
6/28/2025,Gratis/ <3,245
6/28/2025,Abonnement,1262
6/29/2025,Vol betalend,527
6/29/2025,Actie,1982
6/29/2025,Accommodatie,79
6/29/2025,Scholen alleen entree,0
6/29/2025,Evenementen Scholen,0
6/29/2025,Evenementen met entree,126
6/29/2025,Groepen,84
6/29/2025,Gratis/ <3,275
6/29/2025,Abonnement,1424
6/30/2025,Vol betalend,208
6/30/2025,Actie,771
6/30/2025,Accommodatie,31
6/30/2025,Scholen alleen entree,0
6/30/2025,Evenementen Scholen,273
6/30/2025,Evenementen met entree,0
6/30/2025,Groepen,0
6/30/2025,Gratis/ <3,108
6/30/2025,Abonnement,361
7/1/2025,Vol betalend,473
7/1/2025,Actie,711
7/1/2025,Accommodatie,40
7/1/2025,Scholen alleen entree,0
7/1/2025,Evenementen Scholen,319
7/1/2025,Evenementen met entree,0
7/1/2025,Groepen,0
7/1/2025,Gratis/ <3,128
7/1/2025,Abonnement,79
7/2/2025,Vol betalend,473
7/2/2025,Actie,711
7/2/2025,Accommodatie,40
7/2/2025,Scholen alleen entree,0
7/2/2025,Evenementen Scholen,319
7/2/2025,Evenementen met entree,0
7/2/2025,Groepen,0
7/2/2025,Gratis/ <3,128
7/2/2025,Abonnement,79
7/3/2025,Vol betalend,473
7/3/2025,Actie,711
7/3/2025,Accommodatie,40
7/3/2025,Scholen alleen entree,0
7/3/2025,Evenementen Scholen,319
7/3/2025,Evenementen met entree,0
7/3/2025,Groepen,0
7/3/2025,Gratis/ <3,128
7/3/2025,Abonnement,79
7/4/2025,Vol betalend,473
7/4/2025,Actie,711
7/4/2025,Accommodatie,40
7/4/2025,Scholen alleen entree,78
7/4/2025,Evenementen Scholen,319
7/4/2025,Evenementen met entree,0
7/4/2025,Groepen,0
7/4/2025,Gratis/ <3,128
7/4/2025,Abonnement,1
7/5/2025,Vol betalend,1080
7/5/2025,Actie,1626
7/5/2025,Accommodatie,91
7/5/2025,Scholen alleen entree,0
7/5/2025,Evenementen Scholen,0
7/5/2025,Evenementen met entree,98
7/5/2025,Groepen,65
7/5/2025,Gratis/ <3,292
7/5/2025,Abonnement,748
7/6/2025,Vol betalend,1215
7/6/2025,Actie,1829
7/6/2025,Accommodatie,103
7/6/2025,Scholen alleen entree,0
7/6/2025,Evenementen Scholen,0
7/6/2025,Evenementen met entree,109
7/6/2025,Groepen,73
7/6/2025,Gratis/ <3,329
7/6/2025,Abonnement,842
7/7/2025,Vol betalend,608
7/7/2025,Actie,914
7/7/2025,Accommodatie,51
7/7/2025,Scholen alleen entree,0
7/7/2025,Evenementen Scholen,410
7/7/2025,Evenementen met entree,0
7/7/2025,Groepen,0
7/7/2025,Gratis/ <3,164
7/7/2025,Abonnement,103
7/8/2025,Vol betalend,608
7/8/2025,Actie,914
7/8/2025,Accommodatie,51
7/8/2025,Scholen alleen entree,0
7/8/2025,Evenementen Scholen,410
7/8/2025,Evenementen met entree,0
7/8/2025,Groepen,0
7/8/2025,Gratis/ <3,164
7/8/2025,Abonnement,103
7/9/2025,Vol betalend,608
7/9/2025,Actie,914
7/9/2025,Accommodatie,51
7/9/2025,Scholen alleen entree,0
7/9/2025,Evenementen Scholen,410
7/9/2025,Evenementen met entree,0
7/9/2025,Groepen,0
7/9/2025,Gratis/ <3,164
7/9/2025,Abonnement,103
7/10/2025,Vol betalend,608
7/10/2025,Actie,914
7/10/2025,Accommodatie,51
7/10/2025,Scholen alleen entree,0
7/10/2025,Evenementen Scholen,410
7/10/2025,Evenementen met entree,0
7/10/2025,Groepen,0
7/10/2025,Gratis/ <3,164
7/10/2025,Abonnement,103
7/11/2025,Vol betalend,608
7/11/2025,Actie,914
7/11/2025,Accommodatie,51
7/11/2025,Scholen alleen entree,78
7/11/2025,Evenementen Scholen,410
7/11/2025,Evenementen met entree,0
7/11/2025,Groepen,0
7/11/2025,Gratis/ <3,164
7/11/2025,Abonnement,25
7/12/2025,Vol betalend,1080
7/12/2025,Actie,1626
7/12/2025,Accommodatie,91
7/12/2025,Scholen alleen entree,0
7/12/2025,Evenementen Scholen,0
7/12/2025,Evenementen met entree,98
7/12/2025,Groepen,65
7/12/2025,Gratis/ <3,292
7/12/2025,Abonnement,748
7/13/2025,Vol betalend,1215
7/13/2025,Actie,1829
7/13/2025,Accommodatie,103
7/13/2025,Scholen alleen entree,0
7/13/2025,Evenementen Scholen,0
7/13/2025,Evenementen met entree,109
7/13/2025,Groepen,73
7/13/2025,Gratis/ <3,329
7/13/2025,Abonnement,842
7/14/2025,Vol betalend,810
7/14/2025,Actie,1219
7/14/2025,Accommodatie,68
7/14/2025,Scholen alleen entree,0
7/14/2025,Evenementen Scholen,76
7/14/2025,Evenementen met entree,0
7/14/2025,Groepen,0
7/14/2025,Gratis/ <3,219
7/14/2025,Abonnement,608
7/15/2025,Vol betalend,810
7/15/2025,Actie,1219
7/15/2025,Accommodatie,68
7/15/2025,Scholen alleen entree,0
7/15/2025,Evenementen Scholen,76
7/15/2025,Evenementen met entree,0
7/15/2025,Groepen,0
7/15/2025,Gratis/ <3,219
7/15/2025,Abonnement,608
7/16/2025,Vol betalend,878
7/16/2025,Actie,1321
7/16/2025,Accommodatie,74
7/16/2025,Scholen alleen entree,0
7/16/2025,Evenementen Scholen,82
7/16/2025,Evenementen met entree,0
7/16/2025,Groepen,0
7/16/2025,Gratis/ <3,237
7/16/2025,Abonnement,658
7/17/2025,Vol betalend,878
7/17/2025,Actie,1321
7/17/2025,Accommodatie,74
7/17/2025,Scholen alleen entree,0
7/17/2025,Evenementen Scholen,82
7/17/2025,Evenementen met entree,0
7/17/2025,Groepen,0
7/17/2025,Gratis/ <3,237
7/17/2025,Abonnement,658
7/18/2025,Vol betalend,878
7/18/2025,Actie,1321
7/18/2025,Accommodatie,74
7/18/2025,Scholen alleen entree,40
7/18/2025,Evenementen Scholen,82
7/18/2025,Evenementen met entree,0
7/18/2025,Groepen,0
7/18/2025,Gratis/ <3,237
7/18/2025,Abonnement,618
7/19/2025,Vol betalend,1620
7/19/2025,Actie,2439
7/19/2025,Accommodatie,136
7/19/2025,Scholen alleen entree,0
7/19/2025,Evenementen Scholen,0
7/19/2025,Evenementen met entree,147
7/19/2025,Groepen,98
7/19/2025,Gratis/ <3,438
7/19/2025,Abonnement,1122
7/20/2025,Vol betalend,1889
7/20/2025,Actie,2845
7/20/2025,Accommodatie,160
7/20/2025,Scholen alleen entree,0
7/20/2025,Evenementen Scholen,0
7/20/2025,Evenementen met entree,171
7/20/2025,Groepen,114
7/20/2025,Gratis/ <3,511
7/20/2025,Abonnement,1310
7/21/2025,Vol betalend,1350
7/21/2025,Actie,2032
7/21/2025,Accommodatie,114
7/21/2025,Scholen alleen entree,0
7/21/2025,Evenementen Scholen,0
7/21/2025,Evenementen met entree,0
7/21/2025,Groepen,0
7/21/2025,Gratis/ <3,365
7/21/2025,Abonnement,1139
7/22/2025,Vol betalend,1620
7/22/2025,Actie,2438
7/22/2025,Accommodatie,137
7/22/2025,Scholen alleen entree,0
7/22/2025,Evenementen Scholen,0
7/22/2025,Evenementen met entree,0
7/22/2025,Groepen,0
7/22/2025,Gratis/ <3,438
7/22/2025,Abonnement,1367
7/23/2025,Vol betalend,1889
7/23/2025,Actie,2845
7/23/2025,Accommodatie,160
7/23/2025,Scholen alleen entree,0
7/23/2025,Evenementen Scholen,0
7/23/2025,Evenementen met entree,0
7/23/2025,Groepen,0
7/23/2025,Gratis/ <3,511
7/23/2025,Abonnement,1595
7/24/2025,Vol betalend,1889
7/24/2025,Actie,2845
7/24/2025,Accommodatie,160
7/24/2025,Scholen alleen entree,0
7/24/2025,Evenementen Scholen,0
7/24/2025,Evenementen met entree,0
7/24/2025,Groepen,0
7/24/2025,Gratis/ <3,511
7/24/2025,Abonnement,1595
7/25/2025,Vol betalend,1350
7/25/2025,Actie,2032
7/25/2025,Accommodatie,114
7/25/2025,Scholen alleen entree,0
7/25/2025,Evenementen Scholen,0
7/25/2025,Evenementen met entree,0
7/25/2025,Groepen,0
7/25/2025,Gratis/ <3,365
7/25/2025,Abonnement,1139
7/26/2025,Vol betalend,1620
7/26/2025,Actie,2438
7/26/2025,Accommodatie,137
7/26/2025,Scholen alleen entree,0
7/26/2025,Evenementen Scholen,0
7/26/2025,Evenementen met entree,147
7/26/2025,Groepen,98
7/26/2025,Gratis/ <3,438
7/26/2025,Abonnement,1122
7/27/2025,Vol betalend,1889
7/27/2025,Actie,2845
7/27/2025,Accommodatie,160
7/27/2025,Scholen alleen entree,0
7/27/2025,Evenementen Scholen,0
7/27/2025,Evenementen met entree,171
7/27/2025,Groepen,114
7/27/2025,Gratis/ <3,511
7/27/2025,Abonnement,1310
7/28/2025,Vol betalend,1350
7/28/2025,Actie,2032
7/28/2025,Accommodatie,114
7/28/2025,Scholen alleen entree,0
7/28/2025,Evenementen Scholen,0
7/28/2025,Evenementen met entree,0
7/28/2025,Groepen,0
7/28/2025,Gratis/ <3,365
7/28/2025,Abonnement,1139
7/29/2025,Vol betalend,1620
7/29/2025,Actie,2438
7/29/2025,Accommodatie,137
7/29/2025,Scholen alleen entree,0
7/29/2025,Evenementen Scholen,0
7/29/2025,Evenementen met entree,0
7/29/2025,Groepen,0
7/29/2025,Gratis/ <3,438
7/29/2025,Abonnement,1367
7/30/2025,Vol betalend,1889
7/30/2025,Actie,2845
7/30/2025,Accommodatie,160
7/30/2025,Scholen alleen entree,0
7/30/2025,Evenementen Scholen,0
7/30/2025,Evenementen met entree,0
7/30/2025,Groepen,0
7/30/2025,Gratis/ <3,511
7/30/2025,Abonnement,1595
7/31/2025,Vol betalend,1889
7/31/2025,Actie,2845
7/31/2025,Accommodatie,160
7/31/2025,Scholen alleen entree,0
7/31/2025,Evenementen Scholen,0
7/31/2025,Evenementen met entree,0
7/31/2025,Groepen,0
7/31/2025,Gratis/ <3,511
7/31/2025,Abonnement,1595
8/1/2025,Vol betalend,1244
8/1/2025,Actie,2331
8/1/2025,Accommodatie,120
8/1/2025,Scholen alleen entree,0
8/1/2025,Evenementen Scholen,0
8/1/2025,Evenementen met entree,0
8/1/2025,Groepen,0
8/1/2025,Gratis/ <3,364
8/1/2025,Abonnement,941
8/2/2025,Vol betalend,1741
8/2/2025,Actie,3264
8/2/2025,Accommodatie,166
8/2/2025,Scholen alleen entree,0
8/2/2025,Evenementen Scholen,0
8/2/2025,Evenementen met entree,74
8/2/2025,Groepen,49
8/2/2025,Gratis/ <3,509
8/2/2025,Abonnement,1197
8/3/2025,Vol betalend,1741
8/3/2025,Actie,3264
8/3/2025,Accommodatie,166
8/3/2025,Scholen alleen entree,0
8/3/2025,Evenementen Scholen,0
8/3/2025,Evenementen met entree,74
8/3/2025,Groepen,49
8/3/2025,Gratis/ <3,509
8/3/2025,Abonnement,1197
8/4/2025,Vol betalend,994
8/4/2025,Actie,1864
8/4/2025,Accommodatie,96
8/4/2025,Scholen alleen entree,0
8/4/2025,Evenementen Scholen,0
8/4/2025,Evenementen met entree,0
8/4/2025,Groepen,0
8/4/2025,Gratis/ <3,291
8/4/2025,Abonnement,755
8/5/2025,Vol betalend,994
8/5/2025,Actie,1864
8/5/2025,Accommodatie,96
8/5/2025,Scholen alleen entree,0
8/5/2025,Evenementen Scholen,0
8/5/2025,Evenementen met entree,0
8/5/2025,Groepen,0
8/5/2025,Gratis/ <3,291
8/5/2025,Abonnement,755
8/6/2025,Vol betalend,994
8/6/2025,Actie,1864
8/6/2025,Accommodatie,96
8/6/2025,Scholen alleen entree,0
8/6/2025,Evenementen Scholen,0
8/6/2025,Evenementen met entree,0
8/6/2025,Groepen,0
8/6/2025,Gratis/ <3,291
8/6/2025,Abonnement,755
8/7/2025,Vol betalend,994
8/7/2025,Actie,1864
8/7/2025,Accommodatie,96
8/7/2025,Scholen alleen entree,0
8/7/2025,Evenementen Scholen,0
8/7/2025,Evenementen met entree,0
8/7/2025,Groepen,0
8/7/2025,Gratis/ <3,291
8/7/2025,Abonnement,755
8/8/2025,Vol betalend,994
8/8/2025,Actie,1864
8/8/2025,Accommodatie,96
8/8/2025,Scholen alleen entree,0
8/8/2025,Evenementen Scholen,0
8/8/2025,Evenementen met entree,0
8/8/2025,Groepen,0
8/8/2025,Gratis/ <3,291
8/8/2025,Abonnement,755
8/9/2025,Vol betalend,1168
8/9/2025,Actie,2193
8/9/2025,Accommodatie,111
8/9/2025,Scholen alleen entree,0
8/9/2025,Evenementen Scholen,0
8/9/2025,Evenementen met entree,48
8/9/2025,Groepen,33
8/9/2025,Gratis/ <3,342
8/9/2025,Abonnement,805
8/10/2025,Vol betalend,1244
8/10/2025,Actie,2332
8/10/2025,Accommodatie,119
8/10/2025,Scholen alleen entree,0
8/10/2025,Evenementen Scholen,0
8/10/2025,Evenementen met entree,53
8/10/2025,Groepen,35
8/10/2025,Gratis/ <3,363
8/10/2025,Abonnement,854
8/11/2025,Vol betalend,994
8/11/2025,Actie,1864
8/11/2025,Accommodatie,96
8/11/2025,Scholen alleen entree,0
8/11/2025,Evenementen Scholen,0
8/11/2025,Evenementen met entree,0
8/11/2025,Groepen,0
8/11/2025,Gratis/ <3,291
8/11/2025,Abonnement,755
8/12/2025,Vol betalend,994
8/12/2025,Actie,1864
8/12/2025,Accommodatie,96
8/12/2025,Scholen alleen entree,0
8/12/2025,Evenementen Scholen,0
8/12/2025,Evenementen met entree,0
8/12/2025,Groepen,0
8/12/2025,Gratis/ <3,291
8/12/2025,Abonnement,755
8/13/2025,Vol betalend,994
8/13/2025,Actie,1864
8/13/2025,Accommodatie,96
8/13/2025,Scholen alleen entree,0
8/13/2025,Evenementen Scholen,0
8/13/2025,Evenementen met entree,0
8/13/2025,Groepen,0
8/13/2025,Gratis/ <3,291
8/13/2025,Abonnement,755
8/14/2025,Vol betalend,994
8/14/2025,Actie,1864
8/14/2025,Accommodatie,96
8/14/2025,Scholen alleen entree,0
8/14/2025,Evenementen Scholen,0
8/14/2025,Evenementen met entree,0
8/14/2025,Groepen,0
8/14/2025,Gratis/ <3,291
8/14/2025,Abonnement,755
8/15/2025,Vol betalend,994
8/15/2025,Actie,1864
8/15/2025,Accommodatie,96
8/15/2025,Scholen alleen entree,0
8/15/2025,Evenementen Scholen,0
8/15/2025,Evenementen met entree,0
8/15/2025,Groepen,0
8/15/2025,Gratis/ <3,291
8/15/2025,Abonnement,755
8/16/2025,Vol betalend,1176
8/16/2025,Actie,2205
8/16/2025,Accommodatie,112
8/16/2025,Scholen alleen entree,0
8/16/2025,Evenementen Scholen,0
8/16/2025,Evenementen met entree,50
8/16/2025,Groepen,33
8/16/2025,Gratis/ <3,344
8/16/2025,Abonnement,810
8/17/2025,Vol betalend,1244
8/17/2025,Actie,2332
8/17/2025,Accommodatie,119
8/17/2025,Scholen alleen entree,0
8/17/2025,Evenementen Scholen,0
8/17/2025,Evenementen met entree,53
8/17/2025,Groepen,35
8/17/2025,Gratis/ <3,363
8/17/2025,Abonnement,854
8/18/2025,Vol betalend,933
8/18/2025,Actie,1748
8/18/2025,Accommodatie,90
8/18/2025,Scholen alleen entree,0
8/18/2025,Evenementen Scholen,0
8/18/2025,Evenementen met entree,0
8/18/2025,Groepen,0
8/18/2025,Gratis/ <3,273
8/18/2025,Abonnement,706
8/19/2025,Vol betalend,933
8/19/2025,Actie,1748
8/19/2025,Accommodatie,90
8/19/2025,Scholen alleen entree,0
8/19/2025,Evenementen Scholen,0
8/19/2025,Evenementen met entree,0
8/19/2025,Groepen,0
8/19/2025,Gratis/ <3,273
8/19/2025,Abonnement,706
8/20/2025,Vol betalend,870
8/20/2025,Actie,1631
8/20/2025,Accommodatie,84
8/20/2025,Scholen alleen entree,0
8/20/2025,Evenementen Scholen,0
8/20/2025,Evenementen met entree,0
8/20/2025,Groepen,0
8/20/2025,Gratis/ <3,255
8/20/2025,Abonnement,660
8/21/2025,Vol betalend,870
8/21/2025,Actie,1631
8/21/2025,Accommodatie,84
8/21/2025,Scholen alleen entree,0
8/21/2025,Evenementen Scholen,0
8/21/2025,Evenementen met entree,0
8/21/2025,Groepen,0
8/21/2025,Gratis/ <3,255
8/21/2025,Abonnement,660
8/22/2025,Vol betalend,870
8/22/2025,Actie,1631
8/22/2025,Accommodatie,84
8/22/2025,Scholen alleen entree,0
8/22/2025,Evenementen Scholen,0
8/22/2025,Evenementen met entree,0
8/22/2025,Groepen,0
8/22/2025,Gratis/ <3,255
8/22/2025,Abonnement,660
8/23/2025,Vol betalend,994
8/23/2025,Actie,1864
8/23/2025,Accommodatie,96
8/23/2025,Scholen alleen entree,0
8/23/2025,Evenementen Scholen,0
8/23/2025,Evenementen met entree,42
8/23/2025,Groepen,28
8/23/2025,Gratis/ <3,291
8/23/2025,Abonnement,685
8/24/2025,Vol betalend,1119
8/24/2025,Actie,2098
8/24/2025,Accommodatie,107
8/24/2025,Scholen alleen entree,0
8/24/2025,Evenementen Scholen,0
8/24/2025,Evenementen met entree,47
8/24/2025,Groepen,32
8/24/2025,Gratis/ <3,327
8/24/2025,Abonnement,770
8/25/2025,Vol betalend,621
8/25/2025,Actie,1166
8/25/2025,Accommodatie,60
8/25/2025,Scholen alleen entree,0
8/25/2025,Evenementen Scholen,0
8/25/2025,Evenementen met entree,0
8/25/2025,Groepen,0
8/25/2025,Gratis/ <3,182
8/25/2025,Abonnement,471
8/26/2025,Vol betalend,621
8/26/2025,Actie,1166
8/26/2025,Accommodatie,60
8/26/2025,Scholen alleen entree,0
8/26/2025,Evenementen Scholen,0
8/26/2025,Evenementen met entree,0
8/26/2025,Groepen,0
8/26/2025,Gratis/ <3,182
8/26/2025,Abonnement,471
8/27/2025,Vol betalend,621
8/27/2025,Actie,1166
8/27/2025,Accommodatie,60
8/27/2025,Scholen alleen entree,0
8/27/2025,Evenementen Scholen,0
8/27/2025,Evenementen met entree,0
8/27/2025,Groepen,0
8/27/2025,Gratis/ <3,182
8/27/2025,Abonnement,471
8/28/2025,Vol betalend,621
8/28/2025,Actie,1166
8/28/2025,Accommodatie,60
8/28/2025,Scholen alleen entree,0
8/28/2025,Evenementen Scholen,0
8/28/2025,Evenementen met entree,0
8/28/2025,Groepen,0
8/28/2025,Gratis/ <3,182
8/28/2025,Abonnement,471
8/29/2025,Vol betalend,621
8/29/2025,Actie,1166
8/29/2025,Accommodatie,60
8/29/2025,Scholen alleen entree,0
8/29/2025,Evenementen Scholen,0
8/29/2025,Evenementen met entree,0
8/29/2025,Groepen,0
8/29/2025,Gratis/ <3,182
8/29/2025,Abonnement,471
8/30/2025,Vol betalend,994
8/30/2025,Actie,1864
8/30/2025,Accommodatie,96
8/30/2025,Scholen alleen entree,0
8/30/2025,Evenementen Scholen,0
8/30/2025,Evenementen met entree,42
8/30/2025,Groepen,28
8/30/2025,Gratis/ <3,291
8/30/2025,Abonnement,685
8/31/2025,Vol betalend,994
8/31/2025,Actie,1864
8/31/2025,Accommodatie,96
8/31/2025,Scholen alleen entree,0
8/31/2025,Evenementen Scholen,0
8/31/2025,Evenementen met entree,42
8/31/2025,Groepen,28
8/31/2025,Gratis/ <3,291
8/31/2025,Abonnement,685
9/1/2025,Vol betalend,342
9/1/2025,Actie,752
9/1/2025,Accommodatie,31
9/1/2025,Scholen alleen entree,0
9/1/2025,Evenementen Scholen,114
9/1/2025,Evenementen met entree,0
9/1/2025,Groepen,0
9/1/2025,Gratis/ <3,93
9/1/2025,Abonnement,418
9/2/2025,Vol betalend,380
9/2/2025,Actie,870
9/2/2025,Accommodatie,35
9/2/2025,Scholen alleen entree,0
9/2/2025,Evenementen Scholen,129
9/2/2025,Evenementen met entree,0
9/2/2025,Groepen,0
9/2/2025,Gratis/ <3,107
9/2/2025,Abonnement,480
9/3/2025,Vol betalend,342
9/3/2025,Actie,752
9/3/2025,Accommodatie,31
9/3/2025,Scholen alleen entree,0
9/3/2025,Evenementen Scholen,114
9/3/2025,Evenementen met entree,0
9/3/2025,Groepen,0
9/3/2025,Gratis/ <3,93
9/3/2025,Abonnement,418
9/4/2025,Vol betalend,342
9/4/2025,Actie,752
9/4/2025,Accommodatie,31
9/4/2025,Scholen alleen entree,0
9/4/2025,Evenementen Scholen,114
9/4/2025,Evenementen met entree,0
9/4/2025,Groepen,0
9/4/2025,Gratis/ <3,93
9/4/2025,Abonnement,418
9/5/2025,Vol betalend,342
9/5/2025,Actie,752
9/5/2025,Accommodatie,31
9/5/2025,Scholen alleen entree,32
9/5/2025,Evenementen Scholen,114
9/5/2025,Evenementen met entree,0
9/5/2025,Groepen,0
9/5/2025,Gratis/ <3,93
9/5/2025,Abonnement,386
9/6/2025,Vol betalend,758
9/6/2025,Actie,1742
9/6/2025,Accommodatie,70
9/6/2025,Scholen alleen entree,0
9/6/2025,Evenementen Scholen,0
9/6/2025,Evenementen met entree,152
9/6/2025,Groepen,102
9/6/2025,Gratis/ <3,213
9/6/2025,Abonnement,962
9/7/2025,Vol betalend,835
9/7/2025,Actie,1979
9/7/2025,Accommodatie,80
9/7/2025,Scholen alleen entree,0
9/7/2025,Evenementen Scholen,0
9/7/2025,Evenementen met entree,172
9/7/2025,Groepen,114
9/7/2025,Gratis/ <3,240
9/7/2025,Abonnement,1080
9/8/2025,Vol betalend,342
9/8/2025,Actie,752
9/8/2025,Accommodatie,31
9/8/2025,Scholen alleen entree,0
9/8/2025,Evenementen Scholen,114
9/8/2025,Evenementen met entree,0
9/8/2025,Groepen,0
9/8/2025,Gratis/ <3,93
9/8/2025,Abonnement,418
9/9/2025,Vol betalend,380
9/9/2025,Actie,870
9/9/2025,Accommodatie,35
9/9/2025,Scholen alleen entree,0
9/9/2025,Evenementen Scholen,129
9/9/2025,Evenementen met entree,0
9/9/2025,Groepen,0
9/9/2025,Gratis/ <3,107
9/9/2025,Abonnement,480
9/10/2025,Vol betalend,342
9/10/2025,Actie,752
9/10/2025,Accommodatie,31
9/10/2025,Scholen alleen entree,0
9/10/2025,Evenementen Scholen,114
9/10/2025,Evenementen met entree,0
9/10/2025,Groepen,0
9/10/2025,Gratis/ <3,93
9/10/2025,Abonnement,418
9/11/2025,Vol betalend,342
9/11/2025,Actie,752
9/11/2025,Accommodatie,31
9/11/2025,Scholen alleen entree,0
9/11/2025,Evenementen Scholen,114
9/11/2025,Evenementen met entree,0
9/11/2025,Groepen,0
9/11/2025,Gratis/ <3,93
9/11/2025,Abonnement,418
9/12/2025,Vol betalend,342
9/12/2025,Actie,752
9/12/2025,Accommodatie,31
9/12/2025,Scholen alleen entree,32
9/12/2025,Evenementen Scholen,114
9/12/2025,Evenementen met entree,0
9/12/2025,Groepen,0
9/12/2025,Gratis/ <3,93
9/12/2025,Abonnement,386
9/13/2025,Vol betalend,758
9/13/2025,Actie,1742
9/13/2025,Accommodatie,70
9/13/2025,Scholen alleen entree,0
9/13/2025,Evenementen Scholen,0
9/13/2025,Evenementen met entree,152
9/13/2025,Groepen,102
9/13/2025,Gratis/ <3,213
9/13/2025,Abonnement,962
9/14/2025,Vol betalend,835
9/14/2025,Actie,1979
9/14/2025,Accommodatie,80
9/14/2025,Scholen alleen entree,0
9/14/2025,Evenementen Scholen,0
9/14/2025,Evenementen met entree,172
9/14/2025,Groepen,114
9/14/2025,Gratis/ <3,240
9/14/2025,Abonnement,1080
9/15/2025,Vol betalend,342
9/15/2025,Actie,752
9/15/2025,Accommodatie,31
9/15/2025,Scholen alleen entree,0
9/15/2025,Evenementen Scholen,114
9/15/2025,Evenementen met entree,0
9/15/2025,Groepen,0
9/15/2025,Gratis/ <3,93
9/15/2025,Abonnement,418
9/16/2025,Vol betalend,380
9/16/2025,Actie,870
9/16/2025,Accommodatie,35
9/16/2025,Scholen alleen entree,0
9/16/2025,Evenementen Scholen,129
9/16/2025,Evenementen met entree,0
9/16/2025,Groepen,0
9/16/2025,Gratis/ <3,107
9/16/2025,Abonnement,480
9/17/2025,Vol betalend,342
9/17/2025,Actie,752
9/17/2025,Accommodatie,31
9/17/2025,Scholen alleen entree,0
9/17/2025,Evenementen Scholen,114
9/17/2025,Evenementen met entree,0
9/17/2025,Groepen,0
9/17/2025,Gratis/ <3,93
9/17/2025,Abonnement,418
9/18/2025,Vol betalend,342
9/18/2025,Actie,752
9/18/2025,Accommodatie,31
9/18/2025,Scholen alleen entree,0
9/18/2025,Evenementen Scholen,114
9/18/2025,Evenementen met entree,0
9/18/2025,Groepen,0
9/18/2025,Gratis/ <3,93
9/18/2025,Abonnement,418
9/19/2025,Vol betalend,342
9/19/2025,Actie,752
9/19/2025,Accommodatie,31
9/19/2025,Scholen alleen entree,33
9/19/2025,Evenementen Scholen,114
9/19/2025,Evenementen met entree,0
9/19/2025,Groepen,0
9/19/2025,Gratis/ <3,93
9/19/2025,Abonnement,385
9/20/2025,Vol betalend,758
9/20/2025,Actie,1742
9/20/2025,Accommodatie,70
9/20/2025,Scholen alleen entree,0
9/20/2025,Evenementen Scholen,0
9/20/2025,Evenementen met entree,152
9/20/2025,Groepen,102
9/20/2025,Gratis/ <3,214
9/20/2025,Abonnement,962
9/21/2025,Vol betalend,835
9/21/2025,Actie,1979
9/21/2025,Accommodatie,80
9/21/2025,Scholen alleen entree,0
9/21/2025,Evenementen Scholen,0
9/21/2025,Evenementen met entree,172
9/21/2025,Groepen,114
9/21/2025,Gratis/ <3,240
9/21/2025,Abonnement,1080
9/22/2025,Vol betalend,342
9/22/2025,Actie,752
9/22/2025,Accommodatie,31
9/22/2025,Scholen alleen entree,0
9/22/2025,Evenementen Scholen,114
9/22/2025,Evenementen met entree,0
9/22/2025,Groepen,0
9/22/2025,Gratis/ <3,93
9/22/2025,Abonnement,418
9/23/2025,Vol betalend,380
9/23/2025,Actie,870
9/23/2025,Accommodatie,35
9/23/2025,Scholen alleen entree,0
9/23/2025,Evenementen Scholen,129
9/23/2025,Evenementen met entree,0
9/23/2025,Groepen,0
9/23/2025,Gratis/ <3,107
9/23/2025,Abonnement,480
9/24/2025,Vol betalend,342
9/24/2025,Actie,752
9/24/2025,Accommodatie,31
9/24/2025,Scholen alleen entree,0
9/24/2025,Evenementen Scholen,114
9/24/2025,Evenementen met entree,0
9/24/2025,Groepen,0
9/24/2025,Gratis/ <3,93
9/24/2025,Abonnement,418
9/25/2025,Vol betalend,342
9/25/2025,Actie,752
9/25/2025,Accommodatie,31
9/25/2025,Scholen alleen entree,0
9/25/2025,Evenementen Scholen,114
9/25/2025,Evenementen met entree,0
9/25/2025,Groepen,0
9/25/2025,Gratis/ <3,93
9/25/2025,Abonnement,418
9/26/2025,Vol betalend,342
9/26/2025,Actie,752
9/26/2025,Accommodatie,31
9/26/2025,Scholen alleen entree,33
9/26/2025,Evenementen Scholen,114
9/26/2025,Evenementen met entree,0
9/26/2025,Groepen,0
9/26/2025,Gratis/ <3,93
9/26/2025,Abonnement,385
9/27/2025,Vol betalend,758
9/27/2025,Actie,1742
9/27/2025,Accommodatie,70
9/27/2025,Scholen alleen entree,0
9/27/2025,Evenementen Scholen,0
9/27/2025,Evenementen met entree,152
9/27/2025,Groepen,102
9/27/2025,Gratis/ <3,214
9/27/2025,Abonnement,962
9/28/2025,Vol betalend,835
9/28/2025,Actie,1979
9/28/2025,Accommodatie,80
9/28/2025,Scholen alleen entree,0
9/28/2025,Evenementen Scholen,0
9/28/2025,Evenementen met entree,172
9/28/2025,Groepen,114
9/28/2025,Gratis/ <3,240
9/28/2025,Abonnement,1080
9/29/2025,Vol betalend,227
9/29/2025,Actie,398
9/29/2025,Accommodatie,18
9/29/2025,Scholen alleen entree,0
9/29/2025,Evenementen Scholen,65
9/29/2025,Evenementen met entree,0
9/29/2025,Groepen,0
9/29/2025,Gratis/ <3,52
9/29/2025,Abonnement,239
9/30/2025,Vol betalend,227
9/30/2025,Actie,398
9/30/2025,Accommodatie,18
9/30/2025,Scholen alleen entree,0
9/30/2025,Evenementen Scholen,65
9/30/2025,Evenementen met entree,0
9/30/2025,Groepen,0
9/30/2025,Gratis/ <3,52
9/30/2025,Abonnement,239
10/1/2025,Vol betalend,337
10/1/2025,Actie,712
10/1/2025,Accommodatie,41
10/1/2025,Scholen alleen entree,0
10/1/2025,Evenementen Scholen,64
10/1/2025,Evenementen met entree,0
10/1/2025,Groepen,0
10/1/2025,Gratis/ <3,77
10/1/2025,Abonnement,295
10/2/2025,Vol betalend,337
10/2/2025,Actie,712
10/2/2025,Accommodatie,41
10/2/2025,Scholen alleen entree,0
10/2/2025,Evenementen Scholen,64
10/2/2025,Evenementen met entree,0
10/2/2025,Groepen,0
10/2/2025,Gratis/ <3,77
10/2/2025,Abonnement,295
10/3/2025,Vol betalend,786
10/3/2025,Actie,1567
10/3/2025,Accommodatie,90
10/3/2025,Scholen alleen entree,14
10/3/2025,Evenementen Scholen,64
10/3/2025,Evenementen met entree,0
10/3/2025,Groepen,0
10/3/2025,Gratis/ <3,168
10/3/2025,Abonnement,712
10/4/2025,Vol betalend,828
10/4/2025,Actie,1864
10/4/2025,Accommodatie,96
10/4/2025,Scholen alleen entree,0
10/4/2025,Evenementen Scholen,0
10/4/2025,Evenementen met entree,61
10/4/2025,Groepen,40
10/4/2025,Gratis/ <3,175
10/4/2025,Abonnement,737
10/5/2025,Vol betalend,931
10/5/2025,Actie,2100
10/5/2025,Accommodatie,110
10/5/2025,Scholen alleen entree,0
10/5/2025,Evenementen Scholen,0
10/5/2025,Evenementen met entree,69
10/5/2025,Groepen,46
10/5/2025,Gratis/ <3,201
10/5/2025,Abonnement,843
10/6/2025,Vol betalend,337
10/6/2025,Actie,762
10/6/2025,Accommodatie,41
10/6/2025,Scholen alleen entree,0
10/6/2025,Evenementen Scholen,64
10/6/2025,Evenementen met entree,0
10/6/2025,Groepen,0
10/6/2025,Gratis/ <3,76
10/6/2025,Abonnement,295
10/7/2025,Vol betalend,337
10/7/2025,Actie,762
10/7/2025,Accommodatie,41
10/7/2025,Scholen alleen entree,0
10/7/2025,Evenementen Scholen,64
10/7/2025,Evenementen met entree,0
10/7/2025,Groepen,0
10/7/2025,Gratis/ <3,76
10/7/2025,Abonnement,295
10/8/2025,Vol betalend,337
10/8/2025,Actie,762
10/8/2025,Accommodatie,41
10/8/2025,Scholen alleen entree,0
10/8/2025,Evenementen Scholen,64
10/8/2025,Evenementen met entree,0
10/8/2025,Groepen,0
10/8/2025,Gratis/ <3,76
10/8/2025,Abonnement,295
10/9/2025,Vol betalend,337
10/9/2025,Actie,762
10/9/2025,Accommodatie,41
10/9/2025,Scholen alleen entree,0
10/9/2025,Evenementen Scholen,64
10/9/2025,Evenementen met entree,0
10/9/2025,Groepen,0
10/9/2025,Gratis/ <3,76
10/9/2025,Abonnement,295
10/10/2025,Vol betalend,337
10/10/2025,Actie,762
10/10/2025,Accommodatie,41
10/10/2025,Scholen alleen entree,14
10/10/2025,Evenementen Scholen,64
10/10/2025,Evenementen met entree,0
10/10/2025,Groepen,0
10/10/2025,Gratis/ <3,76
10/10/2025,Abonnement,281
10/11/2025,Vol betalend,828
10/11/2025,Actie,1864
10/11/2025,Accommodatie,96
10/11/2025,Scholen alleen entree,0
10/11/2025,Evenementen Scholen,0
10/11/2025,Evenementen met entree,61
10/11/2025,Groepen,40
10/11/2025,Gratis/ <3,175
10/11/2025,Abonnement,737
10/12/2025,Vol betalend,931
10/12/2025,Actie,2100
10/12/2025,Accommodatie,110
10/12/2025,Scholen alleen entree,0
10/12/2025,Evenementen Scholen,0
10/12/2025,Evenementen met entree,69
10/12/2025,Groepen,46
10/12/2025,Gratis/ <3,201
10/12/2025,Abonnement,843
10/13/2025,Vol betalend,544
10/13/2025,Actie,1337
10/13/2025,Accommodatie,68
10/13/2025,Scholen alleen entree,0
10/13/2025,Evenementen Scholen,64
10/13/2025,Evenementen met entree,0
10/13/2025,Groepen,0
10/13/2025,Gratis/ <3,125
10/13/2025,Abonnement,536
10/14/2025,Vol betalend,544
10/14/2025,Actie,1337
10/14/2025,Accommodatie,68
10/14/2025,Scholen alleen entree,0
10/14/2025,Evenementen Scholen,64
10/14/2025,Evenementen met entree,0
10/14/2025,Groepen,0
10/14/2025,Gratis/ <3,125
10/14/2025,Abonnement,536
10/15/2025,Vol betalend,544
10/15/2025,Actie,1337
10/15/2025,Accommodatie,68
10/15/2025,Scholen alleen entree,0
10/15/2025,Evenementen Scholen,64
10/15/2025,Evenementen met entree,0
10/15/2025,Groepen,0
10/15/2025,Gratis/ <3,125
10/15/2025,Abonnement,536
10/16/2025,Vol betalend,648
10/16/2025,Actie,1575
10/16/2025,Accommodatie,82
10/16/2025,Scholen alleen entree,0
10/16/2025,Evenementen Scholen,64
10/16/2025,Evenementen met entree,0
10/16/2025,Groepen,0
10/16/2025,Gratis/ <3,151
10/16/2025,Abonnement,654
10/17/2025,Vol betalend,648
10/17/2025,Actie,1575
10/17/2025,Accommodatie,82
10/17/2025,Scholen alleen entree,12
10/17/2025,Evenementen Scholen,64
10/17/2025,Evenementen met entree,0
10/17/2025,Groepen,0
10/17/2025,Gratis/ <3,151
10/17/2025,Abonnement,642
10/18/2025,Vol betalend,1025
10/18/2025,Actie,2315
10/18/2025,Accommodatie,122
10/18/2025,Scholen alleen entree,0
10/18/2025,Evenementen Scholen,0
10/18/2025,Evenementen met entree,77
10/18/2025,Groepen,51
10/18/2025,Gratis/ <3,224
10/18/2025,Abonnement,935
10/19/2025,Vol betalend,1212
10/19/2025,Actie,2766
10/19/2025,Accommodatie,146
10/19/2025,Scholen alleen entree,0
10/19/2025,Evenementen Scholen,0
10/19/2025,Evenementen met entree,92
10/19/2025,Groepen,63
10/19/2025,Gratis/ <3,270
10/19/2025,Abonnement,1125
10/20/2025,Vol betalend,950
10/20/2025,Actie,2263
10/20/2025,Accommodatie,122
10/20/2025,Scholen alleen entree,0
10/20/2025,Evenementen Scholen,0
10/20/2025,Evenementen met entree,0
10/20/2025,Groepen,0
10/20/2025,Gratis/ <3,228
10/20/2025,Abonnement,1063
10/21/2025,Vol betalend,950
10/21/2025,Actie,2263
10/21/2025,Accommodatie,122
10/21/2025,Scholen alleen entree,0
10/21/2025,Evenementen Scholen,0
10/21/2025,Evenementen met entree,0
10/21/2025,Groepen,0
10/21/2025,Gratis/ <3,228
10/21/2025,Abonnement,1063
10/22/2025,Vol betalend,950
10/22/2025,Actie,2263
10/22/2025,Accommodatie,122
10/22/2025,Scholen alleen entree,0
10/22/2025,Evenementen Scholen,0
10/22/2025,Evenementen met entree,0
10/22/2025,Groepen,0
10/22/2025,Gratis/ <3,228
10/22/2025,Abonnement,1063
10/23/2025,Vol betalend,950
10/23/2025,Actie,2263
10/23/2025,Accommodatie,122
10/23/2025,Scholen alleen entree,0
10/23/2025,Evenementen Scholen,0
10/23/2025,Evenementen met entree,0
10/23/2025,Groepen,0
10/23/2025,Gratis/ <3,228
10/23/2025,Abonnement,1063
10/24/2025,Vol betalend,950
10/24/2025,Actie,2263
10/24/2025,Accommodatie,122
10/24/2025,Scholen alleen entree,0
10/24/2025,Evenementen Scholen,0
10/24/2025,Evenementen met entree,0
10/24/2025,Groepen,0
10/24/2025,Gratis/ <3,228
10/24/2025,Abonnement,1063
10/25/2025,Vol betalend,1025
10/25/2025,Actie,2315
10/25/2025,Accommodatie,122
10/25/2025,Scholen alleen entree,0
10/25/2025,Evenementen Scholen,0
10/25/2025,Evenementen met entree,77
10/25/2025,Groepen,51
10/25/2025,Gratis/ <3,224
10/25/2025,Abonnement,935
10/26/2025,Vol betalend,1232
10/26/2025,Actie,2787
10/26/2025,Accommodatie,148
10/26/2025,Scholen alleen entree,0
10/26/2025,Evenementen Scholen,0
10/26/2025,Evenementen met entree,94
10/26/2025,Groepen,63
10/26/2025,Gratis/ <3,276
10/26/2025,Abonnement,1149
10/27/2025,Vol betalend,233
10/27/2025,Actie,525
10/27/2025,Accommodatie,27
10/27/2025,Scholen alleen entree,0
10/27/2025,Evenementen Scholen,38
10/27/2025,Evenementen met entree,0
10/27/2025,Groepen,0
10/27/2025,Gratis/ <3,50
10/27/2025,Abonnement,202
10/28/2025,Vol betalend,233
10/28/2025,Actie,525
10/28/2025,Accommodatie,27
10/28/2025,Scholen alleen entree,0
10/28/2025,Evenementen Scholen,38
10/28/2025,Evenementen met entree,0
10/28/2025,Groepen,0
10/28/2025,Gratis/ <3,50
10/28/2025,Abonnement,202
10/29/2025,Vol betalend,233
10/29/2025,Actie,525
10/29/2025,Accommodatie,27
10/29/2025,Scholen alleen entree,0
10/29/2025,Evenementen Scholen,38
10/29/2025,Evenementen met entree,0
10/29/2025,Groepen,0
10/29/2025,Gratis/ <3,50
10/29/2025,Abonnement,202
10/30/2025,Vol betalend,233
10/30/2025,Actie,525
10/30/2025,Accommodatie,27
10/30/2025,Scholen alleen entree,0
10/30/2025,Evenementen Scholen,38
10/30/2025,Evenementen met entree,0
10/30/2025,Groepen,0
10/30/2025,Gratis/ <3,50
10/30/2025,Abonnement,202
10/31/2025,Vol betalend,362
10/31/2025,Actie,829
10/31/2025,Accommodatie,47
10/31/2025,Scholen alleen entree,14
10/31/2025,Evenementen Scholen,42
10/31/2025,Evenementen met entree,0
10/31/2025,Groepen,0
10/31/2025,Gratis/ <3,90
10/31/2025,Abonnement,365
11/1/2025,Vol betalend,538
11/1/2025,Actie,845
11/1/2025,Accommodatie,83
11/1/2025,Scholen alleen entree,0
11/1/2025,Evenementen Scholen,0
11/1/2025,Evenementen met entree,65
11/1/2025,Groepen,44
11/1/2025,Gratis/ <3,182
11/1/2025,Abonnement,1104
11/2/2025,Vol betalend,581
11/2/2025,Actie,1005
11/2/2025,Accommodatie,100
11/2/2025,Scholen alleen entree,0
11/2/2025,Evenementen Scholen,0
11/2/2025,Evenementen met entree,78
11/2/2025,Groepen,52
11/2/2025,Gratis/ <3,217
11/2/2025,Abonnement,1307
11/3/2025,Vol betalend,68
11/3/2025,Actie,154
11/3/2025,Accommodatie,17
11/3/2025,Scholen alleen entree,0
11/3/2025,Evenementen Scholen,29
11/3/2025,Evenementen met entree,0
11/3/2025,Groepen,0
11/3/2025,Gratis/ <3,37
11/3/2025,Abonnement,195
11/4/2025,Vol betalend,68
11/4/2025,Actie,154
11/4/2025,Accommodatie,17
11/4/2025,Scholen alleen entree,0
11/4/2025,Evenementen Scholen,29
11/4/2025,Evenementen met entree,0
11/4/2025,Groepen,0
11/4/2025,Gratis/ <3,37
11/4/2025,Abonnement,195
11/5/2025,Vol betalend,68
11/5/2025,Actie,154
11/5/2025,Accommodatie,17
11/5/2025,Scholen alleen entree,0
11/5/2025,Evenementen Scholen,29
11/5/2025,Evenementen met entree,0
11/5/2025,Groepen,0
11/5/2025,Gratis/ <3,37
11/5/2025,Abonnement,195
11/6/2025,Vol betalend,68
11/6/2025,Actie,154
11/6/2025,Accommodatie,17
11/6/2025,Scholen alleen entree,0
11/6/2025,Evenementen Scholen,29
11/6/2025,Evenementen met entree,0
11/6/2025,Groepen,0
11/6/2025,Gratis/ <3,37
11/6/2025,Abonnement,195
11/7/2025,Vol betalend,68
11/7/2025,Actie,154
11/7/2025,Accommodatie,17
11/7/2025,Scholen alleen entree,7
11/7/2025,Evenementen Scholen,29
11/7/2025,Evenementen met entree,0
11/7/2025,Groepen,0
11/7/2025,Gratis/ <3,37
11/7/2025,Abonnement,188
11/8/2025,Vol betalend,271
11/8/2025,Actie,691
11/8/2025,Accommodatie,66
11/8/2025,Scholen alleen entree,0
11/8/2025,Evenementen Scholen,0
11/8/2025,Evenementen met entree,52
11/8/2025,Groepen,35
11/8/2025,Gratis/ <3,145
11/8/2025,Abonnement,901
11/9/2025,Vol betalend,338
11/9/2025,Actie,850
11/9/2025,Accommodatie,82
11/9/2025,Scholen alleen entree,0
11/9/2025,Evenementen Scholen,0
11/9/2025,Evenementen met entree,65
11/9/2025,Groepen,44
11/9/2025,Gratis/ <3,182
11/9/2025,Abonnement,1104
11/10/2025,Vol betalend,68
11/10/2025,Actie,154
11/10/2025,Accommodatie,17
11/10/2025,Scholen alleen entree,0
11/10/2025,Evenementen Scholen,29
11/10/2025,Evenementen met entree,0
11/10/2025,Groepen,0
11/10/2025,Gratis/ <3,37
11/10/2025,Abonnement,195
11/11/2025,Vol betalend,68
11/11/2025,Actie,154
11/11/2025,Accommodatie,17
11/11/2025,Scholen alleen entree,0
11/11/2025,Evenementen Scholen,29
11/11/2025,Evenementen met entree,0
11/11/2025,Groepen,0
11/11/2025,Gratis/ <3,37
11/11/2025,Abonnement,195
11/12/2025,Vol betalend,68
11/12/2025,Actie,154
11/12/2025,Accommodatie,17
11/12/2025,Scholen alleen entree,0
11/12/2025,Evenementen Scholen,29
11/12/2025,Evenementen met entree,0
11/12/2025,Groepen,0
11/12/2025,Gratis/ <3,37
11/12/2025,Abonnement,195
11/13/2025,Vol betalend,68
11/13/2025,Actie,154
11/13/2025,Accommodatie,17
11/13/2025,Scholen alleen entree,0
11/13/2025,Evenementen Scholen,29
11/13/2025,Evenementen met entree,0
11/13/2025,Groepen,0
11/13/2025,Gratis/ <3,37
11/13/2025,Abonnement,195
11/14/2025,Vol betalend,68
11/14/2025,Actie,154
11/14/2025,Accommodatie,17
11/14/2025,Scholen alleen entree,7
11/14/2025,Evenementen Scholen,29
11/14/2025,Evenementen met entree,0
11/14/2025,Groepen,0
11/14/2025,Gratis/ <3,37
11/14/2025,Abonnement,188
11/15/2025,Vol betalend,271
11/15/2025,Actie,691
11/15/2025,Accommodatie,66
11/15/2025,Scholen alleen entree,0
11/15/2025,Evenementen Scholen,0
11/15/2025,Evenementen met entree,52
11/15/2025,Groepen,35
11/15/2025,Gratis/ <3,145
11/15/2025,Abonnement,901
11/16/2025,Vol betalend,338
11/16/2025,Actie,850
11/16/2025,Accommodatie,82
11/16/2025,Scholen alleen entree,0
11/16/2025,Evenementen Scholen,0
11/16/2025,Evenementen met entree,65
11/16/2025,Groepen,44
11/16/2025,Gratis/ <3,182
11/16/2025,Abonnement,1104
11/17/2025,Vol betalend,68
11/17/2025,Actie,154
11/17/2025,Accommodatie,17
11/17/2025,Scholen alleen entree,0
11/17/2025,Evenementen Scholen,29
11/17/2025,Evenementen met entree,0
11/17/2025,Groepen,0
11/17/2025,Gratis/ <3,37
11/17/2025,Abonnement,195
11/18/2025,Vol betalend,68
11/18/2025,Actie,154
11/18/2025,Accommodatie,17
11/18/2025,Scholen alleen entree,0
11/18/2025,Evenementen Scholen,29
11/18/2025,Evenementen met entree,0
11/18/2025,Groepen,0
11/18/2025,Gratis/ <3,37
11/18/2025,Abonnement,195
11/19/2025,Vol betalend,102
11/19/2025,Actie,232
11/19/2025,Accommodatie,25
11/19/2025,Scholen alleen entree,0
11/19/2025,Evenementen Scholen,38
11/19/2025,Evenementen met entree,0
11/19/2025,Groepen,0
11/19/2025,Gratis/ <3,54
11/19/2025,Abonnement,299
11/20/2025,Vol betalend,68
11/20/2025,Actie,154
11/20/2025,Accommodatie,17
11/20/2025,Scholen alleen entree,0
11/20/2025,Evenementen Scholen,29
11/20/2025,Evenementen met entree,0
11/20/2025,Groepen,0
11/20/2025,Gratis/ <3,37
11/20/2025,Abonnement,195
11/21/2025,Vol betalend,68
11/21/2025,Actie,154
11/21/2025,Accommodatie,17
11/21/2025,Scholen alleen entree,10
11/21/2025,Evenementen Scholen,29
11/21/2025,Evenementen met entree,0
11/21/2025,Groepen,0
11/21/2025,Gratis/ <3,37
11/21/2025,Abonnement,185
11/22/2025,Vol betalend,271
11/22/2025,Actie,690
11/22/2025,Accommodatie,66
11/22/2025,Scholen alleen entree,0
11/22/2025,Evenementen Scholen,0
11/22/2025,Evenementen met entree,52
11/22/2025,Groepen,35
11/22/2025,Gratis/ <3,145
11/22/2025,Abonnement,901
11/23/2025,Vol betalend,338
11/23/2025,Actie,850
11/23/2025,Accommodatie,82
11/23/2025,Scholen alleen entree,0
11/23/2025,Evenementen Scholen,0
11/23/2025,Evenementen met entree,65
11/23/2025,Groepen,44
11/23/2025,Gratis/ <3,182
11/23/2025,Abonnement,1104
11/24/2025,Vol betalend,68
11/24/2025,Actie,154
11/24/2025,Accommodatie,17
11/24/2025,Scholen alleen entree,0
11/24/2025,Evenementen Scholen,29
11/24/2025,Evenementen met entree,0
11/24/2025,Groepen,0
11/24/2025,Gratis/ <3,37
11/24/2025,Abonnement,195
11/25/2025,Vol betalend,68
11/25/2025,Actie,154
11/25/2025,Accommodatie,17
11/25/2025,Scholen alleen entree,0
11/25/2025,Evenementen Scholen,29
11/25/2025,Evenementen met entree,0
11/25/2025,Groepen,0
11/25/2025,Gratis/ <3,37
11/25/2025,Abonnement,195
11/26/2025,Vol betalend,68
11/26/2025,Actie,154
11/26/2025,Accommodatie,17
11/26/2025,Scholen alleen entree,0
11/26/2025,Evenementen Scholen,29
11/26/2025,Evenementen met entree,0
11/26/2025,Groepen,0
11/26/2025,Gratis/ <3,37
11/26/2025,Abonnement,195
11/27/2025,Vol betalend,68
11/27/2025,Actie,154
11/27/2025,Accommodatie,17
11/27/2025,Scholen alleen entree,0
11/27/2025,Evenementen Scholen,29
11/27/2025,Evenementen met entree,0
11/27/2025,Groepen,0
11/27/2025,Gratis/ <3,37
11/27/2025,Abonnement,195
11/28/2025,Vol betalend,68
11/28/2025,Actie,154
11/28/2025,Accommodatie,17
11/28/2025,Scholen alleen entree,7
11/28/2025,Evenementen Scholen,29
11/28/2025,Evenementen met entree,0
11/28/2025,Groepen,0
11/28/2025,Gratis/ <3,37
11/28/2025,Abonnement,188
11/29/2025,Vol betalend,201
11/29/2025,Actie,534
11/29/2025,Accommodatie,50
11/29/2025,Scholen alleen entree,0
11/29/2025,Evenementen Scholen,0
11/29/2025,Evenementen met entree,40
11/29/2025,Groepen,25
11/29/2025,Gratis/ <3,109
11/29/2025,Abonnement,699
11/30/2025,Vol betalend,304
11/30/2025,Actie,772
11/30/2025,Accommodatie,75
11/30/2025,Scholen alleen entree,0
11/30/2025,Evenementen Scholen,0
11/30/2025,Evenementen met entree,60
11/30/2025,Groepen,38
11/30/2025,Gratis/ <3,163
11/30/2025,Abonnement,1002
12/1/2025,Vol betalend,21
12/1/2025,Actie,98
12/1/2025,Accommodatie,3
12/1/2025,Scholen alleen entree,0
12/1/2025,Evenementen Scholen,0
12/1/2025,Evenementen met entree,0
12/1/2025,Groepen,0
12/1/2025,Gratis/ <3,19
12/1/2025,Abonnement,159
12/2/2025,Vol betalend,21
12/2/2025,Actie,98
12/2/2025,Accommodatie,3
12/2/2025,Scholen alleen entree,0
12/2/2025,Evenementen Scholen,0
12/2/2025,Evenementen met entree,0
12/2/2025,Groepen,0
12/2/2025,Gratis/ <3,19
12/2/2025,Abonnement,159
12/3/2025,Vol betalend,21
12/3/2025,Actie,98
12/3/2025,Accommodatie,3
12/3/2025,Scholen alleen entree,0
12/3/2025,Evenementen Scholen,0
12/3/2025,Evenementen met entree,0
12/3/2025,Groepen,0
12/3/2025,Gratis/ <3,19
12/3/2025,Abonnement,159
12/4/2025,Vol betalend,21
12/4/2025,Actie,98
12/4/2025,Accommodatie,3
12/4/2025,Scholen alleen entree,0
12/4/2025,Evenementen Scholen,0
12/4/2025,Evenementen met entree,0
12/4/2025,Groepen,0
12/4/2025,Gratis/ <3,19
12/4/2025,Abonnement,159
12/5/2025,Vol betalend,21
12/5/2025,Actie,98
12/5/2025,Accommodatie,3
12/5/2025,Scholen alleen entree,0
12/5/2025,Evenementen Scholen,0
12/5/2025,Evenementen met entree,0
12/5/2025,Groepen,0
12/5/2025,Gratis/ <3,19
12/5/2025,Abonnement,159
12/6/2025,Vol betalend,73
12/6/2025,Actie,327
12/6/2025,Accommodatie,11
12/6/2025,Scholen alleen entree,0
12/6/2025,Evenementen Scholen,0
12/6/2025,Evenementen met entree,19
12/6/2025,Groepen,13
12/6/2025,Gratis/ <3,61
12/6/2025,Abonnement,496
12/7/2025,Vol betalend,73
12/7/2025,Actie,327
12/7/2025,Accommodatie,3
12/7/2025,Scholen alleen entree,0
12/7/2025,Evenementen Scholen,0
12/7/2025,Evenementen met entree,19
12/7/2025,Groepen,13
12/7/2025,Gratis/ <3,61
12/7/2025,Abonnement,504
12/8/2025,Vol betalend,21
12/8/2025,Actie,98
12/8/2025,Accommodatie,3
12/8/2025,Scholen alleen entree,0
12/8/2025,Evenementen Scholen,0
12/8/2025,Evenementen met entree,0
12/8/2025,Groepen,0
12/8/2025,Gratis/ <3,19
12/8/2025,Abonnement,159
12/9/2025,Vol betalend,21
12/9/2025,Actie,98
12/9/2025,Accommodatie,3
12/9/2025,Scholen alleen entree,0
12/9/2025,Evenementen Scholen,0
12/9/2025,Evenementen met entree,0
12/9/2025,Groepen,0
12/9/2025,Gratis/ <3,19
12/9/2025,Abonnement,159
12/10/2025,Vol betalend,21
12/10/2025,Actie,98
12/10/2025,Accommodatie,3
12/10/2025,Scholen alleen entree,0
12/10/2025,Evenementen Scholen,0
12/10/2025,Evenementen met entree,0
12/10/2025,Groepen,0
12/10/2025,Gratis/ <3,19
12/10/2025,Abonnement,159
12/11/2025,Vol betalend,21
12/11/2025,Actie,98
12/11/2025,Accommodatie,3
12/11/2025,Scholen alleen entree,0
12/11/2025,Evenementen Scholen,0
12/11/2025,Evenementen met entree,0
12/11/2025,Groepen,0
12/11/2025,Gratis/ <3,19
12/11/2025,Abonnement,159
12/12/2025,Vol betalend,21
12/12/2025,Actie,98
12/12/2025,Accommodatie,3
12/12/2025,Scholen alleen entree,0
12/12/2025,Evenementen Scholen,0
12/12/2025,Evenementen met entree,0
12/12/2025,Groepen,0
12/12/2025,Gratis/ <3,19
12/12/2025,Abonnement,159
12/13/2025,Vol betalend,73
12/13/2025,Actie,327
12/13/2025,Accommodatie,11
12/13/2025,Scholen alleen entree,0
12/13/2025,Evenementen Scholen,0
12/13/2025,Evenementen met entree,19
12/13/2025,Groepen,13
12/13/2025,Gratis/ <3,61
12/13/2025,Abonnement,496
12/14/2025,Vol betalend,108
12/14/2025,Actie,490
12/14/2025,Accommodatie,17
12/14/2025,Scholen alleen entree,0
12/14/2025,Evenementen Scholen,0
12/14/2025,Evenementen met entree,29
12/14/2025,Groepen,19
12/14/2025,Gratis/ <3,93
12/14/2025,Abonnement,744
12/15/2025,Vol betalend,21
12/15/2025,Actie,98
12/15/2025,Accommodatie,3
12/15/2025,Scholen alleen entree,0
12/15/2025,Evenementen Scholen,0
12/15/2025,Evenementen met entree,0
12/15/2025,Groepen,0
12/15/2025,Gratis/ <3,19
12/15/2025,Abonnement,159
12/16/2025,Vol betalend,21
12/16/2025,Actie,98
12/16/2025,Accommodatie,3
12/16/2025,Scholen alleen entree,0
12/16/2025,Evenementen Scholen,0
12/16/2025,Evenementen met entree,0
12/16/2025,Groepen,0
12/16/2025,Gratis/ <3,19
12/16/2025,Abonnement,159
12/17/2025,Vol betalend,21
12/17/2025,Actie,98
12/17/2025,Accommodatie,3
12/17/2025,Scholen alleen entree,0
12/17/2025,Evenementen Scholen,0
12/17/2025,Evenementen met entree,0
12/17/2025,Groepen,0
12/17/2025,Gratis/ <3,19
12/17/2025,Abonnement,159
12/18/2025,Vol betalend,21
12/18/2025,Actie,98
12/18/2025,Accommodatie,3
12/18/2025,Scholen alleen entree,0
12/18/2025,Evenementen Scholen,0
12/18/2025,Evenementen met entree,0
12/18/2025,Groepen,0
12/18/2025,Gratis/ <3,19
12/18/2025,Abonnement,159
12/19/2025,Vol betalend,21
12/19/2025,Actie,98
12/19/2025,Accommodatie,3
12/19/2025,Scholen alleen entree,0
12/19/2025,Evenementen Scholen,0
12/19/2025,Evenementen met entree,0
12/19/2025,Groepen,0
12/19/2025,Gratis/ <3,19
12/19/2025,Abonnement,159
12/20/2025,Vol betalend,1030
12/20/2025,Actie,1407
12/20/2025,Accommodatie,50
12/20/2025,Scholen alleen entree,0
12/20/2025,Evenementen Scholen,0
12/20/2025,Evenementen met entree,87
12/20/2025,Groepen,58
12/20/2025,Gratis/ <3,277
12/20/2025,Abonnement,1691
12/21/2025,Vol betalend,1030
12/21/2025,Actie,1407
12/21/2025,Accommodatie,50
12/21/2025,Scholen alleen entree,0
12/21/2025,Evenementen Scholen,0
12/21/2025,Evenementen met entree,87
12/21/2025,Groepen,58
12/21/2025,Gratis/ <3,277
12/21/2025,Abonnement,1691
12/22/2025,Vol betalend,915
12/22/2025,Actie,1250
12/22/2025,Accommodatie,45
12/22/2025,Scholen alleen entree,0
12/22/2025,Evenementen Scholen,0
12/22/2025,Evenementen met entree,0
12/22/2025,Groepen,0
12/22/2025,Gratis/ <3,247
12/22/2025,Abonnement,1593
12/23/2025,Vol betalend,915
12/23/2025,Actie,1250
12/23/2025,Accommodatie,45
12/23/2025,Scholen alleen entree,0
12/23/2025,Evenementen Scholen,0
12/23/2025,Evenementen met entree,0
12/23/2025,Groepen,0
12/23/2025,Gratis/ <3,247
12/23/2025,Abonnement,1618
12/24/2025,Vol betalend,915
12/24/2025,Actie,1250
12/24/2025,Accommodatie,45
12/24/2025,Scholen alleen entree,0
12/24/2025,Evenementen Scholen,0
12/24/2025,Evenementen met entree,0
12/24/2025,Groepen,0
12/24/2025,Gratis/ <3,247
12/24/2025,Abonnement,1618
12/25/2025,Vol betalend,73
12/25/2025,Actie,327
12/25/2025,Accommodatie,12
12/25/2025,Scholen alleen entree,0
12/25/2025,Evenementen Scholen,0
12/25/2025,Evenementen met entree,0
12/25/2025,Groepen,0
12/25/2025,Gratis/ <3,62
12/25/2025,Abonnement,526
12/26/2025,Vol betalend,1375
12/26/2025,Actie,1876
12/26/2025,Accommodatie,67
12/26/2025,Scholen alleen entree,0
12/26/2025,Evenementen Scholen,0
12/26/2025,Evenementen met entree,0
12/26/2025,Groepen,0
12/26/2025,Gratis/ <3,371
12/26/2025,Abonnement,2311
12/27/2025,Vol betalend,1490
12/27/2025,Actie,2032
12/27/2025,Accommodatie,72
12/27/2025,Scholen alleen entree,0
12/27/2025,Evenementen Scholen,0
12/27/2025,Evenementen met entree,125
12/27/2025,Groepen,83
12/27/2025,Gratis/ <3,401
12/27/2025,Abonnement,2397
12/28/2025,Vol betalend,1490
12/28/2025,Actie,2032
12/28/2025,Accommodatie,72
12/28/2025,Scholen alleen entree,0
12/28/2025,Evenementen Scholen,0
12/28/2025,Evenementen met entree,125
12/28/2025,Groepen,83
12/28/2025,Gratis/ <3,401
12/28/2025,Abonnement,2397
12/29/2025,Vol betalend,1600
12/29/2025,Actie,2188
12/29/2025,Accommodatie,77
12/29/2025,Scholen alleen entree,0
12/29/2025,Evenementen Scholen,0
12/29/2025,Evenementen met entree,0
12/29/2025,Groepen,0
12/29/2025,Gratis/ <3,431
12/29/2025,Abonnement,2704
12/30/2025,Vol betalend,1825
12/30/2025,Actie,2501
12/30/2025,Accommodatie,88
12/30/2025,Scholen alleen entree,0
12/30/2025,Evenementen Scholen,0
12/30/2025,Evenementen met entree,0
12/30/2025,Groepen,0
12/30/2025,Gratis/ <3,493
12/30/2025,Abonnement,3093
12/31/2025,Vol betalend,0
12/31/2025,Actie,0
12/31/2025,Accommodatie,0
12/31/2025,Scholen alleen entree,0
12/31/2025,Evenementen Scholen,0
12/31/2025,Evenementen met entree,0
12/31/2025,Groepen,0
12/31/2025,Gratis/ <3,0
12/31/2025,Abonnement,0
