AccessGroupId,Date,yhat
1,2025-09-08,149.98936293416415
1,2025-09-09,117.20022312311809
1,2025-09-10,131.75563905329665
1,2025-09-11,111.03756994492507
1,2025-09-12,73.39355108141814
1,2025-09-13,262.30571258383156
1,2025-09-14,323.6807720826057
1,2025-09-15,134.82276862314365
1,2025-09-16,134.54144508481497
1,2025-09-17,148.22745450276042
1,2025-09-18,149.8782813021156
1,2025-09-19,139.43606001923888
1,2025-09-20,311.53237867799
1,2025-09-21,358.1754026702825
1,2025-09-22,133.95565287243625
1,2025-09-23,133.47845947900876
1,2025-09-24,152.4034338078416
1,2025-09-25,146.61213300033305
1,2025-09-26,90.79783108837401
1,2025-09-27,207.85467951139927
1,2025-09-28,210.43482692764624
1,2025-09-29,99.61256467416905
1,2025-09-30,101.780010987649
1,2025-10-01,77.03541922582463
1,2025-10-02,69.22979943080645
1,2025-10-03,99.18488187598315
1,2025-10-04,221.3426423634386
1,2025-10-05,247.9888206705037
1,2025-10-06,115.57637200475934
1,2025-10-07,117.67225782397504
1,2025-10-08,130.0950993114276
1,2025-10-09,130.30263154094914
1,2025-10-10,126.57423461072192
1,2025-10-11,225.46957182411973
1,2025-10-12,264.06946756057863
1,2025-10-13,178.68752224154755
1,2025-10-14,113.96320593737016
1,2025-10-15,144.49328336942298
1,2025-10-16,149.92143220719854
1,2025-10-17,159.3649194886585
1,2025-10-18,243.9283054608237
1,2025-10-19,265.47508275540434
1,2025-10-20,126.4780948428875
1,2025-10-21,134.7061134320537
1,2025-10-22,152.22569749295147
1,2025-10-23,109.41323816766283
1,2025-10-24,133.91732463170334
1,2025-10-25,213.26713660121695
1,2025-10-26,239.18275830408393
1,2025-10-27,103.71857083735213
1,2025-10-28,101.32988636749772
1,2025-10-29,119.02641449779463
1,2025-10-30,104.72848561328918
1,2025-10-31,127.12438006638183
1,2025-11-01,178.03085373049896
1,2025-11-02,195.76698652970737
1,2025-11-03,67.6817490592223
1,2025-11-04,71.88861940103362
1,2025-11-05,86.41995297791775
1,2025-11-06,90.8400610922889
1,2025-11-07,94.98338108827765
1,2025-11-08,155.44325150147688
1,2025-11-09,174.05144676014325
1,2025-11-10,58.62167443131149
1,2025-11-11,59.809844704214655
1,2025-11-12,55.93728506769674
1,2025-11-13,59.60381482844995
1,2025-11-14,64.55752465952177
1,2025-11-15,136.30728538053066
1,2025-11-16,161.10075265150152
1,2025-11-17,55.87394594369804
1,2025-11-18,34.53975342025327
1,2025-11-19,40.95075077636591
1,2025-11-20,33.17126484357511
1,2025-11-21,36.0049873858465
1,2025-11-22,90.31773628981293
1,2025-11-23,124.12032581348987
1,2025-11-24,24.736519849063754
1,2025-11-25,24.239577246023373
1,2025-11-26,26.939216185122508
1,2025-11-27,26.233739407465784
1,2025-11-28,21.508848141347094
1,2025-11-29,71.7970596858636
1,2025-11-30,90.87781683845148
1,2025-12-01,31.914692142659217
1,2025-12-02,23.14872859094539
1,2025-12-03,22.912902940965026
1,2025-12-04,21.090298821617235
1,2025-12-05,20.094461823400124
1,2025-12-06,50.273712001847336
1,2025-12-07,58.07259391632514
1,2025-12-08,24.908444247959206
1,2025-12-09,19.227823563160356
1,2025-12-10,18.148742684342082
1,2025-12-11,16.965221234432736
1,2025-12-12,17.40558751102223
1,2025-12-13,40.391269318843115
1,2025-12-14,49.72007701212881
1,2025-12-15,21.88449555442326
1,2025-12-16,16.16116962169892
1,2025-12-17,16.607282935568044
1,2025-12-18,15.371072055958663
1,2025-12-19,13.701786872695552
1,2025-12-20,19.34993642059865
1,2025-12-21,36.18286766997901
1,2025-12-22,41.343949199432394
1,2025-12-23,30.566507395277668
1,2025-12-24,39.23083785313644
1,2025-12-25,43.55886767961287
1,2025-12-26,63.776914443198514
1,2025-12-27,79.34898247553295
1,2025-12-28,102.98664349537785
1,2025-12-29,114.10280429736086
1,2025-12-30,132.0802627401844
1,2025-12-31,165.4777804184
1,2026-01-01,76.58386062345846
1,2026-01-02,81.11138054997507
1,2026-01-03,119.66563201451991
1,2026-01-04,129.19069991767904
1,2026-01-05,42.63045600902311
1,2026-01-06,43.30401083240919
1,2026-01-07,37.336775889569715
1,2026-01-08,35.34736083387928
1,2026-01-09,29.307894667871153
1,2026-01-10,66.3576053310381
1,2026-01-11,83.15114852738553
1,2026-01-12,26.94957734143291
1,2026-01-13,19.67575672687743
1,2026-01-14,18.34216901701953
1,2026-01-15,14.842198939925822
1,2026-01-16,15.857612231435638
1,2026-01-17,49.15295050192623
1,2026-01-18,68.95663554905724
1,2026-01-19,32.06600884356129
1,2026-01-20,25.19989445062891
1,2026-01-21,26.28284354166277
1,2026-01-22,13.981806968162276
1,2026-01-23,9.985652835058904
1,2026-01-24,44.19771821926982
1,2026-01-25,65.85917979562458
1,2026-01-26,31.147392253840987
1,2026-01-27,25.586054849277026
1,2026-01-28,29.366202473066625
1,2026-01-29,27.954637064577696
1,2026-01-30,29.009583091621856
1,2026-01-31,67.88602157632634
1,2026-02-01,75.14663572925699
1,2026-02-02,39.26657842754177
1,2026-02-03,30.02629014322497
1,2026-02-04,28.831701433043815
1,2026-02-05,28.482887343587496
1,2026-02-06,18.8524079321902
1,2026-02-07,54.205828425371614
1,2026-02-08,71.27795760418667
1,2026-02-09,33.82474032752212
1,2026-02-10,27.295352297533345
1,2026-02-11,16.43375552709244
1,2026-02-12,21.890149936288527
1,2026-02-13,27.510927712755308
1,2026-02-14,44.23826600747338
1,2026-02-15,67.26589754130086
1,2026-02-16,36.923246556324266
1,2026-02-17,31.337996817837556
1,2026-02-18,19.372893241688022
1,2026-02-19,22.997313265700587
1,2026-02-20,28.314710384339197
1,2026-02-21,53.35793573509434
1,2026-02-22,71.92720646356685
1,2026-02-23,40.450242341472624
1,2026-02-24,34.18456274652703
1,2026-02-25,33.831174953541804
1,2026-02-26,30.95869495644981
1,2026-02-27,31.30764194539899
1,2026-02-28,56.74375318126283
1,2026-03-01,72.39236096959924
1,2026-03-02,37.53211275951943
1,2026-03-03,33.541220937607065
1,2026-03-04,35.72579492267404
1,2026-03-05,31.334676415930495
1,2026-03-06,31.726607600536113
1,2026-03-07,54.46878493843071
1,2026-03-08,72.55650226509836
1,2026-03-09,40.212672336018
1,2026-03-10,33.541220937607065
1,2026-03-11,34.42720591990432
1,2026-03-12,29.230840671725122
1,2026-03-13,33.496022323088646
1,2026-03-14,55.272251387035546
1,2026-03-15,73.83017535128339
1,2026-03-16,40.794677408083174
1,2026-03-17,34.123226009672244
1,2026-03-18,40.83724736815488
1,2026-03-19,34.51358338786498
1,2026-03-20,40.54550723033747
1,2026-03-21,68.29186235629413
1,2026-03-22,85.26745005343594
1,2026-03-23,46.7785194192458
1,2026-03-24,43.26983478412689
1,2026-03-25,30.97454138586151
1,2026-03-26,51.09251326692954
1,2026-03-27,59.43100600874622
1,2026-03-28,93.66103241692191
1,2026-03-29,115.86121569037506
1,2026-03-30,61.96607981553895
1,2026-03-31,53.29806589570927
1,2026-04-01,73.01456666709886
1,2026-04-02,44.61818425341577
1,2026-04-03,56.38861418763649
1,2026-04-04,88.64752482800142
1,2026-04-05,99.7191125726467
1,2026-04-06,59.76079882416407
1,2026-04-07,54.88051556248324
1,2026-04-08,61.551116141554125
1,2026-04-09,54.94124495121811
1,2026-04-10,56.87327452655707
1,2026-04-11,102.28960727341075
1,2026-04-12,119.19404063691121
1,2026-04-13,65.11754310856635
1,2026-04-14,58.06014404485683
1,2026-04-15,35.10864985836962
1,2026-04-16,32.07926068361781
1,2026-04-17,32.56038045888886
1,2026-04-18,91.54485865801453
1,2026-04-19,122.69984497681928
1,2026-04-20,38.92266831360133
1,2026-04-21,31.36049157567747
1,2026-04-22,48.41862098611288
1,2026-04-23,51.62806498343324
1,2026-04-24,37.51019381470403
1,2026-04-25,101.13220537809599
1,2026-04-26,120.53745635387362
1,2026-04-27,66.89561679697287
1,2026-04-28,60.613679726621015
1,2026-04-29,73.75901739716285
1,2026-04-30,73.80378633799003
1,2026-05-01,85.48075135645762
1,2026-05-02,131.89862277081843
1,2026-05-03,153.726263926827
1,2026-05-04,84.4383461537479
1,2026-05-05,81.66162960207481
1,2026-05-06,68.80378220528499
1,2026-05-07,83.93905937401179
1,2026-05-08,91.96735312728201
1,2026-05-09,147.43922563534247
1,2026-05-10,171.3650207291461
1,2026-05-11,84.95735188960207
1,2026-05-12,86.54398898141977
1,2026-05-13,95.76576449990266
1,2026-05-14,99.5954881990611
1,2026-05-15,100.30981437706767
1,2026-05-16,150.45898972710003
1,2026-05-17,188.5555109773783
1,2026-05-18,89.7107375526072
1,2026-05-19,100.19461852249349
1,2026-05-20,108.107879052559
1,2026-05-21,111.67739866876785
1,2026-05-22,112.0368099492546
1,2026-05-23,122.76183583292433
1,2026-05-24,190.47977668815278
1,2026-05-25,86.90744244883639
1,2026-05-26,91.55737275401864
1,2026-05-27,76.2086091265261
1,2026-05-28,91.5790925802415
1,2026-05-29,84.20209476766608
1,2026-05-30,141.2109707397003
1,2026-05-31,219.1681872305464
1,2026-06-01,85.74370534138475
1,2026-06-02,92.09719114880426
1,2026-06-03,111.20846892880712
1,2026-06-04,118.09406747641734
1,2026-06-05,129.43886227458947
1,2026-06-06,148.9111787972802
1,2026-06-07,226.27060814090538
1,2026-06-08,64.19750386176288
1,2026-06-09,92.02536954709305
1,2026-06-10,116.71875959819572
1,2026-06-11,67.45586216614221
1,2026-06-12,105.11486660733236
1,2026-06-13,174.67836946509954
1,2026-06-14,240.46634211837508
1,2026-06-15,97.16956010555525
1,2026-06-16,93.38617033177303
1,2026-06-17,113.42660375734708
1,2026-06-18,119.56796081606451
1,2026-06-19,90.56413994665118
1,2026-06-20,237.1210725366281
1,2026-06-21,284.3677685386661
1,2026-06-22,112.55879041444162
1,2026-06-23,115.97486581039924
1,2026-06-24,127.41378117263407
1,2026-06-25,135.62765389611312
1,2026-06-26,138.67427297228468
1,2026-06-27,208.240499182633
1,2026-06-28,190.88373626023528
1,2026-06-29,95.16506694324629
1,2026-06-30,106.43820998140613
1,2026-07-01,99.77223485309403
1,2026-07-02,76.68505234472754
1,2026-07-03,104.10328589603265
1,2026-07-04,203.7122976600308
1,2026-07-05,236.8823708381702
1,2026-07-06,67.52845732468836
1,2026-07-07,84.82353062158863
1,2026-07-08,111.89549451050698
1,2026-07-09,117.4680573274159
1,2026-07-10,138.5349732990916
1,2026-07-11,234.15195269220206
1,2026-07-12,285.63915715133567
1,2026-07-13,93.27044505634495
1,2026-07-14,125.92867283885401
1,2026-07-15,152.78525573502264
1,2026-07-16,157.29276831325183
1,2026-07-17,104.78241032669952
1,2026-07-18,231.95477826934143
1,2026-07-19,269.4698534813553
1,2026-07-20,74.52869237689028
1,2026-07-21,72.54058720704168
1,2026-07-22,77.26901642658738
1,2026-07-23,116.04247042517511
1,2026-07-24,117.36955315535661
1,2026-07-25,229.86695796458082
1,2026-07-26,282.099375845772
1,2026-07-27,134.37111141330044
1,2026-07-28,138.6248535223349
1,2026-07-29,172.09010568045633
1,2026-07-30,169.5658016095572
1,2026-07-31,168.32538238820803
1,2026-08-01,234.05385914788508
1,2026-08-02,215.81571327605573
1,2026-08-03,134.61229770127673
1,2026-08-04,143.91404000734374
1,2026-08-05,181.28087943744484
1,2026-08-06,175.590665703927
1,2026-08-07,165.43103420927727
1,2026-08-08,244.05494527090147
1,2026-08-09,284.6185580212177
1,2026-08-10,153.73306151883597
1,2026-08-11,162.8740125069063
1,2026-08-12,188.01412322735752
1,2026-08-13,148.76880063167175
1,2026-08-14,92.80418699709247
1,2026-08-15,190.89100749609625
1,2026-08-16,257.86647762255274
1,2026-08-17,128.3090898245916
1,2026-08-18,147.20970994713485
1,2026-08-19,171.75039851860822
1,2026-08-20,172.51023600594954
1,2026-08-21,166.9269013465513
1,2026-08-22,219.41399469602018
1,2026-08-23,285.0255106582452
1,2026-08-24,135.95708863377635
1,2026-08-25,133.52814722210485
1,2026-08-26,153.12074611678824
1,2026-08-27,154.35352739628004
1,2026-08-28,141.54612713692634
1,2026-08-29,215.81326424844298
1,2026-08-30,242.6109933733304
1,2026-08-31,110.68434733682996
1,2026-09-01,79.500515341711
1,2026-09-02,104.78622559219419
1,2026-09-03,109.85175994284221
1,2026-09-04,113.31173525591879
1,2026-09-05,218.5687104583715
1,2026-09-06,273.8727909487606
1,2026-09-07,91.48415010622251
10,2025-09-08,71.13196556763707
10,2025-09-09,37.82050130439876
10,2025-09-10,43.565840927013234
10,2025-09-11,32.22847375659153
10,2025-09-12,22.717164156635324
10,2025-09-13,91.44021578773821
10,2025-09-14,110.61385713927884
10,2025-09-15,65.56264648523116
10,2025-09-16,50.8388870142054
10,2025-09-17,51.64033101778664
10,2025-09-18,48.24278414141548
10,2025-09-19,51.28194352142606
10,2025-09-20,109.64221126896075
10,2025-09-21,119.18514986347498
10,2025-09-22,62.40028289295893
10,2025-09-23,49.62818591150163
10,2025-09-24,51.88570212403733
10,2025-09-25,48.867869343167754
10,2025-09-26,37.92897142897974
10,2025-09-27,58.874889570476356
10,2025-09-28,70.60277204505297
10,2025-09-29,50.10831086394895
10,2025-09-30,42.699956453867834
10,2025-10-01,31.397307154884928
10,2025-10-02,22.017997718213774
10,2025-10-03,43.733572957137426
10,2025-10-04,96.69953375440483
10,2025-10-05,93.49768795747843
10,2025-10-06,62.41204895733687
10,2025-10-07,71.96573551228794
10,2025-10-08,66.15372228509558
10,2025-10-09,76.11606289928103
10,2025-10-10,63.58894230719941
10,2025-10-11,86.75884371413822
10,2025-10-12,92.84818414490614
10,2025-10-13,78.68749512631675
10,2025-10-14,54.26870489334619
10,2025-10-15,62.67175117501893
10,2025-10-16,62.91302106648246
10,2025-10-17,61.16441475707084
10,2025-10-18,91.78186713069476
10,2025-10-19,95.41070505925013
10,2025-10-20,50.33929619952993
10,2025-10-21,51.706358375803056
10,2025-10-22,52.59516939836291
10,2025-10-23,39.26240004509263
10,2025-10-24,46.473944074817425
10,2025-10-25,76.84932561196563
10,2025-10-26,83.76828374816887
10,2025-10-27,53.16635929404119
10,2025-10-28,44.51758071751344
10,2025-10-29,47.85564149532547
10,2025-10-30,45.13901070865047
10,2025-10-31,61.01036967332981
10,2025-11-01,75.35367879350943
10,2025-11-02,74.54416424321155
10,2025-11-03,41.15083336545924
10,2025-11-04,33.252371951789776
10,2025-11-05,37.76771366376129
10,2025-11-06,31.06865853692294
10,2025-11-07,33.02407110797873
10,2025-11-08,52.446224604404314
10,2025-11-09,52.29944073657232
10,2025-11-10,26.960419788367826
10,2025-11-11,21.443876612877787
10,2025-11-12,16.59143937830689
10,2025-11-13,16.354395528149343
10,2025-11-14,17.607701839404534
10,2025-11-15,35.54530674542726
10,2025-11-16,37.37952153022754
10,2025-11-17,20.437398359985977
10,2025-11-18,8.012621103495864
10,2025-11-19,9.356367908742783
10,2025-11-20,4.83739925062064
10,2025-11-21,3.7913093897944288
10,2025-11-22,20.06947495731956
10,2025-11-23,22.815222635363494
10,2025-11-24,5.382154444391622
10,2025-11-25,1.294211409371237
10,2025-11-26,3.3482915977994017
10,2025-11-27,7.312714570539087
10,2025-11-28,-0.6648900945048174
10,2025-11-29,11.536309854165541
10,2025-11-30,10.93554902093345
10,2025-12-01,4.658713895593972
10,2025-12-02,4.609136942585333
10,2025-12-03,6.7012770623227205
10,2025-12-04,5.8607397361677505
10,2025-12-05,6.553238326602338
10,2025-12-06,5.457724264679829
10,2025-12-07,1.205339139001674
10,2025-12-08,4.39616210275345
10,2025-12-09,4.348626568816359
10,2025-12-10,6.3445131606275655
10,2025-12-11,5.699812488723555
10,2025-12-12,6.357052469749814
10,2025-12-13,10.342121719029779
10,2025-12-14,9.630308801490651
10,2025-12-15,4.518682771592176
10,2025-12-16,5.005842568202552
10,2025-12-17,7.5070631383199755
10,2025-12-18,6.266513427267596
10,2025-12-19,6.36483629447329
10,2025-12-20,1.5033624136705275
10,2025-12-21,10.120578358708766
10,2025-12-22,12.232641650627821
10,2025-12-23,5.543095973686092
10,2025-12-24,13.395353462495255
10,2025-12-25,15.167074172574956
10,2025-12-26,22.17081073846533
10,2025-12-27,29.83473154263448
10,2025-12-28,38.15114705515019
10,2025-12-29,50.4121237583465
10,2025-12-30,66.10685185027195
10,2025-12-31,88.30593028753299
10,2026-01-01,22.670656513939196
10,2026-01-02,13.65810774939968
10,2026-01-03,32.16289530443606
10,2026-01-04,39.69150397941455
10,2026-01-05,8.166930847973756
10,2026-01-06,15.024563407710891
10,2026-01-07,16.802092786187277
10,2026-01-08,8.487027970625007
10,2026-01-09,2.088743743962463
10,2026-01-10,5.654622732658448
10,2026-01-11,7.395547158163561
10,2026-01-12,-1.1905547460600239
10,2026-01-13,-0.7830964718147841
10,2026-01-14,4.997198060478285
10,2026-01-15,-0.4328158441793428
10,2026-01-16,0.9958744339328615
10,2026-01-17,4.924983579035355
10,2026-01-18,10.15983022817238
10,2026-01-19,5.746471460120531
10,2026-01-20,5.70121941670324
10,2026-01-21,7.733065299672964
10,2026-01-22,-0.4188790674316112
10,2026-01-23,-0.15339717245071965
10,2026-01-24,11.84869684482893
10,2026-01-25,11.508420567862174
10,2026-01-26,5.775706705749691
10,2026-01-27,6.432283321384214
10,2026-01-28,9.31467878017676
10,2026-01-29,7.029842497660041
10,2026-01-30,8.906705861989582
10,2026-01-31,14.630110866822989
10,2026-02-01,14.166241743166797
10,2026-02-02,8.645527914613954
10,2026-02-03,8.069299813686278
10,2026-02-04,9.327949212945573
10,2026-02-05,8.048928701899777
10,2026-02-06,0.9370414082147714
10,2026-02-07,13.674193878446278
10,2026-02-08,13.925834302264104
10,2026-02-09,7.627972886599134
10,2026-02-10,7.773352875481858
10,2026-02-11,1.3008131004609447
10,2026-02-12,7.008307043053666
10,2026-02-13,10.112837793701111
10,2026-02-14,7.488742316628652
10,2026-02-15,12.900929235443057
10,2026-02-16,9.885505287539328
10,2026-02-17,10.407299873837156
10,2026-02-18,2.4868492174463985
10,2026-02-19,9.53252475922298
10,2026-02-20,11.21999365139697
10,2026-02-21,15.153938265278637
10,2026-02-22,16.331625559682557
10,2026-02-23,11.911407925146436
10,2026-02-24,10.341567243110495
10,2026-02-25,10.904482139048074
10,2026-02-26,9.108799149496546
10,2026-02-27,10.330266044758327
10,2026-02-28,14.411631353180315
10,2026-03-01,14.00506587778388
10,2026-03-02,8.695738897195259
10,2026-03-03,7.916382285844569
10,2026-03-04,9.748263737118616
10,2026-03-05,7.812109151456366
10,2026-03-06,9.483756947628256
10,2026-03-07,14.254583341112742
10,2026-03-08,14.605154986740176
10,2026-03-09,8.901396618628977
10,2026-03-10,7.916382285844569
10,2026-03-11,9.748263737118616
10,2026-03-12,8.155550708644654
10,2026-03-13,9.64080495969583
10,2026-03-14,14.254583341112742
10,2026-03-15,14.605154986740176
10,2026-03-16,9.042716220053626
10,2026-03-17,8.057701887269214
10,2026-03-18,10.73645365093769
10,2026-03-19,8.81160774943517
10,2026-03-20,10.610650047744329
10,2026-03-21,15.762259608010051
10,2026-03-22,15.642050883483208
10,2026-03-23,10.466180654679388
10,2026-03-24,8.910484996759688
10,2026-03-25,1.007337064682304
10,2026-03-26,14.384114162916699
10,2026-03-27,18.741848518458557
10,2026-03-28,18.85877721949587
10,2026-03-29,19.87764708152193
10,2026-03-30,15.145085381715763
10,2026-03-31,13.490044273115934
10,2026-04-01,13.403234577977637
10,2026-04-02,2.9767344429685156
10,2026-04-03,13.570883601969458
10,2026-04-04,17.064736870859996
10,2026-04-05,16.593644995408155
10,2026-04-06,11.799594039735197
10,2026-04-07,11.622036761805326
10,2026-04-08,11.796198792374684
10,2026-04-09,9.75372639202223
10,2026-04-10,13.76937139969947
10,2026-04-11,20.907805331914712
10,2026-04-12,20.10494325791984
10,2026-04-13,16.72666825630815
10,2026-04-14,16.047957517311623
10,2026-04-15,3.086597046410308
10,2026-04-16,3.661225990558552
10,2026-04-17,3.7370759850909336
10,2026-04-18,19.873293440546572
10,2026-04-19,19.04153128896273
10,2026-04-20,3.0460732519642355
10,2026-04-21,1.4834430716939333
10,2026-04-22,12.019015463048184
10,2026-04-23,10.796420433268745
10,2026-04-24,2.4913006177720534
10,2026-04-25,15.63832437718196
10,2026-04-26,17.24357182476288
10,2026-04-27,14.414895150905235
10,2026-04-28,12.732030585483788
10,2026-04-29,18.112142637251026
10,2026-04-30,21.679772713458018
10,2026-05-01,25.827292844544196
10,2026-05-02,33.1879274107452
10,2026-05-03,32.78275412271007
10,2026-05-04,21.694338396901944
10,2026-05-05,17.82589151322745
10,2026-05-06,7.475588635017603
10,2026-05-07,13.081614613198592
10,2026-05-08,13.929305466963946
10,2026-05-09,23.899579770982193
10,2026-05-10,23.82096843874863
10,2026-05-11,14.940796359987413
10,2026-05-12,12.181264159414043
10,2026-05-13,12.943455049137286
10,2026-05-14,11.40931695089352
10,2026-05-15,12.148923844160844
10,2026-05-16,17.45623570858233
10,2026-05-17,20.02255362932354
10,2026-05-18,15.414223330879109
10,2026-05-19,13.949979217423222
10,2026-05-20,15.207176965122729
10,2026-05-21,14.794275476171613
10,2026-05-22,13.293700295791933
10,2026-05-23,8.828711450705143
10,2026-05-24,22.561741657122294
10,2026-05-25,17.185610739541858
10,2026-05-26,14.640200048853039
10,2026-05-27,7.651822231245026
10,2026-05-28,5.872833882818074
10,2026-05-29,5.666501276769609
10,2026-05-30,16.236783412463982
10,2026-05-31,21.08667692188703
10,2026-06-01,14.626657649585741
10,2026-06-02,11.701668015744723
10,2026-06-03,12.00588392755543
10,2026-06-04,11.045833816023883
10,2026-06-05,13.10454600849654
10,2026-06-06,9.022606519099373
10,2026-06-07,17.37896009922373
10,2026-06-08,4.315986643254855
10,2026-06-09,9.658413489773539
10,2026-06-10,11.72653856894222
10,2026-06-11,0.1213792894029804
10,2026-06-12,10.461551306243356
10,2026-06-13,15.457795399033445
10,2026-06-14,16.948137687146634
10,2026-06-15,12.351902631623107
10,2026-06-16,4.097464504564404
10,2026-06-17,11.46025012687656
10,2026-06-18,14.566532118901574
10,2026-06-19,7.4072027420691535
10,2026-06-20,15.684666529027893
10,2026-06-21,17.823784938918347
10,2026-06-22,9.346565933944515
10,2026-06-23,10.495492230879302
10,2026-06-24,11.696645698081246
10,2026-06-25,12.530128038318026
10,2026-06-26,10.096376766242471
10,2026-06-27,16.973055779644863
10,2026-06-28,8.390032837706848
10,2026-06-29,7.167263418909987
10,2026-06-30,7.76947178463952
10,2026-07-01,22.741681612686317
10,2026-07-02,8.184397318859508
10,2026-07-03,10.982352352707089
10,2026-07-04,15.330500208468639
10,2026-07-05,16.224139004911933
10,2026-07-06,8.405115284187888
10,2026-07-07,6.717333119145636
10,2026-07-08,13.680444129535731
10,2026-07-09,12.535641356737628
10,2026-07-10,11.353432676757686
10,2026-07-11,15.31008292901396
10,2026-07-12,16.237262049135552
10,2026-07-13,4.646994039429135
10,2026-07-14,13.047030491749648
10,2026-07-15,13.878369416569159
10,2026-07-16,14.47039160507412
10,2026-07-17,7.109902793021047
10,2026-07-18,14.582242970655233
10,2026-07-19,14.342921283329643
10,2026-07-20,3.8531590263482207
10,2026-07-21,0.9945864482391212
10,2026-07-22,-0.026366160127313354
10,2026-07-23,15.168958015783423
10,2026-07-24,12.97839895504682
10,2026-07-25,15.457499586093759
10,2026-07-26,15.795894724223505
10,2026-07-27,14.374476723500033
10,2026-07-28,13.720583477224494
10,2026-07-29,15.976886202634859
10,2026-07-30,18.04540713194304
10,2026-07-31,17.57806721103169
10,2026-08-01,19.23691420554697
10,2026-08-02,13.136534784812522
10,2026-08-03,15.170181790131199
10,2026-08-04,13.027465365336528
10,2026-08-05,15.081905273857181
10,2026-08-06,17.451368611684792
10,2026-08-07,16.9151496734216
10,2026-08-08,19.820510191233577
10,2026-08-09,18.818498894813466
10,2026-08-10,16.274331186141065
10,2026-08-11,16.5193557800598
10,2026-08-12,16.208838423936317
10,2026-08-13,14.230944369122339
10,2026-08-14,-2.3278287594272458
10,2026-08-15,7.357824768427374
10,2026-08-16,12.980338223320208
10,2026-08-17,11.495395492499519
10,2026-08-18,12.782147350747072
10,2026-08-19,13.631361865997032
10,2026-08-20,14.696833091508395
10,2026-08-21,13.541454700626863
10,2026-08-22,15.83420076689095
10,2026-08-23,18.140532439106636
10,2026-08-24,14.884363031026773
10,2026-08-25,13.487824673260207
10,2026-08-26,12.847818984127368
10,2026-08-27,12.946474105075183
10,2026-08-28,12.128374333874397
10,2026-08-29,16.23201898751242
10,2026-08-30,16.835083544041957
10,2026-08-31,13.341259812570451
10,2026-09-01,1.2552478867086152
10,2026-09-02,10.96257320762554
10,2026-09-03,9.767888744596384
10,2026-09-04,9.478006484689912
10,2026-09-05,13.139812211873732
10,2026-09-06,12.856174055708049
10,2026-09-07,5.989291737677852
11,2025-09-08,164.68058689012642
11,2025-09-09,105.93375667429585
11,2025-09-10,124.33065676517995
11,2025-09-11,94.65738467899958
11,2025-09-12,84.70350287079508
11,2025-09-13,281.6105619592062
11,2025-09-14,355.3937821094783
11,2025-09-15,145.4442110967882
11,2025-09-16,134.24634975399925
11,2025-09-17,142.6432866682958
11,2025-09-18,142.43981948020772
11,2025-09-19,155.41740161544948
11,2025-09-20,344.13145637607977
11,2025-09-21,425.6556378853769
11,2025-09-22,180.12292885568795
11,2025-09-23,163.90887289461463
11,2025-09-24,170.98032870996735
11,2025-09-25,153.40208132121091
11,2025-09-26,103.82624511750497
11,2025-09-27,253.43979043038627
11,2025-09-28,261.2026971731888
11,2025-09-29,130.59680220491336
11,2025-09-30,136.542022741829
11,2025-10-01,104.55884418380161
11,2025-10-02,73.38161188089809
11,2025-10-03,120.8230184763698
11,2025-10-04,299.9466388308838
11,2025-10-05,326.7307100517749
11,2025-10-06,177.7023374566537
11,2025-10-07,183.17284245350478
11,2025-10-08,193.07241961988078
11,2025-10-09,179.8533364576931
11,2025-10-10,170.48578497480068
11,2025-10-11,304.19801576986714
11,2025-10-12,353.1806391873769
11,2025-10-13,324.83778432137507
11,2025-10-14,265.39124583500757
11,2025-10-15,312.7994127273646
11,2025-10-16,319.3160156098723
11,2025-10-17,337.08804977388337
11,2025-10-18,377.73544699216615
11,2025-10-19,412.0409854731922
11,2025-10-20,285.9656662225095
11,2025-10-21,301.6427407163725
11,2025-10-22,330.39700108965116
11,2025-10-23,299.4064499719285
11,2025-10-24,349.8766930170986
11,2025-10-25,387.37064724820317
11,2025-10-26,419.83712724972764
11,2025-10-27,325.94509402491326
11,2025-10-28,260.37622230533395
11,2025-10-29,224.17493870425832
11,2025-10-30,191.15696551581541
11,2025-10-31,202.9003443925264
11,2025-11-01,307.2431631745968
11,2025-11-02,319.513650650989
11,2025-11-03,141.44515421887178
11,2025-11-04,113.55506104855199
11,2025-11-05,116.05068230545895
11,2025-11-06,113.30055851658312
11,2025-11-07,114.46612596444288
11,2025-11-08,258.6253305540514
11,2025-11-09,270.7730727055774
11,2025-11-10,97.18208793173457
11,2025-11-11,81.78481088458963
11,2025-11-12,72.78618479051899
11,2025-11-13,74.74723765145117
11,2025-11-14,78.91731180268773
11,2025-11-15,228.50822666121104
11,2025-11-16,225.35322662795113
11,2025-11-17,61.152048022917946
11,2025-11-18,53.491923566326264
11,2025-11-19,64.74494156301081
11,2025-11-20,61.62100020928916
11,2025-11-21,57.94341604801019
11,2025-11-22,158.6555376954742
11,2025-11-23,183.97293856449738
11,2025-11-24,41.05586564142278
11,2025-11-25,37.4968263869022
11,2025-11-26,37.01147186969624
11,2025-11-27,35.80316880233084
11,2025-11-28,27.236289574654737
11,2025-11-29,119.34068757183805
11,2025-11-30,134.15885512366393
11,2025-12-01,41.51165638977137
11,2025-12-02,35.01874359291409
11,2025-12-03,38.22273188588424
11,2025-12-04,34.597013527939524
11,2025-12-05,34.46176228743185
11,2025-12-06,99.91704807489319
11,2025-12-07,93.19266547874041
11,2025-12-08,39.53672282316915
11,2025-12-09,31.242668899887093
11,2025-12-10,32.00453268408574
11,2025-12-11,29.157397393518437
11,2025-12-12,31.0561225450695
11,2025-12-13,83.93082435514403
11,2025-12-14,90.68139320391309
11,2025-12-15,37.56207206473041
11,2025-12-16,26.528715078038168
11,2025-12-17,30.666651264065443
11,2025-12-18,27.82726473580416
11,2025-12-19,29.864399575829445
11,2025-12-20,64.96801730262922
11,2025-12-21,89.18868283052889
11,2025-12-22,98.16892159341364
11,2025-12-23,88.03039136967814
11,2025-12-24,129.00497215074205
11,2025-12-25,145.53651012924433
11,2025-12-26,199.3970957980753
11,2025-12-27,232.97608494128676
11,2025-12-28,303.1011013005598
11,2025-12-29,324.52520475028354
11,2025-12-30,569.1357094531882
11,2025-12-31,377.1592254172143
11,2026-01-01,270.4241656099011
11,2026-01-02,245.08639438797954
11,2026-01-03,238.92845965887943
11,2026-01-04,228.30989017584363
11,2026-01-05,71.01029267340525
11,2026-01-06,72.2541197909704
11,2026-01-07,61.359438455499756
11,2026-01-08,56.676674244564374
11,2026-01-09,47.78638623311413
11,2026-01-10,149.48925122855078
11,2026-01-11,154.80000951308907
11,2026-01-12,48.51324569563099
11,2026-01-13,37.487714760465956
11,2026-01-14,32.174969086999084
11,2026-01-15,23.38459456069108
11,2026-01-16,28.093311498906505
11,2026-01-17,120.4071638446284
11,2026-01-18,142.29340010282996
11,2026-01-19,51.67794475881254
11,2026-01-20,41.61852206719667
11,2026-01-21,45.164569492935165
11,2026-01-22,35.531774229101785
11,2026-01-23,32.43477735861357
11,2026-01-24,131.830173429926
11,2026-01-25,159.6496209242154
11,2026-01-26,60.97789307811547
11,2026-01-27,46.942365014714085
11,2026-01-28,47.97997269237151
11,2026-01-29,45.094589416270175
11,2026-01-30,51.663263261076395
11,2026-01-31,137.43657692947244
11,2026-02-01,163.47736487179898
11,2026-02-02,62.231320374555025
11,2026-02-03,50.90114391388705
11,2026-02-04,52.17172922265617
11,2026-02-05,47.57149867201962
11,2026-02-06,38.9291285815352
11,2026-02-07,125.12497338864412
11,2026-02-08,151.93912084827852
11,2026-02-09,56.856229153494986
11,2026-02-10,47.740690464956714
11,2026-02-11,35.62818709420875
11,2026-02-12,40.99796467159028
11,2026-02-13,51.75243067396012
11,2026-02-14,101.98267046389607
11,2026-02-15,133.5695608347092
11,2026-02-16,66.54127284699246
11,2026-02-17,56.419705681069594
11,2026-02-18,39.387952672844364
11,2026-02-19,44.876841552749575
11,2026-02-20,57.89983499231012
11,2026-02-21,136.57337853260552
11,2026-02-22,156.52347930514668
11,2026-02-23,70.74462556740389
11,2026-02-24,62.44039348835973
11,2026-02-25,59.20496607823099
11,2026-02-26,55.01566147266827
11,2026-02-27,58.771357258293115
11,2026-02-28,140.34499267348667
11,2026-03-01,166.80863813212298
11,2026-03-02,71.20108415528195
11,2026-03-03,70.93327799782219
11,2026-03-04,88.57922090652183
11,2026-03-05,80.2181343640249
11,2026-03-06,88.91658336371583
11,2026-03-07,166.2590542592958
11,2026-03-08,200.95608299977994
11,2026-03-09,71.5069767029008
11,2026-03-10,82.00789820111821
11,2026-03-11,92.8130415798448
11,2026-03-12,91.485445246601
11,2026-03-13,103.54361036303382
11,2026-03-14,187.4002504148424
11,2026-03-15,213.82151663733273
11,2026-03-16,73.72793798959638
11,2026-03-17,84.56912651577888
11,2026-03-18,97.84460879958341
11,2026-03-19,101.66538976669293
11,2026-03-20,112.28601351540944
11,2026-03-21,221.7936087082702
11,2026-03-22,253.3952741178593
11,2026-03-23,101.46227181335203
11,2026-03-24,103.37461192585988
11,2026-03-25,71.04844575501569
11,2026-03-26,114.37445527905193
11,2026-03-27,132.03890705722122
11,2026-03-28,245.94915497393106
11,2026-03-29,272.0430240280301
11,2026-03-30,127.85253873177686
11,2026-03-31,121.96473478885639
11,2026-04-01,131.2646542406782
11,2026-04-02,84.26823723964968
11,2026-04-03,107.563193227345
11,2026-04-04,274.45138933671353
11,2026-04-05,301.48818087456374
11,2026-04-06,126.14470002883456
11,2026-04-07,122.50498685492175
11,2026-04-08,137.10319311480498
11,2026-04-09,127.63116780036044
11,2026-04-10,134.07908161506475
11,2026-04-11,271.4818346711479
11,2026-04-12,298.5937070806884
11,2026-04-13,156.58328666156336
11,2026-04-14,169.73047064918035
11,2026-04-15,92.81765274696095
11,2026-04-16,68.81714390742569
11,2026-04-17,72.79235245661526
11,2026-04-18,253.78812766413844
11,2026-04-19,282.63093344951915
11,2026-04-20,87.74398147594457
11,2026-04-21,76.52230449427377
11,2026-04-22,120.57109381906864
11,2026-04-23,134.91153501166175
11,2026-04-24,87.35379736838455
11,2026-04-25,274.40667022348515
11,2026-04-26,316.7517396000328
11,2026-04-27,167.99946384881528
11,2026-04-28,156.5507348302434
11,2026-04-29,209.35521759930603
11,2026-04-30,193.43934882612706
11,2026-05-01,208.70343298848434
11,2026-05-02,352.03546954389833
11,2026-05-03,360.00425892304753
11,2026-05-04,183.4403110086599
11,2026-05-05,165.55582658077589
11,2026-05-06,108.65333536098603
11,2026-05-07,132.1071671201406
11,2026-05-08,169.25016525535844
11,2026-05-09,343.76799122974785
11,2026-05-10,357.63527827106105
11,2026-05-11,165.6409953380397
11,2026-05-12,159.7816283537481
11,2026-05-13,169.13270634303134
11,2026-05-14,173.28585407053546
11,2026-05-15,184.7444731887399
11,2026-05-16,405.52784642785394
11,2026-05-17,403.1982126404885
11,2026-05-18,186.54083074848072
11,2026-05-19,176.1160873169878
11,2026-05-20,181.5815220706495
11,2026-05-21,176.94431638817434
11,2026-05-22,184.66481760599274
11,2026-05-23,286.6146159629587
11,2026-05-24,313.70994909243245
11,2026-05-25,176.7324040188645
11,2026-05-26,164.94226070757887
11,2026-05-27,114.55265328902469
11,2026-05-28,124.70330716592005
11,2026-05-29,147.44454648515136
11,2026-05-30,321.10879952027625
11,2026-05-31,417.07731979489057
11,2026-06-01,212.02240554474932
11,2026-06-02,177.65366334800657
11,2026-06-03,185.2963364760258
11,2026-06-04,185.75856986138083
11,2026-06-05,214.84636461535206
11,2026-06-06,249.8360678743466
11,2026-06-07,328.3096876979
11,2026-06-08,105.2601596159516
11,2026-06-09,131.1125039622644
11,2026-06-10,167.89441259818966
11,2026-06-11,105.91379488572834
11,2026-06-12,153.9586549710928
11,2026-06-13,314.42878984654027
11,2026-06-14,421.40181725287977
11,2026-06-15,192.42355763657307
11,2026-06-16,147.85149432023545
11,2026-06-17,198.20833981548677
11,2026-06-18,204.47843361398267
11,2026-06-19,139.85402361609775
11,2026-06-20,369.5733591578822
11,2026-06-21,411.63834503236984
11,2026-06-22,177.72779221236823
11,2026-06-23,176.76732653147448
11,2026-06-24,198.5238543530147
11,2026-06-25,193.42087129103288
11,2026-06-26,187.17884190447614
11,2026-06-27,365.7890104514687
11,2026-06-28,329.41732459636097
11,2026-06-29,152.35318697757913
11,2026-06-30,164.42187446958687
11,2026-07-01,164.13671600992967
11,2026-07-02,136.60666529335649
11,2026-07-03,182.49938961899673
11,2026-07-04,433.94637198208926
11,2026-07-05,470.802244716348
11,2026-07-06,149.34215958678806
11,2026-07-07,126.91977180751773
11,2026-07-08,171.08841925650634
11,2026-07-09,198.4607110606127
11,2026-07-10,205.65893826352962
11,2026-07-11,389.60347714134366
11,2026-07-12,468.7488256719576
11,2026-07-13,173.49075088397106
11,2026-07-14,195.6569289765153
11,2026-07-15,250.97185762972796
11,2026-07-16,269.5430887828061
11,2026-07-17,193.8508157910334
11,2026-07-18,395.60463227612655
11,2026-07-19,443.12365900084495
11,2026-07-20,146.16206600098909
11,2026-07-21,103.52542239670066
11,2026-07-22,136.13356478371634
11,2026-07-23,203.95715084085685
11,2026-07-24,209.13344679229775
11,2026-07-25,362.3237405234471
11,2026-07-26,427.84374511487493
11,2026-07-27,255.67987089673696
11,2026-07-28,238.75925675398702
11,2026-07-29,307.6697984279349
11,2026-07-30,311.5797627601579
11,2026-07-31,312.40363913485953
11,2026-08-01,405.1481031719645
11,2026-08-02,400.8210086143673
11,2026-08-03,279.5601832200992
11,2026-08-04,267.63104488871573
11,2026-08-05,316.78096941040076
11,2026-08-06,321.3742703537134
11,2026-08-07,290.6128248045894
11,2026-08-08,412.78795606212714
11,2026-08-09,445.18210658693675
11,2026-08-10,332.12184693823457
11,2026-08-11,338.6974531880232
11,2026-08-12,341.9493677218697
11,2026-08-13,263.4102122077711
11,2026-08-14,176.5976140600249
11,2026-08-15,331.7980729219431
11,2026-08-16,441.2741886012818
11,2026-08-17,279.3132654511105
11,2026-08-18,286.6645934671819
11,2026-08-19,318.1906532982087
11,2026-08-20,298.4794873463233
11,2026-08-21,265.44652480678656
11,2026-08-22,378.95494293539747
11,2026-08-23,449.0858558185901
11,2026-08-24,245.7561789869629
11,2026-08-25,200.47619651205366
11,2026-08-26,199.0202200678713
11,2026-08-27,208.7282486808554
11,2026-08-28,200.2057102644793
11,2026-08-29,372.68917145645264
11,2026-08-30,395.8304679666984
11,2026-08-31,185.38947485382886
11,2026-09-01,118.14128367895437
11,2026-09-02,134.4197787229425
11,2026-09-03,152.35496199871557
11,2026-09-04,173.9184912859095
11,2026-09-05,339.73203829662873
11,2026-09-06,412.19175337985916
11,2026-09-07,140.8737147178779
19,2025-09-08,7.363724794825134
19,2025-09-09,-0.29575531586116965
19,2025-09-10,8.543209508999519
19,2025-09-11,-0.7642077991048577
19,2025-09-12,-2.161890828103675
19,2025-09-13,12.922504887024179
19,2025-09-14,13.056505733751587
19,2025-09-15,8.205627784761894
19,2025-09-16,8.379896171466191
19,2025-09-17,12.762495337838326
19,2025-09-18,11.007564206872791
19,2025-09-19,11.563763848013975
19,2025-09-20,14.715969907839547
19,2025-09-21,13.190717395562649
19,2025-09-22,9.180361860359334
19,2025-09-23,9.19776009880975
19,2025-09-24,10.41230818571281
19,2025-09-25,8.619500023370174
19,2025-09-26,2.55022759191095
19,2025-09-27,2.3191174827308556
19,2025-09-28,5.810404657937491
19,2025-09-29,9.522047607007138
19,2025-09-30,10.192459973209173
19,2025-10-01,2.276646316270707
19,2025-10-02,-0.8827101844697061
19,2025-10-03,7.495455552672578
19,2025-10-04,21.88179238447222
19,2025-10-05,18.265562774202767
19,2025-10-06,13.404613845531278
19,2025-10-07,11.590180126642869
19,2025-10-08,12.930919801578295
19,2025-10-09,9.915993946381393
19,2025-10-10,11.587185741557624
19,2025-10-11,17.01737957262964
19,2025-10-12,17.29861316489228
19,2025-10-13,16.957883537493693
19,2025-10-14,7.877864634841763
19,2025-10-15,14.897505822378152
19,2025-10-16,13.827764628085784
19,2025-10-17,14.337966397615268
19,2025-10-18,18.629258598349082
19,2025-10-19,19.091580116623373
19,2025-10-20,10.881144262385954
19,2025-10-21,13.23186987689193
19,2025-10-22,12.34265982236587
19,2025-10-23,5.4140840205099785
19,2025-10-24,12.120039694233508
19,2025-10-25,16.95838163420236
19,2025-10-26,15.914691183747081
19,2025-10-27,10.47314051116211
19,2025-10-28,8.115061551332001
19,2025-10-29,9.922556451554037
19,2025-10-30,8.521023534335342
19,2025-10-31,11.857980390603082
19,2025-11-01,11.289843103113242
19,2025-11-02,8.608495851346325
19,2025-11-03,5.770338868409812
19,2025-11-04,5.948473914202557
19,2025-11-05,8.500124221734332
19,2025-11-06,13.204931315410732
19,2025-11-07,13.43271747413645
19,2025-11-08,11.580780753438287
19,2025-11-09,9.290637863935576
19,2025-11-10,5.811445902101964
19,2025-11-11,5.633362124831545
19,2025-11-12,0.40733189208917286
19,2025-11-13,6.323642112210851
19,2025-11-14,6.515936538134918
19,2025-11-15,10.396268725114062
19,2025-11-16,8.716493420753247
19,2025-11-17,4.457087515467692
19,2025-11-18,-0.3004368079668256
19,2025-11-19,1.2758823913954003
19,2025-11-20,-1.357594730819951
19,2025-11-21,-0.49312050768059623
19,2025-11-22,3.47655856279241
19,2025-11-23,7.315478712974867
19,2025-11-24,-2.479818929575545
19,2025-11-25,-0.5728143941107551
19,2025-11-26,1.0961276010874994
19,2025-11-27,4.913696760278381
19,2025-11-28,-2.21849106067259
19,2025-11-29,8.48747972939458
19,2025-11-30,8.128134831010609
19,2025-12-01,4.531438486010135
19,2025-12-02,4.522289220070555
19,2025-12-03,6.063191222517269
19,2025-12-04,5.329797647150532
19,2025-12-05,5.864736508803509
19,2025-12-06,4.824391193918489
19,2025-12-07,-0.3345071779290306
19,2025-12-08,4.068113898982401
19,2025-12-09,4.061006052114373
19,2025-12-10,5.825558078987268
19,2025-12-11,5.24590248887186
19,2025-12-12,5.65640638579687
19,2025-12-13,9.40212709744138
19,2025-12-14,8.688122440273416
19,2025-12-15,4.3800324167803195
19,2025-12-16,4.730988782449209
19,2025-12-17,7.423119187011113
19,2025-12-18,6.027743178598961
19,2025-12-19,5.532065965151975
19,2025-12-20,0.9557068022243794
19,2025-12-21,8.830568922066885
19,2025-12-22,12.412759032297147
19,2025-12-23,7.431173759354877
19,2025-12-24,12.88521112262803
19,2025-12-25,10.916627329193947
19,2025-12-26,17.541403529467146
19,2025-12-27,20.72421258357243
19,2025-12-28,27.71883913375665
19,2025-12-29,45.85878348667107
19,2025-12-30,66.09477825711853
19,2025-12-31,82.29320031058558
19,2026-01-01,20.890486452932826
19,2026-01-02,10.195718211361436
19,2026-01-03,28.25697224254622
19,2026-01-04,31.98180336556577
19,2026-01-05,3.8820575272187066
19,2026-01-06,14.819232057914633
19,2026-01-07,17.11687030539335
19,2026-01-08,8.468240669042782
19,2026-01-09,3.1073476996051212
19,2026-01-10,7.657791319043468
19,2026-01-11,3.338387147884614
19,2026-01-12,1.3610184103684857
19,2026-01-13,0.9775282600597468
19,2026-01-14,22.126626127695026
19,2026-01-15,7.398118877029117
19,2026-01-16,3.186333195835139
19,2026-01-17,7.453715544482166
19,2026-01-18,9.277298766343549
19,2026-01-19,5.516963994428026
19,2026-01-20,6.305685843391384
19,2026-01-21,8.473223945059566
19,2026-01-22,-0.10259403573271075
19,2026-01-23,-0.3023266303379434
19,2026-01-24,10.329168719439554
19,2026-01-25,9.276654750303221
19,2026-01-26,5.547707660105917
19,2026-01-27,6.0421546469965
19,2026-01-28,8.718316702906831
19,2026-01-29,5.888672694419923
19,2026-01-30,6.7246625942106215
19,2026-01-31,13.417825613057037
19,2026-02-01,10.368809137913395
19,2026-02-02,6.770120401527305
19,2026-02-03,7.032982938891025
19,2026-02-04,7.966633773817677
19,2026-02-05,7.131256089009855
19,2026-02-06,1.2439351688880442
19,2026-02-07,12.395853651899897
19,2026-02-08,9.38064424158285
19,2026-02-09,5.885613447882642
19,2026-02-10,6.384991094755517
19,2026-02-11,1.9004903837488145
19,2026-02-12,6.254079702899379
19,2026-02-13,7.16692392910613
19,2026-02-14,8.04991933055582
19,2026-02-15,9.585141754934721
19,2026-02-16,8.207376699620472
19,2026-02-17,9.188628302320382
19,2026-02-18,3.2081560103946556
19,2026-02-19,8.05923165117729
19,2026-02-20,9.156445348799721
19,2026-02-21,14.074541444807645
19,2026-02-22,12.96841067685833
19,2026-02-23,8.628756742906736
19,2026-02-24,9.426879877975622
19,2026-02-25,9.940536551121324
19,2026-02-26,8.48707347481104
19,2026-02-27,8.646023182440045
19,2026-02-28,13.262019607786428
19,2026-03-01,10.20976159189047
19,2026-03-02,6.506494044279684
19,2026-03-03,6.642577772087477
19,2026-03-04,8.290125291522603
19,2026-03-05,6.330171402296731
19,2026-03-06,7.073780361394817
19,2026-03-07,12.306486700813378
19,2026-03-08,10.25619665100337
19,2026-03-09,6.344955651006339
19,2026-03-10,6.63032096385619
19,2026-03-11,9.665173216527137
19,2026-03-12,5.94322986839022
19,2026-03-13,7.236355519213194
19,2026-03-14,11.893490423399562
19,2026-03-15,9.843200373589553
19,2026-03-16,6.263260198401528
19,2026-03-17,6.707547672645029
19,2026-03-18,9.80364785215377
19,2026-03-19,7.580097796716314
19,2026-03-20,8.322302971171272
19,2026-03-21,14.29372585226634
19,2026-03-22,11.981015534519985
19,2026-03-23,6.869692132610762
19,2026-03-24,7.560330782135502
19,2026-03-25,1.4298314004722794
19,2026-03-26,13.794604733245697
19,2026-03-27,16.47071883173824
19,2026-03-28,17.714643428752932
19,2026-03-29,15.680175876438764
19,2026-03-30,11.537274894664321
19,2026-03-31,9.13905996748921
19,2026-04-01,10.787047742239752
19,2026-04-02,3.771338559161718
19,2026-04-03,9.902866493739944
19,2026-04-04,12.747604796519418
19,2026-04-05,10.353989673355645
19,2026-04-06,8.028295113565804
19,2026-04-07,9.187276819713198
19,2026-04-08,10.764387435377282
19,2026-04-09,8.950644638995373
19,2026-04-10,9.831748739587185
19,2026-04-11,19.669535985058864
19,2026-04-12,15.290194390701215
19,2026-04-13,12.804596192183105
19,2026-04-14,11.488564106360572
19,2026-04-15,1.7927843000972636
19,2026-04-16,2.6656222770278073
19,2026-04-17,2.5782324789999955
19,2026-04-18,19.58598353063926
19,2026-04-19,16.696418012825145
19,2026-04-20,4.385051785196643
19,2026-04-21,2.973201511337483
19,2026-04-22,11.366248053195472
19,2026-04-23,10.804313350020522
19,2026-04-24,3.4365022812339983
19,2026-04-25,14.942516271807161
19,2026-04-26,13.923681132614872
19,2026-04-27,13.799430789696016
19,2026-04-28,13.352890002581942
19,2026-04-29,20.51128897293545
19,2026-04-30,25.489885645632828
19,2026-05-01,32.173673472521585
19,2026-05-02,33.414572967639245
19,2026-05-03,34.951253579026385
19,2026-05-04,22.92653374694075
19,2026-05-05,16.85716290741573
19,2026-05-06,8.436795772265048
19,2026-05-07,12.294106259719095
19,2026-05-08,12.372971883895142
19,2026-05-09,21.899765378727473
19,2026-05-10,23.28959761862636
19,2026-05-11,18.758034066753446
19,2026-05-12,17.58569516908652
19,2026-05-13,14.836199922856718
19,2026-05-14,11.901479791698236
19,2026-05-15,10.418213934451337
19,2026-05-16,17.079012080407807
19,2026-05-17,23.972349278000976
19,2026-05-18,16.021417699526314
19,2026-05-19,13.347803620915151
19,2026-05-20,11.517339549837443
19,2026-05-21,11.58439582195458
19,2026-05-22,16.936276683027764
19,2026-05-23,12.357555153642515
19,2026-05-24,15.577693554060023
19,2026-05-25,19.021429218926976
19,2026-05-26,13.75401903384686
19,2026-05-27,6.885516566513228
19,2026-05-28,6.093704351016386
19,2026-05-29,10.148596009267203
19,2026-05-30,11.643433668452074
19,2026-05-31,23.48667781049043
19,2026-06-01,16.137679058800558
19,2026-06-02,13.144277885353329
19,2026-06-03,13.384384097674872
19,2026-06-04,11.972325337214293
19,2026-06-05,27.362027370812637
19,2026-06-06,18.622089480639396
19,2026-06-07,19.624558186487715
19,2026-06-08,6.0296806815682125
19,2026-06-09,15.097965403287043
19,2026-06-10,17.109902095107046
19,2026-06-11,4.678024617045997
19,2026-06-12,17.422095266150375
19,2026-06-13,21.62889293791534
19,2026-06-14,38.25820440709331
19,2026-06-15,28.480536438486162
19,2026-06-16,17.639459508737865
19,2026-06-17,19.777223513021713
19,2026-06-18,24.920285220298915
19,2026-06-19,16.19215894851818
19,2026-06-20,40.96892411215933
19,2026-06-21,43.876542414673466
19,2026-06-22,31.2016560140244
19,2026-06-23,28.63620263029423
19,2026-06-24,32.773066750854994
19,2026-06-25,33.77678758078519
19,2026-06-26,33.47752543674418
19,2026-06-27,53.87767054316601
19,2026-06-28,46.54630444130611
19,2026-06-29,36.349250339325984
19,2026-06-30,34.221049071694424
19,2026-07-01,51.426481536151854
19,2026-07-02,33.56111388783455
19,2026-07-03,36.8957433042112
19,2026-07-04,60.171972941254474
19,2026-07-05,59.986619584370594
19,2026-07-06,31.486785192134924
19,2026-07-07,26.054942458058328
19,2026-07-08,39.61046841733926
19,2026-07-09,41.34352736845499
19,2026-07-10,42.20249063342719
19,2026-07-11,68.97360261207238
19,2026-07-12,69.70058677764857
19,2026-07-13,31.084846265709267
19,2026-07-14,35.11455656899389
19,2026-07-15,47.79359967077509
19,2026-07-16,45.18262428410158
19,2026-07-17,36.362249128158844
19,2026-07-18,66.03275550540206
19,2026-07-19,76.88488551274726
19,2026-07-20,36.37799171707896
19,2026-07-21,29.854322363810674
19,2026-07-22,25.946052810873624
19,2026-07-23,43.02433617002062
19,2026-07-24,48.22310760008928
19,2026-07-25,71.70863140358966
19,2026-07-26,78.28266538026436
19,2026-07-27,49.60304788309651
19,2026-07-28,44.43860625703111
19,2026-07-29,54.9812602820818
19,2026-07-30,53.5566413880073
19,2026-07-31,53.61932001107707
19,2026-08-01,89.40565030714637
19,2026-08-02,83.82649823440782
19,2026-08-03,60.70201136540124
19,2026-08-04,49.94029466741182
19,2026-08-05,53.396624275418304
19,2026-08-06,54.184138340773565
19,2026-08-07,64.24012823718559
19,2026-08-08,96.30641276261285
19,2026-08-09,105.76929245451669
19,2026-08-10,73.68231997961507
19,2026-08-11,63.91808284750222
19,2026-08-12,60.25776104721468
19,2026-08-13,59.4088946367746
19,2026-08-14,44.293426955293654
19,2026-08-15,73.5055229385101
19,2026-08-16,91.70251478772214
19,2026-08-17,70.11448150483841
19,2026-08-18,60.4161597644649
19,2026-08-19,57.68926872673578
19,2026-08-20,57.48282028508129
19,2026-08-21,56.09692448657813
19,2026-08-22,93.24193177414215
19,2026-08-23,103.62169003512768
19,2026-08-24,71.13176290944207
19,2026-08-25,59.7753091269353
19,2026-08-26,56.4985872858313
19,2026-08-27,54.714164429444516
19,2026-08-28,54.5339068316958
19,2026-08-29,88.24862983487517
19,2026-08-30,98.13284313637402
19,2026-08-31,70.37619548518293
19,2026-09-01,42.86442049117617
19,2026-09-02,53.58700530438829
19,2026-09-03,51.664482375939336
19,2026-09-04,54.50432992511128
19,2026-09-05,90.36425803620783
19,2026-09-06,106.85406109717628
19,2026-09-07,65.51798864192354
2,2025-09-08,9.3284082922193
2,2025-09-09,1.5504394298554975
2,2025-09-10,9.928459595252901
2,2025-09-11,-0.42104616771599807
2,2025-09-12,-1.789884561903636
2,2025-09-13,14.161316689286247
2,2025-09-14,13.22569282172629
2,2025-09-15,6.594151005953244
2,2025-09-16,6.881318216279344
2,2025-09-17,9.027042790721755
2,2025-09-18,7.5442932461687775
2,2025-09-19,9.10360349820886
2,2025-09-20,14.908835438862793
2,2025-09-21,11.736709455814001
2,2025-09-22,7.5393828706420205
2,2025-09-23,7.733652104609275
2,2025-09-24,10.246435894527792
2,2025-09-25,8.651975935081746
2,2025-09-26,1.8126903681162914
2,2025-09-27,2.259887388514015
2,2025-09-28,2.0710520139230337
2,2025-09-29,5.8138667081027275
2,2025-09-30,6.283042006151609
2,2025-10-01,1.0758134414289993
2,2025-10-02,-1.573899708410917
2,2025-10-03,6.743239226764602
2,2025-10-04,11.81122884150028
2,2025-10-05,8.696705293503266
2,2025-10-06,6.518111797069284
2,2025-10-07,6.705159219044272
2,2025-10-08,8.357158604370492
2,2025-10-09,7.6129678922867035
2,2025-10-10,8.197377844731657
2,2025-10-11,13.136744101670997
2,2025-10-12,10.310396431448405
2,2025-10-13,9.892786229549683
2,2025-10-14,3.1352018949244016
2,2025-10-15,10.874329778423975
2,2025-10-16,10.132800692375246
2,2025-10-17,9.440574537649324
2,2025-10-18,13.138341813629246
2,2025-10-19,10.475558838817689
2,2025-10-20,4.998889033351195
2,2025-10-21,9.144354624068265
2,2025-10-22,9.216344502268994
2,2025-10-23,3.3843924086390853
2,2025-10-24,9.226861018909883
2,2025-10-25,13.705550647063287
2,2025-10-26,11.54117788650851
2,2025-10-27,6.411543542122509
2,2025-10-28,6.605190757460085
2,2025-10-29,8.574195821968976
2,2025-10-30,7.7209361789938376
2,2025-10-31,10.270368253286106
2,2025-11-01,11.765907430593435
2,2025-11-02,6.787653818360236
2,2025-11-03,4.848839049853426
2,2025-11-04,5.036573468094954
2,2025-11-05,7.4680404830170595
2,2025-11-06,6.235582790532454
2,2025-11-07,6.52184056171402
2,2025-11-08,11.219334436568795
2,2025-11-09,6.6322851865998
2,2025-11-10,3.6423667880460453
2,2025-11-11,3.6090051287269294
2,2025-11-12,-0.44663922203737827
2,2025-11-13,4.443016336188346
2,2025-11-14,4.871854272497842
2,2025-11-15,10.355207881368523
2,2025-11-16,6.943150102829408
2,2025-11-17,3.236450608558051
2,2025-11-18,-1.2053573830650846
2,2025-11-19,0.5624469044783005
2,2025-11-20,-1.738885247074395
2,2025-11-21,-0.8072880509078548
2,2025-11-22,4.087256582222532
2,2025-11-23,6.9293355449302725
2,2025-11-24,-2.6976120487510578
2,2025-11-25,-1.3586042110438614
2,2025-11-26,0.4903434656533596
2,2025-11-27,4.169976007782718
2,2025-11-28,-2.658946977114885
2,2025-11-29,8.89725590578942
2,2025-11-30,7.036503782393878
2,2025-12-01,3.3439540318545355
2,2025-12-02,3.2713797675721987
2,2025-12-03,5.018852100517846
2,2025-12-04,4.407609151312719
2,2025-12-05,4.8382922823313965
2,2025-12-06,5.061307291895602
2,2025-12-07,-0.5357541115172844
2,2025-12-08,3.0814022390140137
2,2025-12-09,3.074294392145986
2,2025-12-10,5.018852100517846
2,2025-12-11,4.502181736376197
2,2025-12-12,5.0759254258613975
2,2025-12-13,9.811903273836219
2,2025-12-14,7.248830874835141
2,2025-12-15,3.236450608558051
2,2025-12-16,3.62514636431567
2,2025-12-17,5.747329525003491
2,2025-12-18,4.881667887999877
2,2025-12-19,4.874529906529131
2,2025-12-20,0.9419839505236002
2,2025-12-21,7.982737086942584
2,2025-12-22,8.240437380136097
2,2025-12-23,4.1740805655736875
2,2025-12-24,10.615815831761033
2,2025-12-25,9.97285868846301
2,2025-12-26,14.180423835132093
2,2025-12-27,16.116600299220885
2,2025-12-28,19.426966262004797
2,2025-12-29,31.253320220849854
2,2025-12-30,42.479503507793
2,2025-12-31,73.69888387967855
2,2026-01-01,21.499532670661438
2,2026-01-02,9.49752093302373
2,2026-01-03,32.27353902654237
2,2026-01-04,28.838377855273666
2,2026-01-05,0.8743014694820398
2,2026-01-06,9.942337149762368
2,2026-01-07,15.37155711647054
2,2026-01-08,7.344211775524449
2,2026-01-09,3.4784106617887307
2,2026-01-10,9.033268916862522
2,2026-01-11,2.0465318653059734
2,2026-01-12,0.2540460050691532
2,2026-01-13,1.1398779734460824
2,2026-01-14,1.260750649964238
2,2026-01-15,1.7976477090797767
2,2026-01-16,1.9784831818216277
2,2026-01-17,7.393946702992019
2,2026-01-18,7.798938736498396
2,2026-01-19,4.817527741443167
2,2026-01-20,4.906684242956954
2,2026-01-21,6.504496154858946
2,2026-01-22,-0.6631449106849315
2,2026-01-23,-0.27603350604365356
2,2026-01-24,10.481740289950105
2,2026-01-25,8.567280503975132
2,2026-01-26,5.049217315453017
2,2026-01-27,5.380290675768511
2,2026-01-28,7.801689566501292
2,2026-01-29,5.808374544952943
2,2026-01-30,6.87517262215795
2,2026-01-31,14.289947704123513
2,2026-02-01,11.108018393133387
2,2026-02-02,6.04355677275261
2,2026-02-03,6.5596400065002625
2,2026-02-04,7.860897769790797
2,2026-02-05,7.17008869770803
2,2026-02-06,0.9928815003395154
2,2026-02-07,14.103652069542694
2,2026-02-08,14.175806924289601
2,2026-02-09,6.930696527761871
2,2026-02-10,6.5596400065002625
2,2026-02-11,1.4449033860219702
2,2026-02-12,6.468031021800581
2,2026-02-13,8.411568252213321
2,2026-02-14,9.204918928190967
2,2026-02-15,9.7850076124462
2,2026-02-16,7.73152778267353
2,2026-02-17,8.385703933207383
2,2026-02-18,2.3677731993878206
2,2026-02-19,7.816543522702411
2,2026-02-20,9.500209712814085
2,2026-02-21,15.289826858122494
2,2026-02-22,12.719748159805734
2,2026-02-23,7.697022077826086
2,2026-02-24,8.328822024138072
2,2026-02-25,9.277539468380628
2,2026-02-26,8.244385346336156
2,2026-02-27,8.604802042396859
2,2026-02-28,14.84108954427673
2,2026-03-01,11.152500249184184
2,2026-03-02,5.896553238246094
2,2026-03-03,6.209507961570723
2,2026-03-04,8.006056822012392
2,2026-03-05,6.403881245805226
2,2026-03-06,7.430702781265794
2,2026-03-07,14.008757972705373
2,2026-03-08,10.700333570890194
2,2026-03-09,5.600606300041672
2,2026-03-10,6.209507961570723
2,2026-03-11,8.006056822012392
2,2026-03-12,6.612914258062442
2,2026-03-13,7.587750793333367
2,2026-03-14,14.13038748236576
2,2026-03-15,10.700333570890194
2,2026-03-16,5.976839739474754
2,2026-03-17,6.585741401003805
2,2026-03-18,9.245067257054192
2,2026-03-19,7.970467066164022
2,2026-03-20,8.914139229050683
2,2026-03-21,15.433818272507166
2,2026-03-22,11.470384067120404
2,2026-03-23,6.571014865452701
2,2026-03-24,7.438524510494276
2,2026-03-25,0.8659626397192185
2,2026-03-26,13.756545803001405
2,2026-03-27,17.045337699764918
2,2026-03-28,19.73023558939791
2,2026-03-29,15.562956566534838
2,2026-03-30,10.58534210887667
2,2026-03-31,8.588825496155982
2,2026-04-01,10.469870362989111
2,2026-04-02,3.045239721102094
2,2026-04-03,10.066274551927348
2,2026-04-04,14.779162599983277
2,2026-04-05,11.778703494323373
2,2026-04-06,7.301189646715743
2,2026-04-07,8.439063137852486
2,2026-04-08,10.228078596003556
2,2026-04-09,8.912585708751081
2,2026-04-10,10.116358120547622
2,2026-04-11,16.858720916548673
2,2026-04-12,14.282458579371703
2,2026-04-13,11.233223090943408
2,2026-04-14,10.060082989774484
2,2026-04-15,-0.6292069216759558
2,2026-04-16,1.521273515261423
2,2026-04-17,1.5088733163575248
2,2026-04-18,20.359836885385896
2,2026-04-19,15.026006380947498
2,2026-04-20,2.5646823467036928
2,2026-04-21,1.2134021323752326
2,2026-04-22,9.089147205586038
2,2026-04-23,9.162963078466799
2,2026-04-24,2.3671431185915277
2,2026-04-25,15.288310243114168
2,2026-04-26,13.111244363123612
2,2026-04-27,10.052123031123022
2,2026-04-28,9.740155177428191
2,2026-04-29,15.776930509667222
2,2026-04-30,17.601586094078915
2,2026-05-01,18.140266092878694
2,2026-05-02,25.24046585228874
2,2026-05-03,21.321233579701175
2,2026-05-04,11.971629978280125
2,2026-05-05,9.611421607414671
2,2026-05-06,4.055482640277588
2,2026-05-07,10.333120375247805
2,2026-05-08,10.78472723241928
2,2026-05-09,17.85246568028905
2,2026-05-10,12.886359597520663
2,2026-05-11,6.485809824105213
2,2026-05-12,7.394953034250192
2,2026-05-13,9.377766723630385
2,2026-05-14,8.766660278487933
2,2026-05-15,8.924504285344048
2,2026-05-16,16.976594407166946
2,2026-05-17,14.306044450490182
2,2026-05-18,10.164682054165773
2,2026-05-19,9.188251745236848
2,2026-05-20,10.337220720827652
2,2026-05-21,9.992311722946663
2,2026-05-22,9.676734753574415
2,2026-05-23,7.713460668329974
2,2026-05-24,11.2611424948042
2,2026-05-25,8.614013750135639
2,2026-05-26,8.29067444928408
2,2026-05-27,3.220502970130203
2,2026-05-28,2.8854786063991273
2,2026-05-29,2.14328010928369
2,2026-05-30,6.061539053372013
2,2026-05-31,8.457331442240472
2,2026-06-01,6.446421957719996
2,2026-06-02,6.702837588956129
2,2026-06-03,8.679738481240276
2,2026-06-04,7.729426895060662
2,2026-06-05,7.785492602012973
2,2026-06-06,7.12659588862684
2,2026-06-07,10.194767516226158
2,2026-06-08,1.1968871560143797
2,2026-06-09,7.257635543599705
2,2026-06-10,9.31519777391113
2,2026-06-11,-0.12378344131575335
2,2026-06-12,7.275158643468807
2,2026-06-13,14.999656298257703
2,2026-06-14,17.959328007008722
2,2026-06-15,10.984658168628087
2,2026-06-16,4.418887208488184
2,2026-06-17,10.102170127990885
2,2026-06-18,11.123124901580914
2,2026-06-19,2.5905601467529693
2,2026-06-20,18.39524584140626
2,2026-06-21,14.323013995678457
2,2026-06-22,7.829044415549921
2,2026-06-23,9.733944990440538
2,2026-06-24,11.196101243027808
2,2026-06-25,11.419071839785333
2,2026-06-26,9.848443901957992
2,2026-06-27,14.740426151601655
2,2026-06-28,1.3914590961919295
2,2026-06-29,5.84178065456119
2,2026-06-30,6.844408650834543
2,2026-07-01,19.56618640973766
2,2026-07-02,8.643980078660752
2,2026-07-03,9.75499395108277
2,2026-07-04,20.418070720279676
2,2026-07-05,15.395616501768073
2,2026-07-06,5.112548301666163
2,2026-07-07,3.8678488080717774
2,2026-07-08,11.14726751684186
2,2026-07-09,10.445066730533364
2,2026-07-10,12.873805232028412
2,2026-07-11,14.998916917952746
2,2026-07-12,14.856264053189156
2,2026-07-13,3.1149391420668158
2,2026-07-14,10.631369213027323
2,2026-07-15,11.495984520869568
2,2026-07-16,10.927964837822
2,2026-07-17,3.0817701942167433
2,2026-07-18,16.7202738267966
2,2026-07-19,14.621369407400572
2,2026-07-20,3.457543086220555
2,2026-07-21,0.6038981875039494
2,2026-07-22,0.39269464770808715
2,2026-07-23,10.669319446133889
2,2026-07-24,7.849837654164619
2,2026-07-25,12.593574073097464
2,2026-07-26,7.533988387596018
2,2026-07-27,9.12366286250212
2,2026-07-28,9.585653617042867
2,2026-07-29,11.058637699271646
2,2026-07-30,11.355993191408366
2,2026-07-31,10.930030367700136
2,2026-08-01,13.664493790188953
2,2026-08-02,7.400629069519331
2,2026-08-03,10.795209602294394
2,2026-08-04,7.001017136140688
2,2026-08-05,10.42858591957651
2,2026-08-06,11.414033113153872
2,2026-08-07,9.775310677998586
2,2026-08-08,13.959250544731734
2,2026-08-09,11.577695744727995
2,2026-08-10,9.230920595901791
2,2026-08-11,9.77905497035452
2,2026-08-12,9.435644406956113
2,2026-08-13,7.300037796007335
2,2026-08-14,-5.518120077412536
2,2026-08-15,5.398902097031294
2,2026-08-16,8.496579342330111
2,2026-08-17,8.61094021545714
2,2026-08-18,9.40211674883203
2,2026-08-19,9.875321054328216
2,2026-08-20,9.647582049912511
2,2026-08-21,8.16255411508483
2,2026-08-22,12.841125064807649
2,2026-08-23,8.859589343023563
2,2026-08-24,8.701781233861265
2,2026-08-25,8.35702885949925
2,2026-08-26,9.519190543866454
2,2026-08-27,9.617845664814269
2,2026-08-28,8.342995387139617
2,2026-08-29,20.472074663378518
2,2026-08-30,13.174383555941839
2,2026-08-31,7.568181275809503
2,2026-09-01,-0.7694653610660667
2,2026-09-02,9.851480246188208
2,2026-09-03,8.839252412092772
2,2026-09-04,8.25342321398188
2,2026-09-05,17.150470927960125
2,2026-09-06,12.581749205464943
2,2026-09-07,4.532812873811761
20,2025-09-08,46.405096170869825
20,2025-09-09,28.90118837912189
20,2025-09-10,35.78430916990417
20,2025-09-11,21.035370325012384
20,2025-09-12,12.278462893166756
20,2025-09-13,56.540286712801404
20,2025-09-14,71.58552195937234
20,2025-09-15,41.134026817392055
20,2025-09-16,34.90860841827007
20,2025-09-17,40.434990918231655
20,2025-09-18,34.47065941361598
20,2025-09-19,34.178492870105714
20,2025-09-20,55.01073426708252
20,2025-09-21,74.4998992851821
20,2025-09-22,44.92337823207671
20,2025-09-23,40.53646226997231
20,2025-09-24,40.94315706157834
20,2025-09-25,38.234748778101945
20,2025-09-26,27.886952874342544
20,2025-09-27,37.88321865878458
20,2025-09-28,45.12478797023093
20,2025-09-29,35.27956554440495
20,2025-09-30,34.51726422334242
20,2025-10-01,26.346856561155967
20,2025-10-02,18.830549330362008
20,2025-10-03,22.643923444526898
20,2025-10-04,62.18783731505616
20,2025-10-05,59.20525611913385
20,2025-10-06,40.184139676500514
20,2025-10-07,39.69837765525243
20,2025-10-08,39.64675914598136
20,2025-10-09,36.03203178945864
20,2025-10-10,35.10644486633363
20,2025-10-11,60.491249429447635
20,2025-10-12,63.54753711279267
20,2025-10-13,47.322484103073464
20,2025-10-14,37.14258210275249
20,2025-10-15,45.50420787064057
20,2025-10-16,47.16910153424991
20,2025-10-17,53.85640509482983
20,2025-10-18,60.33433125720192
20,2025-10-19,63.94562496349662
20,2025-10-20,33.35692853051303
20,2025-10-21,33.59090756192387
20,2025-10-22,33.13402672676942
20,2025-10-23,29.85195311986824
20,2025-10-24,38.93245881183724
20,2025-10-25,52.143253559601796
20,2025-10-26,53.90983745123504
20,2025-10-27,33.649492449429864
20,2025-10-28,32.02192225426595
20,2025-10-29,31.661725049412098
20,2025-10-30,30.038346476148654
20,2025-10-31,44.83959533400139
20,2025-11-01,48.52802777834556
20,2025-11-02,48.32980653935932
20,2025-11-03,50.86017579717563
20,2025-11-04,51.80590219561466
20,2025-11-05,57.83766292842747
20,2025-11-06,70.217192859968
20,2025-11-07,74.00716137466335
20,2025-11-08,71.29185712488317
20,2025-11-09,68.84376015233768
20,2025-11-10,36.708053414274744
20,2025-11-11,33.913370043255036
20,2025-11-12,26.7888531410093
20,2025-11-13,36.46909987621092
20,2025-11-14,34.84643051530045
20,2025-11-15,52.60091191814464
20,2025-11-16,53.71574727695302
20,2025-11-17,28.382627227332105
20,2025-11-18,19.168763327639315
20,2025-11-19,18.906954443185985
20,2025-11-20,13.893039764280157
20,2025-11-21,13.641718686571345
20,2025-11-22,23.405694755693514
20,2025-11-23,31.715098414376005
20,2025-11-24,10.838336245649625
20,2025-11-25,3.8569429713698047
20,2025-11-26,6.188257246433941
20,2025-11-27,10.345617927851713
20,2025-11-28,2.109298412219797
20,2025-11-29,26.145541717937498
20,2025-11-30,25.93759029629337
20,2025-12-01,14.790167009620033
20,2025-12-02,10.571758251714515
20,2025-12-03,11.419864411339821
20,2025-12-04,9.852113703469115
20,2025-12-05,10.387052565122092
20,2025-12-06,9.226919795344914
20,2025-12-07,5.674650329051678
20,2025-12-08,5.9209944595665815
20,2025-12-09,6.386803655582305
20,2025-12-10,8.567058460374728
20,2025-12-11,7.599470007870807
20,2025-12-12,8.039836284460307
20,2025-12-13,11.190623822912348
20,2025-12-14,11.765965266136705
20,2025-12-15,6.162840458231764
20,2025-12-16,6.784408799773213
20,2025-12-17,9.402033105815386
20,2025-12-18,8.006657097403233
20,2025-12-19,7.510979883956245
20,2025-12-20,1.8421118863717225
20,2025-12-21,19.902500651745353
20,2025-12-22,32.24035644975248
20,2025-12-23,22.3391420603139
20,2025-12-24,36.112679993773895
20,2025-12-25,40.5165427511082
20,2025-12-26,47.6309641562348
20,2025-12-27,57.66091514736493
20,2025-12-28,67.41099136522055
20,2025-12-29,78.05027511329818
20,2025-12-30,93.71151245677657
20,2025-12-31,121.43019623678663
20,2026-01-01,38.60176390319318
20,2026-01-02,31.026936935334373
20,2026-01-03,54.610128260581256
20,2026-01-04,66.63356192132987
20,2026-01-05,32.876181038586004
20,2026-01-06,30.028778845193184
20,2026-01-07,37.70197421908869
20,2026-01-08,26.45742299904722
20,2026-01-09,18.050961313836495
20,2026-01-10,28.51642555258491
20,2026-01-11,34.807415023847575
20,2026-01-12,16.58265262577859
20,2026-01-13,7.861768882934208
20,2026-01-14,13.625409458112768
20,2026-01-15,8.728981112781469
20,2026-01-16,6.383160802471869
20,2026-01-17,11.724934314781233
20,2026-01-18,22.837240680896382
20,2026-01-19,14.18718744303454
20,2026-01-20,10.064660298454424
20,2026-01-21,12.269649135038552
20,2026-01-22,1.7567980717362779
20,2026-01-23,2.3205362759222528
20,2026-01-24,14.917171553933636
20,2026-01-25,15.698479168840588
20,2026-01-26,9.485294059174526
20,2026-01-27,8.422466974061702
20,2026-01-28,11.66658667029033
20,2026-01-29,7.835737542178757
20,2026-01-30,9.251313839879078
20,2026-01-31,14.169034755965722
20,2026-02-01,15.663651326966905
20,2026-02-02,10.146845608414194
20,2026-02-03,8.29778238326455
20,2026-02-04,9.566591850317824
20,2026-02-05,8.609584655849611
20,2026-02-06,1.7853722713928433
20,2026-02-07,13.5444460844202
20,2026-02-08,14.511762554672968
20,2026-02-09,7.5183580004010855
20,2026-02-10,7.825190491634848
20,2026-02-11,2.456952368924266
20,2026-02-12,7.809621181735181
20,2026-02-13,9.984853879960902
20,2026-02-14,8.072790112876284
20,2026-02-15,13.408526008869826
20,2026-02-16,9.802934358761238
20,2026-02-17,10.535487190857241
20,2026-02-18,3.6429884859097195
20,2026-02-19,9.449953830444892
20,2026-02-20,10.585394723938828
20,2026-02-21,14.288211404205294
20,2026-02-22,15.981597087389027
20,2026-02-23,11.828836996368347
20,2026-02-24,10.050210674989751
20,2026-02-25,11.242220164535802
20,2026-02-26,9.492810150021095
20,2026-02-27,9.689987053521603
20,2026-02-28,13.55158455588556
20,2026-03-01,14.214388188124985
20,2026-03-02,8.375680329455337
20,2026-03-03,7.730732263035722
20,2026-03-04,9.713438414597467
20,2026-03-05,7.9640284000827615
20,2026-03-06,8.535320680341181
20,2026-03-07,13.394536543817987
20,2026-03-08,13.51680860291721
20,2026-03-09,8.615143482864006
20,2026-03-10,7.730732263035722
20,2026-03-11,9.713438414597467
20,2026-03-12,7.759142440037636
20,2026-03-13,8.692368692408754
20,2026-03-14,13.394536543817987
20,2026-03-15,13.28302551328712
20,2026-03-16,7.034855010390872
20,2026-03-17,7.6740726539328845
20,2026-03-18,10.701628328416541
20,2026-03-19,8.881781410130786
20,2026-03-20,9.662213780457254
20,2026-03-21,14.902212810715296
20,2026-03-22,14.836399145838325
20,2026-03-23,9.240483077424555
20,2026-03-24,8.648485273083745
20,2026-03-25,1.8496389933166923
20,2026-03-26,14.879949638509
20,2026-03-27,17.78077905680289
20,2026-03-28,17.68692188975498
20,2026-03-29,17.436707672927117
20,2026-03-30,13.629124650301886
20,2026-03-31,13.23447631954711
20,2026-04-01,13.498034249917797
20,2026-04-02,3.8865572504186745
20,2026-04-03,12.834536826223216
20,2026-04-04,15.124865588171268
20,2026-04-05,15.738653700689571
20,2026-04-06,11.069289372752017
20,2026-04-07,9.937463092849885
20,2026-04-08,11.849732340640585
20,2026-04-09,10.035989544258676
20,2026-04-10,11.111436083334066
20,2026-04-11,15.773461404913409
20,2026-04-12,16.62701199292372
20,2026-04-13,13.995988355969489
20,2026-04-14,14.80730140587401
20,2026-04-15,3.2079466761159128
20,2026-04-16,2.8720144649383386
20,2026-04-17,2.693451170256954
20,2026-04-18,19.7797330900007
20,2026-04-19,19.369115429939477
20,2026-04-20,4.509196552652003
20,2026-04-21,2.816686568810584
20,2026-04-22,26.084936637504036
20,2026-04-23,19.621824851610576
20,2026-04-24,8.117319988045619
20,2026-04-25,17.59941989955005
20,2026-04-26,20.394570034822085
20,2026-04-27,18.00127757454317
20,2026-04-28,16.839262905082066
20,2026-04-29,25.0372505637984
20,2026-04-30,27.374578242703638
20,2026-05-01,28.678072852109363
20,2026-05-02,37.322068528292895
20,2026-05-03,34.34407849339583
20,2026-05-04,21.19401559628423
20,2026-05-05,16.559042761051195
20,2026-05-06,8.9038990631505
20,2026-05-07,14.150695754737926
20,2026-05-08,15.265580873917992
20,2026-05-09,26.426300726222983
20,2026-05-10,28.95801224662043
20,2026-05-11,18.328606348353407
20,2026-05-12,13.624985457447352
20,2026-05-13,15.106238241839952
20,2026-05-14,13.829952599896151
20,2026-05-15,13.485199251114913
20,2026-05-16,16.817841906586207
20,2026-05-17,19.999097846937516
20,2026-05-18,15.086600830575424
20,2026-05-19,13.684710733807973
20,2026-05-20,14.76362145946068
20,2026-05-21,14.766220377531262
20,2026-05-22,12.929590129991576
20,2026-05-23,9.294020782643498
20,2026-05-24,17.044516863628925
20,2026-05-25,14.315013824494907
20,2026-05-26,12.67987163098578
20,2026-05-27,6.077157768251317
20,2026-05-28,4.5657383128693985
20,2026-05-29,3.9044649220032315
20,2026-05-30,6.381552626638033
20,2026-05-31,15.423649197123693
20,2026-06-01,10.371221984208608
20,2026-06-02,9.238047045505139
20,2026-06-03,11.477454929776462
20,2026-06-04,10.393535715711973
20,2026-06-05,10.135290324750311
20,2026-06-06,6.75075056890392
20,2026-06-07,14.291469661355505
20,2026-06-08,3.3515673203225322
20,2026-06-09,9.408715749605177
20,2026-06-10,11.877909503876035
20,2026-06-11,0.9910398067952834
20,2026-06-12,9.947351747767211
20,2026-06-13,14.511738542958431
20,2026-06-14,16.256682294580823
20,2026-06-15,11.930010754239568
20,2026-06-16,5.120798706735424
20,2026-06-17,11.660816454011595
20,2026-06-18,12.339085492408918
20,2026-06-19,3.4342379207129508
20,2026-06-20,14.706129939611444
20,2026-06-21,16.448134922168105
20,2026-06-22,9.660539454043523
20,2026-06-23,10.607695815960433
20,2026-06-24,12.173856442080456
20,2026-06-25,12.133932082220358
20,2026-06-26,10.400064351832823
20,2026-06-27,13.862454132277577
20,2026-06-28,4.3130034214106345
20,2026-06-29,7.352407120415648
20,2026-06-30,8.063320293281231
20,2026-07-01,21.038376983409808
20,2026-07-02,7.533334229320547
20,2026-07-03,10.80771474935058
20,2026-07-04,14.58391669880361
20,2026-07-05,15.929306053577658
20,2026-07-06,7.25588381327459
20,2026-07-07,5.053440106706503
20,2026-07-08,13.52844400128329
20,2026-07-09,13.05508482330428
20,2026-07-10,10.976453557033548
20,2026-07-11,14.681689732890812
20,2026-07-12,16.681918011798192
20,2026-07-13,5.438115851374208
20,2026-07-14,13.401530971069786
20,2026-07-15,15.613495552424734
20,2026-07-16,17.903923977016213
20,2026-07-17,9.042259043622245
20,2026-07-18,17.02080695155779
20,2026-07-19,18.908512895802374
20,2026-07-20,8.414133176073552
20,2026-07-21,4.060986222839409
20,2026-07-22,9.394980527934077
20,2026-07-23,12.534220221952147
20,2026-07-24,10.874643810404539
20,2026-07-25,13.213320870384393
20,2026-07-26,13.31316407696578
20,2026-07-27,13.12550433783672
20,2026-07-28,13.320663493400975
20,2026-07-29,14.959784507912845
20,2026-07-30,17.97817062276063
20,2026-07-31,17.695481268253726
20,2026-08-01,19.55532631174843
20,2026-08-02,15.460849924983
20,2026-08-03,17.59288571698096
20,2026-08-04,14.389736926517113
20,2026-08-05,16.97003558265755
20,2026-08-06,18.96395550328051
20,2026-08-07,17.443746807788784
20,2026-08-08,20.1227755831396
20,2026-08-09,20.19581345813393
20,2026-08-10,17.86945566430306
20,2026-08-11,17.84140552042445
20,2026-08-12,17.20483130654145
20,2026-08-13,12.542613692228306
20,2026-08-14,-3.0153304755266745
20,2026-08-15,8.746868166468952
20,2026-08-16,17.333573342375505
20,2026-08-17,17.183100135002775
20,2026-08-18,18.387289106453423
20,2026-08-19,20.253166098915106
20,2026-08-20,20.01042728196713
20,2026-08-21,18.131578466731042
20,2026-08-22,19.44096903882736
20,2026-08-23,19.85330989845672
20,2026-08-24,17.304420805883048
20,2026-08-25,15.896361130498946
20,2026-08-26,17.41075942158294
20,2026-08-27,16.72375320311863
20,2026-08-28,15.391390452442712
20,2026-08-29,18.827040818306344
20,2026-08-30,19.353855836265378
20,2026-08-31,14.428982545759574
20,2026-09-01,3.8923035909452817
20,2026-09-02,14.506977008648315
20,2026-09-03,14.85093791381829
20,2026-09-04,14.085919860541784
20,2026-09-05,18.018299103498446
20,2026-09-06,20.090081154777717
20,2026-09-07,12.316362472002334
21,2025-09-08,7.018188927622903
21,2025-09-09,-1.284073026950717
21,2025-09-10,7.896110697036964
21,2025-09-11,-1.9591480011163829
21,2025-09-12,-3.17836328677305
21,2025-09-13,9.386497291290508
21,2025-09-14,8.523382387615394
21,2025-09-15,7.72037864157256
21,2025-09-16,7.7118513942626565
21,2025-09-17,8.963859928124606
21,2025-09-18,7.515859153236262
21,2025-09-19,8.085074722868068
21,2025-09-20,12.535808430163327
21,2025-09-21,9.220917280011045
21,2025-09-22,9.114546716226895
21,2025-09-23,9.308815950194148
21,2025-09-24,9.96206522969795
21,2025-09-25,8.667506976484749
21,2025-09-26,0.8899389536180923
21,2025-09-27,-0.47639032500021916
21,2025-09-28,0.18771036070561734
21,2025-09-29,7.257472485485718
21,2025-09-30,7.858205851736485
21,2025-10-01,0.7929081417416216
21,2025-10-02,-2.1967811446463834
21,2025-10-03,5.897782191457323
21,2025-10-04,10.204946661035901
21,2025-10-05,7.7936785240648945
21,2025-10-06,7.87060865301974
21,2025-10-07,7.925746281558884
21,2025-10-08,8.448468345838728
21,2025-10-09,7.626684312983779
21,2025-10-10,7.528565762849658
21,2025-10-11,10.614648588401618
21,2025-10-12,9.380723083764346
21,2025-10-13,10.086730910255184
21,2025-10-14,2.3464071675207534
21,2025-10-15,10.461665748293745
21,2025-10-16,9.585728117313938
21,2025-10-17,9.027910507519094
21,2025-10-18,11.539324927759909
21,2025-10-19,9.56586565914285
21,2025-10-20,4.432761295581968
21,2025-10-21,9.497541296065426
21,2025-10-22,8.730400523568761
21,2025-10-23,2.2116559600341295
21,2025-10-24,9.036863978414072
21,2025-10-25,11.797818581097935
21,2025-10-26,9.225689487211657
21,2025-10-27,7.395069023134871
21,2025-10-28,7.588716238472448
21,2025-10-29,8.885673801576397
21,2025-10-30,8.032414158601258
21,2025-10-31,10.195939450698914
21,2025-11-01,9.465937548607839
21,2025-11-02,6.09373035484697
21,2025-11-03,5.631591736678577
21,2025-11-04,6.0200989491073145
21,2025-11-05,7.845215547764648
21,2025-11-06,6.442292590035533
21,2025-11-07,6.670078748761249
21,2025-11-08,8.919364554583197
21,2025-11-09,5.938361723086536
21,2025-11-10,4.456395595648422
21,2025-11-11,4.391757815552081
21,2025-11-12,-0.475137378978044
21,2025-11-13,4.7544943157957675
21,2025-11-14,5.257725603075071
21,2025-11-15,8.261306316762525
21,2025-11-16,5.910804194318942
21,2025-11-17,4.019203295383203
21,2025-11-18,-0.4226046962399288
21,2025-11-19,0.6512578944513044
21,2025-11-20,-1.767383404015061
21,2025-11-21,-0.7244414375335553
21,2025-11-22,2.585103424159618
21,2025-11-23,5.896989636419806
21,2025-11-24,-2.711139859428504
21,2025-11-25,-0.8041353239637139
21,2025-11-26,0.8018214452607823
21,2025-11-27,4.481453987390139
21,2025-11-28,-2.6874451340555505
21,2025-11-29,7.395102747726511
21,2025-11-30,6.004157873883412
21,2025-12-01,4.099195713121891
21,2025-12-02,4.0266214488395535
21,2025-12-03,5.330330080125269
21,2025-12-04,4.71908713092014
21,2025-12-05,5.224163612908626
21,2025-12-06,3.1374519320708174
21,2025-12-07,-1.6830804347221235
21,2025-12-08,3.635871126094158
21,2025-12-09,3.6287632792261304
21,2025-12-10,5.330330080125269
21,2025-12-11,4.8136597159836185
21,2025-12-12,5.224163612908626
21,2025-12-13,8.139703910992095
21,2025-12-14,6.216484966324677
21,2025-12-15,4.019203295383203
21,2025-12-16,4.407899051140822
21,2025-12-17,6.058807504610913
21,2025-12-18,5.399314548858194
21,2025-12-19,4.903637335411205
21,2025-12-20,-0.4528182487351238
21,2025-12-21,7.07304390726775
21,2025-12-22,7.842743696269082
21,2025-12-23,3.7763868817066757
21,2025-12-24,10.203151801630803
21,2025-12-25,9.441063900167627
21,2025-12-26,13.409700793219393
21,2025-12-27,16.649701367029447
21,2025-12-28,19.382717398136318
21,2025-12-29,30.840656190719624
21,2025-12-30,42.06683947766277
21,2025-12-31,73.5385198142582
21,2026-01-01,20.612148885482092
21,2026-01-02,8.490473623598701
21,2026-01-03,19.441465469616954
21,2026-01-04,21.60706345828406
21,2026-01-05,-2.548177688910082
21,2026-01-06,8.259408851835436
21,2026-01-07,15.283631762455652
21,2026-01-08,7.338032009440342
21,2026-01-09,1.4384402051662757
21,2026-01-10,4.374441184316237
21,2026-01-11,0.8679636671530132
21,2026-01-12,1.052267654782159
21,2026-01-13,1.8431471703916527
21,2026-01-14,7.735189060087538
21,2026-01-15,2.119072179161302
21,2026-01-16,2.407523019630434
21,2026-01-17,5.755300407123994
21,2026-01-18,6.803947635097953
21,2026-01-19,5.170235589762855
21,2026-01-20,5.83890192952791
21,2026-01-21,6.655116039019502
21,2026-01-22,-1.2953663730885931
21,2026-01-23,-1.279824884014149
21,2026-01-24,8.520726606153758
21,2026-01-25,7.139476026423582
21,2026-01-26,4.945564450537184
21,2026-01-27,5.884687042376929
21,2026-01-28,7.457941299763128
21,2026-01-29,5.470439108841544
21,2026-01-30,6.55496388832374
21,2026-01-31,10.132892969207221
21,2026-02-01,7.010388624187313
21,2026-02-02,5.9957379849947126
21,2026-02-03,6.769286155379038
21,2026-02-04,7.146778741228517
21,2026-02-05,6.334340159485355
21,2026-02-06,-0.2942109595456195
21,2026-02-07,9.703268272674505
21,2026-02-08,6.906184495767802
21,2026-02-09,5.157871696933001
21,2026-02-10,6.467311458353107
21,2026-02-11,0.34486051657017047
21,2026-02-12,5.356286805953445
21,2026-02-13,7.087014792401796
21,2026-02-14,5.083351143893234
21,2026-02-15,7.365552621064144
21,2026-02-16,7.586490489885918
21,2026-02-17,8.103219269018519
21,2026-02-18,1.4088255229256907
21,2026-02-19,7.223255418054475
21,2026-02-20,8.32685637107057
21,2026-02-21,11.023421544620504
21,2026-02-22,9.049314196658196
21,2026-02-23,7.646297285511904
21,2026-02-24,8.278097231823889
21,2026-02-25,9.058295563523657
21,2026-02-26,8.192120962195931
21,2026-02-27,8.38929786569644
21,2026-02-28,11.147946657847953
21,2026-03-01,7.576404080328753
21,2026-03-02,6.681591376790781
21,2026-03-03,7.2904930383198305
21,2026-03-04,8.106707147811415
21,2026-03-05,6.977176552086535
21,2026-03-06,7.426839322684567
21,2026-03-07,10.869269136119993
21,2026-03-08,7.8303784336924105
21,2026-03-09,6.681591376790781
21,2026-03-10,7.2904930383198305
21,2026-03-11,8.106707147811415
21,2026-03-12,6.772290592041407
21,2026-03-13,7.58388733475214
21,2026-03-14,10.99089864578038
21,2026-03-15,7.8303784336924105
21,2026-03-16,6.7465612773483326
21,2026-03-17,7.355462938877383
21,2026-03-18,9.094897061630489
21,2026-03-19,7.894929562134558
21,2026-03-20,8.675361932461023
21,2026-03-21,12.182124527763655
21,2026-03-22,8.48822402176449
21,2026-03-23,7.340736403326279
21,2026-03-24,8.208246048367851
21,2026-03-25,0.16422907524942934
21,2026-03-26,13.296022794914393
21,2026-03-27,14.83904814825937
21,2026-03-28,14.751279824994878
21,2026-03-29,11.452056426609909
21,2026-03-30,9.119979118480414
21,2026-03-31,9.358547034029561
21,2026-04-01,10.211876230025926
21,2026-04-02,0.11783147741903569
21,2026-04-03,9.827497255337692
21,2026-04-04,10.236940653232393
21,2026-04-05,7.496019138015007
21,2026-04-06,7.6533347367245135
21,2026-04-07,9.406763886253549
21,2026-04-08,10.15254109197409
21,2026-04-09,8.837048204721615
21,2026-04-10,9.46043256298051
21,2026-04-11,12.783767570078993
21,2026-04-12,9.420549532542026
21,2026-04-13,10.25207917265028
21,2026-04-14,10.561083991970476
21,2026-04-15,-1.8631114763601868
21,2026-04-16,0.6227896992926454
21,2026-04-17,0.5234079574380492
21,2026-04-18,11.761045635520317
21,2026-04-19,8.481682022941653
21,2026-04-20,1.1978957250905684
21,2026-04-21,0.7507477467476308
21,2026-04-22,8.986621289828317
21,2026-04-23,8.555733219664496
21,2026-04-24,1.312478621362057
21,2026-04-25,10.206724980978647
21,2026-04-26,8.287112473093703
21,2026-04-27,8.5252209422559
21,2026-04-28,8.489672080145523
21,2026-04-29,15.45113264313122
21,2026-04-30,16.395605711889043
21,2026-05-01,17.852947522115322
21,2026-05-02,19.29960272882153
21,2026-05-03,14.134096709060097
21,2026-05-04,10.434604461357686
21,2026-05-05,9.99524917967382
21,2026-05-06,2.679926020611824
21,2026-05-07,10.053577418970267
21,2026-05-08,8.156153726097884
21,2026-05-09,11.846902789155658
21,2026-05-10,7.794945697842752
21,2026-05-11,6.699254037749401
21,2026-05-12,7.608397247894378
21,2026-05-13,8.783434742698088
21,2026-05-14,7.9215648321232015
21,2026-05-15,8.104029010371114
21,2026-05-16,11.537070961789912
21,2026-05-17,8.755072780636143
21,2026-05-18,8.493228140435312
21,2026-05-19,8.998942751995505
21,2026-05-20,9.807848725093072
21,2026-05-21,9.284773230600983
21,2026-05-22,8.80595646866854
21,2026-05-23,3.779280191495292
21,2026-05-24,8.896737228021745
21,2026-05-25,8.3483550560272
21,2026-05-26,8.851579386943753
21,2026-05-27,2.833635621794136
21,2026-05-28,1.6228977255976673
21,2026-05-29,1.0034208782590022
21,2026-05-30,4.063534205608457
21,2026-05-31,7.603395442007164
21,2026-06-01,6.977305991641007
21,2026-06-02,7.213720775614185
21,2026-06-03,8.090381589079191
21,2026-06-04,7.573958467590556
21,2026-06-05,7.434843834794046
21,2026-06-06,3.76871312788456
21,2026-06-07,7.785802215057051
21,2026-06-08,1.031152797534049
21,2026-06-09,7.385686594131092
21,2026-06-10,8.50251957761717
21,2026-06-11,-1.3014853629451375
21,2026-06-12,7.072710482133017
21,2026-06-13,10.776151025956093
21,2026-06-14,7.9100380328667015
21,2026-06-15,7.332173186585089
21,2026-06-16,3.538542694520519
21,2026-06-17,7.97723621579883
21,2026-06-18,9.082474636546893
21,2026-06-19,2.3155720103417616
21,2026-06-20,11.21335303446122
21,2026-06-21,8.163559266454305
21,2026-06-22,5.348011614415645
21,2026-06-23,8.518366527159387
21,2026-06-24,9.600944603009772
21,2026-06-25,10.444255656336654
21,2026-06-26,8.309394295709328
21,2026-06-27,11.186708638415837
21,2026-06-28,-1.2817041732506569
21,2026-06-29,5.89649507834401
21,2026-06-30,6.577092269196627
21,2026-07-01,20.810341210566698
21,2026-07-02,7.847167564857708
21,2026-07-03,9.118038323466877
21,2026-07-04,12.090627833875597
21,2026-07-05,9.34970631865821
21,2026-07-06,3.90187464095762
21,2026-07-07,3.8952686947880024
21,2026-07-08,10.2035388862381
21,2026-07-09,9.887590525502986
21,2026-07-10,9.286777131149844
21,2026-07-11,11.948937714554125
21,2026-07-12,9.163047306676518
21,2026-07-13,1.4721461999029373
21,2026-07-14,11.344635696793816
21,2026-07-15,11.71455607972417
21,2026-07-16,10.992651905663632
21,2026-07-17,2.6802793092142756
21,2026-07-18,11.571260978899845
21,2026-07-19,7.852822855955129
21,2026-07-20,4.93392079430016
21,2026-07-21,2.7997153667786776
21,2026-07-22,-1.2849229033151857
21,2026-07-23,9.087386237073051
21,2026-07-24,7.667941720550679
21,2026-07-25,9.766587925459078
21,2026-07-26,6.504486385837943
21,2026-07-27,9.405494394451534
21,2026-07-28,9.583574382345361
21,2026-07-29,10.824219008481709
21,2026-07-30,11.991904728681268
21,2026-07-31,10.985362133994542
21,2026-08-01,11.981098180528665
21,2026-08-02,4.0392871898486815
21,2026-08-03,12.256424500807043
21,2026-08-04,8.525657032996094
21,2026-08-05,11.299647764304353
21,2026-08-06,12.369634129472223
21,2026-08-07,10.607184325059489
21,2026-08-08,12.227010053063267
21,2026-08-09,9.005703624111472
21,2026-08-10,11.15831369964273
21,2026-08-11,11.907220868282668
21,2026-08-12,13.17640749009996
21,2026-08-13,10.78389667083932
21,2026-08-14,-3.149218419452115
21,2026-08-15,3.4378796558759372
21,2026-08-16,8.446618675528914
21,2026-08-17,10.644681263579136
21,2026-08-18,12.310929972093811
21,2026-08-19,12.02492231210878
21,2026-08-20,11.786583598450022
21,2026-08-21,9.932147189811253
21,2026-08-22,12.17823531056088
21,2026-08-23,8.781136326708708
21,2026-08-24,10.372119223463352
21,2026-08-25,9.626373218861547
21,2026-08-26,10.1266154616783
21,2026-08-27,10.431439263877008
21,2026-08-28,8.787180512391268
21,2026-08-29,12.435697146858795
21,2026-08-30,8.30688515822542
21,2026-08-31,8.942572327207174
21,2026-09-01,-0.7524207664801247
21,2026-09-02,9.66626586737465
21,2026-09-03,8.944355626653511
21,2026-09-04,8.491233574186845
21,2026-09-05,10.692970936914003
21,2026-09-06,8.503688655996031
21,2026-09-07,5.857990046487056
22,2025-09-08,254.51604338015719
22,2025-09-09,164.85886521128725
22,2025-09-10,197.63859240187716
22,2025-09-11,147.79658222539294
22,2025-09-12,136.16704876866896
22,2025-09-13,556.8374497934309
22,2025-09-14,643.970634311753
22,2025-09-15,223.58702895387003
22,2025-09-16,207.02936362994745
22,2025-09-17,220.32618455157544
22,2025-09-18,211.1093969169188
22,2025-09-19,203.9977337024566
22,2025-09-20,603.348914939792
22,2025-09-21,828.471903310872
22,2025-09-22,239.948177125847
22,2025-09-23,203.33306263376483
22,2025-09-24,221.86375333567318
22,2025-09-25,212.95521930192334
22,2025-09-26,138.89424499330792
22,2025-09-27,528.3915941697599
22,2025-09-28,549.7687960024888
22,2025-09-29,228.96480147958997
22,2025-09-30,194.6588153668595
22,2025-10-01,144.87990989590494
22,2025-10-02,121.26788070678661
22,2025-10-03,164.12544141459463
22,2025-10-04,547.411390548357
22,2025-10-05,688.1426937249423
22,2025-10-06,293.0210101121806
22,2025-10-07,229.494194678997
22,2025-10-08,227.28131397261288
22,2025-10-09,211.48424924599965
22,2025-10-10,181.27469192832382
22,2025-10-11,519.8301232381062
22,2025-10-12,616.0212668830198
22,2025-10-13,395.1137638584493
22,2025-10-14,291.11463255421876
22,2025-10-15,358.86872308774156
22,2025-10-16,394.3131928767731
22,2025-10-17,431.7984886193362
22,2025-10-18,524.6832689535593
22,2025-10-19,642.6532413392956
22,2025-10-20,550.5148565962113
22,2025-10-21,598.3252919962466
22,2025-10-22,689.5071379257968
22,2025-10-23,402.8723811193311
22,2025-10-24,478.6032856593342
22,2025-10-25,530.6343614217913
22,2025-10-26,573.9482783714072
22,2025-10-27,310.6444223570337
22,2025-10-28,250.28278725104315
22,2025-10-29,231.4144181809226
22,2025-10-30,186.49609435787985
22,2025-10-31,199.69791910839092
22,2025-11-01,376.01130229453065
22,2025-11-02,391.74524463254824
22,2025-11-03,145.6916162314678
22,2025-11-04,123.65512333583906
22,2025-11-05,140.15878105496805
22,2025-11-06,138.49918407448
22,2025-11-07,150.9884039035296
22,2025-11-08,389.29282720505637
22,2025-11-09,364.02706229297263
22,2025-11-10,110.68557422936064
22,2025-11-11,90.19792428019342
22,2025-11-12,83.67223918688725
22,2025-11-13,78.21838792786102
22,2025-11-14,86.60056172097413
22,2025-11-15,312.46142723033483
22,2025-11-16,297.18820333706145
22,2025-11-17,91.57692255549911
22,2025-11-18,58.489252091225275
22,2025-11-19,70.92928953750601
22,2025-11-20,63.890738314075264
22,2025-11-21,69.92243680354899
22,2025-11-22,243.65392729418141
22,2025-11-23,218.4619976212076
22,2025-11-24,37.756476664783186
22,2025-11-25,41.10777797353317
22,2025-11-26,41.540228548231006
22,2025-11-27,43.021175407039
22,2025-11-28,47.41198355407402
22,2025-11-29,186.02208608230652
22,2025-11-30,184.82653132339192
22,2025-12-01,45.99442386275657
22,2025-12-02,38.42331955534423
22,2025-12-03,42.90813217180554
22,2025-12-04,38.12430227955773
22,2025-12-05,42.67259996944929
22,2025-12-06,134.9845233543973
22,2025-12-07,115.25653711813982
22,2025-12-08,46.83912629491705
22,2025-12-09,36.92662571757835
22,2025-12-10,40.41081569376437
22,2025-12-11,35.51498648502543
22,2025-12-12,42.91325895229371
22,2025-12-13,136.90343455316932
22,2025-12-14,151.91360637188328
22,2025-12-15,51.27471156067331
22,2025-12-16,38.54190692677399
22,2025-12-17,44.42836796765621
22,2025-12-18,40.35673580849977
22,2025-12-19,51.21038290296445
22,2025-12-20,103.32990779761609
22,2025-12-21,134.46903926232469
22,2025-12-22,144.79146022633958
22,2025-12-23,136.27806328512347
22,2025-12-24,197.28105837279696
22,2025-12-25,208.0184420842081
22,2025-12-26,264.3589368074348
22,2025-12-27,336.68137366474645
22,2025-12-28,402.6308791211619
22,2025-12-29,608.7078447218952
22,2025-12-30,582.4769955760653
22,2025-12-31,520.2467506991279
22,2026-01-01,369.24862489861016
22,2026-01-02,467.5381908939635
22,2026-01-03,446.3707875649478
22,2026-01-04,439.03876625281583
22,2026-01-05,300.0615620052176
22,2026-01-06,195.14480775712425
22,2026-01-07,140.34148912360476
22,2026-01-08,95.24113753260794
22,2026-01-09,76.41524858039229
22,2026-01-10,221.78177303299157
22,2026-01-11,193.97428080643692
22,2026-01-12,53.179030203703675
22,2026-01-13,45.50856346693797
22,2026-01-14,45.85683287839098
22,2026-01-15,44.32935830284801
22,2026-01-16,53.46910229454316
22,2026-01-17,186.3389607634063
22,2026-01-18,210.02256723855862
22,2026-01-19,73.2782546175008
22,2026-01-20,70.5569662089684
22,2026-01-21,77.41538931903058
22,2026-01-22,57.450894237139764
22,2026-01-23,55.477198879298214
22,2026-01-24,214.30463626577674
22,2026-01-25,225.94223465516822
22,2026-01-26,74.06568774145158
22,2026-01-27,82.44371793360274
22,2026-01-28,93.292568587669
22,2026-01-29,90.27174275255513
22,2026-01-30,115.09480378678177
22,2026-01-31,240.52824701931442
22,2026-02-01,262.6350711793288
22,2026-02-02,108.27186971817962
22,2026-02-03,107.96738498596275
22,2026-02-04,116.78124242319397
22,2026-02-05,101.3252629067146
22,2026-02-06,75.60451998801683
22,2026-02-07,243.7251883531612
22,2026-02-08,267.39734659373954
22,2026-02-09,115.80892320924374
22,2026-02-10,105.6033564574884
22,2026-02-11,81.38124660959774
22,2026-02-12,83.24691282181573
22,2026-02-13,105.07907694480122
22,2026-02-14,234.477451325987
22,2026-02-15,272.12943705868184
22,2026-02-16,158.10901996446822
22,2026-02-17,160.2515987115524
22,2026-02-18,126.55471383626292
22,2026-02-19,139.34785952891525
22,2026-02-20,173.45706605277306
22,2026-02-21,322.87946843112064
22,2026-02-22,362.92054875733567
22,2026-02-23,202.15045597269412
22,2026-02-24,185.60169136630282
22,2026-02-25,213.97237141178795
22,2026-02-26,163.4377348074525
22,2026-02-27,185.624272921818
22,2026-02-28,327.5289305942121
22,2026-03-01,345.5972505280578
22,2026-03-02,189.25536899614377
22,2026-03-03,153.75928383016736
22,2026-03-04,162.32610598124882
22,2026-03-05,141.46265818916714
22,2026-03-06,165.23682650630482
22,2026-03-07,387.29732360673574
22,2026-03-08,397.90331870232205
22,2026-03-09,188.2098847068235
22,2026-03-10,159.23964636174222
22,2026-03-11,167.47284886367618
22,2026-03-12,149.58315651195167
22,2026-03-13,170.60513724945054
22,2026-03-14,374.1815976985857
22,2026-03-15,374.2435702208357
22,2026-03-16,181.36384245704892
22,2026-03-17,156.13120013874
22,2026-03-18,179.70745134970306
22,2026-03-19,150.48790212791673
22,2026-03-20,181.0959306382462
22,2026-03-21,401.19691217722715
22,2026-03-22,403.9189518769972
22,2026-03-23,191.3630584911223
22,2026-03-24,158.81453192432497
22,2026-03-25,117.03424648827907
22,2026-03-26,146.8327901306665
22,2026-03-27,202.52910732958213
22,2026-03-28,397.3852641615921
22,2026-03-29,443.6514722183025
22,2026-03-30,214.84882629897848
22,2026-03-31,165.71611339799543
22,2026-04-01,178.19734314500556
22,2026-04-02,94.55154768691709
22,2026-04-03,149.86285747159192
22,2026-04-04,403.02243718589716
22,2026-04-05,402.5145423754448
22,2026-04-06,205.73246043157903
22,2026-04-07,166.92247264771444
22,2026-04-08,189.93784390027804
22,2026-04-09,155.7920204593518
22,2026-04-10,194.69372614138317
22,2026-04-11,390.40933177379327
22,2026-04-12,419.3794501378278
22,2026-04-13,236.9467342183365
22,2026-04-14,228.5567751566404
22,2026-04-15,129.5957167704486
22,2026-04-16,96.00218384588203
22,2026-04-17,93.08228692734073
22,2026-04-18,416.03144569372773
22,2026-04-19,479.8246394764867
22,2026-04-20,213.9743064295555
22,2026-04-21,113.99691532401378
22,2026-04-22,166.1255181523103
22,2026-04-23,180.0314054769245
22,2026-04-24,122.64397754218922
22,2026-04-25,440.2918411652273
22,2026-04-26,469.91468530436777
22,2026-04-27,278.504884922522
22,2026-04-28,264.7784073568131
22,2026-04-29,422.54607990933687
22,2026-04-30,429.6454599098113
22,2026-05-01,493.4546054897599
22,2026-05-02,618.9249560931294
22,2026-05-03,526.0302058332277
22,2026-05-04,473.3502815890731
22,2026-05-05,394.2679606446512
22,2026-05-06,276.42459284203784
22,2026-05-07,292.06875193306735
22,2026-05-08,367.97936820812555
22,2026-05-09,493.35412653436623
22,2026-05-10,542.6636288699494
22,2026-05-11,287.6531623278809
22,2026-05-12,233.6746437398509
22,2026-05-13,262.26775809021484
22,2026-05-14,265.0766934775994
22,2026-05-15,352.8167321238635
22,2026-05-16,580.9322800521508
22,2026-05-17,587.181855155799
22,2026-05-18,307.69572724500347
22,2026-05-19,274.1397103860565
22,2026-05-20,259.35788200847105
22,2026-05-21,271.0526317433459
22,2026-05-22,319.92689205902934
22,2026-05-23,486.97391000825775
22,2026-05-24,586.9056133381159
22,2026-05-25,328.39179855720147
22,2026-05-26,287.12423702925054
22,2026-05-27,233.17441967819104
22,2026-05-28,185.19165870717558
22,2026-05-29,202.35401978049194
22,2026-05-30,587.1912673281543
22,2026-05-31,589.3061781991732
22,2026-06-01,314.7067233704942
22,2026-06-02,293.8974512454261
22,2026-06-03,306.25718273067145
22,2026-06-04,287.07788777585455
22,2026-06-05,306.0876694691492
22,2026-06-06,436.5642988226503
22,2026-06-07,526.8522042567415
22,2026-06-08,311.4114765258423
22,2026-06-09,283.76355033105335
22,2026-06-10,299.6941545757947
22,2026-06-11,164.0099430278679
22,2026-06-12,225.36139122165048
22,2026-06-13,555.0693028054048
22,2026-06-14,555.5024207363527
22,2026-06-15,298.30936267315843
22,2026-06-16,210.55160302904497
22,2026-06-17,223.55843032625958
22,2026-06-18,236.24138243709905
22,2026-06-19,186.5171972676256
22,2026-06-20,472.6348682895297
22,2026-06-21,506.63131183334326
22,2026-06-22,203.4924880474797
22,2026-06-23,183.820978260999
22,2026-06-24,218.4245621094985
22,2026-06-25,212.42425175132084
22,2026-06-26,222.6964690730947
22,2026-06-27,552.7092820676869
22,2026-06-28,435.53933564653227
22,2026-06-29,177.26505053448614
22,2026-06-30,174.35452107093752
22,2026-07-01,172.5867463837295
22,2026-07-02,134.37391871866186
22,2026-07-03,214.49354846794805
22,2026-07-04,482.75709691420315
22,2026-07-05,489.23382377744133
22,2026-07-06,178.8995529583521
22,2026-07-07,133.86606230257772
22,2026-07-08,208.29893042016593
22,2026-07-09,204.3183535649055
22,2026-07-10,219.6295414290655
22,2026-07-11,567.133841261632
22,2026-07-12,538.468811679034
22,2026-07-13,276.0922833519184
22,2026-07-14,287.28316947281274
22,2026-07-15,312.5527347414739
22,2026-07-16,320.17850272793453
22,2026-07-17,257.68244036085736
22,2026-07-18,477.89859426460436
22,2026-07-19,493.471722099547
22,2026-07-20,276.85348081612284
22,2026-07-21,173.03311474263262
22,2026-07-22,153.5581407223409
22,2026-07-23,231.080883837517
22,2026-07-24,251.66592100930353
22,2026-07-25,556.6964465983573
22,2026-07-26,541.4336713333987
22,2026-07-27,369.8167839583888
22,2026-07-28,296.2992430680003
22,2026-07-29,354.2734759206416
22,2026-07-30,334.7694479967248
22,2026-07-31,363.0866429298559
22,2026-08-01,495.44439258371
22,2026-08-02,490.93029280378096
22,2026-08-03,427.8950503341009
22,2026-08-04,383.27054365670926
22,2026-08-05,466.51140306899094
22,2026-08-06,453.0953364959823
22,2026-08-07,398.58440905149826
22,2026-08-08,557.5401594027389
22,2026-08-09,548.7706218813674
22,2026-08-10,463.84867097725487
22,2026-08-11,493.21924706910175
22,2026-08-12,504.73649861657054
22,2026-08-13,400.50623044304035
22,2026-08-14,268.0541461807725
22,2026-08-15,437.91970710912295
22,2026-08-16,567.3690654797186
22,2026-08-17,470.3526647628229
22,2026-08-18,469.11448227877963
22,2026-08-19,545.2731064701368
22,2026-08-20,495.9013024728361
22,2026-08-21,457.58348311295697
22,2026-08-22,510.78393288752375
22,2026-08-23,564.0553980234648
22,2026-08-24,383.89330275284317
22,2026-08-25,348.6500910822024
22,2026-08-26,398.7494434289182
22,2026-08-27,399.1137729966534
22,2026-08-28,348.7468254683448
22,2026-08-29,472.6098296159812
22,2026-08-30,481.76480774814127
22,2026-08-31,264.67002542314117
22,2026-09-01,227.5027875973385
22,2026-09-02,241.81319373901206
22,2026-09-03,222.37916882456878
22,2026-09-04,250.42545766868724
22,2026-09-05,435.5568561160199
22,2026-09-06,492.8629510290668
22,2026-09-07,167.2290725441497
23,2025-09-08,14.594596962999889
23,2025-09-09,2.5910977790526513
23,2025-09-10,10.127139790743353
23,2025-09-11,-2.4145869926954693
23,2025-09-12,-7.528574287742806
23,2025-09-13,25.867306972485725
23,2025-09-14,72.62391866460972
23,2025-09-15,33.50810439698365
23,2025-09-16,24.830397455991974
23,2025-09-17,26.443157939151554
23,2025-09-18,22.370591275692217
23,2025-09-19,30.58634088504916
23,2025-09-20,66.78222333122048
23,2025-09-21,77.92105736381431
23,2025-09-22,38.87798656201789
23,2025-09-23,28.614262733174765
23,2025-09-24,31.55505021392775
23,2025-09-25,27.49379223462816
23,2025-09-26,26.423230354910125
23,2025-09-27,47.82370286377266
23,2025-09-28,57.154869722220774
23,2025-09-29,32.05408722910892
23,2025-09-30,25.123452240955483
23,2025-10-01,15.493088928792547
23,2025-10-02,5.0875392868638905
23,2025-10-03,18.392104342179923
23,2025-10-04,45.21628655770785
23,2025-10-05,55.869875950723255
23,2025-10-06,31.844136410981772
23,2025-10-07,29.477286308188035
23,2025-10-08,27.972718891690757
23,2025-10-09,24.74596988380273
23,2025-10-10,33.34301339250094
23,2025-10-11,64.5689583670176
23,2025-10-12,74.84708524988325
23,2025-10-13,56.65280756204377
23,2025-10-14,34.67114292380452
23,2025-10-15,41.78896279013337
23,2025-10-16,41.71901490492897
23,2025-10-17,62.71251062955497
23,2025-10-18,104.64834469969253
23,2025-10-19,118.17527066355721
23,2025-10-20,42.79250515644619
23,2025-10-21,48.75409768334624
23,2025-10-22,53.3813093041392
23,2025-10-23,38.25602658076229
23,2025-10-24,53.84474529282865
23,2025-10-25,99.06599098896599
23,2025-10-26,108.64272757241248
23,2025-10-27,52.92010771415792
23,2025-10-28,42.906728918788524
23,2025-10-29,47.692678936609035
23,2025-10-30,47.09937548071906
23,2025-10-31,67.84969598193118
23,2025-11-01,110.49170848860358
23,2025-11-02,97.65749825030501
23,2025-11-03,40.00980351133091
23,2025-11-04,33.20736404314531
23,2025-11-05,37.04344557391591
23,2025-11-06,33.886827039959584
23,2025-11-07,51.72023106048349
23,2025-11-08,101.13683560657978
23,2025-11-09,96.9206358939141
23,2025-11-10,37.0659716411313
23,2025-11-11,27.653722315655248
23,2025-11-12,24.140023514526792
23,2025-11-13,25.32822634693314
23,2025-11-14,41.14936172444491
23,2025-11-15,84.59261113905222
23,2025-11-16,82.34813395128576
23,2025-11-17,33.061286272326356
23,2025-11-18,17.600545879151422
23,2025-11-19,15.909816659696867
23,2025-11-20,9.332538245632554
23,2025-11-21,15.269822805516428
23,2025-11-22,57.64327253426208
23,2025-11-23,65.66608632493379
23,2025-11-24,17.91571603451966
23,2025-11-25,7.959122944872415
23,2025-11-26,8.54164123669571
23,2025-11-27,10.507505772971815
23,2025-11-28,-0.37420096515646006
23,2025-11-29,43.42575596418461
23,2025-11-30,52.79272932361015
23,2025-12-01,19.51432202816878
23,2025-12-02,13.312461017316211
23,2025-12-03,13.102344848880062
23,2025-12-04,10.640029955532517
23,2025-12-05,18.876485234763067
23,2025-12-06,30.426036009477734
23,2025-12-07,30.945163606853427
23,2025-12-08,14.000484417305062
23,2025-12-09,7.940418584761842
23,2025-12-10,9.75487496183715
23,2025-12-11,6.757454237757052
23,2025-12-12,15.313006549336636
23,2025-12-13,26.147716525819643
23,2025-12-14,32.96518438955652
23,2025-12-15,15.00124550658314
23,2025-12-16,6.869702137837809
23,2025-12-17,12.868531760459899
23,2025-12-18,6.120011661653811
23,2025-12-19,9.441999177156948
23,2025-12-20,1.7618497463750555
23,2025-12-21,14.908557819426532
23,2025-12-22,20.198525005479375
23,2025-12-23,12.413300076806596
23,2025-12-24,17.781578342910237
23,2025-12-25,14.532153235652935
23,2025-12-26,32.91304941902689
23,2025-12-27,41.11436025040579
23,2025-12-28,52.48895142257889
23,2025-12-29,61.47191600308704
23,2025-12-30,78.0549938504126
23,2025-12-31,95.75615587398269
23,2026-01-01,34.38010355841995
23,2026-01-02,21.310284871772343
23,2026-01-03,65.41887630245833
23,2026-01-04,73.84672165112798
23,2026-01-05,17.752328465957273
23,2026-01-06,23.862144005761596
23,2026-01-07,24.538011522253612
23,2026-01-08,20.565936248640693
23,2026-01-09,14.408874697207278
23,2026-01-10,40.16674107852532
23,2026-01-11,42.45503357272715
23,2026-01-12,15.240972884769379
23,2026-01-13,4.164147891488709
23,2026-01-14,6.091239470185432
23,2026-01-15,4.768077299736361
23,2026-01-16,7.7536768602127335
23,2026-01-17,22.550968273063578
23,2026-01-18,36.50705193402785
23,2026-01-19,17.214129194978085
23,2026-01-20,10.479811292167305
23,2026-01-21,11.429763543514273
23,2026-01-22,0.70506945614272
23,2026-01-23,3.0310791130853127
23,2026-01-24,20.79024041322889
23,2026-01-25,29.859196413824986
23,2026-01-26,14.8606699430805
23,2026-01-27,10.11616330715471
23,2026-01-28,12.358571556934221
23,2026-01-29,8.85917337474879
23,2026-01-30,12.082813016210276
23,2026-01-31,25.27003022472021
23,2026-02-01,33.086543022380944
23,2026-02-02,15.65978654906131
23,2026-02-03,10.129468551910394
23,2026-02-04,10.434882706272681
23,2026-02-05,8.191961499999916
23,2026-02-06,2.954290444494367
23,2026-02-07,20.611496928639898
23,2026-02-08,23.984036238892667
23,2026-02-09,11.381700016424231
23,2026-02-10,7.193370410399095
23,2026-02-11,-0.02885775412845315
23,2026-02-12,6.007395184493523
23,2026-02-13,10.632889861365387
23,2026-02-14,10.369267892459371
23,2026-02-15,16.846910254489714
23,2026-02-16,9.040229069842198
23,2026-02-17,7.526579787458205
23,2026-02-18,0.7827529845130543
23,2026-02-19,6.553288034810617
23,2026-02-20,11.993668025888544
23,2026-02-21,17.1432416190134
23,2026-02-22,19.46965548354959
23,2026-02-23,9.381764403804821
23,2026-02-24,7.574476194302015
23,2026-02-25,9.594958539707395
23,2026-02-26,6.866266040870752
23,2026-02-27,9.457585058811368
23,2026-02-28,17.36744173568952
23,2026-03-01,18.30096707803313
23,2026-03-02,6.3453512563079
23,2026-03-03,5.010595718121745
23,2026-03-04,8.401416848202778
23,2026-03-05,5.653882262915798
23,2026-03-06,9.434412953625495
23,2026-03-07,17.129932505493752
23,2026-03-08,19.382716778011616
23,2026-03-09,6.84078221240749
23,2026-03-10,5.010595718121745
23,2026-03-11,8.401416848202778
23,2026-03-12,5.530741890801452
23,2026-03-13,9.969559091449486
23,2026-03-14,17.129932505493752
23,2026-03-15,19.20607182458634
23,2026-03-16,6.982101813832138
23,2026-03-17,5.1519153195463945
23,2026-03-18,9.38960676202185
23,2026-03-19,6.653380860894605
23,2026-03-20,10.939404179497986
23,2026-03-21,18.612401889753254
23,2026-03-22,19.25322236298751
23,2026-03-23,7.8864348084919245
23,2026-03-24,6.126327938697255
23,2026-03-25,-0.6077985004312029
23,2026-03-26,12.655798305883156
23,2026-03-27,17.441058613107895
23,2026-03-28,20.95239396069129
23,2026-03-29,21.09268261110431
23,2026-03-30,10.346113433840268
23,2026-03-31,9.181756857223299
23,2026-04-01,11.982159634033195
23,2026-04-02,1.21955226695398
23,2026-04-03,13.429127418435108
23,2026-04-04,18.286143696878725
23,2026-04-05,17.274496565511214
23,2026-04-06,8.225192827255572
23,2026-04-07,7.343205274206639
23,2026-04-08,10.483233982676294
23,2026-04-09,7.479664827261277
23,2026-04-10,11.253536307842113
23,2026-04-11,18.42993188093854
23,2026-04-12,18.312884173048577
23,2026-04-13,10.83507709164666
23,2026-04-14,9.025647252939818
23,2026-04-15,-1.5306529701361313
23,2026-04-16,0.4373708378675232
23,2026-04-17,1.4705281420692216
23,2026-04-18,21.10488718179681
23,2026-04-19,21.558796922060235
23,2026-04-20,3.618644308241159
23,2026-04-21,-0.12824677195541845
23,2026-04-22,9.986040457126538
23,2026-04-23,9.491904445755733
23,2026-04-24,2.328797944303222
23,2026-04-25,16.702877634447372
23,2026-04-26,19.058588807260584
23,2026-04-27,12.15191882284254
23,2026-04-28,9.446232792410864
23,2026-04-29,15.992532989649732
23,2026-04-30,16.644511636246044
23,2026-05-01,28.788385252282467
23,2026-05-02,39.95677898315
23,2026-05-03,40.63008900195599
23,2026-05-04,20.88814482508069
23,2026-05-05,13.860036429086222
23,2026-05-06,6.229500758353808
23,2026-05-07,11.740909481961237
23,2026-05-08,14.396813004524406
23,2026-05-09,29.557136325536923
23,2026-05-10,36.44543081832919
23,2026-05-11,18.630813638451734
23,2026-05-12,11.040236634288373
23,2026-05-13,11.786139046589687
23,2026-05-14,10.010929087299358
23,2026-05-15,13.085251004230663
23,2026-05-16,27.622186338057517
23,2026-05-17,35.516839411758255
23,2026-05-18,20.738088694526905
23,2026-05-19,12.906169302672634
23,2026-05-20,12.771653333077886
23,2026-05-21,11.607620182430558
23,2026-05-22,18.515191491019362
23,2026-05-23,17.715195612194957
23,2026-05-24,24.75046328547223
23,2026-05-25,16.92304183792772
23,2026-05-26,12.565204001609077
23,2026-05-27,4.80905312561582
23,2026-05-28,4.407951696722518
23,2026-05-29,8.889995313772989
23,2026-05-30,21.34003605460569
23,2026-05-31,24.841611892822332
23,2026-06-01,16.893772946068328
23,2026-06-02,11.861228392291471
23,2026-06-03,12.91302653994288
23,2026-06-04,10.523096612541512
23,2026-06-05,18.774319388613687
23,2026-06-06,12.363590742063396
23,2026-06-07,19.887854993640282
23,2026-06-08,3.9186994930805095
23,2026-06-09,13.12966941167018
23,2026-06-10,13.23355470682732
23,2026-06-11,0.6206468194875627
23,2026-06-12,16.096470031500424
23,2026-06-13,18.970569858012237
23,2026-06-14,21.10181230665688
23,2026-06-15,10.589010664720021
23,2026-06-16,4.507942463402279
23,2026-06-17,10.250404121965563
23,2026-06-18,9.385343369775384
23,2026-06-19,5.770409977520268
23,2026-06-20,26.951636503537845
23,2026-06-21,36.08135331141361
23,2026-06-22,18.444823266429438
23,2026-06-23,13.05537347098577
23,2026-06-24,13.138495047167996
23,2026-06-25,11.489388539328264
23,2026-06-26,12.449843785190748
23,2026-06-27,21.26749415145692
23,2026-06-28,17.99310865457384
23,2026-06-29,8.717071214204436
23,2026-06-30,7.730909924550331
23,2026-07-01,22.715734049082478
23,2026-07-02,10.469198560647978
23,2026-07-03,12.780028652046951
23,2026-07-04,24.94570067286754
23,2026-07-05,32.06231746019506
23,2026-07-06,13.158471045109108
23,2026-07-07,7.3165550812576825
23,2026-07-08,13.32729446451205
23,2026-07-09,10.877280872898996
23,2026-07-10,19.471042135018635
23,2026-07-11,24.84131124062431
23,2026-07-12,33.413751252267446
23,2026-07-13,12.369040141378049
23,2026-07-14,15.379963459362697
23,2026-07-15,16.779952527245893
23,2026-07-16,15.751885658362562
23,2026-07-17,14.673953152612048
23,2026-07-18,23.1986042513974
23,2026-07-19,30.65863419988674
23,2026-07-20,11.784941018451837
23,2026-07-21,3.513400291866992
23,2026-07-22,2.098565662080727
23,2026-07-23,12.400463231487635
23,2026-07-24,17.548021116569394
23,2026-07-25,22.636620162991807
23,2026-07-26,25.664250344879264
23,2026-07-27,23.94251832874103
23,2026-07-28,22.388556729606705
23,2026-07-29,21.28024041461815
23,2026-07-30,19.752412411099257
23,2026-07-31,33.31437839872678
23,2026-08-01,40.47176891449909
23,2026-08-02,33.7541644419475
23,2026-08-03,26.77230346548056
23,2026-08-04,21.170800884717533
23,2026-08-05,20.90090961137688
23,2026-08-06,20.06207261079673
23,2026-08-07,33.525131650891836
23,2026-08-08,51.68387698391479
23,2026-08-09,53.995444858566216
23,2026-08-10,32.481493026543234
23,2026-08-11,28.627775228472476
23,2026-08-12,29.27899773855731
23,2026-08-13,25.97793759235406
23,2026-08-14,21.039207706885474
23,2026-08-15,39.101849511242655
23,2026-08-16,50.344595268346886
23,2026-08-17,32.99689297311078
23,2026-08-18,30.033588428988256
23,2026-08-19,32.56147862009195
23,2026-08-20,28.644081820113506
23,2026-08-21,37.5319311456789
23,2026-08-22,64.92266056058217
23,2026-08-23,66.87928101879913
23,2026-08-24,35.904584882475234
23,2026-08-25,30.471103453457097
23,2026-08-26,30.184574553935168
23,2026-08-27,27.798947089377144
23,2026-08-28,40.39370672931274
23,2026-08-29,71.33212210616175
23,2026-08-30,75.50413560134676
23,2026-08-31,41.867354070257534
23,2026-09-01,25.583784034478136
23,2026-09-02,31.87697534843321
23,2026-09-03,30.033867940971266
23,2026-09-04,44.21468864446168
23,2026-09-05,90.53815651307585
23,2026-09-06,103.83825638177592
23,2026-09-07,45.40676467304568
24,2025-09-08,72.09621334822445
24,2025-09-09,61.41211779999918
24,2025-09-10,72.93587022289461
24,2025-09-11,59.55995135587624
24,2025-09-12,51.378426652797785
24,2025-09-13,87.34000751278981
24,2025-09-14,101.7173171605258
24,2025-09-15,67.41066703366019
24,2025-09-16,60.08799858937056
24,2025-09-17,65.44491589645578
24,2025-09-18,58.0839509638231
24,2025-09-19,76.26175791540454
24,2025-09-20,104.73114129804142
24,2025-09-21,97.5752787276286
24,2025-09-22,65.98705500525432
24,2025-09-23,57.60338397404357
24,2025-09-24,68.48958074239312
24,2025-09-25,61.359306230674264
24,2025-09-26,56.95034736354838
24,2025-09-27,66.64029831017864
24,2025-09-28,74.62701990793724
24,2025-09-29,61.97813092656533
24,2025-09-30,54.62620327639766
24,2025-10-01,48.6367343102114
24,2025-10-02,38.251526919081776
24,2025-10-03,71.25365555671613
24,2025-10-04,125.3557849088632
24,2025-10-05,108.07344085879303
24,2025-10-06,68.31578026408087
24,2025-10-07,70.65488292808116
24,2025-10-08,80.45541022804149
24,2025-10-09,77.12210628796073
24,2025-10-10,94.00676729618901
24,2025-10-11,102.08563790186105
24,2025-10-12,97.63434365270325
24,2025-10-13,87.07132952108344
24,2025-10-14,74.48444978798935
24,2025-10-15,116.28079082494726
24,2025-10-16,109.23750706380915
24,2025-10-17,110.88824427768222
24,2025-10-18,118.42597331439454
24,2025-10-19,110.74745486512558
24,2025-10-20,72.7857737830386
24,2025-10-21,93.18529903174034
24,2025-10-22,101.46041588260938
24,2025-10-23,68.14387623727835
24,2025-10-24,100.43163577629878
24,2025-10-25,102.67576903205878
24,2025-10-26,96.75998922543765
24,2025-10-27,84.78929711333332
24,2025-10-28,87.42135965099479
24,2025-10-29,113.65740180094024
24,2025-10-30,89.888330391731
24,2025-10-31,109.6104321756821
24,2025-11-01,88.29590804969679
24,2025-11-02,87.52591867207518
24,2025-11-03,72.3016553525456
24,2025-11-04,75.65115591544838
24,2025-11-05,88.67977139949397
24,2025-11-06,78.96223021612307
24,2025-11-07,81.9904059988171
24,2025-11-08,83.80898624604868
24,2025-11-09,81.58899934517066
24,2025-11-10,54.7992093147116
24,2025-11-11,50.76249906683295
24,2025-11-12,48.123889334023836
24,2025-11-13,50.431149361260246
24,2025-11-14,71.32074949261099
24,2025-11-15,76.87746613164026
24,2025-11-16,76.07039020968891
24,2025-11-17,45.134588813299274
24,2025-11-18,35.00313087064906
24,2025-11-19,42.195137325777445
24,2025-11-20,32.93191379837932
24,2025-11-21,40.17045153165728
24,2025-11-22,53.605954619471284
24,2025-11-23,63.46864649716734
24,2025-11-24,24.276213054579127
24,2025-11-25,20.43928517991217
24,2025-11-26,21.663820754564927
24,2025-11-27,24.691153676559964
24,2025-11-28,24.62636422359384
24,2025-11-29,45.571072127473606
24,2025-11-30,52.257879126411474
24,2025-12-01,26.269201462459872
24,2025-12-02,22.36576897310993
24,2025-12-03,23.1128568895592
24,2025-12-04,20.51623527942966
24,2025-12-05,31.613620630620087
24,2025-12-06,37.80276577114958
24,2025-12-07,36.58272239428817
24,2025-12-08,23.220331328802615
24,2025-12-09,18.571900329470672
24,2025-12-10,19.047321483109855
24,2025-12-11,16.837759824598614
24,2025-12-12,29.792161344262556
24,2025-12-13,41.30237458876346
24,2025-12-14,43.81263008213387
24,2025-12-15,25.78691509060132
24,2025-12-16,22.747304895350617
24,2025-12-17,23.050248136674515
24,2025-12-18,20.33671681506146
24,2025-12-19,22.827821183056443
24,2025-12-20,23.377383896408737
24,2025-12-21,35.80958833484804
24,2025-12-22,46.10714235608243
24,2025-12-23,43.20662635916484
24,2025-12-24,58.14140050614287
24,2025-12-25,58.64085218850713
24,2025-12-26,73.82431323731952
24,2025-12-27,88.3908395743007
24,2025-12-28,95.3675128703293
24,2025-12-29,120.90760767788848
24,2025-12-30,140.22095570968585
24,2025-12-31,125.45764594563468
24,2026-01-01,83.58817257452075
24,2026-01-02,89.12704007429357
24,2026-01-03,86.70065143371575
24,2026-01-04,75.27035613100662
24,2026-01-05,52.17876412557075
24,2026-01-06,48.49624902662839
24,2026-01-07,45.45902317904126
24,2026-01-08,44.083009974848956
24,2026-01-09,53.081242465641424
24,2026-01-10,61.395953955399314
24,2026-01-11,71.86552988377991
24,2026-01-12,32.849815764184946
24,2026-01-13,22.585957384625807
24,2026-01-14,23.020496884920153
24,2026-01-15,20.094579085477353
24,2026-01-16,23.810366076869506
24,2026-01-17,44.328513019176604
24,2026-01-18,72.15459208174413
24,2026-01-19,35.76608419309516
24,2026-01-20,29.04286162986186
24,2026-01-21,30.019852105273873
24,2026-01-22,22.99918074207152
24,2026-01-23,21.431091346444905
24,2026-01-24,58.963039830817756
24,2026-01-25,71.5034683941572
24,2026-01-26,35.61631608241032
24,2026-01-27,30.418117691592748
24,2026-01-28,33.937199415453016
24,2026-01-29,31.99737925646572
24,2026-01-30,54.974572277745715
24,2026-01-31,80.24858078018362
24,2026-02-01,86.29632242632452
24,2026-02-02,44.45007415007348
24,2026-02-03,41.0178425658112
24,2026-02-04,40.19728504518108
24,2026-02-05,39.44182024574482
24,2026-02-06,40.340650810934456
24,2026-02-07,77.92786329366218
24,2026-02-08,86.9661612250525
24,2026-02-09,43.65673341061945
24,2026-02-10,42.650326565244804
24,2026-02-11,33.04102233376671
24,2026-02-12,38.45775875318136
24,2026-02-13,62.44416968148245
24,2026-02-14,75.02772628163304
24,2026-02-15,90.49841104168134
24,2026-02-16,60.8025982279815
24,2026-02-17,54.184002874049476
24,2026-02-18,38.07095919430966
24,2026-02-19,47.31406812415827
24,2026-02-20,64.05950296206078
24,2026-02-21,94.24754194772719
24,2026-02-22,97.71008798003216
24,2026-02-23,60.89446005779684
24,2026-02-24,55.03374399699991
24,2026-02-25,56.29464770063717
24,2026-02-26,53.1689650528162
24,2026-02-27,70.5106360139722
24,2026-02-28,94.15152610724344
24,2026-03-01,93.0624559202934
24,2026-03-02,55.876973663820316
24,2026-03-03,51.77441861222626
24,2026-03-04,54.07788233816038
24,2026-03-05,51.02178901500396
24,2026-03-06,68.57827566065072
24,2026-03-07,95.16931231926048
24,2026-03-08,95.12440858074909
24,2026-03-09,55.48022553616387
24,2026-03-10,52.55073443306014
24,2026-03-11,55.3736916152062
24,2026-03-12,53.21394943893573
24,2026-03-13,96.32758861922699
24,2026-03-14,98.92037580595185
24,2026-03-15,95.49444372789814
24,2026-03-16,57.24250837557375
24,2026-03-17,53.18312410162626
24,2026-03-18,57.253248273754764
24,2026-03-19,55.48411138289141
24,2026-03-20,77.90505990045168
24,2026-03-21,100.81477860146404
24,2026-03-22,99.07174461358647
24,2026-03-23,62.96605073528847
24,2026-03-24,55.01172462170622
24,2026-03-25,42.76976443186854
24,2026-03-26,64.16834622389902
24,2026-03-27,105.54531108897481
24,2026-03-28,104.2800462099016
24,2026-03-29,99.28270234402612
24,2026-03-30,61.84175606805417
24,2026-03-31,56.123663480472764
24,2026-04-01,59.148919147774045
24,2026-04-02,45.94372312624495
24,2026-04-03,77.75458891599945
24,2026-04-04,95.86690326265268
24,2026-04-05,91.34405337450914
24,2026-04-06,61.08484389245503
24,2026-04-07,57.050304907280456
24,2026-04-08,60.21193724142622
24,2026-04-09,55.694659940351016
24,2026-04-10,82.8862399552724
24,2026-04-11,102.37608139173025
24,2026-04-12,100.6230579361798
24,2026-04-13,65.98595462842366
24,2026-04-14,60.33382098304986
24,2026-04-15,42.27095725315119
24,2026-04-16,59.43169953888642
24,2026-04-17,62.68072899916246
24,2026-04-18,100.99126422527243
24,2026-04-19,99.1599515738343
24,2026-04-20,38.8384606459872
24,2026-04-21,35.242216648768355
24,2026-04-22,72.86723695933536
24,2026-04-23,72.27151453880316
24,2026-04-24,53.84411891518678
24,2026-04-25,97.70115244199259
24,2026-04-26,99.42560727608975
24,2026-04-27,66.50392170917725
24,2026-04-28,62.12983972926995
24,2026-04-29,86.83649474403838
24,2026-04-30,83.42156772302096
24,2026-05-01,119.38325877678895
24,2026-05-02,127.997252472935
24,2026-05-03,115.11590958238064
24,2026-05-04,85.34152730208562
24,2026-05-05,84.68109243863364
24,2026-05-06,80.34957515360713
24,2026-05-07,98.64565225175481
24,2026-05-08,128.20364974877134
24,2026-05-09,119.0900018305377
24,2026-05-10,106.50014150287124
24,2026-05-11,95.52964237941379
24,2026-05-12,110.1099841731177
24,2026-05-13,100.83584923922771
24,2026-05-14,112.08115867471462
24,2026-05-15,121.9150325583248
24,2026-05-16,104.14138428094056
24,2026-05-17,111.3657799647598
24,2026-05-18,103.06077308642092
24,2026-05-19,104.99010969259575
24,2026-05-20,116.52054341369767
24,2026-05-21,121.98594775958846
24,2026-05-22,155.91662201699103
24,2026-05-23,107.98572668686319
24,2026-05-24,136.36745917951058
24,2026-05-25,104.54273306381383
24,2026-05-26,110.11730595450737
24,2026-05-27,84.72748292405124
24,2026-05-28,83.48231451079702
24,2026-05-29,121.6336316178459
24,2026-05-30,139.8023148228661
24,2026-05-31,160.3829747345642
24,2026-06-01,109.17281352003724
24,2026-06-02,114.05188197881833
24,2026-06-03,122.10353712694848
24,2026-06-04,133.46846809758682
24,2026-06-05,226.34283819664654
24,2026-06-06,125.16444839557549
24,2026-06-07,158.6145816303544
24,2026-06-08,65.64084257681785
24,2026-06-09,117.33467090359875
24,2026-06-10,116.56782559077378
24,2026-06-11,86.00064334188527
24,2026-06-12,159.03573276312935
24,2026-06-13,197.77822660297394
24,2026-06-14,141.99998702284927
24,2026-06-15,103.80659433585498
24,2026-06-16,115.1805568610754
24,2026-06-17,113.01536673684735
24,2026-06-18,121.35198313541356
24,2026-06-19,135.15085038579863
24,2026-06-20,195.09745115524635
24,2026-06-21,162.14369886828467
24,2026-06-22,105.64124914153528
24,2026-06-23,108.13986400629518
24,2026-06-24,121.52174404616316
24,2026-06-25,139.6643346868902
24,2026-06-26,167.29325745990775
24,2026-06-27,186.05575346558058
24,2026-06-28,110.17947992650096
24,2026-06-29,101.91895698098725
24,2026-06-30,115.4441310620358
24,2026-07-01,123.67597808988998
24,2026-07-02,101.56417795316116
24,2026-07-03,164.56140027938432
24,2026-07-04,189.34652634707024
24,2026-07-05,150.97915649876117
24,2026-07-06,85.882590069981
24,2026-07-07,80.97048641160386
24,2026-07-08,109.27013886654437
24,2026-07-09,116.69251380351179
24,2026-07-10,176.71077062467424
24,2026-07-11,189.8578017770404
24,2026-07-12,146.62963860894624
24,2026-07-13,69.76818496441963
24,2026-07-14,101.86093837785405
24,2026-07-15,140.05206291946942
24,2026-07-16,143.571866588879
24,2026-07-17,138.76654716204035
24,2026-07-18,205.1494759977151
24,2026-07-19,158.15510767822366
24,2026-07-20,74.5472219740242
24,2026-07-21,75.97435857636442
24,2026-07-22,81.08798328860323
24,2026-07-23,99.7607785373379
24,2026-07-24,107.39483587027323
24,2026-07-25,149.7950106133978
24,2026-07-26,126.14250282129531
24,2026-07-27,95.14855748770245
24,2026-07-28,100.98776948085572
24,2026-07-29,117.73327452574205
24,2026-07-30,108.01062308566293
24,2026-07-31,121.4418644187823
24,2026-08-01,141.7778920637565
24,2026-08-02,97.67037838553684
24,2026-08-03,97.88059023867957
24,2026-08-04,97.80599147040435
24,2026-08-05,117.41406268063055
24,2026-08-06,103.02605274137247
24,2026-08-07,110.90524985636546
24,2026-08-08,133.13138251468246
24,2026-08-09,113.85751123417603
24,2026-08-10,94.17530598836295
24,2026-08-11,100.02110581058142
24,2026-08-12,112.68450958042159
24,2026-08-13,80.6913832248763
24,2026-08-14,68.67742650805815
24,2026-08-15,92.70222587739563
24,2026-08-16,106.49337971215947
24,2026-08-17,91.05562213812186
24,2026-08-18,98.62815212217178
24,2026-08-19,107.93758572643941
24,2026-08-20,99.81398100673395
24,2026-08-21,101.97454338162909
24,2026-08-22,110.02495547792113
24,2026-08-23,104.52027315885894
24,2026-08-24,89.61547889949242
24,2026-08-25,91.80238898477997
24,2026-08-26,95.82367588231493
24,2026-08-27,94.51643867340397
24,2026-08-28,97.19535128891282
24,2026-08-29,101.57813875650328
24,2026-08-30,99.95120962711441
24,2026-08-31,88.58485084660178
24,2026-09-01,68.74962506466528
24,2026-09-02,100.48034514713277
24,2026-09-03,89.31624064171596
24,2026-09-04,95.58786378727832
24,2026-09-05,98.48615907929052
24,2026-09-06,103.27408491067266
24,2026-09-07,81.74674542444434
26,2025-09-08,63.07992587836419
26,2025-09-09,52.28912708988625
26,2025-09-10,50.663215777967416
26,2025-09-11,42.92676063106973
26,2025-09-12,36.524487355569086
26,2025-09-13,84.33143847220113
26,2025-09-14,100.12733297142994
26,2025-09-15,71.62732719206063
26,2025-09-16,72.17989243774802
26,2025-09-17,71.95747332990193
26,2025-09-18,69.66862343732357
26,2025-09-19,71.19012034488999
26,2025-09-20,108.09015713767783
26,2025-09-21,104.42292317124158
26,2025-09-22,85.73708640891036
26,2025-09-23,83.86754314822107
26,2025-09-24,95.19424814475242
26,2025-09-25,119.48718494913687
26,2025-09-26,101.81208093715838
26,2025-09-27,102.5695783079448
26,2025-09-28,98.91003980012043
26,2025-09-29,112.22892735609791
26,2025-09-30,122.84474714720625
26,2025-10-01,98.99663632810554
26,2025-10-02,89.92405546219842
26,2025-10-03,126.72297332905113
26,2025-10-04,168.71618104716626
26,2025-10-05,156.6918371463281
26,2025-10-06,118.35290486284423
26,2025-10-07,132.3010796898067
26,2025-10-08,143.59632801769038
26,2025-10-09,150.44003713159574
26,2025-10-10,165.81865206717848
26,2025-10-11,205.92449650151286
26,2025-10-12,202.12708540991974
26,2025-10-13,153.22547001677964
26,2025-10-14,140.5419367603358
26,2025-10-15,175.7283741362752
26,2025-10-16,188.07529252517713
26,2025-10-17,196.96274789756393
26,2025-10-18,225.18129030998497
26,2025-10-19,217.93360547160083
26,2025-10-20,109.20799076429007
26,2025-10-21,148.43522117925136
26,2025-10-22,181.79999958370956
26,2025-10-23,140.20767574279466
26,2025-10-24,175.5386470458292
26,2025-10-25,222.93836134916722
26,2025-10-26,231.1088550062605
26,2025-10-27,117.52649735567388
26,2025-10-28,149.15517937308823
26,2025-10-29,171.49985926685952
26,2025-10-30,171.67344171585387
26,2025-10-31,199.61466849947158
26,2025-11-01,186.04417097786273
26,2025-11-02,172.77407805750107
26,2025-11-03,92.73608541627654
26,2025-11-04,111.14288778495609
26,2025-11-05,139.97769588319102
26,2025-11-06,138.6010957483249
26,2025-11-07,149.03957310657407
26,2025-11-08,168.10479015879267
26,2025-11-09,167.17529809261032
26,2025-11-10,79.83587720768523
26,2025-11-11,104.31859423992596
26,2025-11-12,96.60717835847385
26,2025-11-13,98.12935941702796
26,2025-11-14,93.07657342997555
26,2025-11-15,120.37331894181128
26,2025-11-16,112.27320880606116
26,2025-11-17,95.78874667968527
26,2025-11-18,78.5427844415045
26,2025-11-19,94.06128686091986
26,2025-11-20,76.72392429065654
26,2025-11-21,81.95326942543947
26,2025-11-22,95.72772598380469
26,2025-11-23,102.2736072854884
26,2025-11-24,71.70547447053896
26,2025-11-25,70.21430644142869
26,2025-11-26,75.26640639796464
26,2025-11-27,68.607903457632
26,2025-11-28,66.90276544070888
26,2025-11-29,73.95748170029395
26,2025-11-30,73.54481745581167
26,2025-12-01,63.36273719378207
26,2025-12-02,58.61365997319469
26,2025-12-03,75.28006019261973
26,2025-12-04,64.55317867492728
26,2025-12-05,51.47319832524652
26,2025-12-06,62.917893169148506
26,2025-12-07,67.73705372713223
26,2025-12-08,53.27822468279134
26,2025-12-09,49.621793043448506
26,2025-12-10,60.25672393472736
26,2025-12-11,59.00897752842578
26,2025-12-12,47.66792128388623
26,2025-12-13,60.63757043807823
26,2025-12-14,70.88238800425538
26,2025-12-15,48.90153109881645
26,2025-12-16,49.89528836152563
26,2025-12-17,54.28944332436869
26,2025-12-18,53.93643727086434
26,2025-12-19,49.8717123082538
26,2025-12-20,65.01908620749909
26,2025-12-21,91.66293503998195
26,2025-12-22,137.16613537170855
26,2025-12-23,145.56935903454763
26,2025-12-24,189.8132490829614
26,2025-12-25,211.02331698974726
26,2025-12-26,282.1398244638406
26,2025-12-27,337.8631905396678
26,2025-12-28,396.68599388992703
26,2025-12-29,572.6388428782319
26,2025-12-30,529.1723501272172
26,2025-12-31,339.58390658040037
26,2026-01-01,432.5981247859391
26,2026-01-02,413.52728593398854
26,2026-01-03,403.87482387391844
26,2026-01-04,388.777741366102
26,2026-01-05,243.92144459489208
26,2026-01-06,161.37488394585338
26,2026-01-07,184.3556955000808
26,2026-01-08,199.57317329390122
26,2026-01-09,181.47851952002586
26,2026-01-10,240.44015558148672
26,2026-01-11,193.29559076377816
26,2026-01-12,111.03978785657849
26,2026-01-13,138.8065664443919
26,2026-01-14,151.17804721164444
26,2026-01-15,167.2123138005671
26,2026-01-16,183.75223131751932
26,2026-01-17,232.6429421270414
26,2026-01-18,228.28016086920832
26,2026-01-19,138.21709019287186
26,2026-01-20,203.36958574051718
26,2026-01-21,197.03586998985642
26,2026-01-22,148.59580339408956
26,2026-01-23,138.6725777122485
26,2026-01-24,234.44216511287962
26,2026-01-25,220.86378897615316
26,2026-01-26,144.0651012803213
26,2026-01-27,189.72986902536852
26,2026-01-28,189.86407032177763
26,2026-01-29,203.7622852003717
26,2026-01-30,190.38462839417932
26,2026-01-31,246.90046201106742
26,2026-02-01,224.05705603086002
26,2026-02-02,151.16314021483572
26,2026-02-03,210.7658623075972
26,2026-02-04,221.124217362988
26,2026-02-05,220.43219539998535
26,2026-02-06,137.00862348431994
26,2026-02-07,212.41973050342244
26,2026-02-08,212.7423279849715
26,2026-02-09,157.46841610727893
26,2026-02-10,213.10071982415872
26,2026-02-11,158.5216876236724
26,2026-02-12,206.77794731533882
26,2026-02-13,182.10375486960012
26,2026-02-14,173.9494387189876
26,2026-02-15,205.8301500632647
26,2026-02-16,168.1777909810693
26,2026-02-17,224.2741143457514
26,2026-02-18,166.76593204630962
26,2026-02-19,218.1559720458623
26,2026-02-20,213.98613430350235
26,2026-02-21,237.97749866994275
26,2026-02-22,235.39139611925427
26,2026-02-23,179.97238745981127
26,2026-02-24,245.00978676189345
26,2026-02-25,253.10762215470035
26,2026-02-26,264.25831867129307
26,2026-02-27,249.07901903869652
26,2026-02-28,251.65867728045993
26,2026-03-01,219.57907972509778
26,2026-03-02,165.55486247748857
26,2026-03-03,219.96052034411
26,2026-03-04,235.87449554754272
26,2026-03-05,239.15588094302316
26,2026-03-06,226.30855283692466
26,2026-03-07,254.7703665957696
26,2026-03-08,220.68475964993348
26,2026-03-09,164.0754422679355
26,2026-03-10,213.131632301132
26,2026-03-11,225.00817489696846
26,2026-03-12,229.2671486599031
26,2026-03-13,232.70721261123185
26,2026-03-14,242.11098592264187
26,2026-03-15,219.03891611398376
26,2026-03-16,176.69683323591062
26,2026-03-17,226.0470754568027
26,2026-03-18,265.1877542651751
26,2026-03-19,257.5176800239078
26,2026-03-20,252.15408357319083
26,2026-03-21,270.65352755674485
26,2026-03-22,240.7156659883207
26,2026-03-23,167.0222191591941
26,2026-03-24,233.8494023612521
26,2026-03-25,164.42358552095416
26,2026-03-26,244.28454197964484
26,2026-03-27,260.86532533367955
26,2026-03-28,279.0347529282063
26,2026-03-29,282.1825822966838
26,2026-03-30,201.29512673000903
26,2026-03-31,221.02371534719452
26,2026-04-01,245.89920185389425
26,2026-04-02,164.24250991777996
26,2026-04-03,216.93226090961062
26,2026-04-04,274.57296311210547
26,2026-04-05,259.53242932644633
26,2026-04-06,192.72294410654746
26,2026-04-07,228.47933888815584
26,2026-04-08,247.68191999952634
26,2026-04-09,238.34193884259525
26,2026-04-10,245.33550761630397
26,2026-04-11,263.2650443550805
26,2026-04-12,249.06421507242953
26,2026-04-13,204.57825780602894
26,2026-04-14,249.61012905410243
26,2026-04-15,164.29529583637392
26,2026-04-16,186.81321740365578
26,2026-04-17,158.77916931269652
26,2026-04-18,252.46954406975343
26,2026-04-19,229.11111434015257
26,2026-04-20,130.6064489609759
26,2026-04-21,197.61652415752087
26,2026-04-22,225.58448373628477
26,2026-04-23,246.81796398118217
26,2026-04-24,140.50073919486238
26,2026-04-25,224.5727281977085
26,2026-04-26,230.8235605216344
26,2026-04-27,204.09645703771466
26,2026-04-28,242.941044193498
26,2026-04-29,317.42381093766477
26,2026-04-30,325.22979388618035
26,2026-05-01,313.8479459577827
26,2026-05-02,353.9987040372566
26,2026-05-03,295.8140636601615
26,2026-05-04,207.34224514944415
26,2026-05-05,235.36475361980686
26,2026-05-06,179.10349312015745
26,2026-05-07,268.0804124792241
26,2026-05-08,274.01551060562053
26,2026-05-09,313.03622509569425
26,2026-05-10,281.75835153081954
26,2026-05-11,198.96788980033233
26,2026-05-12,228.24361146610775
26,2026-05-13,241.53779957387565
26,2026-05-14,281.6605507212861
26,2026-05-15,260.2955346575697
26,2026-05-16,300.5514739426574
26,2026-05-17,288.22018852432103
26,2026-05-18,217.4221433223799
26,2026-05-19,267.3048549511301
26,2026-05-20,286.18936363635373
26,2026-05-21,330.56731122108124
26,2026-05-22,304.50129965199994
26,2026-05-23,258.38133787514204
26,2026-05-24,277.5405304070723
26,2026-05-25,257.07724025736417
26,2026-05-26,289.38765598917956
26,2026-05-27,245.3587173818072
26,2026-05-28,291.2790688074464
26,2026-05-29,256.3282734397948
26,2026-05-30,282.51349884687295
26,2026-05-31,342.6603636273873
26,2026-06-01,251.74854909570462
26,2026-06-02,278.5727170342649
26,2026-06-03,320.1092996080862
26,2026-06-04,339.0732107801621
26,2026-06-05,310.07896143051227
26,2026-06-06,268.81865104017544
26,2026-06-07,281.27586588613696
26,2026-06-08,202.7752760604999
26,2026-06-09,280.74161523447356
26,2026-06-10,344.23194916900013
26,2026-06-11,287.51895173822714
26,2026-06-12,359.4355955055611
26,2026-06-13,337.1474355650151
26,2026-06-14,300.7203116568128
26,2026-06-15,249.21537055823043
26,2026-06-16,233.01582940200953
26,2026-06-17,366.00540159061313
26,2026-06-18,344.4570029640697
26,2026-06-19,309.01797994417103
26,2026-06-20,373.3494755617684
26,2026-06-21,312.1916257851479
26,2026-06-22,228.156730351397
26,2026-06-23,298.2737618188071
26,2026-06-24,389.78889104554213
26,2026-06-25,381.65400822992274
26,2026-06-26,322.9888685751076
26,2026-06-27,308.6636740036093
26,2026-06-28,226.2350336980052
26,2026-06-29,194.68723105376446
26,2026-06-30,253.29656786812342
26,2026-07-01,238.27601576602396
26,2026-07-02,258.5495074228115
26,2026-07-03,396.55787147000234
26,2026-07-04,350.85219540958064
26,2026-07-05,330.3329081322165
26,2026-07-06,211.19698023926577
26,2026-07-07,215.58847601840952
26,2026-07-08,276.023954476288
26,2026-07-09,381.8664264034925
26,2026-07-10,331.85286692098936
26,2026-07-11,359.8862378667977
26,2026-07-12,351.40814538657986
26,2026-07-13,201.72996980018098
26,2026-07-14,234.76024676489828
26,2026-07-15,293.98137055125625
26,2026-07-16,308.01047079788265
26,2026-07-17,236.8177378873543
26,2026-07-18,366.68774589989346
26,2026-07-19,323.0792459693601
26,2026-07-20,133.53210323627218
26,2026-07-21,141.57844334697467
26,2026-07-22,190.19896375787087
26,2026-07-23,245.67329612949405
26,2026-07-24,284.9021001712673
26,2026-07-25,350.9750955053521
26,2026-07-26,322.19745638297405
26,2026-07-27,251.3750550993954
26,2026-07-28,248.7689497612306
26,2026-07-29,285.9910335633696
26,2026-07-30,319.04136296436764
26,2026-07-31,301.09176863258307
26,2026-08-01,360.72825370466234
26,2026-08-02,277.305015006594
26,2026-08-03,238.04561288416028
26,2026-08-04,227.95918170440848
26,2026-08-05,265.84280305096024
26,2026-08-06,319.6793480617201
26,2026-08-07,265.8410867695303
26,2026-08-08,350.90986268869665
26,2026-08-09,312.9197702200467
26,2026-08-10,249.8772543329546
26,2026-08-11,262.0542231562402
26,2026-08-12,276.1701121919231
26,2026-08-13,232.10944869672508
26,2026-08-14,129.94771202159237
26,2026-08-15,274.246444492005
26,2026-08-16,299.29424621330816
26,2026-08-17,226.15779833683897
26,2026-08-18,246.04546498877497
26,2026-08-19,266.4249665726477
26,2026-08-20,296.8017117676158
26,2026-08-21,239.84837846561626
26,2026-08-22,275.3538173473102
26,2026-08-23,284.7046950797692
26,2026-08-24,200.8007510727431
26,2026-08-25,188.8546457834159
26,2026-08-26,228.72777688185792
26,2026-08-27,247.30426879214977
26,2026-08-28,241.3346379978452
26,2026-08-29,249.55725113690215
26,2026-08-30,244.71313956162794
26,2026-08-31,176.60195209265413
26,2026-09-01,152.56143314910216
26,2026-09-02,209.97521162567097
26,2026-09-03,210.97395730069024
26,2026-09-04,206.63748400887872
26,2026-09-05,226.62662461219395
26,2026-09-06,250.30708270544207
26,2026-09-07,131.66067833664064
27,2025-09-08,236.02868673868207
27,2025-09-09,187.06344638050297
27,2025-09-10,201.1985048842005
27,2025-09-11,164.7670128019107
27,2025-09-12,193.08653091590932
27,2025-09-13,761.0806399740991
27,2025-09-14,915.5736761110998
27,2025-09-15,238.71670988932536
27,2025-09-16,215.78971077408187
27,2025-09-17,227.6304102713624
27,2025-09-18,223.24624278116903
27,2025-09-19,254.64131764494104
27,2025-09-20,790.123382327752
27,2025-09-21,1031.8892056539912
27,2025-09-22,263.98892172644304
27,2025-09-23,234.2923945687396
27,2025-09-24,275.64558852631296
27,2025-09-25,241.6938976280945
27,2025-09-26,204.82646464692172
27,2025-09-27,618.7773600455567
27,2025-09-28,724.1460915173831
27,2025-09-29,278.3831903269349
27,2025-09-30,234.17310048090528
27,2025-10-01,180.64878538289685
27,2025-10-02,136.21466310510573
27,2025-10-03,188.301571742793
27,2025-10-04,651.8269817869317
27,2025-10-05,722.4906462498312
27,2025-10-06,282.75245840464646
27,2025-10-07,238.579776792461
27,2025-10-08,239.3642704461518
27,2025-10-09,215.4712688181038
27,2025-10-10,210.12992087707477
27,2025-10-11,739.3907365987994
27,2025-10-12,694.0472920070088
27,2025-10-13,463.11971554728217
27,2025-10-14,360.756328352329
27,2025-10-15,466.2922160991076
27,2025-10-16,426.8703321573614
27,2025-10-17,469.16653313426417
27,2025-10-18,668.0147826467266
27,2025-10-19,696.0816993871342
27,2025-10-20,633.3408498624691
27,2025-10-21,742.9327222180609
27,2025-10-22,805.084349653908
27,2025-10-23,544.2024648603663
27,2025-10-24,564.726172449541
27,2025-10-25,660.6800947096854
27,2025-10-26,661.1690675382408
27,2025-10-27,361.62104450328496
27,2025-10-28,242.73147818333143
27,2025-10-29,281.55264058460494
27,2025-10-30,226.2067226146161
27,2025-10-31,265.23587881546774
27,2025-11-01,423.98622714741634
27,2025-11-02,479.34784286929556
27,2025-11-03,187.39474937661825
27,2025-11-04,138.4232678644982
27,2025-11-05,158.38457191748086
27,2025-11-06,155.20061160803183
27,2025-11-07,164.66708491847493
27,2025-11-08,437.8805352405235
27,2025-11-09,437.0252375003007
27,2025-11-10,157.2816711004232
27,2025-11-11,141.52404812736253
27,2025-11-12,124.59999956535877
27,2025-11-13,132.50085372871604
27,2025-11-14,138.92506436158698
27,2025-11-15,377.17028314735177
27,2025-11-16,358.5078596616734
27,2025-11-17,110.0088063981463
27,2025-11-18,68.54249426750732
27,2025-11-19,76.1522417291296
27,2025-11-20,67.16288056219
27,2025-11-21,70.12496757704109
27,2025-11-22,283.31902707895796
27,2025-11-23,286.2019488651231
27,2025-11-24,59.70211763660709
27,2025-11-25,55.9950479966585
27,2025-11-26,55.429265302080964
27,2025-11-27,56.05728548592951
27,2025-11-28,52.369879189875775
27,2025-11-29,218.97143836340732
27,2025-11-30,210.23161964442141
27,2025-12-01,56.525172401790016
27,2025-12-02,51.01914129246691
27,2025-12-03,54.03832895903735
27,2025-12-04,47.30638804681653
27,2025-12-05,48.530894680485154
27,2025-12-06,163.01112696135485
27,2025-12-07,153.6462923497316
27,2025-12-08,53.26738216346416
27,2025-12-09,40.432633777593004
27,2025-12-10,41.89496617179487
27,2025-12-11,40.60210388815291
27,2025-12-12,48.14784625607759
27,2025-12-13,158.53687654891277
27,2025-12-14,161.82207147923208
27,2025-12-15,51.37627930539636
27,2025-12-16,41.61049511483891
27,2025-12-17,46.708323201900484
27,2025-12-18,44.086452797846285
27,2025-12-19,54.99228823419457
27,2025-12-20,158.06310535840765
27,2025-12-21,204.29916063142034
27,2025-12-22,176.14348758236395
27,2025-12-23,175.5564907484372
27,2025-12-24,225.41426522965162
27,2025-12-25,250.06653236365324
27,2025-12-26,321.21976183316156
27,2025-12-27,450.36631885903745
27,2025-12-28,553.7112975737823
27,2025-12-29,589.2396832938256
27,2025-12-30,614.0693327089259
27,2025-12-31,625.6432981432026
27,2026-01-01,446.38923683605424
27,2026-01-02,521.4895629611378
27,2026-01-03,530.9072530631231
27,2026-01-04,525.9369973212907
27,2026-01-05,297.1738601290331
27,2026-01-06,210.4177541312144
27,2026-01-07,149.7637614895599
27,2026-01-08,112.50283993574374
27,2026-01-09,95.22526563301989
27,2026-01-10,287.72493406940316
27,2026-01-11,315.58925236518587
27,2026-01-12,122.65697738759431
27,2026-01-13,87.4756104313578
27,2026-01-14,81.3369241307209
27,2026-01-15,71.82787967465663
27,2026-01-16,79.66073907270807
27,2026-01-17,324.6038467438258
27,2026-01-18,314.750423320561
27,2026-01-19,112.86587710666417
27,2026-01-20,101.03104983335895
27,2026-01-21,109.0136068126955
27,2026-01-22,76.55215045131119
27,2026-01-23,73.68291458237942
27,2026-01-24,367.1934663985503
27,2026-01-25,365.6256387053479
27,2026-01-26,140.7394200907912
27,2026-01-27,118.78192052061155
27,2026-01-28,116.68262208002022
27,2026-01-29,117.93299046867592
27,2026-01-30,127.76935276862356
27,2026-01-31,414.857597784653
27,2026-02-01,419.06099992024565
27,2026-02-02,186.59773895512512
27,2026-02-03,155.19061919736873
27,2026-02-04,159.52552918386263
27,2026-02-05,145.43528122695113
27,2026-02-06,99.84480656078694
27,2026-02-07,380.0141698417667
27,2026-02-08,400.5924195429933
27,2026-02-09,181.64511614739027
27,2026-02-10,172.63380042406618
27,2026-02-11,109.33771301283998
27,2026-02-12,116.4387079803949
27,2026-02-13,133.83996050916596
27,2026-02-14,458.6267731699417
27,2026-02-15,454.1990946422432
27,2026-02-16,257.64221745449
27,2026-02-17,257.5753820111541
27,2026-02-18,149.68261743444205
27,2026-02-19,159.60724263519302
27,2026-02-20,211.22866690231493
27,2026-02-21,511.4675471741021
27,2026-02-22,464.6269396394084
27,2026-02-23,264.76107861502453
27,2026-02-24,279.49049977949454
27,2026-02-25,294.07923932662277
27,2026-02-26,262.6678420768785
27,2026-02-27,282.69080404179584
27,2026-02-28,492.42802696585693
27,2026-03-01,462.56266294050477
27,2026-03-02,279.90143998988253
27,2026-03-03,229.73296336184683
27,2026-03-04,213.5107749567885
27,2026-03-05,168.3639924084947
27,2026-03-06,186.7248763673088
27,2026-03-07,518.3647459439289
27,2026-03-08,471.3261413596399
27,2026-03-09,226.56134384871402
27,2026-03-10,191.66362742140788
27,2026-03-11,182.2828235407356
27,2026-03-12,151.78693443385757
27,2026-03-13,165.63407408989445
27,2026-03-14,569.731017215651
27,2026-03-15,490.37158674270444
27,2026-03-16,225.96330993325034
27,2026-03-17,197.23893070604493
27,2026-03-18,204.58793153317626
27,2026-03-19,164.9497552235828
27,2026-03-20,197.68014353446304
27,2026-03-21,526.3025887130811
27,2026-03-22,475.6333761901826
27,2026-03-23,213.473350782093
27,2026-03-24,174.558261115401
27,2026-03-25,143.65570511236743
27,2026-03-26,186.52372299090302
27,2026-03-27,222.2595015815862
27,2026-03-28,647.4261282928541
27,2026-03-29,591.9761527056404
27,2026-03-30,300.96155377921497
27,2026-03-31,245.67774929043787
27,2026-04-01,239.23798749753854
27,2026-04-02,127.22967075658796
27,2026-04-03,189.55355984717167
27,2026-04-04,663.0822029770641
27,2026-04-05,588.3713948972458
27,2026-04-06,335.2991687538677
27,2026-04-07,306.0545567949783
27,2026-04-08,335.2484425604637
27,2026-04-09,308.8594299389806
27,2026-04-10,370.2403767068771
27,2026-04-11,600.6266854504958
27,2026-04-12,550.2406285693523
27,2026-04-13,356.25499464690745
27,2026-04-14,352.37369323812635
27,2026-04-15,259.67888099635763
27,2026-04-16,189.8016144188812
27,2026-04-17,229.56233861743593
27,2026-04-18,721.2428095892211
27,2026-04-19,650.9070890271419
27,2026-04-20,373.52377065854733
27,2026-04-21,212.83479627259376
27,2026-04-22,237.8256553329014
27,2026-04-23,254.51336357934338
27,2026-04-24,239.7189739956006
27,2026-04-25,679.3680649588513
27,2026-04-26,571.7367516893606
27,2026-04-27,475.1952526569477
27,2026-04-28,487.30855560214405
27,2026-04-29,697.2122549564891
27,2026-04-30,736.895596491699
27,2026-05-01,804.4083568227813
27,2026-05-02,824.5410829694483
27,2026-05-03,714.7598992883129
27,2026-05-04,577.395836221508
27,2026-05-05,520.9626012471497
27,2026-05-06,539.8418953718457
27,2026-05-07,528.2544490882277
27,2026-05-08,558.0584412158577
27,2026-05-09,578.8330535991653
27,2026-05-10,536.567926402012
27,2026-05-11,329.1809327602971
27,2026-05-12,301.124653038192
27,2026-05-13,362.66070297689413
27,2026-05-14,423.46974784121295
27,2026-05-15,495.31181372467563
27,2026-05-16,742.8457286928251
27,2026-05-17,664.2504220265951
27,2026-05-18,371.58863617464533
27,2026-05-19,305.88696873739485
27,2026-05-20,384.8797837786187
27,2026-05-21,394.31806331326214
27,2026-05-22,441.3415627347487
27,2026-05-23,589.454548230662
27,2026-05-24,584.5018877155866
27,2026-05-25,332.64866301390447
27,2026-05-26,349.89229501067365
27,2026-05-27,397.3129438602863
27,2026-05-28,429.700103994801
27,2026-05-29,395.66205133010095
27,2026-05-30,672.0372975518482
27,2026-05-31,699.5924308092228
27,2026-06-01,373.3999191402646
27,2026-06-02,308.78379236298815
27,2026-06-03,380.91549591623107
27,2026-06-04,400.344511657456
27,2026-06-05,378.7775763162817
27,2026-06-06,513.9877230562385
27,2026-06-07,544.546928948126
27,2026-06-08,339.42638681421545
27,2026-06-09,307.02138522989844
27,2026-06-10,358.1676670880875
27,2026-06-11,261.1203031093315
27,2026-06-12,374.78388360495364
27,2026-06-13,619.0120673425561
27,2026-06-14,541.4193796543597
27,2026-06-15,324.93689847999923
27,2026-06-16,252.77537154134794
27,2026-06-17,310.7983049476185
27,2026-06-18,363.6698455995116
27,2026-06-19,338.44687878511013
27,2026-06-20,518.9988160648974
27,2026-06-21,569.4170169036859
27,2026-06-22,300.38074906602066
27,2026-06-23,289.97735015379385
27,2026-06-24,338.9214692719851
27,2026-06-25,375.8950383606744
27,2026-06-26,379.00335580919904
27,2026-06-27,631.5733252611698
27,2026-06-28,488.4225478595593
27,2026-06-29,228.67940169423488
27,2026-06-30,241.11418805203448
27,2026-07-01,253.3932195529403
27,2026-07-02,220.55337283018417
27,2026-07-03,313.113831005275
27,2026-07-04,486.293946576241
27,2026-07-05,587.6566689656403
27,2026-07-06,264.7645794257033
27,2026-07-07,193.97956537497305
27,2026-07-08,265.78885123780964
27,2026-07-09,315.82774958813667
27,2026-07-10,343.62087815381926
27,2026-07-11,617.5989783964083
27,2026-07-12,578.8252981508393
27,2026-07-13,308.1265970779631
27,2026-07-14,374.8542358574293
27,2026-07-15,402.94520074299186
27,2026-07-16,359.6618521386262
27,2026-07-17,319.09418436985095
27,2026-07-18,532.8765458474844
27,2026-07-19,554.051450003186
27,2026-07-20,253.25981279177915
27,2026-07-21,185.94013620017256
27,2026-07-22,220.4247107908873
27,2026-07-23,308.4607334646842
27,2026-07-24,371.6053772137434
27,2026-07-25,549.6872430909602
27,2026-07-26,554.552915059864
27,2026-07-27,439.91341489627274
27,2026-07-28,393.7022319030781
27,2026-07-29,489.37015252164804
27,2026-07-30,485.66343658934335
27,2026-07-31,489.00006550679973
27,2026-08-01,582.4658511248256
27,2026-08-02,508.62716650842947
27,2026-08-03,543.0457273997399
27,2026-08-04,586.2682507624678
27,2026-08-05,742.883773928541
27,2026-08-06,655.8684291213266
27,2026-08-07,499.94253623254764
27,2026-08-08,604.4995507472945
27,2026-08-09,574.2096844329594
27,2026-08-10,541.8180818994151
27,2026-08-11,595.307256441243
27,2026-08-12,589.942532958036
27,2026-08-13,447.76866772882556
27,2026-08-14,357.5505142996172
27,2026-08-15,512.0318841358278
27,2026-08-16,570.9250393812498
27,2026-08-17,560.3963061024301
27,2026-08-18,601.0631770969524
27,2026-08-19,707.386531390855
27,2026-08-20,552.8858547386409
27,2026-08-21,548.973016423199
27,2026-08-22,497.7871578622098
27,2026-08-23,534.6357618491365
27,2026-08-24,422.6833665576707
27,2026-08-25,455.4703648759289
27,2026-08-26,496.6548301100901
27,2026-08-27,477.8028154453899
27,2026-08-28,448.7859783007261
27,2026-08-29,535.926887052786
27,2026-08-30,479.0389803366013
27,2026-08-31,321.09814669331286
27,2026-09-01,300.74579599946287
27,2026-09-02,299.3050215256385
27,2026-09-03,276.8694418453123
27,2026-09-04,291.14761701656977
27,2026-09-05,500.2940201301543
27,2026-09-06,535.1726553537369
27,2026-09-07,192.9942230021256
28,2025-09-08,13.589329926518934
28,2025-09-09,4.922557577733898
28,2025-09-10,15.330603307227728
28,2025-09-11,4.52937713192989
28,2025-09-12,-4.2978298094023915
28,2025-09-13,28.364490141343534
28,2025-09-14,39.640613305879796
28,2025-09-15,24.103532388770148
28,2025-09-16,19.288989341691696
28,2025-09-17,18.8735496305569
28,2025-09-18,15.40952813218932
28,2025-09-19,17.388969776309942
28,2025-09-20,35.06238788038039
28,2025-09-21,37.95366844800351
28,2025-09-22,26.235450360812592
28,2025-09-23,23.19341873644833
28,2025-09-24,22.054978316237978
28,2025-09-25,20.482316842973226
28,2025-09-26,10.041863140468447
28,2025-09-27,18.929126899183526
28,2025-09-28,18.254777912170567
28,2025-09-29,17.325830165153267
28,2025-09-30,15.837010256389444
28,2025-10-01,7.334861405161791
28,2025-10-02,2.8792317341259905
28,2025-10-03,14.0001744332619
28,2025-10-04,32.27634556033005
28,2025-10-05,28.947687281841297
28,2025-10-06,23.544594083220492
28,2025-10-07,21.622217013797982
28,2025-10-08,23.19387186770229
28,2025-10-09,23.69136704730534
28,2025-10-10,24.425707015502397
28,2025-10-11,39.480019778748186
28,2025-10-12,37.167161591105746
28,2025-10-13,31.77023455465837
28,2025-10-14,19.315841252748264
28,2025-10-15,25.510736165772254
28,2025-10-16,28.671604521741063
28,2025-10-17,31.344085707716474
28,2025-10-18,59.758136582041736
28,2025-10-19,51.099007074688615
28,2025-10-20,28.588410779650427
28,2025-10-21,29.344605938764133
28,2025-10-22,30.67041441031039
28,2025-10-23,21.324195297555256
28,2025-10-24,25.005861801403327
28,2025-10-25,53.58367730948586
28,2025-10-26,46.55937263476922
28,2025-10-27,29.445398382800928
28,2025-10-28,25.34435081358238
28,2025-10-29,26.46920320140584
28,2025-10-30,25.601578915378067
28,2025-10-31,31.028699033767904
28,2025-11-01,52.274734793438306
28,2025-11-02,42.70864106256338
28,2025-11-03,24.769341014260714
28,2025-11-04,21.486818066643412
28,2025-11-05,20.355067897089512
28,2025-11-06,18.669522923776704
28,2025-11-07,18.298266130815566
28,2025-11-08,37.70943686340893
28,2025-11-09,34.726330169422646
28,2025-11-10,21.4183654856241
28,2025-11-11,15.060967459497217
28,2025-11-12,8.518583005862196
28,2025-11-13,13.126617997513298
28,2025-11-14,13.213805898360958
28,2025-11-15,33.53014534207574
28,2025-11-16,34.216524153836424
28,2025-11-17,19.929662333371475
28,2025-11-18,9.161526790461346
28,2025-11-19,8.199581589246915
28,2025-11-20,4.157299973968874
28,2025-11-21,4.539476370808068
28,2025-11-22,19.467682709526237
28,2025-11-23,21.698680613225765
28,2025-11-24,4.617877889042883
28,2025-11-25,1.954233407928221
28,2025-11-26,3.5471622890113323
28,2025-11-27,7.941485490649129
28,2025-11-28,0.08729804035162082
28,2025-11-29,16.087342675242095
28,2025-11-30,13.882821697866873
28,2025-12-01,7.132990846352119
28,2025-12-02,6.287254834021602
28,2025-12-03,8.837769951361317
28,2025-12-04,8.17911863417913
28,2025-12-05,8.535647252930465
28,2025-12-06,11.14854605917011
28,2025-12-07,2.848868499568341
28,2025-12-08,5.602409836363499
28,2025-12-09,6.040955579873021
28,2025-12-10,8.238688334639487
28,2025-12-11,7.757318530322459
28,2025-12-12,8.019274564010317
28,2025-12-13,16.481429074768947
28,2025-12-14,13.907226933153293
28,2025-12-15,7.657914085467866
28,2025-12-16,7.078006757260967
28,2025-12-17,9.359427716872807
28,2025-12-18,8.59778297180103
28,2025-12-19,8.129864196703295
28,2025-12-20,6.469061930524861
28,2025-12-21,12.558426164741965
28,2025-12-22,17.15859658394722
28,2025-12-23,8.968721420617044
28,2025-12-24,15.756402570250138
28,2025-12-25,19.67504966824145
28,2025-12-26,28.6608367471509
28,2025-12-27,36.09747230248831
28,2025-12-28,44.389647797666036
28,2025-12-29,59.52075618847224
28,2025-12-30,66.65936704788179
28,2025-12-31,85.98751312858545
28,2026-01-01,22.896697159288973
28,2026-01-02,16.111187727285895
28,2026-01-03,48.70243301397717
28,2026-01-04,52.18992844700966
28,2026-01-05,12.536925678797912
28,2026-01-06,17.291419438713717
28,2026-01-07,21.894891440488088
28,2026-01-08,14.575800490711908
28,2026-01-09,9.223573496770126
28,2026-01-10,24.419871840877086
28,2026-01-11,23.380373339375637
28,2026-01-12,8.553275249203418
28,2026-01-13,4.0087318149514575
28,2026-01-14,5.037893199429995
28,2026-01-15,5.412575791514288
28,2026-01-16,4.864797964313001
28,2026-01-17,14.518065464386677
28,2026-01-18,15.391764837990108
28,2026-01-19,10.272409574708997
28,2026-01-20,9.77053850626155
28,2026-01-21,11.302467896670452
28,2026-01-22,1.9479319616100834
28,2026-01-23,2.0489413533679985
28,2026-01-24,19.17652893674442
28,2026-01-25,17.92786075408016
28,2026-01-26,11.000648865668119
28,2026-01-27,9.402053228155042
28,2026-01-28,11.955204369266795
28,2026-01-29,9.536889962770752
28,2026-01-30,10.43672162314215
28,2026-01-31,24.09104467105862
28,2026-02-01,22.495880829473712
28,2026-02-02,15.859372524468263
28,2026-02-03,14.162917934608759
28,2026-02-04,14.558203289037431
28,2026-02-05,13.265749878581685
28,2026-02-06,4.076197854329954
28,2026-02-07,23.410084306700757
28,2026-02-08,21.766961564744317
28,2026-02-09,15.3407170598555
28,2026-02-10,13.33362862596095
28,2026-02-11,5.001054783628554
28,2026-02-12,11.852451915410077
28,2026-02-13,13.31651831706343
28,2026-02-14,16.847315039413438
28,2026-02-15,19.20715443560454
28,2026-02-16,16.01683325121407
28,2026-02-17,16.466130317068657
28,2026-02-18,8.09263694356705
28,2026-02-19,13.332893336607121
28,2026-02-20,14.272311369470863
28,2026-02-21,26.163138527687444
28,2026-02-22,26.256990972381764
28,2026-02-23,19.758532690254352
28,2026-02-24,16.902034223119973
28,2026-02-25,16.948882492919395
28,2026-02-26,15.217707558821527
28,2026-02-27,14.924782597230953
28,2026-02-28,25.495681877122806
28,2026-03-01,24.855568077244623
28,2026-03-02,17.61290303374756
28,2026-03-03,13.91652586900839
28,2026-03-04,14.436919835902302
28,2026-03-05,12.831715811050442
28,2026-03-06,12.118041409323538
28,2026-03-07,23.43681971952383
28,2026-03-08,21.21738150854484
28,2026-03-09,14.106037865047643
28,2026-03-10,13.055484025082077
28,2026-03-11,13.020989311102586
28,2026-03-12,11.385015914719212
28,2026-03-13,12.481481959650527
28,2026-03-14,23.466567304357962
28,2026-03-15,21.42377404680425
28,2026-03-16,14.296571345194657
28,2026-03-17,13.075602303733692
28,2026-03-18,13.887977902148629
28,2026-03-19,14.044786732385107
28,2026-03-20,14.98845889527177
28,2026-03-21,26.795748270331956
28,2026-03-22,25.30729137000855
28,2026-03-23,18.39761163987252
28,2026-03-24,14.959842458645877
28,2026-03-25,5.85496921104405
28,2026-03-26,18.317794441823903
28,2026-03-27,22.11936054262683
28,2026-03-28,31.192671372382872
28,2026-03-29,27.849259395506934
28,2026-03-30,22.083111927632785
28,2026-03-31,20.364157289605636
28,2026-04-01,20.429422743903324
28,2026-04-02,9.259939497059108
28,2026-04-03,16.281423529492006
28,2026-04-04,30.897053513222012
28,2026-04-05,30.843606941538606
28,2026-04-06,22.385424772847287
28,2026-04-07,20.68118525788932
28,2026-04-08,20.93247704941265
28,2026-04-09,19.40657488533036
28,2026-04-10,19.57357743120979
28,2026-04-11,35.943601320133126
28,2026-04-12,34.79482345705876
28,2026-04-13,27.99384183475646
28,2026-04-14,24.980837753599932
28,2026-04-15,12.037853235515678
28,2026-04-16,7.612322878814696
28,2026-04-17,6.929770418084131
28,2026-04-18,38.41198355985407
28,2026-04-19,40.436775993660554
28,2026-04-20,16.751609734851357
28,2026-04-21,9.398734820205158
28,2026-04-22,16.4694223601993
28,2026-04-23,18.425019092937827
28,2026-04-24,9.52482635297716
28,2026-04-25,33.22140979351663
28,2026-04-26,39.3677349135756
28,2026-04-27,28.850255558097693
28,2026-04-28,26.378126201944113
28,2026-04-29,31.329311311917866
28,2026-04-30,32.32822332153235
28,2026-05-01,33.00933709271271
28,2026-05-02,60.816366821580594
28,2026-05-03,51.000193016929956
28,2026-05-04,31.743908183063876
28,2026-05-05,28.086832437367782
28,2026-05-06,19.371482608497434
28,2026-05-07,23.209719991654605
28,2026-05-08,25.24023910899182
28,2026-05-09,55.614110504240124
28,2026-05-10,47.9666941717641
28,2026-05-11,29.93907977998898
28,2026-05-12,26.197804142375727
28,2026-05-13,27.245767429482463
28,2026-05-14,26.80999466177511
28,2026-05-15,27.709019530823113
28,2026-05-16,72.73369949459911
28,2026-05-17,58.959939691142516
28,2026-05-18,37.47730422322569
28,2026-05-19,33.35093165987378
28,2026-05-20,32.7009384462519
28,2026-05-21,33.094831433458225
28,2026-05-22,33.572389579990535
28,2026-05-23,55.2146218550577
28,2026-05-24,64.91118918120232
28,2026-05-25,37.81190887995326
28,2026-05-26,32.594700221716124
28,2026-05-27,22.705321717852183
28,2026-05-28,19.60281820420928
28,2026-05-29,21.116241556955984
28,2026-05-30,75.44454099377128
28,2026-05-31,69.93240198103295
28,2026-06-01,39.107133003514434
28,2026-06-02,34.41449260698611
28,2026-06-03,34.989570572094046
28,2026-06-04,36.19818723848728
28,2026-06-05,38.347328720146834
28,2026-06-06,63.030033468253094
28,2026-06-07,79.49007862679301
28,2026-06-08,29.891139655475236
28,2026-06-09,37.09857904828447
28,2026-06-10,40.86866542947503
28,2026-06-11,27.218637890347633
28,2026-06-12,39.082482734697905
28,2026-06-13,96.20567817730672
28,2026-06-14,85.80862026168097
28,2026-06-15,42.914534753867976
28,2026-06-16,36.82294419157867
28,2026-06-17,43.14034440005998
28,2026-06-18,45.27562098311494
28,2026-06-19,37.623909294045944
28,2026-06-20,125.73333435503282
28,2026-06-21,90.8139995745745
28,2026-06-22,42.30123604881378
28,2026-06-23,48.83473073020083
28,2026-06-24,52.136057548335735
28,2026-06-25,51.70127806115556
28,2026-06-26,50.89758048432256
28,2026-06-27,132.91762736810756
28,2026-06-28,73.92820502064967
28,2026-06-29,52.711531775821015
28,2026-06-30,47.19537380354781
28,2026-07-01,62.12966503929318
28,2026-07-02,41.91647778659682
28,2026-07-03,52.54994953823887
28,2026-07-04,130.01305820527904
28,2026-07-05,89.73398980242408
28,2026-07-06,34.373833258835404
28,2026-07-07,36.53994430727868
28,2026-07-08,51.418344966563005
28,2026-07-09,57.833090193865836
28,2026-07-10,61.209637948232455
28,2026-07-11,110.4743658069319
28,2026-07-12,80.94154455043882
28,2026-07-13,44.9901143634737
28,2026-07-14,52.71643390173953
28,2026-07-15,53.627988851749265
28,2026-07-16,52.96894577958287
28,2026-07-17,41.18289429236491
28,2026-07-18,102.04865229194681
28,2026-07-19,76.81599482438429
28,2026-07-20,40.254682835917485
28,2026-07-21,32.62004852959866
28,2026-07-22,36.866772611771395
28,2026-07-23,53.24924080535456
28,2026-07-24,54.95348971021013
28,2026-07-25,99.29708819163703
28,2026-07-26,73.6487089172028
28,2026-07-27,58.128044975323554
28,2026-07-28,59.48889394595692
28,2026-07-29,60.730267063516756
28,2026-07-30,60.17912194267561
28,2026-07-31,54.73617899667303
28,2026-08-01,106.43782337117952
28,2026-08-02,71.6641222240644
28,2026-08-03,54.35575372379764
28,2026-08-04,47.454681452100886
28,2026-08-05,52.36929851941004
28,2026-08-06,58.81178387745796
28,2026-08-07,60.90801756860878
28,2026-08-08,106.33339392569319
28,2026-08-09,79.11034436558423
28,2026-08-10,62.87780610176249
28,2026-08-11,59.113882676415955
28,2026-08-12,52.55636736917903
28,2026-08-13,46.531463610304456
28,2026-08-14,30.307208151364513
28,2026-08-15,83.4614563186142
28,2026-08-16,84.1524039924577
28,2026-08-17,55.166482915642
28,2026-08-18,52.96349785559265
28,2026-08-19,51.71707980897993
28,2026-08-20,52.92681509017787
28,2026-08-21,47.95065824585923
28,2026-08-22,101.2554965749612
28,2026-08-23,74.52029371052306
28,2026-08-24,56.320989801960174
28,2026-08-25,52.360711965193694
28,2026-08-26,52.36062661739466
28,2026-08-27,52.271471004134426
28,2026-08-28,49.74689249478318
28,2026-08-29,96.26015768477077
28,2026-08-30,72.96722913141792
28,2026-08-31,52.86448286002276
28,2026-09-01,32.717609273401834
28,2026-09-02,44.266163762393546
28,2026-09-03,48.70958024489152
28,2026-09-04,49.33825840957304
28,2026-09-05,103.46085394116054
28,2026-09-06,72.7458832292446
28,2026-09-07,50.066962038053454
29,2025-09-08,227.40763270903378
29,2025-09-09,183.5455437833389
29,2025-09-10,243.63880031174705
29,2025-09-11,165.2222731568743
29,2025-09-12,223.44980321395823
29,2025-09-13,640.6871802496803
29,2025-09-14,1454.0406933240522
29,2025-09-15,221.83175778530494
29,2025-09-16,219.9522134779004
29,2025-09-17,300.62138435883645
29,2025-09-18,260.3237159424671
29,2025-09-19,343.34021563395885
29,2025-09-20,763.392253515704
29,2025-09-21,1542.5392657140444
29,2025-09-22,187.625988850449
29,2025-09-23,189.41265272399338
29,2025-09-24,279.678022380115
29,2025-09-25,222.87644674018009
29,2025-09-26,259.5333631021071
29,2025-09-27,552.2074574137195
29,2025-09-28,986.2265565112345
29,2025-09-29,252.52835155141662
29,2025-09-30,210.0851412396979
29,2025-10-01,216.69821876762046
29,2025-10-02,158.06189719620016
29,2025-10-03,265.4033710743567
29,2025-10-04,624.3688057933764
29,2025-10-05,1342.7124804168325
29,2025-10-06,320.6962300696863
29,2025-10-07,301.97923412159975
29,2025-10-08,328.21820516486395
29,2025-10-09,314.03089293558617
29,2025-10-10,346.6020636578003
29,2025-10-11,716.6759853065563
29,2025-10-12,1349.4865123022257
29,2025-10-13,623.2456090957995
29,2025-10-14,530.4163567125178
29,2025-10-15,634.0236583347121
29,2025-10-16,527.1890494308603
29,2025-10-17,631.961163055368
29,2025-10-18,718.6151970198938
29,2025-10-19,1349.1305214438833
29,2025-10-20,706.7725197114163
29,2025-10-21,661.486705942451
29,2025-10-22,644.759175834553
29,2025-10-23,446.4914275387561
29,2025-10-24,582.4104671244096
29,2025-10-25,732.3780780884789
29,2025-10-26,1188.847237869696
29,2025-10-27,286.3135062163189
29,2025-10-28,179.5822293436602
29,2025-10-29,267.3702272750622
29,2025-10-30,197.4352318923445
29,2025-10-31,280.965379088038
29,2025-11-01,528.1369717772259
29,2025-11-02,1038.8521703015183
29,2025-11-03,145.31103459735087
29,2025-11-04,165.7239077357231
29,2025-11-05,248.64049234736535
29,2025-11-06,200.63341492456985
29,2025-11-07,232.2173780097724
29,2025-11-08,487.6608688705765
29,2025-11-09,1085.3814112756017
29,2025-11-10,143.115733228061
29,2025-11-11,167.39630789000216
29,2025-11-12,180.29041582277475
29,2025-11-13,191.925256051821
29,2025-11-14,230.24749395119517
29,2025-11-15,498.2170112734281
29,2025-11-16,1029.0999095613654
29,2025-11-17,130.2308860010296
29,2025-11-18,139.55256086557284
29,2025-11-19,176.8944477741099
29,2025-11-20,142.82054937692612
29,2025-11-21,144.03252600414487
29,2025-11-22,417.07258128672714
29,2025-11-23,914.1269628994277
29,2025-11-24,23.67629529580692
29,2025-11-25,92.5339679064779
29,2025-11-26,133.2613454996472
29,2025-11-27,141.87099299693864
29,2025-11-28,91.26197965780165
29,2025-11-29,371.3774900912524
29,2025-11-30,617.1777301592215
29,2025-12-01,95.12959191855876
29,2025-12-02,113.36854512150963
29,2025-12-03,140.30278627191834
29,2025-12-04,122.38654772772745
29,2025-12-05,140.26625516792618
29,2025-12-06,338.09611904693355
29,2025-12-07,474.887696579819
29,2025-12-08,106.90308776702943
29,2025-12-09,109.53781882648025
29,2025-12-10,130.30189904101323
29,2025-12-11,120.86577335435666
29,2025-12-12,148.56279305598542
29,2025-12-13,390.2676335093255
29,2025-12-14,591.3264928542636
29,2025-12-15,186.23340017195335
29,2025-12-16,163.34028351953484
29,2025-12-17,183.88687894321166
29,2025-12-18,174.53818846159393
29,2025-12-19,223.13206357671012
29,2025-12-20,435.86207410519137
29,2025-12-21,758.0346733529569
29,2025-12-22,647.2126146347372
29,2025-12-23,988.819152489264
29,2025-12-24,1364.7678284542078
29,2025-12-25,1407.1871629957566
29,2025-12-26,1723.5325739304494
29,2025-12-27,1970.989362535555
29,2025-12-28,2090.8180581797706
29,2025-12-29,1468.6781558456275
29,2025-12-30,1526.6049566635782
29,2025-12-31,1965.3892292452208
29,2026-01-01,1828.732038691415
29,2026-01-02,1973.1014273250914
29,2026-01-03,2154.0030017241074
29,2026-01-04,2207.453828132571
29,2026-01-05,667.9132556227347
29,2026-01-06,775.0609676259013
29,2026-01-07,970.9214455862552
29,2026-01-08,1228.301305813208
29,2026-01-09,1255.9108013368475
29,2026-01-10,1425.4731962367823
29,2026-01-11,1915.5635685489815
29,2026-01-12,337.52606629140143
29,2026-01-13,265.0167860755934
29,2026-01-14,265.2044763601447
29,2026-01-15,153.7513531926065
29,2026-01-16,253.39238362359373
29,2026-01-17,788.6690407454009
29,2026-01-18,1603.1983764658921
29,2026-01-19,165.52479682607597
29,2026-01-20,220.08670162276283
29,2026-01-21,308.07965125385425
29,2026-01-22,204.31103339017605
29,2026-01-23,165.74437452814527
29,2026-01-24,968.5028629701563
29,2026-01-25,1663.600005791629
29,2026-01-26,171.8821491003652
29,2026-01-27,211.2893380026499
29,2026-01-28,303.9375609254235
29,2026-01-29,306.41915355252667
29,2026-01-30,471.02369026225665
29,2026-01-31,1171.2538887528638
29,2026-02-01,2038.755861504246
29,2026-02-02,300.65991395760244
29,2026-02-03,272.0947926151657
29,2026-02-04,343.83828696920517
29,2026-02-05,301.4923566225531
29,2026-02-06,281.82063612385525
29,2026-02-07,1078.3647726647437
29,2026-02-08,2020.3637823566487
29,2026-02-09,231.13748146163795
29,2026-02-10,245.24527876550573
29,2026-02-11,244.5378490375021
29,2026-02-12,192.95315056978527
29,2026-02-13,297.926511594602
29,2026-02-14,743.6470496358211
29,2026-02-15,1588.008959641801
29,2026-02-16,392.77259190464935
29,2026-02-17,331.2498994406751
29,2026-02-18,239.1673138106381
29,2026-02-19,246.28992830690538
29,2026-02-20,417.34210626642994
29,2026-02-21,991.0583624055538
29,2026-02-22,1818.329944680284
29,2026-02-23,399.4579376322044
29,2026-02-24,309.6692609000343
29,2026-02-25,408.45427702787873
29,2026-02-26,285.6527745733139
29,2026-02-27,402.7273915013533
29,2026-02-28,1001.4648080771944
29,2026-03-01,1981.3519530496626
29,2026-03-02,314.24797297249
29,2026-03-03,280.3531909022191
29,2026-03-04,355.728614486155
29,2026-03-05,233.61023443917102
29,2026-03-06,380.664420444241
29,2026-03-07,952.9862772509867
29,2026-03-08,1957.4049472162537
29,2026-03-09,199.45773399563961
29,2026-03-10,232.83499325915673
29,2026-03-11,329.79563495894683
29,2026-03-12,229.29380640153417
29,2026-03-13,340.2989173870972
29,2026-03-14,924.1618339212905
29,2026-03-15,1892.837178517371
29,2026-03-16,174.07345815216507
29,2026-03-17,232.28639659391652
29,2026-03-18,339.83963143601704
29,2026-03-19,244.1385926519432
29,2026-03-20,424.3337886095352
29,2026-03-21,1055.274727453583
29,2026-03-22,1950.6410731919095
29,2026-03-23,185.76318641479904
29,2026-03-24,229.1762598347138
29,2026-03-25,198.78764863522102
29,2026-03-26,243.09751842297936
29,2026-03-27,434.4629804615676
29,2026-03-28,1079.1424178811476
29,2026-03-29,1925.2009449735087
29,2026-03-30,223.06244495214435
29,2026-03-31,248.35289078823507
29,2026-04-01,329.5263019211766
29,2026-04-02,149.4549830076725
29,2026-04-03,324.0084070116072
29,2026-04-04,834.3253108633768
29,2026-04-05,1570.8557389262758
29,2026-04-06,403.9875566965025
29,2026-04-07,293.7864613835734
29,2026-04-08,356.14369821778433
29,2026-04-09,238.0413894610615
29,2026-04-10,388.9992111004554
29,2026-04-11,910.9556538346975
29,2026-04-12,1638.9523155643367
29,2026-04-13,414.9544534901446
29,2026-04-14,321.4532548474776
29,2026-04-15,266.14383959585416
29,2026-04-16,171.6394551966342
29,2026-04-17,242.3864078581749
29,2026-04-18,748.1157143878919
29,2026-04-19,1489.6596616792801
29,2026-04-20,545.8661129246805
29,2026-04-21,426.3244171306181
29,2026-04-22,428.91052102081346
29,2026-04-23,290.61099649183353
29,2026-04-24,312.33942266384196
29,2026-04-25,842.8170424562035
29,2026-04-26,1482.8399186070571
29,2026-04-27,745.1607650560219
29,2026-04-28,756.8745739752735
29,2026-04-29,889.2908519604704
29,2026-04-30,720.200999766829
29,2026-05-01,731.9185519456101
29,2026-05-02,746.0115301020352
29,2026-05-03,1310.4936208989448
29,2026-05-04,637.4186368514395
29,2026-05-05,526.3424410428581
29,2026-05-06,493.141881566436
29,2026-05-07,457.8252724754537
29,2026-05-08,597.839894702783
29,2026-05-09,752.9767497672166
29,2026-05-10,1251.540217097955
29,2026-05-11,414.246972435605
29,2026-05-12,414.66608036469245
29,2026-05-13,502.02446459139816
29,2026-05-14,383.44968328825286
29,2026-05-15,480.1742753000117
29,2026-05-16,731.5616771919869
29,2026-05-17,1075.408932609609
29,2026-05-18,322.92812025993203
29,2026-05-19,315.04081956234904
29,2026-05-20,418.40051300409385
29,2026-05-21,373.58102187284754
29,2026-05-22,422.13479711088144
29,2026-05-23,611.8268736028958
29,2026-05-24,949.3800326695617
29,2026-05-25,353.7511250472234
29,2026-05-26,340.47570398915593
29,2026-05-27,387.722147832736
29,2026-05-28,424.0957775880311
29,2026-05-29,431.8500375163956
29,2026-05-30,601.6592658206243
29,2026-05-31,1129.8700020054202
29,2026-06-01,440.31237329968457
29,2026-06-02,374.78813646970093
29,2026-06-03,412.5379502975615
29,2026-06-04,376.47333267370885
29,2026-06-05,396.8557844257224
29,2026-06-06,532.2914443721937
29,2026-06-07,901.7705820357788
29,2026-06-08,409.6147006261499
29,2026-06-09,347.8699742973714
29,2026-06-10,394.07187014082945
29,2026-06-11,229.2278443493539
29,2026-06-12,345.4649728722111
29,2026-06-13,622.9808758196654
29,2026-06-14,1040.5154724799083
29,2026-06-15,369.6839391350285
29,2026-06-16,274.2811532538789
29,2026-06-17,362.85163911076603
29,2026-06-18,299.3014454525035
29,2026-06-19,354.4027519749997
29,2026-06-20,675.2506723307638
29,2026-06-21,1108.4940250069255
29,2026-06-22,331.8742358964718
29,2026-06-23,333.4447648453871
29,2026-06-24,426.1035777097884
29,2026-06-25,367.8250363728466
29,2026-06-26,388.68015188114276
29,2026-06-27,584.5647510449437
29,2026-06-28,915.5816506078592
29,2026-06-29,258.8493353180469
29,2026-06-30,247.5148934961779
29,2026-07-01,249.51293368655683
29,2026-07-02,213.86830163142153
29,2026-07-03,334.6198531416007
29,2026-07-04,667.9345675161019
29,2026-07-05,1022.2294659576506
29,2026-07-06,240.0115713830328
29,2026-07-07,175.62847933840837
29,2026-07-08,288.5376195897411
29,2026-07-09,276.26243291544944
29,2026-07-10,381.1095709715352
29,2026-07-11,640.911727076902
29,2026-07-12,1193.3998951743388
29,2026-07-13,215.04032851009111
29,2026-07-14,240.52773203414245
29,2026-07-15,323.89837687495384
29,2026-07-16,296.1744037194145
29,2026-07-17,307.63519256613165
29,2026-07-18,646.8285165937484
29,2026-07-19,1044.793558002507
29,2026-07-20,163.09219461299534
29,2026-07-21,133.92778283726395
29,2026-07-22,199.7655913756879
29,2026-07-23,239.81115043339395
29,2026-07-24,329.30661496558406
29,2026-07-25,585.8062839329118
29,2026-07-26,1215.4676209968104
29,2026-07-27,457.6714810603621
29,2026-07-28,439.67108668967586
29,2026-07-29,549.2183897193432
29,2026-07-30,514.1317969801235
29,2026-07-31,603.8124571307159
29,2026-08-01,658.2909698137977
29,2026-08-02,1079.081287742242
29,2026-08-03,567.2515545661373
29,2026-08-04,485.66042640850793
29,2026-08-05,641.3475632457685
29,2026-08-06,566.4355727063618
29,2026-08-07,521.5070241823968
29,2026-08-08,640.5765002030732
29,2026-08-09,1103.322776306726
29,2026-08-10,544.9424893670565
29,2026-08-11,510.49375770129893
29,2026-08-12,548.1802221677619
29,2026-08-13,401.5580364593098
29,2026-08-14,365.38275443789587
29,2026-08-15,547.9870418353746
29,2026-08-16,1047.866714349559
29,2026-08-17,479.4201854613729
29,2026-08-18,497.2524854532441
29,2026-08-19,668.2439563501139
29,2026-08-20,544.6416772716506
29,2026-08-21,557.2521147812148
29,2026-08-22,529.7451596278111
29,2026-08-23,1111.4419552085992
29,2026-08-24,365.8823413372097
29,2026-08-25,314.6758199958971
29,2026-08-26,416.545780524843
29,2026-08-27,435.2587375151854
29,2026-08-28,494.81018863722943
29,2026-08-29,598.0646007045225
29,2026-08-30,996.9998349635326
29,2026-08-31,272.45096820701804
29,2026-09-01,240.58700685729866
29,2026-09-02,296.53391760814156
29,2026-09-03,245.43332487300063
29,2026-09-04,312.30149794971715
29,2026-09-05,632.6641707418017
29,2026-09-06,1246.9026154473565
29,2026-09-07,156.80323030173716
30,2025-09-08,5.751201814637245
30,2025-09-09,-1.3792733306618379
30,2025-09-10,7.464338917716812
30,2025-09-11,-1.4061459385357034
30,2025-09-12,-2.922959725699674
30,2025-09-13,9.580855520493383
30,2025-09-14,10.822078588685924
30,2025-09-15,6.183037629532918
30,2025-09-16,6.052880872562628
30,2025-09-17,8.097577478554534
30,2025-09-18,6.630734617215852
30,2025-09-19,7.447729150998361
30,2025-09-20,12.296372286356796
30,2025-09-21,12.152119827422007
30,2025-09-22,7.185929115327963
30,2025-09-23,7.258568839634831
30,2025-09-24,8.932789991013598
30,2025-09-25,7.825558332600952
30,2025-09-26,1.4672752611164224
30,2025-09-27,0.6618481996755691
30,2025-09-28,3.1708010959535216
30,2025-09-29,5.643406589165911
30,2025-09-30,6.092581039951834
30,2025-10-01,0.7083355662669077
30,2025-10-02,-1.9413775835730092
30,2025-10-03,6.1991163981772255
30,2025-10-04,10.250132816004038
30,2025-10-05,10.092374725135425
30,2025-10-06,6.327650830869509
30,2025-10-07,6.261158949748267
30,2025-10-08,7.8705499710432445
30,2025-10-09,7.170395447848683
30,2025-10-10,7.818583421507678
30,2025-10-11,11.364530984263062
30,2025-10-12,10.85781450919339
30,2025-10-13,9.53933247423563
30,2025-10-14,3.0550538903231317
30,2025-10-15,10.343859114147602
30,2025-10-16,9.467921483167794
30,2025-10-17,8.91010387337295
30,2025-10-18,11.421518293613765
30,2025-10-19,11.042957084571894
30,2025-10-20,4.918741028749926
30,2025-10-21,8.790900868754212
30,2025-10-22,8.389926899788197
30,2025-10-23,3.1272274950754992
30,2025-10-24,8.69639035463351
30,2025-10-25,11.680011946951792
30,2025-10-26,10.702780912640701
30,2025-10-27,6.05808978680845
30,2025-10-28,6.251737002146028
30,2025-10-29,8.043725157692599
30,2025-10-30,7.190465514717462
30,2025-10-31,9.73989758900973
30,2025-11-01,9.348130914461693
30,2025-11-02,9.024932902257932
30,2025-11-03,4.495385294539367
30,2025-11-04,4.619694714438137
30,2025-11-05,6.626632957385449
30,2025-11-06,5.262160053292473
30,2025-11-07,5.694077054642834
30,2025-11-08,8.706953413237901
30,2025-11-09,8.891212664696576
30,2025-11-10,3.282409148436286
30,2025-11-11,3.3414890638397807
30,2025-11-12,-0.8911721958868442
30,2025-11-13,4.075538461026253
30,2025-11-14,4.504376397335748
30,2025-11-15,8.306492471730662
30,2025-11-16,8.63279447100286
30,2025-11-17,2.9564076902285494
30,2025-11-18,-1.5490651772436355
30,2025-11-19,0.19496902931620694
30,2025-11-20,-2.10636312223649
30,2025-11-21,-1.1747659260699481
30,2025-11-22,2.630289579127754
30,2025-11-23,7.490197956918196
30,2025-11-24,-2.888073014950832
30,2025-11-25,-1.5490651772436355
30,2025-11-26,0.12286559049126636
30,2025-11-27,3.802498132620625
30,2025-11-28,-3.0264248522769788
30,2025-11-29,7.440288902694649
30,2025-11-30,8.302854074953938
30,2025-12-01,3.153493065654762
30,2025-12-02,3.080918801372422
30,2025-12-03,4.651374225355753
30,2025-12-04,4.040131276150626
30,2025-12-05,4.470814407169303
30,2025-12-06,2.9450049435089527
30,2025-12-07,-0.7468361882627199
30,2025-12-08,2.8909412728142367
30,2025-12-09,2.883833425946209
30,2025-12-10,4.651374225355753
30,2025-12-11,4.134703861214104
30,2025-12-12,4.470814407169303
30,2025-12-13,7.94725692243023
30,2025-12-14,8.515181167395202
30,2025-12-15,3.0459896423582777
30,2025-12-16,3.434685398115893
30,2025-12-17,5.379851649841397
30,2025-12-18,4.514190012837784
30,2025-12-19,4.387921273201884
30,2025-12-20,-0.6452652372969899
30,2025-12-21,8.340923061969754
30,2025-12-22,8.04997641393632
30,2025-12-23,3.98361959937391
30,2025-12-24,10.24833795659894
30,2025-12-25,9.486250055135764
30,2025-12-26,13.812945959970005
30,2025-12-27,18.23269795322797
30,2025-12-28,22.62869171474262
30,2025-12-29,35.28421907386243
30,2025-12-30,46.52417418711754
30,2025-12-31,73.42071318011205
30,2026-01-01,21.494667721807744
30,2026-01-02,9.240356019460146
30,2026-01-03,20.191347865478395
30,2026-01-04,23.710956273749193
30,2026-01-05,1.0006325325067498
30,2026-01-06,8.40598035902678
30,2026-01-07,14.841086452194169
30,2026-01-08,6.813741111248079
30,2026-01-09,1.159134687464985
30,2026-01-10,4.256634550170092
30,2026-01-11,3.799166214563969
30,2026-01-12,-0.07038368297383879
30,2026-01-13,0.7404966798986118
30,2026-01-14,7.455636538940334
30,2026-01-15,1.6678029774476828
30,2026-01-16,2.241123120137394
30,2026-01-17,5.800486562092131
30,2026-01-18,9.10264383616848
30,2026-01-19,4.627066775243392
30,2026-01-20,4.686164268128836
30,2026-01-21,6.384202355146212
30,2026-01-22,-1.0306227858470238
30,2026-01-23,-0.6435113812057456
30,2026-01-24,8.565912761121895
30,2026-01-25,9.256989817168797
30,2026-01-26,4.99316489418432
30,2026-01-27,5.189829709568735
30,2026-01-28,7.4342116913392005
30,2026-01-29,5.319267160130461
30,2026-01-30,6.507694746995854
30,2026-01-31,10.178079124175358
30,2026-02-01,9.929434094766618
30,2026-02-02,5.205103962417329
30,2026-02-03,5.721187196164981
30,2026-02-04,6.8454280504932
30,2026-02-05,6.0329894687500385
30,2026-02-06,0.522128549070489
30,2026-02-07,9.83824399682519
30,2026-02-08,9.384681520903452
30,2026-02-09,4.719280119356051
30,2026-02-10,5.390923497821133
30,2026-02-11,0.6096041038117398
30,2026-02-12,5.621030393195017
30,2026-02-13,6.920614892908759
30,2026-02-14,5.722920578156174
30,2026-02-15,9.735748078376844
30,2026-02-16,7.183398321603171
30,2026-02-17,7.499649138713053
30,2026-02-18,1.3920483729942033
30,2026-02-19,6.701884558010734
30,2026-02-20,7.878935734404474
30,2026-02-21,11.068607699588641
30,2026-02-22,11.4380216526113
30,2026-02-23,6.958582818454486
30,2026-02-24,7.468753255106087
30,2026-02-25,8.1625128355227
30,2026-02-26,7.417967743855366
30,2026-02-27,7.65675493025568
30,2026-02-28,11.03014002370181
30,2026-03-01,10.155811808368494
30,2026-03-02,5.2471525447276175
30,2026-03-03,5.856054206256667
30,2026-03-04,7.475586157736022
30,2026-03-05,6.083954456240025
30,2026-03-06,6.900232116989421
30,2026-03-07,10.366476997916303
30,2026-03-08,10.376595477045825
30,2026-03-09,4.862167040670071
30,2026-03-10,5.47106870219912
30,2026-03-11,7.090600653678477
30,2026-03-12,5.475815029104454
30,2026-03-13,6.57228107403577
30,2026-03-14,10.266463446952624
30,2026-03-15,10.276581926082146
30,2026-03-16,4.80252774741759
30,2026-03-17,5.411429408946638
30,2026-03-18,7.877831672820416
30,2026-03-19,6.619138165144543
30,2026-03-20,7.642139713047946
30,2026-03-21,11.679332389559965
30,2026-03-22,11.419426569175451
30,2026-03-23,5.9826472721302135
30,2026-03-24,6.85015691717179
30,2026-03-25,0.6087977261556318
30,2026-03-26,12.40521690198192
30,2026-03-27,14.312440942564221
30,2026-03-28,14.203092783505587
30,2026-03-29,13.746486028418309
30,2026-03-30,9.167685206906372
30,2026-03-31,8.000457902833494
30,2026-04-01,9.522029231770583
30,2026-04-02,0.6840296379856249
30,2026-04-03,8.664117104039981
30,2026-04-04,10.98682304909384
30,2026-04-05,10.589422834861418
30,2026-04-06,6.4168751151888355
30,2026-04-07,7.850695544530001
30,2026-04-08,9.462694093718747
30,2026-04-09,8.147201206466272
30,2026-04-10,8.933825357285361
30,2026-04-11,12.66596093593285
30,2026-04-12,11.646264199380848
30,2026-04-13,8.943113339794476
30,2026-04-14,9.471715396451996
30,2026-04-15,-0.8863718352395437
30,2026-04-16,1.084575275981406
30,2026-04-17,0.40134741948593855
30,2026-04-18,11.763842124180695
30,2026-04-19,10.939104413864333
30,2026-04-20,0.9422528988482662
30,2026-04-21,0.8766355482291142
30,2026-04-22,8.355354496809428
30,2026-04-23,7.924466426645606
30,2026-04-24,1.2324423619387472
30,2026-04-25,10.04551859768737
30,2026-04-26,10.48497796421183
30,2026-04-27,7.655193989455844
30,2026-04-28,7.639645974608422
30,2026-04-29,14.330613565120448
30,2026-04-30,15.519600541825094
30,2026-05-01,16.743149452865225
30,2026-05-02,19.181796094675388
30,2026-05-03,16.882467914998358
30,2026-05-04,10.395438583753037
30,2026-05-05,8.97384013536982
30,2026-05-06,3.5318752213572697
30,2026-05-07,9.567735872962999
30,2026-05-08,7.915297560581593
30,2026-05-09,11.729096155009515
30,2026-05-10,11.279802295097108
30,2026-05-11,5.601495292578302
30,2026-05-12,6.510638502723279
30,2026-05-13,8.316435283141157
30,2026-05-14,7.435723286115937
30,2026-05-15,7.593139106084698
30,2026-05-16,11.419264327643768
30,2026-05-17,11.101988770247996
30,2026-05-18,7.471819096131317
30,2026-05-19,7.779554497164025
30,2026-05-20,9.146441824165679
30,2026-05-21,8.880677272524496
30,2026-05-22,8.565100303152247
30,2026-05-23,4.917518716171082
30,2026-05-24,11.360085038390569
30,2026-05-25,7.326946011723204
30,2026-05-26,7.451229890128464
30,2026-05-27,2.438955340020699
30,2026-05-28,2.364533964744608
30,2026-05-29,1.6710120865055704
30,2026-05-30,3.578103667012903
30,2026-05-31,10.325385718691084
30,2026-06-01,6.118889736451287
30,2026-06-02,6.355304520424466
30,2026-06-03,8.155188503746292
30,2026-06-04,7.33285529862835
30,2026-06-05,7.386422254085424
30,2026-06-06,4.4082825621475
30,2026-06-07,10.425060523383408
30,2026-06-08,0.713431396859893
30,2026-06-09,6.562081585600638
30,2026-06-10,8.29622765531423
30,2026-06-11,-0.6723435068835656
30,2026-06-12,6.878587047036495
30,2026-06-13,10.82133718092423
30,2026-06-14,11.004233369391944
30,2026-06-15,6.508568178054636
30,2026-06-16,2.964860010876076
30,2026-06-17,7.619872988142115
30,2026-06-18,8.876182714243953
30,2026-06-19,2.089500972094395
30,2026-06-20,11.509090041802612
30,2026-06-21,11.508305455352803
30,2026-06-22,4.774328930771203
30,2026-06-23,7.543690213275158
30,2026-06-24,9.46557409029632
30,2026-06-25,9.923899639565656
30,2026-06-26,8.6265774524511
30,2026-06-27,11.068902004269694
30,2026-06-28,1.3440109326930545
30,2026-06-29,4.711355454849269
30,2026-06-30,5.468302346568983
30,2026-07-01,18.331091157099078
30,2026-07-02,4.927976679320705
30,2026-07-03,8.639292589595685
30,2026-07-04,11.972821199729454
30,2026-07-05,11.575420985497033
30,2026-07-06,3.057421722041833
30,2026-07-07,3.0508157758722176
30,2026-07-08,9.683182869467101
30,2026-07-09,8.56490902625614
30,2026-07-10,8.92966090693904
30,2026-07-11,11.831131080407982
30,2026-07-12,12.09424985408748
30,2026-07-13,1.885326100352436
30,2026-07-14,10.049656014561236
30,2026-07-15,10.786468292163532
30,2026-07-16,10.738863499055569
30,2026-07-17,2.97808682398075
30,2026-07-18,11.453454344753702
30,2026-07-19,10.78402540336609
30,2026-07-20,2.1787161657838077
30,2026-07-21,0.6265898128347295
30,2026-07-22,-0.2351304058928261
30,2026-07-23,7.834053125317371
30,2026-07-24,6.696979159520348
30,2026-07-25,9.542131565785109
30,2026-07-26,9.41731862735684
30,2026-07-27,8.796130641233413
30,2026-07-28,8.701509814113075
30,2026-07-29,10.059124010035351
30,2026-07-30,10.646476962702328
30,2026-07-31,10.220514138994098
30,2026-08-01,11.309637496539127
30,2026-08-02,7.327657366454418
30,2026-08-03,10.497624120559108
30,2026-08-04,6.9993785926098235
30,2026-08-05,9.953983528878904
30,2026-08-06,10.939430722456267
30,2026-08-07,9.546389391854621
30,2026-08-08,11.555549369073729
30,2026-08-09,11.383252121679039
30,2026-08-10,9.632035259256456
30,2026-08-11,10.180169633709186
30,2026-08-12,9.659742161348461
30,2026-08-13,7.244566380123242
30,2026-08-14,-5.930784107542764
30,2026-08-15,4.382728531496713
30,2026-08-16,10.721034469167103
30,2026-08-17,8.420479249257365
30,2026-08-18,9.211655782632256
30,2026-08-19,9.658914484519899
30,2026-08-20,9.280104174750416
30,2026-08-21,7.795076239922735
30,2026-08-22,11.249463683720435
30,2026-08-23,11.158684824276275
30,2026-08-24,8.348327478547208
30,2026-08-25,8.276880854897978
30,2026-08-26,8.98871987959008
30,2026-08-27,9.087375000537895
30,2026-08-28,7.812524722863242
30,2026-08-29,11.764236462869256
30,2026-08-30,10.684433655792986
30,2026-08-31,6.91878058229103
30,2026-09-01,-0.9378635591036146
30,2026-09-02,8.758620138350684
30,2026-09-03,8.102406982769715
30,2026-09-04,7.427539218805694
30,2026-09-05,10.742848670002502
30,2026-09-06,11.049905699349447
30,2026-09-07,3.74515973571779
31,2025-09-08,7.601817143928959
31,2025-09-09,-0.7724853711114922
31,2025-09-10,9.468857002874321
31,2025-09-11,-0.7685254640419849
31,2025-09-12,-2.192058470821493
31,2025-09-13,10.451618854268668
31,2025-09-14,11.37812655808001
31,2025-09-15,6.4501004163289295
31,2025-09-16,6.383608535207688
31,2025-09-17,8.75978786275898
31,2025-09-18,7.196951761930061
31,2025-09-19,8.266687467309556
31,2025-09-20,13.05971095131969
31,2025-09-21,12.524223430841744
31,2025-09-22,7.526402739108528
31,2025-09-23,7.720671973075783
31,2025-09-24,9.394893124454548
31,2025-09-25,8.166031956381515
31,2025-09-26,1.1460870053698562
31,2025-09-27,0.3722899235681769
31,2025-09-28,3.3799119102589783
31,2025-09-29,5.820887423832193
31,2025-09-30,6.270061874618117
31,2025-10-01,0.8858164009331901
31,2025-10-02,-1.5330228759225566
31,2025-10-03,6.153930243209088
31,2025-10-04,10.459243630309494
31,2025-10-05,10.30148553944088
31,2025-10-06,6.282464675901372
31,2025-10-07,6.2159727947801295
31,2025-10-08,7.825363816075107
31,2025-10-09,7.125209292880546
31,2025-10-10,7.663084304941037
31,2025-10-11,17.305453696114288
31,2025-10-12,15.55986807214044
31,2025-10-13,13.985402322078917
31,2025-10-14,5.942700357957437
31,2025-10-15,12.792477577251063
31,2025-10-16,11.678906802741254
31,2025-10-17,15.48700466127242
31,2025-10-18,14.350534153967525
31,2025-10-19,14.937155031349715
31,2025-10-20,5.53157240113316
31,2025-10-21,7.1562825081232715
31,2025-10-22,6.633679029496872
31,2025-10-23,5.178353276918769
31,2025-10-24,11.046653450966753
31,2025-10-25,13.536361665324943
31,2025-10-26,14.872092965342055
31,2025-10-27,7.911708015717086
31,2025-10-28,6.699560011432639
31,2025-10-29,8.491548166979209
31,2025-10-30,8.06864400713957
31,2025-10-31,10.695187501908851
31,2025-11-01,10.118792186145605
31,2025-11-02,9.504385891183714
31,2025-11-03,4.943208303825978
31,2025-11-04,5.1309427220675055
31,2025-11-05,7.3853928280272925
31,2025-11-06,6.152935135542687
31,2025-11-07,6.750129768079491
31,2025-11-08,9.446288540549281
31,2025-11-09,9.34901725942328
31,2025-11-10,3.7367360420186
31,2025-11-11,3.8728710561094686
31,2025-11-12,-0.5292868770271434
31,2025-11-13,4.3603686811985805
31,2025-11-14,4.789206617508076
31,2025-11-15,8.622952671542164
31,2025-11-16,8.949254670814362
31,2025-11-17,3.330819862530606
31,2025-11-18,-1.11098812909253
31,2025-11-19,0.2571322598541167
31,2025-11-20,-1.821532902064161
31,2025-11-21,-0.8899357058976206
31,2025-11-22,2.946749778939257
31,2025-11-23,7.806658156729697
31,2025-11-24,-2.6032427947785033
31,2025-11-25,-1.264234957071307
31,2025-11-26,0.40769581066359484
31,2025-11-27,4.0873283527929525
31,2025-11-28,-2.74159463210465
31,2025-11-29,7.7567491025061495
31,2025-11-30,8.61931427476544
31,2025-12-01,3.4383232858270905
31,2025-12-02,3.3657490215447528
31,2025-12-03,4.936204445528081
31,2025-12-04,4.3249614963229535
31,2025-12-05,4.75564462734163
31,2025-12-06,3.4990982868504568
31,2025-12-07,-0.08271547162967532
31,2025-12-08,3.1757714929865677
31,2025-12-09,3.16866364611854
31,2025-12-10,4.936204445528081
31,2025-12-11,4.4195340813864314
31,2025-12-12,4.75564462734163
31,2025-12-13,8.501350265771734
31,2025-12-14,8.831641367206704
31,2025-12-15,3.330819862530606
31,2025-12-16,3.719515618288224
31,2025-12-17,5.664681870013725
31,2025-12-18,4.799020233010112
31,2025-12-19,4.7918822515393655
31,2025-12-20,0.05684111102623471
31,2025-12-21,10.133592652599512
31,2025-12-22,10.382497380116522
31,2025-12-23,5.533773593389182
31,2025-12-24,12.036125094144213
31,2025-12-25,11.780465412917383
31,2025-12-26,16.847795180981674
31,2025-12-27,22.00496128259421
31,2025-12-28,30.33583226990156
31,2025-12-29,43.00241955960288
31,2025-12-30,59.56880922013466
31,2025-12-31,79.12876961468822
31,2026-01-01,22.845576199808377
31,2026-01-02,13.72038577574587
31,2026-01-03,26.874412805232858
31,2026-01-04,34.22879853520951
31,2026-01-05,5.242747281374441
31,2026-01-06,11.04241292150075
31,2026-01-07,14.958893086340314
31,2026-01-08,6.93154774539422
31,2026-01-09,3.1869479544315347
31,2026-01-10,6.6547797653413
31,2026-01-11,7.410091468682383
31,2026-01-12,0.7618334935079213
31,2026-01-13,0.3646223770108006
31,2026-01-14,0.9672173779991577
31,2026-01-15,1.384983678949546
31,2026-01-16,2.1959369651692575
31,2026-01-17,5.755300407123994
31,2026-01-18,9.311754650473937
31,2026-01-19,4.581880620275255
31,2026-01-20,4.671037121789041
31,2026-01-21,6.091832124728713
31,2026-01-22,-1.0758089408151605
31,2026-01-23,-0.6886975361738816
31,2026-01-24,8.775023575427351
31,2026-01-25,9.466100631474253
31,2026-01-26,4.813570194285104
31,2026-01-27,4.936208204007568
31,2026-01-28,7.389025536371063
31,2026-01-29,5.450725958587607
31,2026-01-30,6.462508592027717
31,2026-01-31,10.563834891906097
31,2026-02-01,10.138544909072074
31,2026-02-02,5.159917807449193
31,2026-02-03,5.676001041196844
31,2026-02-04,6.800241895525063
31,2026-02-05,5.987803313781901
31,2026-02-06,0.08858626528800709
31,2026-02-07,10.047354811130646
31,2026-02-08,9.593792335208908
31,2026-02-09,4.752310370388082
31,2026-02-10,5.3457373428529955
31,2026-02-11,0.5644179488436031
31,2026-02-12,5.57584423822688
31,2026-02-13,6.875428737940622
31,2026-02-14,5.9320313924616315
31,2026-02-15,9.9448588926823
31,2026-02-16,7.138212166635034
31,2026-02-17,7.454462983744916
31,2026-02-18,1.3468622180260665
31,2026-02-19,6.656698403042597
31,2026-02-20,7.833749579436337
31,2026-02-21,11.277718513894097
31,2026-02-22,11.910138806994714
31,2026-02-23,7.461374956658176
31,2026-02-24,7.971545393309774
31,2026-02-25,8.786934483386776
31,2026-02-26,7.535774378001508
31,2026-02-27,7.89619107406221
31,2026-02-28,11.402243627121546
31,2026-03-01,10.52791541178823
31,2026-03-02,5.364959178873761
31,2026-03-03,5.9738608404028115
31,2026-03-04,7.593392791882165
31,2026-03-05,6.3233906000465545
31,2026-03-06,7.018038751135563
31,2026-03-07,11.123566105393586
31,2026-03-08,11.133684584523108
31,2026-03-09,5.364959178873761
31,2026-03-10,5.9738608404028115
31,2026-03-11,7.593392791882165
31,2026-03-12,6.20025022793221
31,2026-03-13,7.175086763203136
31,2026-03-14,11.123566105393586
31,2026-03-15,11.133684584523108
31,2026-03-16,5.50627878029841
31,2026-03-17,6.115180441827461
31,2026-03-18,8.581582705701233
31,2026-03-19,7.322889198025361
31,2026-03-20,8.14493185125163
31,2026-03-21,12.436421497037248
31,2026-03-22,11.791530172595188
31,2026-03-23,6.100453906276357
31,2026-03-24,6.9679635513179345
31,2026-03-25,0.06494248077464684
31,2026-03-26,12.723982430805194
31,2026-03-27,14.430247576710364
31,2026-03-28,15.005576794268471
31,2026-03-29,14.755362577440607
31,2026-03-30,9.285491841052515
31,2026-03-31,8.118264536979638
31,2026-04-01,9.639835865916726
31,2026-04-02,0.14017439260463907
31,2026-04-03,9.418696683788687
31,2026-04-04,11.516001309143938
31,2026-04-05,10.68822068756837
31,2026-04-06,6.534681749334977
31,2026-04-07,7.968502178676142
31,2026-04-08,9.58050072786489
31,2026-04-09,8.265007840612416
31,2026-04-10,9.051631991431504
31,2026-04-11,13.038064539352586
31,2026-04-12,12.018367802800585
31,2026-04-13,9.060919973940619
31,2026-04-14,9.58952203059814
31,2026-04-15,-1.4302270806205293
31,2026-04-16,0.5407200306004205
31,2026-04-17,0.49426511970751474
31,2026-04-18,12.609725884088713
31,2026-04-19,11.784988173772351
31,2026-04-20,0.8970667438801294
31,2026-04-21,0.8314493932609774
31,2026-04-22,8.31016834184129
31,2026-04-23,7.87928027167747
31,2026-04-24,1.8240291525731738
31,2026-04-25,11.04778107584284
31,2026-04-26,10.694088778517285
31,2026-04-27,7.610007834487707
31,2026-04-28,7.402684327258751
31,2026-04-29,14.71177619366375
31,2026-04-30,15.637407175971237
31,2026-05-01,17.156903025215794
31,2026-05-02,19.55389969809513
31,2026-05-03,17.88137290845419
31,2026-05-04,10.562459096621549
31,2026-05-05,9.091646769515963
31,2026-05-06,2.988019975976284
31,2026-05-07,9.685542507109142
31,2026-05-08,8.215560823661459
31,2026-05-09,12.101199758429251
31,2026-05-10,11.651905898516844
31,2026-05-11,5.719301926724445
31,2026-05-12,6.628445136869424
31,2026-05-13,8.4342419172873
31,2026-05-14,7.553529920262078
31,2026-05-15,7.832575249891227
31,2026-05-16,11.791367931063505
31,2026-05-17,11.622496602777472
31,2026-05-18,7.589625730277459
31,2026-05-19,8.018990640970552
31,2026-05-20,8.990942707599038
31,2026-05-21,8.99848390667064
31,2026-05-22,8.682906937298391
31,2026-05-23,4.62796044006369
31,2026-05-24,11.732188641810305
31,2026-05-25,7.444752645869348
31,2026-05-26,7.295730773561824
31,2026-05-27,1.8951000946397143
31,2026-05-28,1.930991680962127
31,2026-05-29,1.6258259315374342
31,2026-05-30,3.78721448131836
31,2026-05-31,10.53449653299654
31,2026-06-01,6.07370358148315
31,2026-06-02,6.310118365456329
31,2026-06-03,8.110002348778155
31,2026-06-04,7.287669143660213
31,2026-06-05,7.341236099117287
31,2026-06-06,4.617393376452956
31,2026-06-07,10.871804481218865
31,2026-06-08,0.27988911307741127
31,2026-06-09,6.516895430632501
31,2026-06-10,8.251041500346092
31,2026-06-11,-0.7175296618517019
31,2026-06-12,6.833400892068358
31,2026-06-13,11.030447995229686
31,2026-06-14,11.2133441836974
31,2026-06-15,6.312310717732721
31,2026-06-16,2.9196738559079396
31,2026-06-17,7.574686833173978
31,2026-06-18,8.830996559275816
31,2026-06-19,1.5456457267134094
31,2026-06-20,11.467650003734812
31,2026-06-21,11.717416269658258
31,2026-06-22,4.729142775803066
31,2026-06-23,7.498504058307021
31,2026-06-24,9.07676571072453
31,2026-06-25,10.0417062737118
31,2026-06-26,8.471078335884458
31,2026-06-27,11.44100560768943
31,2026-06-28,1.5983079019666484
31,2026-06-29,4.829162088995412
31,2026-06-30,5.586108980715126
31,2026-07-01,18.285905002130942
31,2026-07-02,4.384121433939718
31,2026-07-03,8.519466080211828
31,2026-07-04,12.34492480314919
31,2026-07-05,11.94752458891677
31,2026-07-06,2.5135664766608476
31,2026-07-07,2.506960530491232
31,2026-07-08,9.800989503613245
31,2026-07-09,8.682715660402284
31,2026-07-10,9.047467541085183
31,2026-07-11,12.203234683827718
31,2026-07-12,12.466353457507216
31,2026-07-13,1.3414708549714494
31,2026-07-14,10.16746264870738
31,2026-07-15,10.904274926309675
31,2026-07-16,10.583364382488927
31,2026-07-17,2.4342315785997646
31,2026-07-18,11.825557948173438
31,2026-07-19,11.156129006785827
31,2026-07-20,1.6348609204028222
31,2026-07-21,0.08273456745374422
31,2026-07-22,-0.3428881947762358
31,2026-07-23,7.788866970349233
31,2026-07-24,6.651793004552211
31,2026-07-25,9.300744946277474
31,2026-07-26,9.626429441662296
31,2026-07-27,8.750944486265276
31,2026-07-28,8.656323659144938
31,2026-07-29,10.013937855067214
31,2026-07-30,10.764283596848472
31,2026-07-31,10.338320773140241
31,2026-08-01,11.681741099958863
31,2026-08-02,7.038099090347025
31,2026-08-03,10.615430754705251
31,2026-08-04,7.117185226755967
31,2026-08-05,10.367737101229471
31,2026-08-06,11.353184294806834
31,2026-08-07,9.960142964205188
31,2026-08-08,12.48130702233686
31,2026-08-09,12.30900977494217
31,2026-08-10,9.7498418934026
31,2026-08-11,10.29797626785533
31,2026-08-12,9.777548795494605
31,2026-08-13,7.244566380123242
31,2026-08-14,-6.319140236357109
31,2026-08-15,3.950659964846849
31,2026-08-16,10.787634992930087
31,2026-08-17,8.375293094289228
31,2026-08-18,9.166469627664119
31,2026-08-19,9.462657024197984
31,2026-08-20,9.083846714428502
31,2026-08-21,7.749890084954598
31,2026-08-22,11.348261536427387
31,2026-08-23,11.530788427696011
31,2026-08-24,8.688801102327773
31,2026-08-25,8.344048727965758
31,2026-08-26,9.329193503370643
31,2026-08-27,9.427848624318457
31,2026-08-28,8.152998346643805
31,2026-08-29,12.136340066288993
31,2026-08-30,11.610191309056118
31,2026-08-31,7.555201144276013
31,2026-09-01,-1.2590518148501797
31,2026-09-02,9.099093762131247
31,2026-09-03,8.442880606550277
31,2026-09-04,8.152998346643805
31,2026-09-05,11.348261536427387
31,2026-09-06,11.80699480682673
31,2026-09-07,4.470618863555899
32,2025-09-08,39.68898280136382
32,2025-09-09,28.439847523859896
32,2025-09-10,31.891962702789254
32,2025-09-11,24.23470721535123
32,2025-09-12,15.9008816464119
32,2025-09-13,44.388406234059886
32,2025-09-14,50.403301157370095
32,2025-09-15,31.47473140393555
32,2025-09-16,25.382105093068457
32,2025-09-17,26.9730223615101
32,2025-09-18,24.501712422397986
32,2025-09-19,26.69279495608258
32,2025-09-20,50.97237148309203
32,2025-09-21,51.19394621205511
32,2025-09-22,30.307546287093388
32,2025-09-23,25.631042327697227
32,2025-09-24,27.634693910887716
32,2025-09-25,25.109003839241353
32,2025-09-26,16.31100031238859
32,2025-09-27,19.3588726319556
32,2025-09-28,20.503643567951045
32,2025-09-29,16.660781460564042
32,2025-09-30,16.06218711876833
32,2025-10-01,8.806309758991475
32,2025-10-02,0.699740027788722
32,2025-10-03,12.576014294719162
32,2025-10-04,35.1189250428131
32,2025-10-05,45.551554981277555
32,2025-10-06,29.115820242963284
32,2025-10-07,27.582943414189092
32,2025-10-08,29.86719789327493
32,2025-10-09,27.91042617295841
32,2025-10-10,28.572779848843968
32,2025-10-11,48.540099713298105
32,2025-10-12,51.09206502980178
32,2025-10-13,38.43618223867353
32,2025-10-14,25.86156464730733
32,2025-10-15,36.73368355139769
32,2025-10-16,36.2142873370243
32,2025-10-17,42.87505396490812
32,2025-10-18,53.76480556284617
32,2025-10-19,54.060066696794834
32,2025-10-20,27.40413794046649
32,2025-10-21,25.44171394637004
32,2025-10-22,29.42661540393164
32,2025-10-23,24.97694899870276
32,2025-10-24,32.590203527257046
32,2025-10-25,46.23224349994641
32,2025-10-26,50.38193788854157
32,2025-10-27,28.202857843556277
32,2025-10-28,22.771166340680754
32,2025-10-29,22.365850341760403
32,2025-10-30,20.199028912382126
32,2025-10-31,26.648854675921385
32,2025-11-01,36.486024460762664
32,2025-11-02,39.56040250802317
32,2025-11-03,20.209880607368618
32,2025-11-04,13.749413781286188
32,2025-11-05,14.300239424698757
32,2025-11-06,17.788884326793678
32,2025-11-07,13.658406375502212
32,2025-11-08,23.7853851356417
32,2025-11-09,30.082763503548772
32,2025-11-10,14.717417923127236
32,2025-11-11,8.765159988224182
32,2025-11-12,2.7243803773112507
32,2025-11-13,8.01033387373092
32,2025-11-14,8.682332099321226
32,2025-11-15,13.609679779724315
32,2025-11-16,12.344945327093106
32,2025-11-17,5.047752436243667
32,2025-11-18,-0.20932442209601687
32,2025-11-19,3.0756720443501715
32,2025-11-20,-1.5959546853371556
32,2025-11-21,-1.2902244053268095
32,2025-11-22,2.5775004659573484
32,2025-11-23,7.887707659641483
32,2025-11-24,-2.9327821386559814
32,2025-11-25,-1.4170379569608906
32,2025-11-26,0.2548928107740107
32,2025-11-27,3.934525352903369
32,2025-11-28,-2.936725431051051
32,2025-11-29,7.7842852931941655
32,2025-11-30,8.158748859321461
32,2025-12-01,3.3347341646598747
32,2025-12-02,3.2129460216551666
32,2025-12-03,4.633536558158297
32,2025-12-04,3.902036809949441
32,2025-12-05,4.608368773202848
32,2025-12-06,2.9722430987266653
32,2025-12-07,-0.40283979776320056
32,2025-12-08,3.157377038028058
32,2025-12-09,3.015860646228954
32,2025-12-10,4.783401445638497
32,2025-12-11,4.341825650772774
32,2025-12-12,4.731570108604542
32,2025-12-13,8.400005057279477
32,2025-12-14,8.376603097513527
32,2025-12-15,3.223556549739057
32,2025-12-16,3.642568287509637
32,2025-12-17,6.066036123124897
32,2025-12-18,4.3470975529944145
32,2025-12-19,4.4470398768986685
32,2025-12-20,-0.6627470810480778
32,2025-12-21,10.26502017232898
32,2025-12-22,12.16786661566506
32,2025-12-23,7.490889209112918
32,2025-12-24,17.24502335525637
32,2025-12-25,19.67650631038311
32,2025-12-26,26.98520679527489
32,2025-12-27,40.4644638498964
32,2025-12-28,40.116503215408436
32,2025-12-29,57.78815771757368
32,2025-12-30,75.47488931606951
32,2025-12-31,101.23171290476614
32,2026-01-01,28.27703573200245
32,2026-01-02,21.813533202915213
32,2026-01-03,41.15095279766285
32,2026-01-04,47.575551410065394
32,2026-01-05,14.506736156661109
32,2026-01-06,22.355271755073083
32,2026-01-07,22.90705431559067
32,2026-01-08,14.188630516297566
32,2026-01-09,8.264889221600988
32,2026-01-10,16.017065909397477
32,2026-01-11,18.441663689402557
32,2026-01-12,5.578083830159694
32,2026-01-13,2.914861457066661
32,2026-01-14,4.259265571825375
32,2026-01-15,2.9739105103700885
32,2026-01-16,4.886098306188484
32,2026-01-17,9.632540281048056
32,2026-01-18,12.118687413984437
32,2026-01-19,5.216921646351067
32,2026-01-20,5.704690615509905
32,2026-01-21,7.492518271709823
32,2026-01-22,-0.04458989066058933
32,2026-01-23,0.17225642117374687
32,2026-01-24,10.196991657203572
32,2026-01-25,10.261742184643424
32,2026-01-26,4.863657365191136
32,2026-01-27,4.921127641033821
32,2026-01-28,7.373944973397316
32,2026-01-29,5.43564539561386
32,2026-01-30,6.45672953753701
32,2026-01-31,11.267692040625102
32,2026-02-01,9.979536474847672
32,2026-02-02,5.114521262462481
32,2026-02-03,5.660920478223097
32,2026-02-04,6.961806285976597
32,2026-02-05,5.972722750808154
32,2026-02-06,-0.1397611241332654
32,2026-02-07,9.991488585733908
32,2026-02-08,9.53792610981217
32,2026-02-09,4.802397541294114
32,2026-02-10,5.330656779879249
32,2026-02-11,0.3360705594223301
32,2026-02-12,5.656247391145875
32,2026-02-13,7.254816444865312
32,2026-02-14,5.653596832134328
32,2026-02-15,9.920466367500042
32,2026-02-16,7.5087449037524525
32,2026-02-17,7.842532667604609
32,2026-02-18,1.489825134960398
32,2026-02-19,7.057547122172981
32,2026-02-20,8.494658023534086
32,2026-02-21,12.123282364794584
32,2026-02-22,12.624424847070923
32,2026-02-23,7.697499148844518
32,2026-02-24,8.702809261443202
32,2026-02-25,9.053374657586085
32,2026-02-26,7.802214552200815
32,2026-02-27,8.171932756744557
32,2026-02-28,11.346377401724808
32,2026-03-01,10.118356125190573
32,2026-03-02,5.516777150974876
32,2026-03-03,6.155994794516891
32,2026-03-04,7.775526745996243
32,2026-03-05,6.505524554160634
32,2026-03-06,7.209474213732686
32,2026-03-07,11.067699879996848
32,2026-03-08,10.72412529792545
32,2026-03-09,5.516777150974876
32,2026-03-10,6.155994794516891
32,2026-03-11,7.775526745996243
32,2026-03-12,6.38238418204629
32,2026-03-13,7.751688987215656
32,2026-03-14,11.189329389657235
32,2026-03-15,10.72412529792545
32,2026-03-16,5.6580967523995245
32,2026-03-17,6.297314395941541
32,2026-03-18,8.763716659815314
32,2026-03-19,7.505023152139441
32,2026-03-20,8.45799682350914
32,2026-03-21,12.38055527164051
32,2026-03-22,11.38197088599753
32,2026-03-23,6.252271878377471
32,2026-03-24,7.150097505432014
32,2026-03-25,0.033809608441202565
32,2026-03-26,12.906116384919274
32,2026-03-27,14.621683039307486
32,2026-03-28,15.334877330287133
32,2026-03-29,14.899457340686347
32,2026-03-30,9.43730981315363
32,2026-03-31,8.300398491093718
32,2026-04-01,9.821969820030807
32,2026-04-02,0.10904152027119465
32,2026-04-03,9.610132146385808
32,2026-04-04,12.099971341000298
32,2026-04-05,10.718536669581335
32,2026-04-06,6.686499721436093
32,2026-04-07,8.150636132790222
32,2026-04-08,9.762634681978971
32,2026-04-09,8.447141794726496
32,2026-04-10,9.243067454028626
32,2026-04-11,12.982198313955848
32,2026-04-12,11.962501577403847
32,2026-04-13,9.317150529919562
32,2026-04-14,9.876068568590048
32,2026-04-15,-1.7086616409478337
32,2026-04-16,0.7052828744249553
32,2026-04-17,0.5675448312518998
32,2026-04-18,12.79642058434913
32,2026-04-19,11.531807605422147
32,2026-04-20,0.9400304734115491
32,2026-04-21,0.9047291048053612
32,2026-04-22,8.566398897820234
32,2026-04-23,8.165826809669378
32,2026-04-24,1.897308864117558
32,2026-04-25,10.991914850446102
32,2026-04-26,10.638222553120547
32,2026-04-27,7.866238390466649
32,2026-04-28,7.689230865250659
32,2026-04-29,15.119952241316046
32,2026-04-30,15.923953713963146
32,2026-05-01,18.17167014204559
32,2026-05-02,20.216577830514264
32,2026-05-03,17.65464496332923
32,2026-05-04,10.428526028543809
32,2026-05-05,8.988029683451188
32,2026-05-06,2.671136063463984
32,2026-05-07,9.581925421044367
32,2026-05-08,9.649801754833424
32,2026-05-09,12.045333533032514
32,2026-05-10,11.242346611919187
32,2026-05-11,5.585368858646704
32,2026-05-12,6.524828050804648
32,2026-05-13,8.330624831222526
32,2026-05-14,7.449912834197305
32,2026-05-15,7.7650343917588485
32,2026-05-16,11.735501705666767
32,2026-05-17,12.371804031350432
32,2026-05-18,7.838711974868308
32,2026-05-19,8.298392867574368
32,2026-05-20,9.365828650095597
32,2026-05-21,9.661343651236944
32,2026-05-22,15.22399300922487
32,2026-05-23,6.77684135878254
32,2026-05-24,13.02313619661243
32,2026-05-25,8.332980012938348
32,2026-05-26,8.088193163923187
32,2026-05-27,2.171115197892671
32,2026-05-28,7.781715547367307
32,2026-05-29,9.90283045662941
32,2026-05-30,8.790554849573148
32,2026-05-31,16.545806822621724
32,2026-06-01,10.05260838492217
32,2026-06-02,8.19206187967544
32,2026-06-03,9.991945862997271
32,2026-06-04,9.343930086423363
32,2026-06-05,15.12715081538207
32,2026-06-06,6.488172363966407
32,2026-06-07,12.69174547202423
32,2026-06-08,0.5055200290800379
32,2026-06-09,11.883104481983015
32,2026-06-10,9.861069179362364
32,2026-06-11,-0.8467817683762774
32,2026-06-12,16.688262596384412
32,2026-06-13,16.37020875484894
32,2026-06-14,16.317851659679036
32,2026-06-15,10.619683386004462
32,2026-06-16,3.339612372462767
32,2026-06-17,10.086642460743173
32,2026-06-18,11.696358222110145
32,2026-06-19,2.323120483211278
32,2026-06-20,15.536268160285337
32,2026-06-21,16.593256374681836
32,2026-06-22,8.569035881763245
32,2026-06-23,9.25629310967699
32,2026-06-24,10.274989947945214
32,2026-06-25,11.278704734579742
32,2026-06-26,9.63878066113112
32,2026-06-27,12.530248588245856
32,2026-06-28,1.8285848726220906
32,2026-06-29,5.201381746946468
32,2026-06-30,6.404558171630537
32,2026-07-01,19.007001335904533
32,2026-07-02,7.294116522894563
32,2026-07-03,9.463738711545425
32,2026-07-04,12.972839633273301
32,2026-07-05,12.696640741813912
32,2026-07-06,2.753896146934965
32,2026-07-07,2.7776061827783134
32,2026-07-08,10.196651788911572
32,2026-07-09,9.463363449758157
32,2026-07-10,10.077694680429088
32,2026-07-11,13.154737165492138
32,2026-07-12,13.064162877970716
32,2026-07-13,1.1700585207461307
32,2026-07-14,15.527435528037213
32,2026-07-15,15.441603888981748
32,2026-07-16,14.238019645852122
32,2026-07-17,5.052293279605518
32,2026-07-18,13.986001110741658
32,2026-07-19,16.295436386114172
32,2026-07-20,4.217262990050642
32,2026-07-21,0.0791022874000378
32,2026-07-22,-0.6182437723444482
32,2026-07-23,15.409913711542258
32,2026-07-24,11.815866946356278
32,2026-07-25,14.443604238649778
32,2026-07-26,15.297697765559333
32,2026-07-27,13.053256255625765
32,2026-07-28,11.899103976363746
32,2026-07-29,12.46347131424246
32,2026-07-30,14.47271497876866
32,2026-07-31,15.559503297113432
32,2026-08-01,17.993135759770237
32,2026-08-02,12.678850607721397
32,2026-08-03,16.497783383191454
32,2026-08-04,14.978698545610886
32,2026-08-05,15.268750455780625
32,2026-08-06,16.189244263895215
32,2026-08-07,15.490119110787159
32,2026-08-08,17.42734915253977
32,2026-08-09,17.504893349068755
32,2026-08-10,16.83878542076782
32,2026-08-11,15.352408364065514
32,2026-08-12,13.679505278607685
32,2026-08-13,10.83456352556942
32,2026-08-14,-4.007987149832375
32,2026-08-15,6.634193321407231
32,2026-08-16,12.382862588004077
32,2026-08-17,10.61191312372945
32,2026-08-18,13.56812090104926
32,2026-08-19,15.552511450509645
32,2026-08-20,13.99819121138602
32,2026-08-21,11.877631719678568
32,2026-08-22,12.000102405537103
32,2026-08-23,14.628323539438664
32,2026-08-24,12.33278323991078
32,2026-08-25,10.757066467457163
32,2026-08-26,11.533171204769165
32,2026-08-27,9.71023778509782
32,2026-08-28,8.7988570016437
32,2026-08-29,13.045406812128949
32,2026-08-30,13.537094781265916
32,2026-08-31,8.734665975526294
32,2026-09-01,-1.6790867774746379
32,2026-09-02,9.169521861129196
32,2026-09-03,8.121470125567088
32,2026-09-04,7.9565873838076735
32,2026-09-05,11.955764807175118
32,2026-09-06,12.304823670945739
32,2026-09-07,4.074056028786402
37,2025-09-08,5.681620709770472
37,2025-09-09,-2.0526445470455577
37,2025-09-10,7.217154842267449
37,2025-09-11,-2.2981277193378107
37,2025-09-12,-3.517343004994477
37,2025-09-13,9.21307513573295
37,2025-09-14,9.109023518463502
37,2025-09-15,6.183037629532918
37,2025-09-16,6.052880872562628
37,2025-09-17,8.097577478554534
37,2025-09-18,6.99633340858886
37,2025-09-19,7.296657845644584
37,2025-09-20,11.692778471773554
37,2025-09-21,10.439064757199585
37,2025-09-22,7.185929115327963
37,2025-09-23,7.258568839634831
37,2025-09-24,8.932789991013598
37,2025-09-25,7.825558332600952
37,2025-09-26,0.484535853007274
37,2025-09-27,-0.32089120843357943
37,2025-09-28,1.0659845022834404
37,2025-09-29,5.643406589165911
37,2025-09-30,5.939334211973058
37,2025-10-01,-0.13323178847725947
37,2025-10-02,-2.5357608628678125
37,2025-10-03,5.6047331188824225
37,2025-10-04,10.031524505478343
37,2025-10-05,8.379319654913003
37,2025-10-06,6.327650830869509
37,2025-10-07,6.261158949748267
37,2025-10-08,7.8705499710432445
37,2025-10-09,7.019324142494906
37,2025-10-10,6.691971309687986
37,2025-10-11,10.248304574391348
37,2025-10-12,9.642176355577446
37,2025-10-13,9.53933247423563
37,2025-10-14,2.0723144822139834
37,2025-10-15,9.943645493231077
37,2025-10-16,9.467921483167794
37,2025-10-17,8.91010387337295
37,2025-10-18,11.421518293613765
37,2025-10-19,10.227532551872473
37,2025-10-20,3.9360016206407766
37,2025-10-21,8.727475870411451
37,2025-10-22,8.389926899788197
37,2025-10-23,2.1444880869663505
37,2025-10-24,8.69639035463351
37,2025-10-25,11.680011946951792
37,2025-10-26,9.88735637994128
37,2025-10-27,5.673104282750903
37,2025-10-28,6.251737002146028
37,2025-10-29,7.6587396536350525
37,2025-10-30,6.805480010659916
37,2025-10-31,9.73989758900973
37,2025-11-01,9.129522603935998
37,2025-11-02,7.311877832035508
37,2025-11-03,4.184448433184134
37,2025-11-04,4.176742641474531
37,2025-11-05,6.091706971060636
37,2025-11-06,4.927385748696043
37,2025-11-07,5.524580381232848
37,2025-11-08,8.411290004024833
37,2025-11-09,7.101102495786784
37,2025-11-10,3.205354049748914
37,2025-11-11,3.2223583056746277
37,2025-11-12,-1.010302954051997
37,2025-11-13,3.897070717684103
37,2025-11-14,4.296046274329108
37,2025-11-15,7.535535653293768
37,2025-11-16,6.5720788839589
37,2025-11-17,2.9564076902285494
37,2025-11-18,-1.5490651772436355
37,2025-11-19,0.19496902931620694
37,2025-11-20,-2.10636312223649
37,2025-11-21,-1.1747659260699481
37,2025-11-22,2.4116812686020603
37,2025-11-23,6.1308359478966965
37,2025-11-24,-2.888073014950832
37,2025-11-25,-1.5490651772436355
37,2025-11-26,0.12286559049126636
37,2025-11-27,3.802498132620625
37,2025-11-28,-3.0264248522769788
37,2025-11-29,7.221680592168953
37,2025-11-30,6.589799004731521
37,2025-12-01,3.153493065654762
37,2025-12-02,3.080918801372422
37,2025-12-03,4.651374225355753
37,2025-12-04,4.040131276150626
37,2025-12-05,4.470814407169303
37,2025-12-06,2.726396632983259
37,2025-12-07,-1.562260720962139
37,2025-12-08,2.8909412728142367
37,2025-12-09,2.883833425946209
37,2025-12-10,4.651374225355753
37,2025-12-11,4.134703861214104
37,2025-12-12,4.470814407169303
37,2025-12-13,7.728648611904537
37,2025-12-14,6.802126097172782
37,2025-12-15,3.0459896423582777
37,2025-12-16,3.434685398115893
37,2025-12-17,5.379851649841397
37,2025-12-18,4.514190012837784
37,2025-12-19,4.387921273201884
37,2025-12-20,-0.6452652372969899
37,2025-12-21,7.525498529270333
37,2025-12-22,8.04997641393632
37,2025-12-23,3.98361959937391
37,2025-12-24,10.24833795659894
37,2025-12-25,9.486250055135764
37,2025-12-26,13.454886948187532
37,2025-12-27,16.826902733605955
37,2025-12-28,22.209294126460335
37,2025-12-29,32.88042680647963
37,2025-12-30,48.63073889839218
37,2025-12-31,76.94940253765836
37,2026-01-01,21.896810792095827
37,2026-01-02,10.724381283809711
37,2026-01-03,19.596964586183592
37,2026-01-04,22.895531741049773
37,2026-01-05,-2.8629852226902166
37,2026-01-06,8.530052527925344
37,2026-01-07,14.841086452194169
37,2026-01-08,6.813741111248079
37,2026-01-09,1.159134687464985
37,2026-01-10,4.256634550170092
37,2026-01-11,2.3047194548672465
37,2026-01-12,-0.050382835710883644
37,2026-01-13,0.3778324698705875
37,2026-01-14,0.6460886993527781
37,2026-01-15,1.4301698339176827
37,2026-01-16,2.241123120137394
37,2026-01-17,5.800486562092131
37,2026-01-18,7.608197076471755
37,2026-01-19,4.627066775243392
37,2026-01-20,4.716223276757178
37,2026-01-21,6.13701827969685
37,2026-01-22,-1.6250060651418274
37,2026-01-23,-1.446224783507189
37,2026-01-24,8.565912761121895
37,2026-01-25,7.591930648426166
37,2026-01-26,4.402395636017722
37,2026-01-27,5.156463719854318
37,2026-01-28,7.187027615889838
37,2026-01-29,5.140799416788311
37,2026-01-30,6.388563988830701
37,2026-01-31,10.178079124175358
37,2026-02-01,8.060069231350928
37,2026-02-02,4.964629833256028
37,2026-02-03,5.48071306700368
37,2026-02-04,6.604953921331896
37,2026-02-05,5.792515339588737
37,2026-02-06,-0.3470114919829703
37,2026-02-07,9.529846117116946
37,2026-02-08,7.935529942699401
37,2026-02-09,4.203113246061414
37,2026-02-10,5.20836774131322
37,2026-02-11,-0.10390993364821666
37,2026-02-12,5.0266471139002125
37,2026-02-13,6.712284769902119
37,2026-02-14,4.761915983353957
37,2026-02-15,8.022693008154421
37,2026-02-16,7.183398321603171
37,2026-02-17,7.380518380547901
37,2026-02-18,0.6785343355342465
37,2026-02-19,6.612094988828186
37,2026-02-20,7.7891461652219265
37,2026-02-21,10.760209819880398
37,2026-02-22,9.828108791216541
37,2026-02-23,6.858569267490807
37,2026-02-24,7.36873970414241
37,2026-02-25,8.06249928455902
37,2026-02-26,7.417967743855366
37,2026-02-27,7.65675493025568
37,2026-02-28,11.038949320397695
37,2026-03-01,8.670174345367652
37,2026-03-02,5.2471525447276175
37,2026-03-03,5.856054206256667
37,2026-03-04,7.475586157736022
37,2026-03-05,5.698968952182477
37,2026-03-06,6.5152466129318745
37,2026-03-07,10.27527274364851
37,2026-03-08,8.790944463081305
37,2026-03-09,4.7621534897063915
37,2026-03-10,5.342766149917523
37,2026-03-11,6.962298101396881
37,2026-03-12,5.4475260277865365
37,2026-03-13,6.543992072717852
37,2026-03-14,9.797304284053673
37,2026-03-15,8.312976003486469
37,2026-03-16,4.693326255900952
37,2026-03-17,5.302227917430001
37,2026-03-18,7.560462173736735
37,2026-03-19,6.590849163826626
37,2026-03-20,7.412891817052898
37,2026-03-21,11.682003666832367
37,2026-03-22,8.701542077589721
37,2026-03-23,5.597661768072667
37,2026-03-24,6.465171413114245
37,2026-03-25,-0.37394168195351624
37,2026-03-26,9.668371141276863
37,2026-03-27,13.698207542511629
37,2026-03-28,13.36464055567413
37,2026-03-29,10.51322813891995
37,2026-03-30,7.465943049079929
37,2026-03-31,7.582881454968689
37,2026-04-01,8.95963978820943
37,2026-04-02,-0.29870977012352284
37,2026-04-03,8.574562704094973
37,2026-04-04,6.224276566773267
37,2026-04-05,7.677552785776793
37,2026-04-06,5.994417207517774
37,2026-04-07,6.903211012201439
37,2026-04-08,8.3935800517298
37,2026-04-09,7.043337955890263
37,2026-04-10,8.226251448890297
37,2026-04-11,12.405276218808092
37,2026-04-12,9.667058273053584
37,2026-04-13,8.943113339794476
37,2026-04-14,9.175768458247575
37,2026-04-15,-1.9573614367849728
37,2026-04-16,0.10183586787225798
37,2026-04-17,0.5729409442599583
37,2026-04-18,11.439610474981038
37,2026-04-19,9.68145919423813
37,2026-04-20,0.3678704668164182
37,2026-04-21,-0.2156776783978775
37,2026-04-22,8.355354496809428
37,2026-04-23,7.745998683303457
37,2026-04-24,1.155701270081353
37,2026-04-25,10.315670227782517
37,2026-04-26,8.944252860183983
37,2026-04-27,7.6751948367188
37,2026-04-28,7.639645974608422
37,2026-04-29,14.330613565120448
37,2026-04-30,15.519600541825094
37,2026-05-01,16.743149452865225
37,2026-05-02,19.10335861174397
37,2026-05-03,15.309583672370211
37,2026-05-04,9.413195417053686
37,2026-05-05,8.97384013536982
37,2026-05-06,2.5491358132481214
37,2026-05-07,9.17470384109754
37,2026-05-08,7.915297560581593
37,2026-05-09,8.320947696883781
37,2026-05-10,5.823553027431253
37,2026-05-11,5.094880278860367
37,2026-05-12,5.7782948523530875
37,2026-05-13,7.485926664690271
37,2026-05-14,6.728149377720869
37,2026-05-15,6.762630487633804
37,2026-05-16,10.083988721520935
37,2026-05-17,8.78493018734553
37,2026-05-18,6.885874697396644
37,2026-05-19,7.394568993106481
37,2026-05-20,9.555429008068982
37,2026-05-21,8.880677272524496
37,2026-05-22,8.565100303152247
37,2026-05-23,3.71617099753624
37,2026-05-24,9.903260713433342
37,2026-05-25,7.326946011723204
37,2026-05-26,7.981846583692152
37,2026-05-27,2.702845414430433
37,2026-05-28,1.7075790515345313
37,2026-05-29,0.9255575018569892
37,2026-05-30,3.890112050050899
37,2026-05-31,8.612330648468662
37,2026-06-01,6.118889736451287
37,2026-06-02,6.355304520424466
37,2026-06-03,7.908004428296929
37,2026-06-04,7.33285529862835
37,2026-06-05,7.2353509487316465
37,2026-06-06,3.2195401306273697
37,2026-06-07,8.555649721687251
37,2026-06-08,-0.2588967913016984
37,2026-06-09,6.4110102802468605
37,2026-06-10,8.145156349960452
37,2026-06-11,-1.4177980915321466
37,2026-06-12,6.878587047036495
37,2026-06-13,10.602728870398535
37,2026-06-14,9.109815204163178
37,2026-06-15,6.377497719963814
37,2026-06-16,2.2484931056847715
37,2026-06-17,7.468801682788338
37,2026-06-18,8.603481899229788
37,2026-06-19,2.018173499138302
37,2026-06-20,10.66418003720403
37,2026-06-21,9.285201592455726
37,2026-06-22,3.9115627739443855
37,2026-06-23,7.164891939980886
37,2026-06-24,8.611600930265745
37,2026-06-25,9.33795524083098
37,2026-06-26,7.639639423476634
37,2026-06-27,10.990464521338275
37,2026-06-28,-0.22887330993508576
37,2026-06-29,4.155449715151245
37,2026-06-30,5.05751920191358
37,2026-07-01,15.335824930526647
37,2026-07-02,3.3090066119378267
37,2026-07-03,7.353942520743983
37,2026-07-04,10.420337286735808
37,2026-07-05,9.120065785066199
37,2026-07-06,3.1504684080688117
37,2026-07-07,3.1438624618991966
37,2026-07-08,9.031754860052825
37,2026-07-09,7.9021776049919845
37,2026-07-10,8.343716508204363
37,2026-07-11,11.166749198741886
37,2026-07-12,10.136380107401788
37,2026-07-13,0.8823883035928629
37,2026-07-14,9.46371161582656
37,2026-07-15,10.516862740280757
37,2026-07-16,10.337869868815778
37,2026-07-17,2.1887370649266153
37,2026-07-18,11.234846034228006
37,2026-07-19,9.070970333143668
37,2026-07-20,1.3893664067296738
37,2026-07-21,-0.1627599462194052
37,2026-07-22,-0.821236041855511
37,2026-07-23,7.834053125317371
37,2026-07-24,6.488649036513708
37,2026-07-25,9.015536111988794
37,2026-07-26,7.704263557134418
37,2026-07-27,7.74896033503697
37,2026-07-28,8.181385425708132
37,2026-07-29,9.192130242288911
37,2026-07-30,10.646476962702328
37,2026-07-31,10.220514138994098
37,2026-08-01,11.091029186013431
37,2026-08-02,4.832988293303529
37,2026-08-03,10.497624120559108
37,2026-08-04,6.703431654405402
37,2026-08-05,9.953983528878904
37,2026-08-06,10.939430722456267
37,2026-08-07,9.546389391854621
37,2026-08-08,11.336941058548033
37,2026-08-09,9.670197051456617
37,2026-08-10,9.632035259256456
37,2026-08-11,10.180169633709186
37,2026-08-12,9.659742161348461
37,2026-08-13,7.244566380123242
37,2026-08-14,-6.40739042979339
37,2026-08-15,3.1611824242114457
37,2026-08-16,8.856908093590903
37,2026-08-17,7.868414313663798
37,2026-08-18,9.060584477278478
37,2026-08-19,9.38871242100097
37,2026-08-20,9.009902111231487
37,2026-08-21,7.644004934568957
37,2026-08-22,11.56147206675843
37,2026-08-23,9.445629754053853
37,2026-08-24,8.348327478547208
37,2026-08-25,7.875887224658187
37,2026-08-26,8.98871987959008
37,2026-08-27,9.087375000537895
37,2026-08-28,7.812524722863242
37,2026-08-29,11.54562815234356
37,2026-08-30,8.971378585570564
37,2026-08-31,6.91878058229103
37,2026-09-01,-1.727213318157749
37,2026-09-02,8.373634634293138
37,2026-09-03,7.5854062671038
37,2026-09-04,7.264662618586441
37,2026-09-05,10.099171891298907
37,2026-09-06,9.065049379411798
37,2026-09-07,3.5745709757503743
38,2025-09-08,11.717967573803634
38,2025-09-09,2.949157522452217
38,2025-09-10,14.818498109072763
38,2025-09-11,3.003830224348749
38,2025-09-12,4.386821167923724
38,2025-09-13,21.37575511279579
38,2025-09-14,41.04062506401278
38,2025-09-15,36.13343324353026
38,2025-09-16,31.43649728151971
38,2025-09-17,28.487220580641953
38,2025-09-18,22.75283649821368
38,2025-09-19,32.38340273932573
38,2025-09-20,54.19784413340612
38,2025-09-21,53.369959083677145
38,2025-09-22,34.08671514871865
38,2025-09-23,28.69782620562704
38,2025-09-24,31.95965169018645
38,2025-09-25,27.29835412299049
38,2025-09-26,29.70822301581441
38,2025-09-27,38.312555994717556
38,2025-09-28,36.59785210814699
38,2025-09-29,32.58619744223741
38,2025-09-30,28.582739780622866
38,2025-10-01,22.993507121123386
38,2025-10-02,13.87053332170621
38,2025-10-03,27.113107041177404
38,2025-10-04,55.953897294649565
38,2025-10-05,58.13100381278957
38,2025-10-06,38.781256889261456
38,2025-10-07,35.69869788868512
38,2025-10-08,39.4916711082131
38,2025-10-09,39.37238220149132
38,2025-10-10,45.70424146259858
38,2025-10-11,67.36338102164746
38,2025-10-12,69.02195330470906
38,2025-10-13,51.69105253800584
38,2025-10-14,40.37344896291052
38,2025-10-15,52.45070366541028
38,2025-10-16,59.08916421004335
38,2025-10-17,63.24253464304238
38,2025-10-18,86.8868479427459
38,2025-10-19,91.41064940480393
38,2025-10-20,46.191394345266026
38,2025-10-21,52.12700049337854
38,2025-10-22,53.83892009586462
38,2025-10-23,42.03932974959445
38,2025-10-24,65.84872156844665
38,2025-10-25,88.2894924814058
38,2025-10-26,82.32590116862164
38,2025-10-27,52.54639005957624
38,2025-10-28,46.54256685153446
38,2025-10-29,51.779581244698505
38,2025-10-30,45.95125717251644
38,2025-10-31,81.93649373723846
38,2025-11-01,81.6479121825015
38,2025-11-02,73.85479161342118
38,2025-11-03,40.02504859433649
38,2025-11-04,34.675304896844224
38,2025-11-05,41.141531436989865
38,2025-11-06,42.12579356150942
38,2025-11-07,71.34127260561621
38,2025-11-08,84.60590522618786
38,2025-11-09,74.60098464943536
38,2025-11-10,39.04628690521165
38,2025-11-11,33.58572225089422
38,2025-11-12,30.20001986016946
38,2025-11-13,33.233614420788
38,2025-11-14,42.679793305578315
38,2025-11-15,61.398928685837554
38,2025-11-16,60.09465039867779
38,2025-11-17,27.273668358603977
38,2025-11-18,19.524877929424612
38,2025-11-19,20.36792277629169
38,2025-11-20,14.017173281382684
38,2025-11-21,21.045457545517742
38,2025-11-22,35.274533328661704
38,2025-11-23,38.62097791401628
38,2025-11-24,14.786755534276987
38,2025-11-25,9.645587112944204
38,2025-11-26,10.929787422438366
38,2025-11-27,12.470566834815804
38,2025-11-28,5.388213423120146
38,2025-11-29,30.37945867266994
38,2025-11-30,31.625119344960968
38,2025-12-01,16.72585922324977
38,2025-12-02,12.019821520883475
38,2025-12-03,13.005856541764036
38,2025-12-04,10.146499309681312
38,2025-12-05,15.646592220928975
38,2025-12-06,16.9059746428145
38,2025-12-07,7.801494359986003
38,2025-12-08,9.225407831792811
38,2025-12-09,7.868145106612447
38,2025-12-10,10.681083513709106
38,2025-12-11,7.685209368901253
38,2025-12-12,13.36209359395846
38,2025-12-13,16.975231850409816
38,2025-12-14,16.556430562662598
38,2025-12-15,8.923869448265037
38,2025-12-16,6.886297517521459
38,2025-12-17,10.547610600707682
38,2025-12-18,7.485688645505988
38,2025-12-19,9.190891758590569
38,2025-12-20,1.948216723953662
38,2025-12-21,14.155982314069268
38,2025-12-22,25.483701018309524
38,2025-12-23,22.754870448256753
38,2025-12-24,32.41582317431056
38,2025-12-25,37.72193942218391
38,2025-12-26,51.26084651099993
38,2025-12-27,62.632805737524734
38,2025-12-28,68.78198259029354
38,2025-12-29,85.16678546929262
38,2025-12-30,105.34046449495597
38,2025-12-31,125.28507287128717
38,2026-01-01,52.68143487143985
38,2026-01-02,58.54843133824394
38,2026-01-03,78.16344907841722
38,2026-01-04,81.42527999938306
38,2026-01-05,41.11974578408192
38,2026-01-06,34.949626527832294
38,2026-01-07,33.08953223288237
38,2026-01-08,30.320112483731865
38,2026-01-09,27.109910148724335
38,2026-01-10,43.960342028148105
38,2026-01-11,50.769229454422884
38,2026-01-12,19.40410961814481
38,2026-01-13,11.873582553298576
38,2026-01-14,9.877965895609323
38,2026-01-15,7.832105128054813
38,2026-01-16,12.463921477481767
38,2026-01-17,24.676078494695062
38,2026-01-18,41.42359619193092
38,2026-01-19,20.704289003398706
38,2026-01-20,14.347402410224495
38,2026-01-21,16.02980688219434
38,2026-01-22,9.324888714775655
38,2026-01-23,11.023884221217253
38,2026-01-24,26.670182160018598
38,2026-01-25,44.61487918255216
38,2026-01-26,27.305539462637185
38,2026-01-27,22.711281195349425
38,2026-01-28,24.484489650045738
38,2026-01-29,21.010627630513486
38,2026-01-30,22.72344753600209
38,2026-01-31,33.93815784196347
38,2026-02-01,46.67503025811141
38,2026-02-02,27.735135048102595
38,2026-02-03,22.81096638324041
38,2026-02-04,23.476470051167308
38,2026-02-05,20.483645088518305
38,2026-02-06,15.199158819298054
38,2026-02-07,32.26228935995716
38,2026-02-08,42.73607421178965
38,2026-02-09,27.385014454359005
38,2026-02-10,22.43575092577393
38,2026-02-11,16.21452746296312
38,2026-02-12,18.45469849307239
38,2026-02-13,22.12618625112809
38,2026-02-14,26.52590702224878
38,2026-02-15,43.437986937759504
38,2026-02-16,30.470578851304136
38,2026-02-17,26.836751492633077
38,2026-02-18,19.97711228435039
38,2026-02-19,20.249877490597132
38,2026-02-20,23.826111873048646
38,2026-02-21,34.458036519452655
38,2026-02-22,45.752837184376645
38,2026-02-23,30.849179723965435
38,2026-02-24,27.564459346664155
38,2026-02-25,28.613503740759025
38,2026-02-26,27.539993265213074
38,2026-02-27,31.08144235675037
38,2026-02-28,56.76807124321356
38,2026-03-01,58.369802613379775
38,2026-03-02,34.69340141093846
38,2026-03-03,31.01184813798512
38,2026-03-04,32.83287454849385
38,2026-03-05,29.342067351535626
38,2026-03-06,34.17138145981078
38,2026-03-07,52.08699995638287
38,2026-03-08,61.33726001091744
38,2026-03-09,35.158448094682285
38,2026-03-10,31.22617097308547
38,2026-03-11,33.31693138015163
38,2026-03-12,29.6098947679469
38,2026-03-13,48.30646173116533
38,2026-03-14,59.80437572600932
38,2026-03-15,64.87078004724863
38,2026-03-16,40.0457210921475
38,2026-03-17,37.08167490557014
38,2026-03-18,42.80933691730312
38,2026-03-19,44.14049291396513
38,2026-03-20,57.7372480703673
38,2026-03-21,69.14503689950341
38,2026-03-22,74.73602110638636
38,2026-03-23,46.35773160091653
38,2026-03-24,46.597835186288336
38,2026-03-25,42.272861187171486
38,2026-03-26,61.45581576031049
38,2026-03-27,78.18689155441031
38,2026-03-28,88.55798105519897
38,2026-03-29,97.1628753467382
38,2026-03-30,60.47340689713408
38,2026-03-31,52.804512429158144
38,2026-04-01,55.34663388400606
38,2026-04-02,42.243424248479464
38,2026-04-03,83.01460475362519
38,2026-04-04,89.39475493237553
38,2026-04-05,89.92207727138249
38,2026-04-06,61.7425091189083
38,2026-04-07,52.934160574616584
38,2026-04-08,55.86435235274173
38,2026-04-09,54.407587773110535
38,2026-04-10,65.53632811703906
38,2026-04-11,105.66143375263186
38,2026-04-12,98.78581764645847
38,2026-04-13,64.90966587248076
38,2026-04-14,56.46230891261698
38,2026-04-15,42.65365746634889
38,2026-04-16,43.04751415367401
38,2026-04-17,53.27705666287529
38,2026-04-18,99.80800386749844
38,2026-04-19,104.4745527003572
38,2026-04-20,43.85066894784428
38,2026-04-21,45.26299875606868
38,2026-04-22,60.39408675167359
38,2026-04-23,60.04288732601516
38,2026-04-24,52.09488129551579
38,2026-04-25,107.39144516577156
38,2026-04-26,102.60535760623125
38,2026-04-27,65.28287682919759
38,2026-04-28,56.999330520091824
38,2026-04-29,70.72542037778626
38,2026-04-30,68.50037905820629
38,2026-05-01,101.0142645286526
38,2026-05-02,125.66583472374163
38,2026-05-03,105.88601510732852
38,2026-05-04,74.21120037214182
38,2026-05-05,69.46491232188632
38,2026-05-06,72.47195461578173
38,2026-05-07,83.42836392248732
38,2026-05-08,106.72328659932388
38,2026-05-09,133.82856031982408
38,2026-05-10,129.3795784105217
38,2026-05-11,83.33468892466813
38,2026-05-12,83.39668009220335
38,2026-05-13,90.7960997862133
38,2026-05-14,89.30485268911312
38,2026-05-15,108.34304598908149
38,2026-05-16,133.12758882760195
38,2026-05-17,147.91872553835822
38,2026-05-18,89.11922017338244
38,2026-05-19,90.62830705567129
38,2026-05-20,108.54597753124654
38,2026-05-21,114.0574815205061
38,2026-05-22,129.2004254336266
38,2026-05-23,114.4958556633523
38,2026-05-24,161.2199152960478
38,2026-05-25,89.39727731635487
38,2026-05-26,92.99351532282684
38,2026-05-27,80.56817487625324
38,2026-05-28,80.6602880959175
38,2026-05-29,114.83125864016974
38,2026-05-30,138.93913414333812
38,2026-05-31,180.30755624182308
38,2026-06-01,86.6224165344816
38,2026-06-02,92.5364174964948
38,2026-06-03,106.16188678045128
38,2026-06-04,110.08161539754887
38,2026-06-05,168.63707538404373
38,2026-06-06,142.96499402137798
38,2026-06-07,192.5888829115172
38,2026-06-08,66.2603379109456
38,2026-06-09,101.2024609320776
38,2026-06-10,106.15853159629384
38,2026-06-11,70.83356008267793
38,2026-06-12,147.4819777112434
38,2026-06-13,190.2794557143358
38,2026-06-14,187.57251975013912
38,2026-06-15,88.37413876767346
38,2026-06-16,83.76294809489441
38,2026-06-17,96.64005376585456
38,2026-06-18,106.84223279453086
38,2026-06-19,95.73592517108862
38,2026-06-20,159.75443408779844
38,2026-06-21,175.8918408324178
38,2026-06-22,80.88475218973117
38,2026-06-23,90.3758950364059
38,2026-06-24,103.05897425077202
38,2026-06-25,106.61031286901935
38,2026-06-26,118.81197048730095
38,2026-06-27,162.31402652296873
38,2026-06-28,143.901945506023
38,2026-06-29,83.07532607793327
38,2026-06-30,88.52553805771215
38,2026-07-01,101.21994484940552
38,2026-07-02,77.08224681552723
38,2026-07-03,107.27629745540949
38,2026-07-04,162.39912045401758
38,2026-07-05,190.242802493289
38,2026-07-06,61.95300875985664
38,2026-07-07,65.32673399643137
38,2026-07-08,86.74599163056442
38,2026-07-09,92.2902036439059
38,2026-07-10,112.95506825241006
38,2026-07-11,168.37563211855795
38,2026-07-12,176.4791984905801
38,2026-07-13,61.10176124519572
38,2026-07-14,76.04036933881575
38,2026-07-15,96.24596201679307
38,2026-07-16,100.61053123865898
38,2026-07-17,80.6726004955509
38,2026-07-18,149.75577550163905
38,2026-07-19,164.23527807490785
38,2026-07-20,51.220415833787314
38,2026-07-21,53.678941841857636
38,2026-07-22,57.29350997672088
38,2026-07-23,80.444817731344
38,2026-07-24,92.21482931851756
38,2026-07-25,138.1198517749586
38,2026-07-26,140.59321244466574
38,2026-07-27,83.94700791632617
38,2026-07-28,88.24955731181831
38,2026-07-29,92.10645067134409
38,2026-07-30,98.94951397947186
38,2026-07-31,122.40065439367216
38,2026-08-01,139.3434747349769
38,2026-08-02,127.8665337864333
38,2026-08-03,92.81159501346444
38,2026-08-04,93.48164362473972
38,2026-08-05,101.6516350645655
38,2026-08-06,99.60897376992781
38,2026-08-07,129.15010447260067
38,2026-08-08,132.61296068542975
38,2026-08-09,129.10778348866367
38,2026-08-10,89.7847653492215
38,2026-08-11,94.71839117607728
38,2026-08-12,104.61263255016544
38,2026-08-13,74.75938592465145
38,2026-08-14,65.60384479510915
38,2026-08-15,101.3539077723237
38,2026-08-16,122.74122817111896
38,2026-08-17,91.45957338965616
38,2026-08-18,98.8528887883514
38,2026-08-19,104.70505953267597
38,2026-08-20,97.5420086235917
38,2026-08-21,97.23779259149543
38,2026-08-22,117.2493933615338
38,2026-08-23,119.00759528446795
38,2026-08-24,87.32490356319789
38,2026-08-25,85.90305500136967
38,2026-08-26,91.7923750638754
38,2026-08-27,94.9355591913002
38,2026-08-28,98.58505793025277
38,2026-08-29,126.58147002910653
38,2026-08-30,120.12323508178493
38,2026-08-31,86.3227920936387
38,2026-09-01,67.07311940204056
38,2026-09-02,87.87541050785667
38,2026-09-03,85.17259013054937
38,2026-09-04,92.47340575584985
38,2026-09-05,120.33459211263919
38,2026-09-06,123.10155702263181
38,2026-09-07,79.7769205128374
40,2025-09-08,114.04785162086814
40,2025-09-09,123.60437293398527
40,2025-09-10,168.57604007410453
40,2025-09-11,114.84169451267425
40,2025-09-12,118.48577966112505
40,2025-09-13,274.5743672362225
40,2025-09-14,313.6141670703431
40,2025-09-15,150.704921834308
40,2025-09-16,145.17414746241943
40,2025-09-17,160.82016205366943
40,2025-09-18,147.7279324070496
40,2025-09-19,157.47176271054352
40,2025-09-20,335.6378779513419
40,2025-09-21,390.8627636675239
40,2025-09-22,179.64362728256413
40,2025-09-23,172.9288308983559
40,2025-09-24,202.152166273893
40,2025-09-25,168.26090649572376
40,2025-09-26,110.05889030509269
40,2025-09-27,273.5471054747033
40,2025-09-28,258.32928599409644
40,2025-09-29,131.87381509177595
40,2025-09-30,142.81209299610293
40,2025-10-01,115.43254306326583
40,2025-10-02,81.31897406120429
40,2025-10-03,110.60675412295967
40,2025-10-04,337.07467196532826
40,2025-10-05,339.63932247810845
40,2025-10-06,179.4992024811238
40,2025-10-07,176.4428957484422
40,2025-10-08,193.82664431182582
40,2025-10-09,187.62615127065538
40,2025-10-10,164.30012307474604
40,2025-10-11,368.1107746264933
40,2025-10-12,387.6356452228833
40,2025-10-13,305.7402302756406
40,2025-10-14,232.48368544775278
40,2025-10-15,275.42460887340934
40,2025-10-16,272.4659139837249
40,2025-10-17,252.94420353168812
40,2025-10-18,361.9321127403877
40,2025-10-19,396.8345791328713
40,2025-10-20,260.1346367247657
40,2025-10-21,280.7383171847659
40,2025-10-22,297.82153262112803
40,2025-10-23,192.10231592409704
40,2025-10-24,206.33749663493697
40,2025-10-25,313.64265585895447
40,2025-10-26,376.2884252728406
40,2025-10-27,176.69526334485252
40,2025-10-28,162.53934563966726
40,2025-10-29,185.47658116124052
40,2025-10-30,168.3426501573796
40,2025-10-31,196.57097462273484
40,2025-11-01,241.14224562001434
40,2025-11-02,243.47978326535218
40,2025-11-03,96.9974323060949
40,2025-11-04,89.27095898669194
40,2025-11-05,104.72864719388402
40,2025-11-06,96.71787006316214
40,2025-11-07,99.86177257349865
40,2025-11-08,238.36224720606208
40,2025-11-09,235.03483327176198
40,2025-11-10,86.93559119593937
40,2025-11-11,83.26158988834447
40,2025-11-12,75.88040072126012
40,2025-11-13,79.9883004580998
40,2025-11-14,82.64177816833116
40,2025-11-15,165.51060213926598
40,2025-11-16,168.43483675772876
40,2025-11-17,73.00661105724548
40,2025-11-18,69.27483212969639
40,2025-11-19,87.67189886839826
40,2025-11-20,61.49359496892988
40,2025-11-21,60.589982314560174
40,2025-11-22,121.69108904119506
40,2025-11-23,132.10599137576608
40,2025-11-24,54.07676841126324
40,2025-11-25,42.43448877142896
40,2025-11-26,43.95418407557834
40,2025-11-27,38.886202332773834
40,2025-11-28,35.25129240144755
40,2025-11-29,83.91741682280929
40,2025-11-30,98.6651175300672
40,2025-12-01,57.17134017268894
40,2025-12-02,43.5699527728555
40,2025-12-03,39.6197886781246
40,2025-12-04,33.88836723691911
40,2025-12-05,35.452210217832125
40,2025-12-06,71.57941714093054
40,2025-12-07,67.89334620018708
40,2025-12-08,32.315654113362946
40,2025-12-09,28.500073736004598
40,2025-12-10,30.094599651032656
40,2025-12-11,26.571415423110178
40,2025-12-12,28.58991321582678
40,2025-12-13,55.64386800304239
40,2025-12-14,72.42381559713749
40,2025-12-15,32.65276568652818
40,2025-12-16,26.993883793706093
40,2025-12-17,27.0241399044727
40,2025-12-18,25.469454928333075
40,2025-12-19,26.30224666025919
40,2025-12-20,33.49674241814832
40,2025-12-21,55.70511165271611
40,2025-12-22,68.36069539398721
40,2025-12-23,55.71133423565146
40,2025-12-24,73.57699995802587
40,2025-12-25,92.51055458187001
40,2025-12-26,137.52639719585912
40,2025-12-27,158.68537249815185
40,2025-12-28,190.56176550160222
40,2025-12-29,210.79074649964318
40,2025-12-30,301.61511973724936
40,2025-12-31,248.84761959072011
40,2026-01-01,149.800189717688
40,2026-01-02,166.68363754284943
40,2026-01-03,190.2852118948651
40,2026-01-04,177.39068936845226
40,2026-01-05,87.28766962803947
40,2026-01-06,78.78689973385798
40,2026-01-07,77.62598981285994
40,2026-01-08,65.196348185637
40,2026-01-09,58.37272419019656
40,2026-01-10,98.71925037783338
40,2026-01-11,115.26241397846518
40,2026-01-12,58.39224948198024
40,2026-01-13,45.63285040132875
40,2026-01-14,45.24339152028584
40,2026-01-15,37.45431234927145
40,2026-01-16,33.21066618087076
40,2026-01-17,83.85262957106995
40,2026-01-18,107.27903949224805
40,2026-01-19,53.008419094379434
40,2026-01-20,40.56054034645832
40,2026-01-21,45.46389767219976
40,2026-01-22,26.656976202765136
40,2026-01-23,21.91382320582877
40,2026-01-24,99.05134720319246
40,2026-01-25,120.79066558733872
40,2026-01-26,64.93101908243999
40,2026-01-27,46.788930898194444
40,2026-01-28,50.04210020287711
40,2026-01-29,43.81430478405632
40,2026-01-30,50.213849004444114
40,2026-01-31,100.16604028315169
40,2026-02-01,109.66114110012016
40,2026-02-02,67.10047854360592
40,2026-02-03,51.044158033489936
40,2026-02-04,49.68678744332301
40,2026-02-05,45.21136057290049
40,2026-02-06,35.032657920052
40,2026-02-07,85.90169969578814
40,2026-02-08,99.00600954446583
40,2026-02-09,60.01352525893737
40,2026-02-10,46.71018884788943
40,2026-02-11,35.02993593470155
40,2026-02-12,40.32326102954095
40,2026-02-13,47.50728490332269
40,2026-02-14,76.92115135068842
40,2026-02-15,97.62584345662701
40,2026-02-16,67.05791541023827
40,2026-02-17,55.19496548323478
40,2026-02-18,43.54790437735511
40,2026-02-19,49.944515670615196
40,2026-02-20,54.410010573304675
40,2026-02-21,87.7939587854654
40,2026-02-22,103.66779554704127
40,2026-02-23,78.8675620059319
40,2026-02-24,61.47121256385553
40,2026-02-25,55.20885674882789
40,2026-02-26,49.75868213473173
40,2026-02-27,51.74084271724453
40,2026-02-28,83.76249767835894
40,2026-03-01,98.26148650985105
40,2026-03-02,70.82755378329433
40,2026-03-03,54.40304805315628
40,2026-03-04,51.6776085473858
40,2026-03-05,47.5537423289254
40,2026-03-06,52.87208898047276
40,2026-03-07,84.35412002219492
40,2026-03-08,100.13783389940161
40,2026-03-09,74.42041379246437
40,2026-03-10,58.62499812541317
40,2026-03-11,55.13052537975956
40,2026-03-12,49.52647020814629
40,2026-03-13,52.40366797203848
40,2026-03-14,83.59992252054055
40,2026-03-15,98.91631262003321
40,2026-03-16,69.56380879930582
40,2026-03-17,52.89459366951619
40,2026-03-18,53.90364005977395
40,2026-03-19,49.36286208370292
40,2026-03-20,54.585458084427984
40,2026-03-21,87.84303638257303
40,2026-03-22,101.56433730235294
40,2026-03-23,71.94203732651425
40,2026-03-24,58.8650913274347
40,2026-03-25,41.63803204919509
40,2026-03-26,59.897395937743845
40,2026-03-27,67.92420046316211
40,2026-03-28,98.40637304502019
40,2026-03-29,109.76972977971784
40,2026-03-30,73.80221938873757
40,2026-03-31,61.19955870248532
40,2026-04-01,56.072366068498575
40,2026-04-02,38.75515739816813
40,2026-04-03,59.49346557491215
40,2026-04-04,84.05145841703074
40,2026-04-05,96.26074494121077
40,2026-04-06,71.23479039211682
40,2026-04-07,65.71678291570117
40,2026-04-08,59.76409460597481
40,2026-04-09,53.31510897057538
40,2026-04-10,54.9951404333302
40,2026-04-11,99.59090024298254
40,2026-04-12,109.03591610679901
40,2026-04-13,74.56824695955154
40,2026-04-14,65.6872457956353
40,2026-04-15,41.63351465915364
40,2026-04-16,37.02935056326053
40,2026-04-17,33.65512622208867
40,2026-04-18,81.91318406983062
40,2026-04-19,101.5721787453213
40,2026-04-20,43.539084143052364
40,2026-04-21,46.94365472549575
40,2026-04-22,53.3533348814719
40,2026-04-23,61.775253253587515
40,2026-04-24,42.13837906023602
40,2026-04-25,103.39333640354671
40,2026-04-26,108.75853073990858
40,2026-04-27,70.11458776124424
40,2026-04-28,58.86958964913757
40,2026-04-29,66.23826782401005
40,2026-04-30,60.44141458740561
40,2026-05-01,82.23115884966096
40,2026-05-02,120.31452669956067
40,2026-05-03,112.41006156092735
40,2026-05-04,76.71164398831952
40,2026-05-05,64.08891969472795
40,2026-05-06,57.94183816043765
40,2026-05-07,56.311633263688165
40,2026-05-08,73.57186516437406
40,2026-05-09,108.09315677346231
40,2026-05-10,112.52870050356063
40,2026-05-11,79.76064480824762
40,2026-05-12,69.97489826984275
40,2026-05-13,69.38061649175076
40,2026-05-14,65.36724395913572
40,2026-05-15,84.5086702943922
40,2026-05-16,121.15585371210922
40,2026-05-17,134.92508904788738
40,2026-05-18,103.31053156814866
40,2026-05-19,118.19949676281539
40,2026-05-20,126.08965719665306
40,2026-05-21,130.0396826519183
40,2026-05-22,152.80616756629905
40,2026-05-23,129.19737956690764
40,2026-05-24,170.15549759062696
40,2026-05-25,118.85998579314159
40,2026-05-26,128.93695504609474
40,2026-05-27,94.5411910836411
40,2026-05-28,98.68032634973252
40,2026-05-29,116.09395860301707
40,2026-05-30,141.13495050228997
40,2026-05-31,191.2490294583295
40,2026-06-01,102.08166784219516
40,2026-06-02,117.1389533859648
40,2026-06-03,124.23663496876662
40,2026-06-04,138.64640894453464
40,2026-06-05,207.11731966713037
40,2026-06-06,207.53975927345354
40,2026-06-07,253.43370599448508
40,2026-06-08,79.40078629713541
40,2026-06-09,101.72759312055595
40,2026-06-10,142.0120229704509
40,2026-06-11,111.7660984626502
40,2026-06-12,207.40040471195155
40,2026-06-13,287.6750302396443
40,2026-06-14,316.6783775138992
40,2026-06-15,176.1667026214148
40,2026-06-16,138.15013012649118
40,2026-06-17,165.36196182821126
40,2026-06-18,167.5254648728619
40,2026-06-19,164.25614333531473
40,2026-06-20,301.3503428731008
40,2026-06-21,339.0504318660854
40,2026-06-22,179.09943580994843
40,2026-06-23,172.57258091444064
40,2026-06-24,193.00402004616078
40,2026-06-25,203.2124551718291
40,2026-06-26,199.46029163965866
40,2026-06-27,295.20110562927636
40,2026-06-28,246.19627913742195
40,2026-06-29,143.50303938710354
40,2026-06-30,158.71693191090287
40,2026-07-01,167.55205313191192
40,2026-07-02,144.88554877690993
40,2026-07-03,227.7572624929484
40,2026-07-04,358.76256866946176
40,2026-07-05,407.68635568285004
40,2026-07-06,162.74278505609502
40,2026-07-07,140.83097129632412
40,2026-07-08,185.07842244519603
40,2026-07-09,215.86298204392182
40,2026-07-10,252.29201336555815
40,2026-07-11,438.2270116870698
40,2026-07-12,482.3600960882684
40,2026-07-13,243.08241493537136
40,2026-07-14,253.5539802562185
40,2026-07-15,278.0459309827657
40,2026-07-16,266.08106099508694
40,2026-07-17,189.91605584822798
40,2026-07-18,443.00281776646835
40,2026-07-19,471.7931155396258
40,2026-07-20,184.920645795299
40,2026-07-21,115.40226056183329
40,2026-07-22,145.7460884468392
40,2026-07-23,197.45197505865585
40,2026-07-24,217.2652296688495
40,2026-07-25,392.0424958794345
40,2026-07-26,446.0569557737077
40,2026-07-27,255.40163027537747
40,2026-07-28,241.89310394654868
40,2026-07-29,291.40981003650444
40,2026-07-30,279.89349345521015
40,2026-07-31,291.78684541731405
40,2026-08-01,407.9184181040628
40,2026-08-02,403.3810108393207
40,2026-08-03,295.055206775219
40,2026-08-04,268.9091999874273
40,2026-08-05,308.4286549450646
40,2026-08-06,304.2273387377505
40,2026-08-07,275.3891345785069
40,2026-08-08,418.1230368206401
40,2026-08-09,474.489502077961
40,2026-08-10,352.73799328777966
40,2026-08-11,347.46177455375613
40,2026-08-12,329.31460008261456
40,2026-08-13,249.4446587798321
40,2026-08-14,161.8895162217804
40,2026-08-15,371.8730460147121
40,2026-08-16,461.0424663326755
40,2026-08-17,280.7285218193688
40,2026-08-18,298.5947527199447
40,2026-08-19,347.44448330394636
40,2026-08-20,303.47700905852383
40,2026-08-21,277.5383425333119
40,2026-08-22,384.41153899813116
40,2026-08-23,464.98046492534434
40,2026-08-24,275.5403227567733
40,2026-08-25,231.8639088394096
40,2026-08-26,249.81237385006912
40,2026-08-27,232.8493260014832
40,2026-08-28,226.77798162906936
40,2026-08-29,377.38010562739373
40,2026-08-30,425.2879614576804
40,2026-08-31,192.20605763153955
40,2026-09-01,139.91536202232996
40,2026-09-02,187.48293425986625
40,2026-09-03,182.60386812305669
40,2026-09-04,194.37913583927946
40,2026-09-05,379.672404712923
40,2026-09-06,450.93903080620504
40,2026-09-07,132.6332473664155
5,2025-09-08,95.07778965305019
5,2025-09-09,81.39847953154582
5,2025-09-10,96.86823516093267
5,2025-09-11,70.23708503225896
5,2025-09-12,79.87069219182791
5,2025-09-13,176.78256545967554
5,2025-09-14,250.59716550323293
5,2025-09-15,97.42326755716053
5,2025-09-16,104.24573329277064
5,2025-09-17,121.40259806814583
5,2025-09-18,122.12360005297231
5,2025-09-19,138.78932474461328
5,2025-09-20,239.7526387074794
5,2025-09-21,261.8976448306573
5,2025-09-22,124.06660084149162
5,2025-09-23,117.60549566338182
5,2025-09-24,122.59727627575764
5,2025-09-25,120.68739931785977
5,2025-09-26,87.10527383181017
5,2025-09-27,171.91201710857746
5,2025-09-28,167.80898060338197
5,2025-09-29,89.35675646818775
5,2025-09-30,92.1461392385863
5,2025-10-01,74.49159783703428
5,2025-10-02,72.66160764626142
5,2025-10-03,103.37113514754812
5,2025-10-04,207.4817507341559
5,2025-10-05,216.6517006287439
5,2025-10-06,99.70726680662747
5,2025-10-07,110.4904633036689
5,2025-10-08,129.1353102889144
5,2025-10-09,129.56026029915878
5,2025-10-10,124.07816330906151
5,2025-10-11,209.1925863575763
5,2025-10-12,227.0263011769613
5,2025-10-13,142.65625614987187
5,2025-10-14,103.53990067086069
5,2025-10-15,139.95127726200747
5,2025-10-16,144.48091260583763
5,2025-10-17,149.27341806871723
5,2025-10-18,241.26001280248994
5,2025-10-19,263.503967266639
5,2025-10-20,105.53882125214598
5,2025-10-21,125.64866084547418
5,2025-10-22,131.58073685628398
5,2025-10-23,100.38760128574646
5,2025-10-24,118.71751844461785
5,2025-10-25,205.92148733971092
5,2025-10-26,220.71440730370446
5,2025-10-27,92.86224747230129
5,2025-10-28,96.77012819311116
5,2025-10-29,104.78679253073503
5,2025-10-30,107.9744679470845
5,2025-10-31,126.28386779015831
5,2025-11-01,183.1003167612935
5,2025-11-02,202.0338034755318
5,2025-11-03,63.94892797223837
5,2025-11-04,72.57213812378825
5,2025-11-05,88.15336554407749
5,2025-11-06,87.01046598670439
5,2025-11-07,94.58775576556702
5,2025-11-08,166.25363152122222
5,2025-11-09,177.45981884764407
5,2025-11-10,57.20877846365012
5,2025-11-11,64.11592573786663
5,2025-11-12,68.51974074337491
5,2025-11-13,76.97372563406005
5,2025-11-14,83.20934683231378
5,2025-11-15,162.0307274314496
5,2025-11-16,174.1729442825854
5,2025-11-17,58.49174071325157
5,2025-11-18,50.12879063080665
5,2025-11-19,60.75347206759505
5,2025-11-20,57.53086201197475
5,2025-11-21,60.37125412928771
5,2025-11-22,133.495203051608
5,2025-11-23,160.37158959084007
5,2025-11-24,31.739743554017462
5,2025-11-25,30.692804324644662
5,2025-11-26,32.91640440084498
5,2025-11-27,36.516822728352594
5,2025-11-28,34.03938960627375
5,2025-11-29,99.3471762894574
5,2025-11-30,127.74486179591096
5,2025-12-01,41.91932306399357
5,2025-12-02,35.76740053158362
5,2025-12-03,36.82046361726872
5,2025-12-04,37.612049536853334
5,2025-12-05,44.95325334299252
5,2025-12-06,90.6819934947356
5,2025-12-07,83.20398963484999
5,2025-12-08,35.77592473099989
5,2025-12-09,31.176447727648764
5,2025-12-10,32.05451644481608
5,2025-12-11,30.132556685106927
5,2025-12-12,36.76194736606124
5,2025-12-13,89.36449028049435
5,2025-12-14,96.15740758750452
5,2025-12-15,37.545066737068446
5,2025-12-16,27.583247691355897
5,2025-12-17,30.99801473594177
5,2025-12-18,29.226380877275567
5,2025-12-19,39.12625143566754
5,2025-12-20,62.14888005177295
5,2025-12-21,83.02690107646896
5,2025-12-22,77.58895161815484
5,2025-12-23,68.32344054267881
5,2025-12-24,107.4275050288408
5,2025-12-25,127.09164471575244
5,2025-12-26,154.59229303498762
5,2025-12-27,193.84160108343661
5,2025-12-28,230.48546938857186
5,2025-12-29,268.58496784123724
5,2025-12-30,338.9751858453935
5,2025-12-31,306.4283567445413
5,2026-01-01,190.65759745208027
5,2026-01-02,165.59349783088427
5,2026-01-03,184.40346562563826
5,2026-01-04,180.07026507338674
5,2026-01-05,80.6445876809564
5,2026-01-06,62.84949862009614
5,2026-01-07,65.9493505101075
5,2026-01-08,72.3226891992598
5,2026-01-09,69.23819335175753
5,2026-01-10,133.9542456419231
5,2026-01-11,154.31977020387305
5,2026-01-12,53.49560373647418
5,2026-01-13,37.85358613825897
5,2026-01-14,40.779950027879366
5,2026-01-15,34.66899144775205
5,2026-01-16,50.57328699099825
5,2026-01-17,114.25490936072335
5,2026-01-18,139.2040905607705
5,2026-01-19,54.802420139784005
5,2026-01-20,44.38127760125706
5,2026-01-21,49.89946864284658
5,2026-01-22,30.995311503050434
5,2026-01-23,36.13003234663808
5,2026-01-24,121.2116792531959
5,2026-01-25,151.83962230645724
5,2026-01-26,65.63038035038953
5,2026-01-27,47.892481991410854
5,2026-01-28,53.289539735692856
5,2026-01-29,45.44126589107518
5,2026-01-30,64.01550535270171
5,2026-01-31,129.89226486795317
5,2026-02-01,147.584899879631
5,2026-02-02,66.89562954189013
5,2026-02-03,57.3460014739635
5,2026-02-04,58.52723652058392
5,2026-02-05,54.422764844409635
5,2026-02-06,45.48766077288425
5,2026-02-07,122.42096710761024
5,2026-02-08,155.83130299723894
5,2026-02-09,58.12880207095316
5,2026-02-10,53.03325497818908
5,2026-02-11,40.313316124281414
5,2026-02-12,43.96633684294229
5,2026-02-13,67.61603235308822
5,2026-02-14,100.02487882100785
5,2026-02-15,133.9717543939409
5,2026-02-16,65.401448206758
5,2026-02-17,56.57951293199479
5,2026-02-18,43.98673114896264
5,2026-02-19,52.559406909197165
5,2026-02-20,73.57703003998763
5,2026-02-21,117.31222464817667
5,2026-02-22,147.2843831981821
5,2026-02-23,73.37563431521103
5,2026-02-24,66.97602081731986
5,2026-02-25,64.73423650468663
5,2026-02-26,64.51429710142752
5,2026-02-27,87.05820582254056
5,2026-02-28,148.13069609060534
5,2026-03-01,166.26502220437973
5,2026-03-02,73.7601745526792
5,2026-03-03,84.04875829731102
5,2026-03-04,101.65218907179246
5,2026-03-05,92.17869353375578
5,2026-03-06,105.08396198496
5,2026-03-07,162.15729974559272
5,2026-03-08,184.22745279059066
5,2026-03-09,72.74133708055537
5,2026-03-10,85.65675929453269
5,2026-03-11,96.9353442365296
5,2026-03-12,92.68879718539189
5,2026-03-13,107.26369675119881
5,2026-03-14,177.42503377314998
5,2026-03-15,201.46506494893038
5,2026-03-16,73.42847146785688
5,2026-03-17,86.83733189101214
5,2026-03-18,101.68438144403895
5,2026-03-19,97.72608655202168
5,2026-03-20,116.65117333088028
5,2026-03-21,188.52417254817405
5,2026-03-22,214.82519989213841
5,2026-03-23,76.86459531850997
5,2026-03-24,91.18792929275035
5,2026-03-25,71.98897600325996
5,2026-03-26,104.71086426117982
5,2026-03-27,126.4695664679743
5,2026-03-28,205.67893831048124
5,2026-03-29,218.7272665113985
5,2026-03-30,82.41937347554428
5,2026-03-31,93.82132929556597
5,2026-04-01,111.25701214587194
5,2026-04-02,67.41793548980583
5,2026-04-03,107.65924839472613
5,2026-04-04,198.98961774231205
5,2026-04-05,215.73940996381685
5,2026-04-06,80.42228092581729
5,2026-04-07,94.74320901056629
5,2026-04-08,115.94324972104498
5,2026-04-09,102.89365155577448
5,2026-04-10,125.14922691628175
5,2026-04-11,224.04704608000256
5,2026-04-12,231.61866303412262
5,2026-04-13,114.87696791321012
5,2026-04-14,115.82428620906208
5,2026-04-15,73.45312983033742
5,2026-04-16,72.62986131090989
5,2026-04-17,79.51388669444577
5,2026-04-18,197.92159507774724
5,2026-04-19,226.7423959861487
5,2026-04-20,52.870853924952904
5,2026-04-21,60.70500274633843
5,2026-04-22,90.7111695784073
5,2026-04-23,103.48866969776421
5,2026-04-24,76.32089830032513
5,2026-04-25,189.1305245224942
5,2026-04-26,216.28856013289206
5,2026-04-27,93.6368341917029
5,2026-04-28,106.10173835350503
5,2026-04-29,148.69351242527654
5,2026-04-30,149.16951819383326
5,2026-05-01,166.5176833012982
5,2026-05-02,244.52035039127145
5,2026-05-03,235.98396353606628
5,2026-05-04,119.96844511798085
5,2026-05-05,112.92141485647835
5,2026-05-06,78.8461310788357
5,2026-05-07,98.80251847921267
5,2026-05-08,136.99392406584673
5,2026-05-09,217.91503337742864
5,2026-05-10,236.17427265494774
5,2026-05-11,106.25200681647821
5,2026-05-12,108.05853908408632
5,2026-05-13,118.59907671300326
5,2026-05-14,110.74533010784542
5,2026-05-15,129.76595011388477
5,2026-05-16,226.91699353781004
5,2026-05-17,247.69232080712663
5,2026-05-18,113.580001262768
5,2026-05-19,112.14771538869746
5,2026-05-20,121.9962958248087
5,2026-05-21,134.18765619879727
5,2026-05-22,148.32889230771772
5,2026-05-23,167.6328874107807
5,2026-05-24,239.47002955548516
5,2026-05-25,116.34589338501827
5,2026-05-26,115.27842832538194
5,2026-05-27,95.63797645298034
5,2026-05-28,102.87170769690177
5,2026-05-29,117.82064800478422
5,2026-05-30,252.0406453371765
5,2026-05-31,278.9879522338003
5,2026-06-01,122.7124196603118
5,2026-06-02,120.94973147246007
5,2026-06-03,134.88763011527922
5,2026-06-04,146.4561613874498
5,2026-06-05,207.42936582763207
5,2026-06-06,171.872315664008
5,2026-06-07,240.492146127975
5,2026-06-08,71.684794338169
5,2026-06-09,101.55351210985047
5,2026-06-10,128.12623525363958
5,2026-06-11,82.62256222148112
5,2026-06-12,165.1039815974611
5,2026-06-13,241.07571699465683
5,2026-06-14,287.23236117324495
5,2026-06-15,128.82859944622902
5,2026-06-16,116.05607648872748
5,2026-06-17,124.1830149136066
5,2026-06-18,133.54097361293552
5,2026-06-19,134.5879200869138
5,2026-06-20,232.17086016322932
5,2026-06-21,261.201681787829
5,2026-06-22,110.16518659564488
5,2026-06-23,115.52042885490773
5,2026-06-24,127.78763411202146
5,2026-06-25,129.73423666785962
5,2026-06-26,153.9843402886061
5,2026-06-27,259.3300904437719
5,2026-06-28,204.61245630671854
5,2026-06-29,97.6981839469424
5,2026-06-30,106.28687117451135
5,2026-07-01,104.39847048943344
5,2026-07-02,96.3947312825541
5,2026-07-03,149.27280835812925
5,2026-07-04,242.00602794288304
5,2026-07-05,256.6565071460743
5,2026-07-06,84.02132373676693
5,2026-07-07,77.35289651319621
5,2026-07-08,117.2042453460006
5,2026-07-09,124.55404577311093
5,2026-07-10,150.99775873008875
5,2026-07-11,257.0074226680983
5,2026-07-12,268.2527868008307
5,2026-07-13,93.94899477212343
5,2026-07-14,121.6651437439781
5,2026-07-15,143.05573786245228
5,2026-07-16,140.07982342455284
5,2026-07-17,109.12819062011442
5,2026-07-18,250.37795071599703
5,2026-07-19,269.03947143467985
5,2026-07-20,74.96732711727734
5,2026-07-21,71.68699563883914
5,2026-07-22,81.26415635923358
5,2026-07-23,115.58158350116376
5,2026-07-24,126.95118334969106
5,2026-07-25,277.82133479058035
5,2026-07-26,269.48258486357093
5,2026-07-27,128.77374186242943
5,2026-07-28,133.70187412441007
5,2026-07-29,162.29622408361203
5,2026-07-30,151.40113854155803
5,2026-07-31,160.77909916195324
5,2026-08-01,237.3797270119473
5,2026-08-02,227.06060683603252
5,2026-08-03,133.94556886890913
5,2026-08-04,137.3980770731385
5,2026-08-05,165.77019234572018
5,2026-08-06,162.58051370558704
5,2026-08-07,160.0986653803339
5,2026-08-08,283.5152851698463
5,2026-08-09,283.7451559364315
5,2026-08-10,144.18725108143772
5,2026-08-11,141.63201372868156
5,2026-08-12,149.54847125143746
5,2026-08-13,111.86976630153494
5,2026-08-14,78.35982160499573
5,2026-08-15,217.9077460236038
5,2026-08-16,270.23238511413615
5,2026-08-17,133.30050229865375
5,2026-08-18,140.83017548977028
5,2026-08-19,165.09854535127178
5,2026-08-20,158.31292587980693
5,2026-08-21,150.3158617536713
5,2026-08-22,288.8834412598191
5,2026-08-23,304.56378197987493
5,2026-08-24,134.90274823415092
5,2026-08-25,126.42785069908678
5,2026-08-26,136.1443737829643
5,2026-08-27,135.46689966522905
5,2026-08-28,133.73257646674267
5,2026-08-29,243.94478910637795
5,2026-08-30,244.37920270817332
5,2026-08-31,109.18728277765496
5,2026-09-01,81.4630298764338
5,2026-09-02,108.63845359386073
5,2026-09-03,112.44693489564592
5,2026-09-04,117.49832367930871
5,2026-09-05,295.1333091168155
5,2026-09-06,295.43729139983486
5,2026-09-07,99.6616792395988
6,2025-09-08,51.858604451763746
6,2025-09-09,50.150706421289335
6,2025-09-10,69.66261267900654
6,2025-09-11,51.254709541717865
6,2025-09-12,36.69132338626214
6,2025-09-13,71.86942755642929
6,2025-09-14,68.80186312341851
6,2025-09-15,54.70751861053759
6,2025-09-16,54.83024356058272
6,2025-09-17,65.05224100246593
6,2025-09-18,58.28034599498205
6,2025-09-19,53.69421448266121
6,2025-09-20,90.51389023093432
6,2025-09-21,86.90071485642994
6,2025-09-22,63.50472784342442
6,2025-09-23,57.4080359666509
6,2025-09-24,64.92189167429322
6,2025-09-25,57.76655360140335
6,2025-09-26,41.359867759608456
6,2025-09-27,49.863684437530516
6,2025-09-28,56.1183920172036
6,2025-09-29,49.28521831588092
6,2025-09-30,52.583394477707465
6,2025-10-01,40.97256978053709
6,2025-10-02,28.986363081821633
6,2025-10-03,44.02152393139398
6,2025-10-04,90.68830086992672
6,2025-10-05,76.67093328187953
6,2025-10-06,67.22137713614111
6,2025-10-07,66.69656493185016
6,2025-10-08,71.7727025573483
6,2025-10-09,67.53577572552912
6,2025-10-10,62.60277033952773
6,2025-10-11,87.5731184029223
6,2025-10-12,82.29917803370968
6,2025-10-13,88.33492139866162
6,2025-10-14,54.369265792527585
6,2025-10-15,68.66612982649285
6,2025-10-16,71.02234542353209
6,2025-10-17,67.82413504376895
6,2025-10-18,85.69240867714002
6,2025-10-19,85.45643881311277
6,2025-10-20,55.95401459434419
6,2025-10-21,57.013789748141235
6,2025-10-22,66.54864151226244
6,2025-10-23,52.966504297273445
6,2025-10-24,58.84037179169006
6,2025-10-25,74.86687668149159
6,2025-10-26,75.40494002476504
6,2025-10-27,57.850660037952906
6,2025-10-28,52.00922376258589
6,2025-10-29,65.28082393246628
6,2025-10-30,54.92682587975672
6,2025-10-31,66.83467918835923
6,2025-11-01,69.3805823008978
6,2025-11-02,65.87964662598442
6,2025-11-03,42.0723270616982
6,2025-11-04,42.36508374133482
6,2025-11-05,56.22888959843111
6,2025-11-06,49.078091830953454
6,2025-11-07,54.475590298743356
6,2025-11-08,64.66867836072392
6,2025-11-09,64.14373419452525
6,2025-11-10,35.34633625722053
6,2025-11-11,33.78151523790849
6,2025-11-12,30.77913873181552
6,2025-11-13,33.037204204082826
6,2025-11-14,34.57847172670021
6,2025-11-15,49.102172560089244
6,2025-11-16,46.0267229864594
6,2025-11-17,29.50033155947804
6,2025-11-18,21.72796860406889
6,2025-11-19,23.70910712558938
6,2025-11-20,15.815581913006111
6,2025-11-21,16.162549201963166
6,2025-11-22,25.99626012769343
6,2025-11-23,31.643986175256458
6,2025-11-24,12.851620874312765
6,2025-11-25,8.272177750763737
6,2025-11-26,8.209721868160978
6,2025-11-27,12.13786564772412
6,2025-11-28,3.814137068907156
6,2025-11-29,22.652079700960986
6,2025-11-30,20.038630998844358
6,2025-12-01,14.562340639203184
6,2025-12-02,13.05129580170778
6,2025-12-03,13.212112131212221
6,2025-12-04,11.932692329561853
6,2025-12-05,12.46763119121483
6,2025-12-06,9.87606298624128
6,2025-12-07,4.712869851793912
6,2025-12-08,8.615226086901005
6,2025-12-09,8.506810344829285
6,2025-12-10,10.392807351366294
6,2025-12-11,9.391717727743218
6,2025-12-12,9.832084004332717
6,2025-12-13,12.393962107086054
6,2025-12-14,9.625286368030658
6,2025-12-15,8.490034125008545
6,2025-12-16,8.90441548902019
6,2025-12-17,11.227781996806952
6,2025-12-18,9.832405988394799
6,2025-12-19,9.336728774947812
6,2025-12-20,2.7934713120168873
6,2025-12-21,10.587954516311559
6,2025-12-22,20.060350508609424
6,2025-12-23,13.108572818326355
6,2025-12-24,18.945263067007282
6,2025-12-25,22.93205273426924
6,2025-12-26,33.85716025180607
6,2025-12-27,40.06438421720853
6,2025-12-28,45.63962494683835
6,2025-12-29,62.57245442145849
6,2025-12-30,76.21537331426602
6,2025-12-31,93.35243413961139
6,2026-01-01,26.901079732809748
6,2026-01-02,28.15494640818935
6,2026-01-03,42.92995878795079
6,2026-01-04,53.85830456484802
6,2026-01-05,19.3641912096475
6,2026-01-06,25.470330140327142
6,2026-01-07,27.99302478126831
6,2026-01-08,20.17975561062957
6,2026-01-09,12.769984989310418
6,2026-01-10,16.840851756823458
6,2026-01-11,17.110766995272446
6,2026-01-12,10.642916300666968
6,2026-01-13,5.776975863098257
6,2026-01-14,21.25271969452484
6,2026-01-15,10.554457347577685
6,2026-01-16,8.015369588259455
6,2026-01-17,12.534889612225852
6,2026-01-18,13.195196289610863
6,2026-01-19,11.019535294592243
6,2026-01-20,11.544901149158445
6,2026-01-21,14.52116442674453
6,2026-01-22,3.4310919396766577
6,2026-01-23,2.505221066428095
6,2026-01-24,15.34685343828895
6,2026-01-25,13.505122147570018
6,2026-01-26,12.220011776322208
6,2026-01-27,12.257974354822842
6,2026-01-28,14.186490350070743
6,2026-01-29,12.11346656713819
6,2026-01-30,11.569153854251898
6,2026-01-31,17.875253940090207
6,2026-02-01,17.038345102490013
6,2026-02-02,15.62578516778415
6,2026-02-03,16.165304938132717
6,2026-02-04,15.52091745421677
6,2026-02-05,15.745078791930524
6,2026-02-06,6.460043332050854
6,2026-02-07,17.23816766603339
6,2026-02-08,17.31549138383086
6,2026-02-09,13.71169616770855
6,2026-02-10,14.953712954625907
6,2026-02-11,6.199219511253971
6,2026-02-12,12.517986403220608
6,2026-02-13,13.879273562882421
6,2026-02-14,12.1056174052671
6,2026-02-15,14.842255457383565
6,2026-02-16,15.986745841137772
6,2026-02-17,17.86576966416796
6,2026-02-18,8.001287898862733
6,2026-02-19,14.653858830574865
6,2026-02-20,17.04601641507542
6,2026-02-21,21.824093707962614
6,2026-02-22,21.788294658062007
6,2026-02-23,19.120620271754028
6,2026-02-24,18.115815756739327
6,2026-02-25,25.80968741133923
6,2026-02-26,25.08324107563566
6,2026-02-27,24.58892938462403
6,2026-02-28,31.693503989740424
6,2026-03-01,29.28893130565274
6,2026-03-02,24.11406724475524
6,2026-03-03,21.523239187755266
6,2026-03-04,22.213172873869368
6,2026-03-05,20.131589474983105
6,2026-03-06,19.498670377706585
6,2026-03-07,26.031059021187403
6,2026-03-08,28.645541317467647
6,2026-03-09,24.334458917915647
6,2026-03-10,21.523239187755266
6,2026-03-11,22.48277842575214
6,2026-03-12,20.5284824511923
6,2026-03-13,19.8041226188839
6,2026-03-14,26.077616747609387
6,2026-03-15,29.046080449144444
6,2026-03-16,24.665559405218914
6,2026-03-17,24.498364407723003
6,2026-03-18,29.315252775696607
6,2026-03-19,27.34474411092727
6,2026-03-20,28.0298965834933
6,2026-03-21,34.524771506153584
6,2026-03-22,35.32994030482437
6,2026-03-23,30.793492208226926
6,2026-03-24,29.164082111065174
6,2026-03-25,18.44646808662746
6,2026-03-26,30.860096004853624
6,2026-03-27,37.85286521907862
6,2026-03-28,48.16095733559945
6,2026-03-29,47.93434917990109
6,2026-03-30,36.82433501200741
6,2026-03-31,35.04667201474884
6,2026-04-01,37.11810370483726
6,2026-04-02,23.105220371108732
6,2026-04-03,34.36561629942434
6,2026-04-04,47.242224396610666
6,2026-04-05,49.16460953662367
6,2026-04-06,37.66093162787554
6,2026-04-07,39.92696191473145
6,2026-04-08,44.28218979004648
6,2026-04-09,40.49032141504788
6,2026-04-10,41.96524644608094
6,2026-04-11,55.40158388685318
6,2026-04-12,58.53466735514698
6,2026-04-13,46.462403541635155
6,2026-04-14,47.401180218357446
6,2026-04-15,32.12587136917612
6,2026-04-16,27.648934732425992
6,2026-04-17,27.889853581087973
6,2026-04-18,57.96979453715457
6,2026-04-19,56.3103233448101
6,2026-04-20,29.83235530357941
6,2026-04-21,24.764096892931367
6,2026-04-22,39.57967931497446
6,2026-04-23,39.027240014561336
6,2026-04-24,27.395340235959395
6,2026-04-25,50.48205658974903
6,2026-04-26,54.15757125034033
6,2026-04-27,43.18990516775689
6,2026-04-28,44.69868135069818
6,2026-04-29,58.7522197566887
6,2026-04-30,58.59874962904943
6,2026-05-01,59.735314836115585
6,2026-05-02,69.1360926904652
6,2026-05-03,65.47931585857276
6,2026-05-04,48.765526930278305
6,2026-05-05,48.28116531828558
6,2026-05-06,36.725692373724826
6,2026-05-07,46.87777774977076
6,2026-05-08,51.156322571701025
6,2026-05-09,64.6099795743395
6,2026-05-10,67.62253498644766
6,2026-05-11,45.91740441598395
6,2026-05-12,44.84355536467571
6,2026-05-13,47.79975842069759
6,2026-05-14,47.630053470856005
6,2026-05-15,48.97140086262181
6,2026-05-16,64.30191711227404
6,2026-05-17,73.81732278567821
6,2026-05-18,52.37426636476667
6,2026-05-19,59.54737892207784
6,2026-05-20,64.32714007415102
6,2026-05-21,56.874914977171876
6,2026-05-22,57.642743652873314
6,2026-05-23,54.721669160642655
6,2026-05-24,75.405376433882
6,2026-05-25,59.63954718184714
6,2026-05-26,53.8018594046966
6,2026-05-27,51.410054177955416
6,2026-05-28,50.094493119869696
6,2026-05-29,48.91220876464451
6,2026-05-30,63.12441144235438
6,2026-05-31,75.43886089658325
6,2026-06-01,59.533563607287206
6,2026-06-02,54.51613175880009
6,2026-06-03,59.01191875225369
6,2026-06-04,56.119663658324356
6,2026-06-05,65.0462916326636
6,2026-06-06,61.119787358585626
6,2026-06-07,84.62236496322424
6,2026-06-08,42.64235239408552
6,2026-06-09,53.29697434502396
6,2026-06-10,56.50166898311331
6,2026-06-11,38.809726474749546
6,2026-06-12,61.976597833362064
6,2026-06-13,71.4028865819739
6,2026-06-14,81.69394182305916
6,2026-06-15,61.739050729594496
6,2026-06-16,47.6432345756687
6,2026-06-17,58.0668919188229
6,2026-06-18,57.92806107603612
6,2026-06-19,48.87742075944333
6,2026-06-20,72.52888117654024
6,2026-06-21,82.33110440863425
6,2026-06-22,58.664623867084465
6,2026-06-23,56.50090417471105
6,2026-06-24,61.71753289048319
6,2026-06-25,57.98773255287044
6,2026-06-26,57.810857199512384
6,2026-06-27,81.34502518877697
6,2026-06-28,70.17754817811033
6,2026-06-29,55.65548722397939
6,2026-06-30,62.08305274236982
6,2026-07-01,86.469663376931
6,2026-07-02,56.46903050580697
6,2026-07-03,58.74577828280015
6,2026-07-04,83.3397318183393
6,2026-07-05,87.93514068668908
6,2026-07-06,48.13919796285281
6,2026-07-07,45.8559148637836
6,2026-07-08,66.51797262379266
6,2026-07-09,63.30531763155591
6,2026-07-10,60.94623208059146
6,2026-07-11,85.1686866403964
6,2026-07-12,84.72700780948678
6,2026-07-13,47.9438101834522
6,2026-07-14,61.07036270686785
6,2026-07-15,70.2285605963743
6,2026-07-16,65.37191542192814
6,2026-07-17,49.36685740402612
6,2026-07-18,78.71095162861027
6,2026-07-19,80.00464242665085
6,2026-07-20,66.45439420993243
6,2026-07-21,52.44622090208463
6,2026-07-22,53.71537134769331
6,2026-07-23,68.31289766636262
6,2026-07-24,64.92162355869353
6,2026-07-25,79.52962621829029
6,2026-07-26,77.3163989816953
6,2026-07-27,79.00405057671875
6,2026-07-28,71.8177741874242
6,2026-07-29,78.25181999947203
6,2026-07-30,77.31527286072387
6,2026-07-31,75.00944311247349
6,2026-08-01,82.04844544726362
6,2026-08-02,68.98656489900958
6,2026-08-03,75.86177128251748
6,2026-08-04,71.13084898983637
6,2026-08-05,86.93853259863216
6,2026-08-06,80.03342011185414
6,2026-08-07,75.81416888835719
6,2026-08-08,84.59197604102036
6,2026-08-09,83.70604925543176
6,2026-08-10,80.40174810776105
6,2026-08-11,81.34160291796091
6,2026-08-12,111.64651482844657
6,2026-08-13,82.0237281670227
6,2026-08-14,64.43195609913289
6,2026-08-15,69.09587604672453
6,2026-08-16,81.24471768155908
6,2026-08-17,79.23489881794524
6,2026-08-18,80.30388929680699
6,2026-08-19,87.93077745531446
6,2026-08-20,81.1542398755311
6,2026-08-21,72.70014852816033
6,2026-08-22,83.7443819936012
6,2026-08-23,82.63621194280036
6,2026-08-24,77.16469501356852
6,2026-08-25,75.42383219963773
6,2026-08-26,76.15958779250334
6,2026-08-27,73.70829478980723
6,2026-08-28,72.75207513497601
6,2026-08-29,83.10482003220024
6,2026-08-30,81.13547517675373
6,2026-08-31,69.44778482095585
6,2026-09-01,53.18001596232624
6,2026-09-02,64.99062674489224
6,2026-09-03,65.99177748893607
6,2026-09-04,65.64045951307403
6,2026-09-05,78.95201789770525
6,2026-09-06,77.85591949958071
6,2026-09-07,63.4326329209422
8,2025-09-08,4.69723618962349
8,2025-09-09,-2.5906827590515613
8,2025-09-10,7.217154842267449
8,2025-09-11,-2.2981277193378107
8,2025-09-12,-3.517343004994477
8,2025-09-13,12.761078510620091
8,2025-09-14,15.467565810805358
8,2025-09-15,5.951904171473056
8,2025-09-16,4.888767078182513
8,2025-09-17,8.216708236719686
8,2025-09-18,6.749865375381005
8,2025-09-19,7.6648970567234125
8,2025-09-20,13.243635686373658
8,2025-09-21,14.162238616393008
8,2025-09-22,6.865213705138373
8,2025-09-23,5.941208217275941
8,2025-09-24,8.932789991013598
8,2025-09-25,7.825558332600952
8,2025-09-26,0.484535853007274
8,2025-09-27,0.5065230934469419
8,2025-09-28,4.3514369346783335
8,2025-09-29,4.457887708251431
8,2025-09-30,4.711795419250185
8,2025-10-01,-0.13323178847725947
8,2025-10-02,-2.5357608628678125
8,2025-10-03,5.6047331188824225
8,2025-10-04,11.12653409843072
8,2025-10-05,11.937931010231466
8,2025-10-06,4.657548327108873
8,2025-10-07,4.993012206111743
8,2025-10-08,8.136992476399975
8,2025-10-09,7.080823274690948
8,2025-10-10,7.224200142212876
8,2025-10-11,11.475932497188392
8,2025-10-12,12.869713709688439
8,2025-10-13,7.937778427772188
8,2025-10-14,1.3736952661437625
8,2025-10-15,10.343859114147602
8,2025-10-16,9.467921483167794
8,2025-10-17,8.91010387337295
8,2025-10-18,12.248932595494287
8,2025-10-19,13.004088892996734
8,2025-10-20,2.327253326848729
8,2025-10-21,7.527877584072124
8,2025-10-22,8.389926899788197
8,2025-10-23,2.1444880869663505
8,2025-10-24,8.69639035463351
8,2025-10-25,12.507426248832314
8,2025-10-26,12.255383102242
8,2025-10-27,4.681406039013335
8,2025-10-28,5.2842032618036345
8,2025-10-29,8.151074543198645
8,2025-10-30,7.297814900223508
8,2025-10-31,9.847246974515777
8,2025-11-01,10.067124885686692
8,2025-11-02,10.36176537569766
8,2025-11-03,3.1187015467442536
8,2025-11-04,3.6521609740957475
8,2025-11-05,6.496349199361494
8,2025-11-06,5.369509438798519
8,2025-11-07,5.80142644014888
8,2025-11-08,9.425947384462898
8,2025-11-09,10.012715242191137
8,2025-11-10,1.905725400641172
8,2025-11-11,2.3739553234973885
8,2025-11-12,-0.7838228103807978
8,2025-11-13,4.1828878465322985
8,2025-11-14,4.611725782841794
8,2025-11-15,9.363908887952862
8,2025-11-16,10.092719493494624
8,2025-11-17,2.210297643460295
8,2025-11-18,-1.5840296792543649
8,2025-11-19,0.3023184148222533
8,2025-11-20,-1.9990137367304435
8,2025-11-21,-1.1569887137216375
8,2025-11-22,3.875627852504802
8,2025-11-23,8.950122979409958
8,2025-11-24,-3.2842999916255615
8,2025-11-25,-1.7372765072331418
8,2025-11-26,0.23021497599731258
8,2025-11-27,3.909847518126671
8,2025-11-28,-2.9190754667709324
8,2025-11-29,8.497705318916847
8,2025-11-30,9.950700954600546
8,2025-12-01,2.0271575573495144
8,2025-12-02,2.1625989397523977
8,2025-12-03,4.758723610861799
8,2025-12-04,4.1474806616566715
8,2025-12-05,4.5781637926753485
8,2025-12-06,4.240054503261154
8,2025-12-07,0.9380966222149537
8,2025-12-08,2.256383634683753
8,2025-12-09,2.457291434500949
8,2025-12-10,4.758723610861799
8,2025-12-11,4.2420532467201495
8,2025-12-12,4.5781637926753485
8,2025-12-13,9.242306482182432
8,2025-12-14,9.975106189886965
8,2025-12-15,2.210297643460295
8,2025-12-16,2.4671516577735013
8,2025-12-17,5.487201035347443
8,2025-12-18,4.62153939834383
8,2025-12-19,4.49527065870793
8,2025-12-20,0.28949845008957853
8,2025-12-21,9.678195355625885
8,2025-12-22,7.360786013677707
8,2025-12-23,3.6880588838783606
8,2025-12-24,10.24833795659894
8,2025-12-25,9.605380813300917
8,2025-12-26,13.812945959970005
8,2025-12-27,19.295710231108615
8,2025-12-28,21.526965140327086
8,2025-12-29,35.13457764200543
8,2025-12-30,46.52417418711754
8,2025-12-31,73.42071318011205
8,2026-01-01,20.90028444251294
8,2026-01-02,8.645972740165343
8,2026-01-03,19.968053780267372
8,2026-01-04,25.266530366447498
8,2026-01-05,0.8406622271561789
8,2026-01-06,7.035228206270217
8,2026-01-07,14.719456942533782
8,2026-01-08,6.813741111248079
8,2026-01-09,1.159134687464985
8,2026-01-10,4.62772374425387
8,2026-01-11,5.592373450792274
8,2026-01-12,-1.641959176298952
8,2026-01-13,-0.48043860717606357
8,2026-01-14,0.6460886993527781
8,2026-01-15,1.4301698339176827
8,2026-01-16,2.241123120137394
8,2026-01-17,6.591408630229695
8,2026-01-18,11.117017876248996
8,2026-01-19,3.1981158414834936
8,2026-01-20,3.4318629913397447
8,2026-01-21,5.899385136166849
8,2026-01-22,-1.6250060651418274
8,2026-01-23,-1.446224783507189
8,2026-01-24,9.96709175166176
8,2026-01-25,11.533398747474342
8,2026-01-26,3.4672249945931086
8,2026-01-27,4.42930872511493
8,2026-01-28,7.463021053165931
8,2026-01-29,5.105694836774606
8,2026-01-30,6.507694746995854
8,2026-01-31,11.812119168495462
8,2026-02-01,12.644749624693121
8,2026-02-02,3.6193173494718236
8,2026-02-03,4.536840461711224
8,2026-02-04,6.945441601456879
8,2026-02-05,6.0329894687500385
8,2026-02-06,-0.46061085903865906
8,2026-02-07,10.891106168542331
8,2026-02-08,11.406698695289952
8,2026-02-09,3.061893046728827
8,2026-02-10,4.106563212403697
8,2026-02-11,-0.22241231901306535
8,2026-02-12,4.813074790544357
8,2026-02-13,7.366224613734856
8,2026-02-14,6.181399470578512
8,2026-02-15,11.757765252763344
8,2026-02-16,5.597611708657665
8,2026-02-17,6.278713851638376
8,2026-02-18,0.7976650936993991
8,2026-02-19,6.612094988828186
8,2026-02-20,7.878935734404474
8,2026-02-21,12.121469871305782
8,2026-02-22,13.902786330164547
8,2026-02-23,7.223157838743923
8,2026-02-24,7.077369885701875
8,2026-02-25,8.547498339580246
8,2026-02-26,7.417967743855366
8,2026-02-27,7.65675493025568
8,2026-02-28,12.310419802640531
8,2026-03-01,12.620576485921742
8,2026-03-02,3.661365931782111
8,2026-03-03,4.571693920839231
8,2026-03-04,7.475586157736022
8,2026-03-05,6.083954456240025
8,2026-03-06,6.900232116989421
8,2026-03-07,12.031742280912571
8,2026-03-08,12.841360154599073
8,2026-03-09,3.661365931782111
8,2026-03-10,4.571693920839231
8,2026-03-11,7.475586157736022
8,2026-03-12,5.960814084125679
8,2026-03-13,6.672294624999448
8,2026-03-14,11.646756776855025
8,2026-03-15,12.841360154599073
8,2026-03-16,3.417700029149215
8,2026-03-17,4.328028018206336
8,2026-03-18,7.8411574239675454
8,2026-03-19,6.8200970598216735
8,2026-03-20,8.027125217105487
8,2026-03-21,13.661048057470268
8,2026-03-22,14.574061569774095
8,2026-03-23,6.24722229241965
8,2026-03-24,5.629221630097113
8,2026-03-25,-0.37394168195351624
8,2026-03-26,12.777588977360741
8,2026-03-27,14.742821349907368
8,2026-03-28,15.066491445260114
8,2026-03-29,16.554416176890182
8,2026-03-30,9.008708174273126
8,2026-03-31,7.22408902937174
8,2026-04-01,9.400399722110196
8,2026-04-02,-0.29870977012352284
8,2026-04-03,9.300890049642543
8,2026-04-04,11.255838431553563
8,2026-04-05,12.042923115935668
8,2026-04-06,5.275654915856247
8,2026-04-07,6.629760257455324
8,2026-04-08,9.34106458405836
8,2026-04-09,8.147201206466272
8,2026-04-10,8.933825357285361
8,2026-04-11,14.262691099785606
8,2026-04-12,14.922100522752519
8,2026-04-13,9.059068884675415
8,2026-04-14,8.250780109377319
8,2026-04-15,-1.8691112433486916
8,2026-04-16,0.19311900015240727
8,2026-04-17,0.2689689946847901
8,2026-04-18,13.015472680453046
8,2026-04-19,13.754273252100848
8,2026-04-20,0.7464986274441561
8,2026-04-21,-0.25578594307169245
8,2026-04-22,8.355354496809428
8,2026-04-23,7.924466426645606
8,2026-04-24,1.4312107464939574
8,2026-04-25,11.891532433254525
8,2026-04-26,13.093754264188929
8,2026-04-27,6.563187668845627
8,2026-04-28,6.599085977827109
8,2026-04-29,14.593969559517607
8,2026-04-30,15.519600541825094
8,2026-05-01,17.221927732542344
8,2026-05-02,20.324061701916605
8,2026-05-03,20.01885115236289
8,2026-05-04,9.797475772012135
8,2026-05-05,7.802118727017512
8,2026-05-06,2.5491358132481214
8,2026-05-07,9.567735872962999
8,2026-05-08,8.097754189515316
8,2026-05-09,12.922129154320933
8,2026-05-10,13.840151534495748
8,2026-05-11,5.42150389925482
8,2026-05-12,5.2897032156486
8,2026-05-13,8.316435283141157
8,2026-05-14,7.435723286115937
8,2026-05-15,7.593139106084698
8,2026-05-16,12.561529934884978
8,2026-05-17,13.577143505213472
8,2026-05-18,7.291827702807834
8,2026-05-19,6.55861921008935
8,2026-05-20,9.555429008068982
8,2026-05-21,8.880677272524496
8,2026-05-22,8.565100303152247
8,2026-05-23,4.987641479779077
8,2026-05-24,13.737602936316513
8,2026-05-25,7.59152103201264
8,2026-05-26,7.327107219890784
8,2026-05-27,2.5812159047700445
8,2026-05-28,1.595382594340896
8,2026-05-29,1.076628807210767
8,2026-05-30,5.110815140223528
8,2026-05-31,12.534268644537377
8,2026-06-01,4.9776695371187
8,2026-06-02,5.134369233349788
8,2026-06-03,8.155188503746292
8,2026-06-04,7.33285529862835
8,2026-06-05,7.386422254085424
8,2026-06-06,4.540976959670767
8,2026-06-07,13.040211564839353
8,2026-06-08,-1.1721975491260888
8,2026-06-09,5.34114629852596
8,2026-06-10,8.29622765531423
8,2026-06-11,-1.2667267861783689
8,2026-06-12,7.083740457225053
8,2026-06-13,12.028585370759723
8,2026-06-14,13.180636561896796
8,2026-06-15,4.820924138477721
8,2026-06-16,1.8367113858968949
8,2026-06-17,7.886315493498844
8,2026-06-18,9.081336124432513
8,2026-06-19,2.2317615368437402
8,2026-06-20,12.651355649043822
8,2026-06-21,14.03601485588567
8,2026-06-22,4.57489519881382
8,2026-06-23,6.62290161595128
8,2026-06-24,9.343944580635933
8,2026-06-25,9.923899639565656
8,2026-06-26,8.22558382221131
8,2026-06-27,12.211167611510904
8,2026-06-28,3.4554315426036286
8,2026-06-29,3.1009411152705675
8,2026-06-30,4.087516725867334
8,2026-07-01,17.692464383329288
8,2026-07-02,4.138626920266569
8,2026-07-03,8.016673942008138
8,2026-07-04,12.730101302913118
8,2026-07-05,13.517185987295223
8,2026-07-06,3.2851233992753452
8,2026-07-07,2.6550381286155593
8,2026-07-08,9.683182869467101
8,2026-07-09,8.949894530313687
8,2026-07-10,8.92966090693904
8,2026-07-11,12.894328023777014
8,2026-07-12,14.341931696071038
8,2026-07-13,1.181417453782465
8,2026-07-14,9.322501019821845
8,2026-07-15,10.786468292163532
8,2026-07-16,10.337869868815778
8,2026-07-17,2.276987258362896
8,2026-07-18,12.137688383226768
8,2026-07-19,12.652744340453683
8,2026-07-20,0.17328897344631325
8,2026-07-21,-0.651584279503042
8,2026-07-22,-0.6986956700478896
8,2026-07-23,7.834053125317371
8,2026-07-24,6.696979159520348
8,2026-07-25,9.570714760256525
8,2026-07-26,10.415056824497615
8,2026-07-27,6.9899427949768755
8,2026-07-28,7.4025178007511405
8,2026-07-29,9.607734861541816
8,2026-07-30,10.646476962702328
8,2026-07-31,10.220514138994098
8,2026-08-01,11.788718124823633
8,2026-08-02,7.289269432824264
8,2026-08-03,8.502224276922858
8,2026-08-04,5.927062780943646
8,2026-08-05,9.953983528878904
8,2026-08-06,10.939430722456267
8,2026-08-07,9.546389391854621
8,2026-08-08,12.034629997358236
8,2026-08-09,13.046817648578072
8,2026-08-10,8.446516378341974
8,2026-08-11,8.862809011350294
8,2026-08-12,9.659742161348461
8,2026-08-13,7.244566380123242
8,2026-08-14,-6.319140236357109
8,2026-08-15,3.716361072479177
8,2026-08-16,12.026759809578497
8,2026-08-17,6.833966738103093
8,2026-08-18,7.621594345259198
8,2026-08-19,9.507843179166121
8,2026-08-20,9.129032869396639
8,2026-08-21,7.644004934568957
8,2026-08-22,12.30992839763884
8,2026-08-23,12.822250351175308
8,2026-08-24,6.6218168487355955
8,2026-08-25,6.977888841536041
8,2026-08-26,8.867090369929693
8,2026-08-27,9.087375000537895
8,2026-08-28,7.812524722863242
8,2026-08-29,16.294223835879077
8,2026-08-30,19.510345936598057
8,2026-08-31,9.405070827106947
8,2026-09-01,-2.177001336727472
8,2026-09-02,9.321009581911838
8,2026-09-03,8.308781747816402
8,2026-09-04,8.01889948790993
8,2026-09-05,16.42822070565723
8,2026-09-06,20.756912713535428
8,2026-09-07,6.075443735694119
