Date,Temperature,Precipitation,ID_Time,Time,
1/1/2024 0:00,7.7,0.2,0,0,
1/1/2024 1:00,7.8,0.1,1,0.041666667,
1/1/2024 2:00,7.7,0,2,0.083333333,
1/1/2024 3:00,7.6,0.2,3,0.125,
1/1/2024 4:00,7.2,0.2,4,0.166666667,
1/1/2024 5:00,7.4,0,5,0.208333333,
1/1/2024 6:00,6.9,0,6,0.25,
1/1/2024 7:00,6.7,0,7,0.291666667,
1/1/2024 8:00,7,0.2,8,0.333333333,
1/1/2024 9:00,7,0.2,9,0.375,
1/1/2024 10:00,6.9,0.1,10,0.416666667,
1/1/2024 11:00,7.1,0.1,11,0.458333333,
1/1/2024 12:00,7.2,0,12,0.5,
1/1/2024 13:00,7.6,0.1,13,0.541666667,
1/1/2024 14:00,7.8,0.2,14,0.583333333,
1/1/2024 15:00,8,0,15,0.625,
1/1/2024 16:00,7.9,0,16,0.666666667,
1/1/2024 17:00,7.4,0,17,0.708333333,
1/1/2024 18:00,6.8,0,18,0.75,
1/1/2024 19:00,6.5,0,19,0.791666667,
1/1/2024 20:00,6.5,0,20,0.833333333,
1/1/2024 21:00,5.9,0,21,0.875,
1/1/2024 22:00,5.9,0,22,0.916666667,
1/1/2024 23:00,5.7,0,23,0.958333333,
1/2/2024 0:00,5.3,0,0,0,
1/2/2024 1:00,5.5,0,1,0.041666667,
1/2/2024 2:00,5.6,0.1,2,0.083333333,
1/2/2024 3:00,5.8,0.3,3,0.125,
1/2/2024 4:00,5.9,0.6,4,0.166666667,
1/2/2024 5:00,6.2,1.3,5,0.208333333,
1/2/2024 6:00,6.4,0.7,6,0.25,
1/2/2024 7:00,6.3,1.4,7,0.291666667,
1/2/2024 8:00,6.8,1.6,8,0.333333333,
1/2/2024 9:00,6.9,0.3,9,0.375,
1/2/2024 10:00,7.6,0,10,0.416666667,
1/2/2024 11:00,9.1,0,11,0.458333333,
1/2/2024 12:00,9.9,0,12,0.5,
1/2/2024 13:00,10.4,0,13,0.541666667,
1/2/2024 14:00,10.6,0,14,0.583333333,
1/2/2024 15:00,10.4,0.1,15,0.625,
1/2/2024 16:00,10.4,1.2,16,0.666666667,
1/2/2024 17:00,10.4,0.8,17,0.708333333,
1/2/2024 18:00,9.7,1.6,18,0.75,
1/2/2024 19:00,9.4,1.8,19,0.791666667,
1/2/2024 20:00,9.9,2.9,20,0.833333333,
1/2/2024 21:00,10,0.8,21,0.875,
1/2/2024 22:00,10.4,2.2,22,0.916666667,
1/2/2024 23:00,11.1,0.3,23,0.958333333,
1/3/2024 0:00,10.2,0.6,0,0,
1/3/2024 1:00,9.7,0.4,1,0.041666667,
1/3/2024 2:00,9.1,0.4,2,0.083333333,
1/3/2024 3:00,8.4,0.5,3,0.125,
1/3/2024 4:00,8.1,0.4,4,0.166666667,
1/3/2024 5:00,8.6,0.1,5,0.208333333,
1/3/2024 6:00,9.1,0.3,6,0.25,
1/3/2024 7:00,9.2,0,7,0.291666667,
1/3/2024 8:00,9.6,0,8,0.333333333,
1/3/2024 9:00,9.2,0,9,0.375,
1/3/2024 10:00,8.8,0,10,0.416666667,
1/3/2024 11:00,9.1,0,11,0.458333333,
1/3/2024 12:00,9.1,0,12,0.5,
1/3/2024 13:00,9.3,0,13,0.541666667,
1/3/2024 14:00,9.2,0.4,14,0.583333333,
1/3/2024 15:00,9.1,0.1,15,0.625,
1/3/2024 16:00,8.6,0.6,16,0.666666667,
1/3/2024 17:00,8.7,0.1,17,0.708333333,
1/3/2024 18:00,8.5,0.1,18,0.75,
1/3/2024 19:00,8.4,0.1,19,0.791666667,
1/3/2024 20:00,8.1,0.2,20,0.833333333,
1/3/2024 21:00,7.9,0.2,21,0.875,
1/3/2024 22:00,7.9,0.1,22,0.916666667,
1/3/2024 23:00,7.8,0.9,23,0.958333333,
1/4/2024 0:00,7.4,0,0,0,
1/4/2024 1:00,7.2,0,1,0.041666667,
1/4/2024 2:00,6.8,0,2,0.083333333,
1/4/2024 3:00,6.2,0,3,0.125,
1/4/2024 4:00,5.8,0,4,0.166666667,
1/4/2024 5:00,5.4,0,5,0.208333333,
1/4/2024 6:00,4.8,0,6,0.25,
1/4/2024 7:00,4.2,0,7,0.291666667,
1/4/2024 8:00,4.2,0,8,0.333333333,
1/4/2024 9:00,4,0,9,0.375,
1/4/2024 10:00,3.7,0,10,0.416666667,
1/4/2024 11:00,3.8,0,11,0.458333333,
1/4/2024 12:00,4,0,12,0.5,
1/4/2024 13:00,4.2,0,13,0.541666667,
1/4/2024 14:00,4.6,0,14,0.583333333,
1/4/2024 15:00,4.7,0,15,0.625,
1/4/2024 16:00,4.7,0,16,0.666666667,
1/4/2024 17:00,4.6,0,17,0.708333333,
1/4/2024 18:00,4.2,0,18,0.75,
1/4/2024 19:00,4,0.1,19,0.791666667,
1/4/2024 20:00,3.7,0.1,20,0.833333333,
1/4/2024 21:00,3.4,0.1,21,0.875,
1/4/2024 22:00,3.2,0,22,0.916666667,
1/4/2024 23:00,3,0,23,0.958333333,
1/5/2024 0:00,3,0,0,0,
1/5/2024 1:00,2.8,0,1,0.041666667,
1/5/2024 2:00,2.8,0.2,2,0.083333333,
1/5/2024 3:00,2.8,0.1,3,0.125,
1/5/2024 4:00,2.7,0.7,4,0.166666667,
1/5/2024 5:00,2.9,0.2,5,0.208333333,
1/5/2024 6:00,3,0.1,6,0.25,
1/5/2024 7:00,3.3,0,7,0.291666667,
1/5/2024 8:00,3.5,0,8,0.333333333,
1/5/2024 9:00,3.8,0,9,0.375,
1/5/2024 10:00,3.9,0.1,10,0.416666667,
1/5/2024 11:00,4.4,2.2,11,0.458333333,
1/5/2024 12:00,4.9,1.2,12,0.5,
1/5/2024 13:00,5.8,1.2,13,0.541666667,
1/5/2024 14:00,6.8,0.2,14,0.583333333,
1/5/2024 15:00,6.1,0.7,15,0.625,
1/5/2024 16:00,5.8,0.6,16,0.666666667,
1/5/2024 17:00,5.8,0.9,17,0.708333333,
1/5/2024 18:00,5.7,0.9,18,0.75,
1/5/2024 19:00,5.3,0.1,19,0.791666667,
1/5/2024 20:00,5.2,0.1,20,0.833333333,
1/5/2024 21:00,5.1,0.1,21,0.875,
1/5/2024 22:00,4.8,0,22,0.916666667,
1/5/2024 23:00,3.7,0,23,0.958333333,
1/6/2024 0:00,3,0,0,0,
1/6/2024 1:00,2.3,0.1,1,0.041666667,
1/6/2024 2:00,2.1,0.1,2,0.083333333,
1/6/2024 3:00,1.7,0,3,0.125,
1/6/2024 4:00,1.5,0,4,0.166666667,
1/6/2024 5:00,1.1,0.1,5,0.208333333,
1/6/2024 6:00,0.9,0.1,6,0.25,
1/6/2024 7:00,0.6,0.1,7,0.291666667,
1/6/2024 8:00,0.4,0.1,8,0.333333333,
1/6/2024 9:00,0.3,0,9,0.375,
1/6/2024 10:00,0.3,0,10,0.416666667,
1/6/2024 11:00,0.6,0,11,0.458333333,
1/6/2024 12:00,0.6,0,12,0.5,
1/6/2024 13:00,0.8,0,13,0.541666667,
1/6/2024 14:00,0.5,0,14,0.583333333,
1/6/2024 15:00,0.3,0.1,15,0.625,
1/6/2024 16:00,0.3,0.2,16,0.666666667,
1/6/2024 17:00,0.1,0.1,17,0.708333333,
1/6/2024 18:00,-0.2,0.1,18,0.75,
1/6/2024 19:00,-0.5,0.4,19,0.791666667,
1/6/2024 20:00,-0.4,0.2,20,0.833333333,
1/6/2024 21:00,-0.3,0.1,21,0.875,
1/6/2024 22:00,-0.4,0,22,0.916666667,
1/6/2024 23:00,-0.4,0.1,23,0.958333333,
1/7/2024 0:00,-0.4,0,0,0,
1/7/2024 1:00,-0.6,0,1,0.041666667,
1/7/2024 2:00,-0.6,0,2,0.083333333,
1/7/2024 3:00,-0.7,0,3,0.125,
1/7/2024 4:00,-0.8,0,4,0.166666667,
1/7/2024 5:00,-0.9,0,5,0.208333333,
1/7/2024 6:00,-1.1,0,6,0.25,
1/7/2024 7:00,-1.3,0,7,0.291666667,
1/7/2024 8:00,-1.3,0,8,0.333333333,
1/7/2024 9:00,-1.3,0,9,0.375,
1/7/2024 10:00,-1.6,0,10,0.416666667,
1/7/2024 11:00,-1.1,0,11,0.458333333,
1/7/2024 12:00,-0.8,0,12,0.5,
1/7/2024 13:00,-0.2,0,13,0.541666667,
1/7/2024 14:00,0.4,0,14,0.583333333,
1/7/2024 15:00,0.4,0,15,0.625,
1/7/2024 16:00,-0.2,0,16,0.666666667,
1/7/2024 17:00,-0.5,0,17,0.708333333,
1/7/2024 18:00,-0.9,0,18,0.75,
1/7/2024 19:00,-1.4,0,19,0.791666667,
1/7/2024 20:00,-1.9,0,20,0.833333333,
1/7/2024 21:00,-2.3,0,21,0.875,
1/7/2024 22:00,-2.3,0,22,0.916666667,
1/7/2024 23:00,-2.8,0,23,0.958333333,
1/8/2024 0:00,-2.5,0,0,0,
1/8/2024 1:00,-2.7,0,1,0.041666667,
1/8/2024 2:00,-2.9,0,2,0.083333333,
1/8/2024 3:00,-2.9,0,3,0.125,
1/8/2024 4:00,-2.7,0,4,0.166666667,
1/8/2024 5:00,-2.2,0,5,0.208333333,
1/8/2024 6:00,-2.5,0,6,0.25,
1/8/2024 7:00,-2.7,0,7,0.291666667,
1/8/2024 8:00,-2.2,0,8,0.333333333,
1/8/2024 9:00,-2.2,0,9,0.375,
1/8/2024 10:00,-2.2,0,10,0.416666667,
1/8/2024 11:00,-1.5,0,11,0.458333333,
1/8/2024 12:00,-1.1,0,12,0.5,
1/8/2024 13:00,-0.8,0,13,0.541666667,
1/8/2024 14:00,-0.6,0,14,0.583333333,
1/8/2024 15:00,-0.3,0,15,0.625,
1/8/2024 16:00,-0.7,0,16,0.666666667,
1/8/2024 17:00,-1,0,17,0.708333333,
1/8/2024 18:00,-1.5,0,18,0.75,
1/8/2024 19:00,-1.7,0,19,0.791666667,
1/8/2024 20:00,-1.8,0,20,0.833333333,
1/8/2024 21:00,-2,0,21,0.875,
1/8/2024 22:00,-2.4,0,22,0.916666667,
1/8/2024 23:00,-2.5,0,23,0.958333333,
1/9/2024 0:00,-2.7,0,0,0,
1/9/2024 1:00,-3,0,1,0.041666667,
1/9/2024 2:00,-3.3,0,2,0.083333333,
1/9/2024 3:00,-3.7,0,3,0.125,
1/9/2024 4:00,-4.1,0,4,0.166666667,
1/9/2024 5:00,-4.3,0,5,0.208333333,
1/9/2024 6:00,-4.6,0,6,0.25,
1/9/2024 7:00,-4.8,0,7,0.291666667,
1/9/2024 8:00,-5.2,0,8,0.333333333,
1/9/2024 9:00,-5.5,0,9,0.375,
1/9/2024 10:00,-5.8,0,10,0.416666667,
1/9/2024 11:00,-5.5,0,11,0.458333333,
1/9/2024 12:00,-4.8,0,12,0.5,
1/9/2024 13:00,-4,0,13,0.541666667,
1/9/2024 14:00,-2.7,0,14,0.583333333,
1/9/2024 15:00,-2.3,0,15,0.625,
1/9/2024 16:00,-2.3,0,16,0.666666667,
1/9/2024 17:00,-2.2,0,17,0.708333333,
1/9/2024 18:00,-3,0,18,0.75,
1/9/2024 19:00,-3.6,0,19,0.791666667,
1/9/2024 20:00,-3.8,0,20,0.833333333,
1/9/2024 21:00,-4.3,0,21,0.875,
1/9/2024 22:00,-4.6,0,22,0.916666667,
1/9/2024 23:00,-4.7,0,23,0.958333333,
1/10/2024 0:00,-4.7,0,0,0,
1/10/2024 1:00,-4.8,0,1,0.041666667,
1/10/2024 2:00,-5,0,2,0.083333333,
1/10/2024 3:00,-5,0,3,0.125,
1/10/2024 4:00,-5.1,0,4,0.166666667,
1/10/2024 5:00,-5.2,0,5,0.208333333,
1/10/2024 6:00,-5.2,0,6,0.25,
1/10/2024 7:00,-5.2,0,7,0.291666667,
1/10/2024 8:00,-5.3,0,8,0.333333333,
1/10/2024 9:00,-5.4,0,9,0.375,
1/10/2024 10:00,-5.5,0,10,0.416666667,
1/10/2024 11:00,-5.1,0,11,0.458333333,
1/10/2024 12:00,-4.1,0,12,0.5,
1/10/2024 13:00,-3.2,0,13,0.541666667,
1/10/2024 14:00,-1.8,0,14,0.583333333,
1/10/2024 15:00,-1.4,0,15,0.625,
1/10/2024 16:00,-1.5,0,16,0.666666667,
1/10/2024 17:00,-1.6,0,17,0.708333333,
1/10/2024 18:00,-2.7,0,18,0.75,
1/10/2024 19:00,-3.3,0,19,0.791666667,
1/10/2024 20:00,-3.8,0,20,0.833333333,
1/10/2024 21:00,-4.3,0,21,0.875,
1/10/2024 22:00,-4.8,0,22,0.916666667,
1/10/2024 23:00,-5.2,0,23,0.958333333,
1/11/2024 0:00,-5.4,0,0,0,
1/11/2024 1:00,-5.6,0,1,0.041666667,
1/11/2024 2:00,-5.8,0,2,0.083333333,
1/11/2024 3:00,-5.9,0,3,0.125,
1/11/2024 4:00,-6.1,0,4,0.166666667,
1/11/2024 5:00,-6.4,0,5,0.208333333,
1/11/2024 6:00,-6.4,0,6,0.25,
1/11/2024 7:00,-6.5,0,7,0.291666667,
1/11/2024 8:00,-6.4,0,8,0.333333333,
1/11/2024 9:00,-5.7,0,9,0.375,
1/11/2024 10:00,-4.4,0,10,0.416666667,
1/11/2024 11:00,-3,0,11,0.458333333,
1/11/2024 12:00,-1.9,0,12,0.5,
1/11/2024 13:00,-0.7,0,13,0.541666667,
1/11/2024 14:00,0.4,0,14,0.583333333,
1/11/2024 15:00,0.9,0,15,0.625,
1/11/2024 16:00,1,0,16,0.666666667,
1/11/2024 17:00,0.7,0,17,0.708333333,
1/11/2024 18:00,0.6,0,18,0.75,
1/11/2024 19:00,0.6,0,19,0.791666667,
1/11/2024 20:00,0.2,0,20,0.833333333,
1/11/2024 21:00,0.1,0,21,0.875,
1/11/2024 22:00,-0.4,0,22,0.916666667,
1/11/2024 23:00,-0.8,0,23,0.958333333,
1/12/2024 0:00,-0.6,0,0,0,
1/12/2024 1:00,-0.4,0,1,0.041666667,
1/12/2024 2:00,-0.3,0,2,0.083333333,
1/12/2024 3:00,-0.1,0,3,0.125,
1/12/2024 4:00,-0.1,0,4,0.166666667,
1/12/2024 5:00,0.6,0,5,0.208333333,
1/12/2024 6:00,0.5,0,6,0.25,
1/12/2024 7:00,0.6,0,7,0.291666667,
1/12/2024 8:00,0.9,0,8,0.333333333,
1/12/2024 9:00,1,0,9,0.375,
1/12/2024 10:00,1.2,0,10,0.416666667,
1/12/2024 11:00,1.6,0,11,0.458333333,
1/12/2024 12:00,2.3,0,12,0.5,
1/12/2024 13:00,3,0,13,0.541666667,
1/12/2024 14:00,3.7,0,14,0.583333333,
1/12/2024 15:00,4,0,15,0.625,
1/12/2024 16:00,4,0,16,0.666666667,
1/12/2024 17:00,3.5,0,17,0.708333333,
1/12/2024 18:00,3.2,0,18,0.75,
1/12/2024 19:00,2.9,0,19,0.791666667,
1/12/2024 20:00,2.8,0,20,0.833333333,
1/12/2024 21:00,2.7,0,21,0.875,
1/12/2024 22:00,2.5,0,22,0.916666667,
1/12/2024 23:00,2.5,0,23,0.958333333,
1/13/2024 0:00,2.3,0,0,0,
1/13/2024 1:00,2.2,0,1,0.041666667,
1/13/2024 2:00,2.3,0,2,0.083333333,
1/13/2024 3:00,2.5,0,3,0.125,
1/13/2024 4:00,2.4,0,4,0.166666667,
1/13/2024 5:00,2.3,0,5,0.208333333,
1/13/2024 6:00,2.5,0,6,0.25,
1/13/2024 7:00,2.6,0,7,0.291666667,
1/13/2024 8:00,2.7,0,8,0.333333333,
1/13/2024 9:00,2.7,0.1,9,0.375,
1/13/2024 10:00,3,0,10,0.416666667,
1/13/2024 11:00,3.5,0,11,0.458333333,
1/13/2024 12:00,3.5,0,12,0.5,
1/13/2024 13:00,3.6,0,13,0.541666667,
1/13/2024 14:00,3.8,0,14,0.583333333,
1/13/2024 15:00,4.1,0,15,0.625,
1/13/2024 16:00,4.2,0,16,0.666666667,
1/13/2024 17:00,4.2,0,17,0.708333333,
1/13/2024 18:00,4.1,0,18,0.75,
1/13/2024 19:00,4.1,0,19,0.791666667,
1/13/2024 20:00,4,0,20,0.833333333,
1/13/2024 21:00,3.8,0,21,0.875,
1/13/2024 22:00,3.8,0,22,0.916666667,
1/13/2024 23:00,3.6,0,23,0.958333333,
1/14/2024 0:00,3.5,0,0,0,
1/14/2024 1:00,3.7,0.1,1,0.041666667,
1/14/2024 2:00,3.9,0.2,2,0.083333333,
1/14/2024 3:00,3.5,0,3,0.125,
1/14/2024 4:00,3.1,0,4,0.166666667,
1/14/2024 5:00,3.2,0,5,0.208333333,
1/14/2024 6:00,3.5,0.1,6,0.25,
1/14/2024 7:00,3.3,0,7,0.291666667,
1/14/2024 8:00,3.2,0.1,8,0.333333333,
1/14/2024 9:00,2.8,0,9,0.375,
1/14/2024 10:00,2.8,0,10,0.416666667,
1/14/2024 11:00,3.2,0.1,11,0.458333333,
1/14/2024 12:00,3.6,0,12,0.5,
1/14/2024 13:00,4.2,0,13,0.541666667,
1/14/2024 14:00,4.4,0,14,0.583333333,
1/14/2024 15:00,4.6,0,15,0.625,
1/14/2024 16:00,4.2,0,16,0.666666667,
1/14/2024 17:00,2.8,0.3,17,0.708333333,
1/14/2024 18:00,2.5,0,18,0.75,
1/14/2024 19:00,2,0.1,19,0.791666667,
1/14/2024 20:00,1.8,0.2,20,0.833333333,
1/14/2024 21:00,2.7,0.2,21,0.875,
1/14/2024 22:00,2.5,0.3,22,0.916666667,
1/14/2024 23:00,2.3,0.2,23,0.958333333,
1/15/2024 0:00,2.1,0.2,0,0,
1/15/2024 1:00,1.8,0,1,0.041666667,
1/15/2024 2:00,1.3,0,2,0.083333333,
1/15/2024 3:00,0.9,0,3,0.125,
1/15/2024 4:00,1.1,0,4,0.166666667,
1/15/2024 5:00,1.4,0,5,0.208333333,
1/15/2024 6:00,1.7,0,6,0.25,
1/15/2024 7:00,1.6,0,7,0.291666667,
1/15/2024 8:00,1.4,0,8,0.333333333,
1/15/2024 9:00,1.4,0,9,0.375,
1/15/2024 10:00,1.3,0,10,0.416666667,
1/15/2024 11:00,1.4,0,11,0.458333333,
1/15/2024 12:00,2,0,12,0.5,
1/15/2024 13:00,2.4,0.3,13,0.541666667,
1/15/2024 14:00,2.3,0.3,14,0.583333333,
1/15/2024 15:00,2.3,0.3,15,0.625,
1/15/2024 16:00,2.2,0.4,16,0.666666667,
1/15/2024 17:00,1.6,0,17,0.708333333,
1/15/2024 18:00,1.6,0,18,0.75,
1/15/2024 19:00,1.4,0.1,19,0.791666667,
1/15/2024 20:00,0.9,0,20,0.833333333,
1/15/2024 21:00,1,0,21,0.875,
1/15/2024 22:00,0.9,0,22,0.916666667,
1/15/2024 23:00,0.8,0,23,0.958333333,
1/16/2024 0:00,0.6,0,0,0,
1/16/2024 1:00,0.1,0,1,0.041666667,
1/16/2024 2:00,0,0,2,0.083333333,
1/16/2024 3:00,-0.2,0,3,0.125,
1/16/2024 4:00,-0.3,0,4,0.166666667,
1/16/2024 5:00,-1.2,0,5,0.208333333,
1/16/2024 6:00,-1.1,0,6,0.25,
1/16/2024 7:00,-1,0,7,0.291666667,
1/16/2024 8:00,-0.9,0,8,0.333333333,
1/16/2024 9:00,-1.2,0,9,0.375,
1/16/2024 10:00,-1.1,0,10,0.416666667,
1/16/2024 11:00,-0.5,0,11,0.458333333,
1/16/2024 12:00,-0.1,0,12,0.5,
1/16/2024 13:00,0.4,0,13,0.541666667,
1/16/2024 14:00,0.6,0.1,14,0.583333333,
1/16/2024 15:00,1,0,15,0.625,
1/16/2024 16:00,0.9,0,16,0.666666667,
1/16/2024 17:00,0.8,0,17,0.708333333,
1/16/2024 18:00,0.3,0,18,0.75,
1/16/2024 19:00,0,0,19,0.791666667,
1/16/2024 20:00,-0.4,0,20,0.833333333,
1/16/2024 21:00,-0.6,0,21,0.875,
1/16/2024 22:00,-0.8,0,22,0.916666667,
1/16/2024 23:00,-0.7,0,23,0.958333333,
1/17/2024 0:00,-0.9,0,0,0,
1/17/2024 1:00,-1.1,0,1,0.041666667,
1/17/2024 2:00,-1.1,0,2,0.083333333,
1/17/2024 3:00,-1.4,0,3,0.125,
1/17/2024 4:00,-1.6,0,4,0.166666667,
1/17/2024 5:00,-1.6,0,5,0.208333333,
1/17/2024 6:00,-1.9,0,6,0.25,
1/17/2024 7:00,-2,0,7,0.291666667,
1/17/2024 8:00,-2,0,8,0.333333333,
1/17/2024 9:00,-2.2,0,9,0.375,
1/17/2024 10:00,-2.5,0,10,0.416666667,
1/17/2024 11:00,-2.4,0,11,0.458333333,
1/17/2024 12:00,-1.9,0,12,0.5,
1/17/2024 13:00,-1.2,0,13,0.541666667,
1/17/2024 14:00,-0.9,0,14,0.583333333,
1/17/2024 15:00,-0.6,0,15,0.625,
1/17/2024 16:00,-0.5,0,16,0.666666667,
1/17/2024 17:00,-0.7,0,17,0.708333333,
1/17/2024 18:00,-0.8,0,18,0.75,
1/17/2024 19:00,-0.9,0,19,0.791666667,
1/17/2024 20:00,-1.2,0,20,0.833333333,
1/17/2024 21:00,-1.5,0,21,0.875,
1/17/2024 22:00,-1.6,0,22,0.916666667,
1/17/2024 23:00,-1.8,0,23,0.958333333,
1/18/2024 0:00,-2,0,0,0,
1/18/2024 1:00,-1.6,0,1,0.041666667,
1/18/2024 2:00,-2.2,0,2,0.083333333,
1/18/2024 3:00,-2.2,0,3,0.125,
1/18/2024 4:00,-2.5,0,4,0.166666667,
1/18/2024 5:00,-3.4,0,5,0.208333333,
1/18/2024 6:00,-3.5,0,6,0.25,
1/18/2024 7:00,-3.6,0,7,0.291666667,
1/18/2024 8:00,-4.2,0,8,0.333333333,
1/18/2024 9:00,-3.9,0,9,0.375,
1/18/2024 10:00,-4.1,0,10,0.416666667,
1/18/2024 11:00,-3.3,0,11,0.458333333,
1/18/2024 12:00,-1.6,0,12,0.5,
1/18/2024 13:00,0,0,13,0.541666667,
1/18/2024 14:00,1.2,0.1,14,0.583333333,
1/18/2024 15:00,2.1,0,15,0.625,
1/18/2024 16:00,2.2,0,16,0.666666667,
1/18/2024 17:00,1.2,0,17,0.708333333,
1/18/2024 18:00,0.3,0,18,0.75,
1/18/2024 19:00,-0.1,0,19,0.791666667,
1/18/2024 20:00,-1.5,0,20,0.833333333,
1/18/2024 21:00,-1.8,0,21,0.875,
1/18/2024 22:00,-1.8,0,22,0.916666667,
1/18/2024 23:00,-1.7,0,23,0.958333333,
1/19/2024 0:00,-1.5,0,0,0,
1/19/2024 1:00,-0.9,0.2,1,0.041666667,
1/19/2024 2:00,-1,0.2,2,0.083333333,
1/19/2024 3:00,-1.2,0,3,0.125,
1/19/2024 4:00,-1.6,0.1,4,0.166666667,
1/19/2024 5:00,-1.5,0.1,5,0.208333333,
1/19/2024 6:00,-1.4,0,6,0.25,
1/19/2024 7:00,-1.5,0,7,0.291666667,
1/19/2024 8:00,-1.8,0,8,0.333333333,
1/19/2024 9:00,-1.9,0,9,0.375,
1/19/2024 10:00,-1.8,0.2,10,0.416666667,
1/19/2024 11:00,-1.3,0,11,0.458333333,
1/19/2024 12:00,-0.2,0,12,0.5,
1/19/2024 13:00,1,0,13,0.541666667,
1/19/2024 14:00,2.2,0,14,0.583333333,
1/19/2024 15:00,2.6,0,15,0.625,
1/19/2024 16:00,2.5,0,16,0.666666667,
1/19/2024 17:00,2.7,0,17,0.708333333,
1/19/2024 18:00,1.7,0,18,0.75,
1/19/2024 19:00,1.2,0,19,0.791666667,
1/19/2024 20:00,1.1,0,20,0.833333333,
1/19/2024 21:00,0.9,0,21,0.875,
1/19/2024 22:00,0.7,0,22,0.916666667,
1/19/2024 23:00,0.6,0,23,0.958333333,
1/20/2024 0:00,0.5,0,0,0,
1/20/2024 1:00,0.4,0,1,0.041666667,
1/20/2024 2:00,0.3,0,2,0.083333333,
1/20/2024 3:00,0.2,0,3,0.125,
1/20/2024 4:00,0.1,0,4,0.166666667,
1/20/2024 5:00,-0.2,0,5,0.208333333,
1/20/2024 6:00,-0.3,0,6,0.25,
1/20/2024 7:00,-0.6,0,7,0.291666667,
1/20/2024 8:00,-1,0,8,0.333333333,
1/20/2024 9:00,-1.3,0,9,0.375,
1/20/2024 10:00,-1.2,0,10,0.416666667,
1/20/2024 11:00,-0.8,0,11,0.458333333,
1/20/2024 12:00,-0.3,0,12,0.5,
1/20/2024 13:00,0.5,0,13,0.541666667,
1/20/2024 14:00,1.4,0,14,0.583333333,
1/20/2024 15:00,1.7,0,15,0.625,
1/20/2024 16:00,1.9,0,16,0.666666667,
1/20/2024 17:00,1.1,0,17,0.708333333,
1/20/2024 18:00,0.2,0,18,0.75,
1/20/2024 19:00,-0.1,0,19,0.791666667,
1/20/2024 20:00,-0.2,0,20,0.833333333,
1/20/2024 21:00,-0.3,0,21,0.875,
1/20/2024 22:00,-0.2,0,22,0.916666667,
1/20/2024 23:00,-0.2,0,23,0.958333333,
1/21/2024 0:00,-0.2,0,0,0,
1/21/2024 1:00,-0.2,0,1,0.041666667,
1/21/2024 2:00,0.2,0,2,0.083333333,
1/21/2024 3:00,0.3,0,3,0.125,
1/21/2024 4:00,0.6,0,4,0.166666667,
1/21/2024 5:00,1,0,5,0.208333333,
1/21/2024 6:00,1,0,6,0.25,
1/21/2024 7:00,1,0,7,0.291666667,
1/21/2024 8:00,2,0,8,0.333333333,
1/21/2024 9:00,1.9,0,9,0.375,
1/21/2024 10:00,1.5,0,10,0.416666667,
1/21/2024 11:00,1.6,0,11,0.458333333,
1/21/2024 12:00,1.8,0.1,12,0.5,
1/21/2024 13:00,2.4,0,13,0.541666667,
1/21/2024 14:00,3.1,0.2,14,0.583333333,
1/21/2024 15:00,3.5,0,15,0.625,
1/21/2024 16:00,3.8,0,16,0.666666667,
1/21/2024 17:00,4,0,17,0.708333333,
1/21/2024 18:00,4.1,0,18,0.75,
1/21/2024 19:00,4.1,0,19,0.791666667,
1/21/2024 20:00,4.2,0,20,0.833333333,
1/21/2024 21:00,4.4,0,21,0.875,
1/21/2024 22:00,4.6,0,22,0.916666667,
1/21/2024 23:00,4.9,0,23,0.958333333,
1/22/2024 0:00,5.2,0,0,0,
1/22/2024 1:00,5.8,0.8,1,0.041666667,
1/22/2024 2:00,6.6,0.6,2,0.083333333,
1/22/2024 3:00,7.2,0.4,3,0.125,
1/22/2024 4:00,7.8,0.2,4,0.166666667,
1/22/2024 5:00,8.4,1.2,5,0.208333333,
1/22/2024 6:00,8.6,1.4,6,0.25,
1/22/2024 7:00,9.2,0.3,7,0.291666667,
1/22/2024 8:00,9.8,0.1,8,0.333333333,
1/22/2024 9:00,10.6,0.5,9,0.375,
1/22/2024 10:00,10.5,2.3,10,0.416666667,
1/22/2024 11:00,10.6,2.4,11,0.458333333,
1/22/2024 12:00,10.1,1.8,12,0.5,
1/22/2024 13:00,9.7,0.8,13,0.541666667,
1/22/2024 14:00,10.1,0,14,0.583333333,
1/22/2024 15:00,9.6,0,15,0.625,
1/22/2024 16:00,9,0,16,0.666666667,
1/22/2024 17:00,8.9,0,17,0.708333333,
1/22/2024 18:00,8.2,0,18,0.75,
1/22/2024 19:00,7.8,0,19,0.791666667,
1/22/2024 20:00,8,0,20,0.833333333,
1/22/2024 21:00,7.3,0.1,21,0.875,
1/22/2024 22:00,7.1,0.1,22,0.916666667,
1/22/2024 23:00,7,0.1,23,0.958333333,
1/23/2024 0:00,6.8,0.1,0,0,
1/23/2024 1:00,6.7,0.1,1,0.041666667,
1/23/2024 2:00,6.7,0.3,2,0.083333333,
1/23/2024 3:00,6.7,0,3,0.125,
1/23/2024 4:00,6.4,0,4,0.166666667,
1/23/2024 5:00,6.2,0,5,0.208333333,
1/23/2024 6:00,6.1,0,6,0.25,
1/23/2024 7:00,5.9,0,7,0.291666667,
1/23/2024 8:00,6.4,0,8,0.333333333,
1/23/2024 9:00,6.2,0,9,0.375,
1/23/2024 10:00,5.9,0,10,0.416666667,
1/23/2024 11:00,6.1,0,11,0.458333333,
1/23/2024 12:00,6.5,0,12,0.5,
1/23/2024 13:00,7,0,13,0.541666667,
1/23/2024 14:00,7.6,0,14,0.583333333,
1/23/2024 15:00,7.7,0,15,0.625,
1/23/2024 16:00,7.3,0,16,0.666666667,
1/23/2024 17:00,7.2,0,17,0.708333333,
1/23/2024 18:00,6.8,0.2,18,0.75,
1/23/2024 19:00,6.8,0.8,19,0.791666667,
1/23/2024 20:00,7.1,0.6,20,0.833333333,
1/23/2024 21:00,7.3,0.6,21,0.875,
1/23/2024 22:00,7.6,0.7,22,0.916666667,
1/23/2024 23:00,8.5,0.7,23,0.958333333,
1/24/2024 0:00,9.5,1.3,0,0,
1/24/2024 1:00,10.9,0,1,0.041666667,
1/24/2024 2:00,11.8,0,2,0.083333333,
1/24/2024 3:00,12.4,0,3,0.125,
1/24/2024 4:00,12.1,0,4,0.166666667,
1/24/2024 5:00,12.1,0.1,5,0.208333333,
1/24/2024 6:00,11.4,0,6,0.25,
1/24/2024 7:00,10.9,0,7,0.291666667,
1/24/2024 8:00,10.8,0,8,0.333333333,
1/24/2024 9:00,9.9,0,9,0.375,
1/24/2024 10:00,9.6,0,10,0.416666667,
1/24/2024 11:00,10.1,0,11,0.458333333,
1/24/2024 12:00,10.1,0,12,0.5,
1/24/2024 13:00,10.1,0,13,0.541666667,
1/24/2024 14:00,10.1,0,14,0.583333333,
1/24/2024 15:00,9.6,0,15,0.625,
1/24/2024 16:00,9.4,0,16,0.666666667,
1/24/2024 17:00,9.2,0,17,0.708333333,
1/24/2024 18:00,8.6,0,18,0.75,
1/24/2024 19:00,8.2,0,19,0.791666667,
1/24/2024 20:00,8.1,0,20,0.833333333,
1/24/2024 21:00,7.7,0,21,0.875,
1/24/2024 22:00,7.2,0,22,0.916666667,
1/24/2024 23:00,7.1,0,23,0.958333333,
1/25/2024 0:00,6.8,0,0,0,
1/25/2024 1:00,6.4,0,1,0.041666667,
1/25/2024 2:00,6.8,0,2,0.083333333,
1/25/2024 3:00,6.3,0,3,0.125,
1/25/2024 4:00,5.7,0,4,0.166666667,
1/25/2024 5:00,5.6,0,5,0.208333333,
1/25/2024 6:00,5,0,6,0.25,
1/25/2024 7:00,4.6,0,7,0.291666667,
1/25/2024 8:00,4,0,8,0.333333333,
1/25/2024 9:00,3.6,0,9,0.375,
1/25/2024 10:00,3.5,0,10,0.416666667,
1/25/2024 11:00,4.1,0,11,0.458333333,
1/25/2024 12:00,4.9,0,12,0.5,
1/25/2024 13:00,5.9,0,13,0.541666667,
1/25/2024 14:00,6.9,0,14,0.583333333,
1/25/2024 15:00,7.4,0,15,0.625,
1/25/2024 16:00,7.6,0,16,0.666666667,
1/25/2024 17:00,7.3,0,17,0.708333333,
1/25/2024 18:00,6.8,0,18,0.75,
1/25/2024 19:00,6.4,0,19,0.791666667,
1/25/2024 20:00,6.7,0,20,0.833333333,
1/25/2024 21:00,6.8,0,21,0.875,
1/25/2024 22:00,6.8,0,22,0.916666667,
1/25/2024 23:00,7.1,0.2,23,0.958333333,
1/26/2024 0:00,7.3,0,0,0,
1/26/2024 1:00,7.8,0,1,0.041666667,
1/26/2024 2:00,7.9,0,2,0.083333333,
1/26/2024 3:00,8.4,0,3,0.125,
1/26/2024 4:00,8.8,0,4,0.166666667,
1/26/2024 5:00,9.1,0,5,0.208333333,
1/26/2024 6:00,9.2,0,6,0.25,
1/26/2024 7:00,9.5,0.1,7,0.291666667,
1/26/2024 8:00,10.2,0.2,8,0.333333333,
1/26/2024 9:00,10.2,1.4,9,0.375,
1/26/2024 10:00,10.3,1.9,10,0.416666667,
1/26/2024 11:00,10.5,0,11,0.458333333,
1/26/2024 12:00,9.8,1.3,12,0.5,
1/26/2024 13:00,8.6,0.4,13,0.541666667,
1/26/2024 14:00,8.1,0,14,0.583333333,
1/26/2024 15:00,7.8,0.1,15,0.625,
1/26/2024 16:00,7.7,0.1,16,0.666666667,
1/26/2024 17:00,7.3,0,17,0.708333333,
1/26/2024 18:00,6.7,0,18,0.75,
1/26/2024 19:00,6,0,19,0.791666667,
1/26/2024 20:00,5.8,0,20,0.833333333,
1/26/2024 21:00,5.2,0,21,0.875,
1/26/2024 22:00,4.5,0,22,0.916666667,
1/26/2024 23:00,4,0,23,0.958333333,
1/27/2024 0:00,3.6,0,0,0,
1/27/2024 1:00,3.3,0,1,0.041666667,
1/27/2024 2:00,3.1,0,2,0.083333333,
1/27/2024 3:00,3,0,3,0.125,
1/27/2024 4:00,2.8,0,4,0.166666667,
1/27/2024 5:00,2.5,0,5,0.208333333,
1/27/2024 6:00,2.2,0,6,0.25,
1/27/2024 7:00,2,0,7,0.291666667,
1/27/2024 8:00,2,0,8,0.333333333,
1/27/2024 9:00,1.9,0,9,0.375,
1/27/2024 10:00,1.7,0,10,0.416666667,
1/27/2024 11:00,2.7,0,11,0.458333333,
1/27/2024 12:00,4,0,12,0.5,
1/27/2024 13:00,5.2,0,13,0.541666667,
1/27/2024 14:00,6.9,0,14,0.583333333,
1/27/2024 15:00,7.3,0,15,0.625,
1/27/2024 16:00,7.4,0,16,0.666666667,
1/27/2024 17:00,7.4,0,17,0.708333333,
1/27/2024 18:00,5.9,0,18,0.75,
1/27/2024 19:00,4.7,0,19,0.791666667,
1/27/2024 20:00,3.3,0,20,0.833333333,
1/27/2024 21:00,2.7,0,21,0.875,
1/27/2024 22:00,2.2,0,22,0.916666667,
1/27/2024 23:00,1.4,0,23,0.958333333,
1/28/2024 0:00,1.2,0,0,0,
1/28/2024 1:00,1,0,1,0.041666667,
1/28/2024 2:00,0.7,0,2,0.083333333,
1/28/2024 3:00,0.6,0,3,0.125,
1/28/2024 4:00,0.8,0,4,0.166666667,
1/28/2024 5:00,0.8,0,5,0.208333333,
1/28/2024 6:00,0.8,0,6,0.25,
1/28/2024 7:00,0.7,0,7,0.291666667,
1/28/2024 8:00,0.3,0,8,0.333333333,
1/28/2024 9:00,0.2,0,9,0.375,
1/28/2024 10:00,0.2,0,10,0.416666667,
1/28/2024 11:00,1.2,0,11,0.458333333,
1/28/2024 12:00,2.8,0,12,0.5,
1/28/2024 13:00,4.7,0,13,0.541666667,
1/28/2024 14:00,6.8,0,14,0.583333333,
1/28/2024 15:00,7.9,0,15,0.625,
1/28/2024 16:00,8.1,0,16,0.666666667,
1/28/2024 17:00,7.9,0,17,0.708333333,
1/28/2024 18:00,6.7,0,18,0.75,
1/28/2024 19:00,5.8,0,19,0.791666667,
1/28/2024 20:00,5.9,0,20,0.833333333,
1/28/2024 21:00,6,0,21,0.875,
1/28/2024 22:00,6.2,0,22,0.916666667,
1/28/2024 23:00,6.3,0,23,0.958333333,
1/29/2024 0:00,6.2,0,0,0,
1/29/2024 1:00,6.1,0,1,0.041666667,
1/29/2024 2:00,5.8,0,2,0.083333333,
1/29/2024 3:00,5.2,0,3,0.125,
1/29/2024 4:00,4.8,0,4,0.166666667,
1/29/2024 5:00,4.2,0,5,0.208333333,
1/29/2024 6:00,3.8,0,6,0.25,
1/29/2024 7:00,3.6,0,7,0.291666667,
1/29/2024 8:00,3.6,0,8,0.333333333,
1/29/2024 9:00,3.5,0,9,0.375,
1/29/2024 10:00,3.7,0,10,0.416666667,
1/29/2024 11:00,4.9,0,11,0.458333333,
1/29/2024 12:00,6.2,0,12,0.5,
1/29/2024 13:00,7.5,0,13,0.541666667,
1/29/2024 14:00,8.8,0,14,0.583333333,
1/29/2024 15:00,9.4,0,15,0.625,
1/29/2024 16:00,9.6,0,16,0.666666667,
1/29/2024 17:00,9.4,0,17,0.708333333,
1/29/2024 18:00,8.6,0,18,0.75,
1/29/2024 19:00,8.1,0,19,0.791666667,
1/29/2024 20:00,7.8,0,20,0.833333333,
1/29/2024 21:00,7,0,21,0.875,
1/29/2024 22:00,6.5,0,22,0.916666667,
1/29/2024 23:00,6.4,0,23,0.958333333,
1/30/2024 0:00,6.3,0,0,0,
1/30/2024 1:00,6.2,0,1,0.041666667,
1/30/2024 2:00,6.4,0,2,0.083333333,
1/30/2024 3:00,6.6,0,3,0.125,
1/30/2024 4:00,6.3,0,4,0.166666667,
1/30/2024 5:00,6.5,0,5,0.208333333,
1/30/2024 6:00,6.3,0,6,0.25,
1/30/2024 7:00,6.7,0,7,0.291666667,
1/30/2024 8:00,7.4,0.1,8,0.333333333,
1/30/2024 9:00,7.6,0,9,0.375,
1/30/2024 10:00,7.8,0.1,10,0.416666667,
1/30/2024 11:00,8.2,0.5,11,0.458333333,
1/30/2024 12:00,8.9,0,12,0.5,
1/30/2024 13:00,9.6,0,13,0.541666667,
1/30/2024 14:00,10.8,0,14,0.583333333,
1/30/2024 15:00,10.8,0,15,0.625,
1/30/2024 16:00,9.8,0,16,0.666666667,
1/30/2024 17:00,9.3,0,17,0.708333333,
1/30/2024 18:00,8.6,0,18,0.75,
1/30/2024 19:00,8.1,0,19,0.791666667,
1/30/2024 20:00,7.6,0,20,0.833333333,
1/30/2024 21:00,7,0,21,0.875,
1/30/2024 22:00,6.5,0,22,0.916666667,
1/30/2024 23:00,6.3,0.1,23,0.958333333,
1/31/2024 0:00,5.9,0,0,0,
1/31/2024 1:00,5.6,0,1,0.041666667,
1/31/2024 2:00,5.2,0,2,0.083333333,
1/31/2024 3:00,4.9,0,3,0.125,
1/31/2024 4:00,4.6,0,4,0.166666667,
1/31/2024 5:00,4.2,0,5,0.208333333,
1/31/2024 6:00,3.6,0,6,0.25,
1/31/2024 7:00,3.1,0,7,0.291666667,
1/31/2024 8:00,3.2,0,8,0.333333333,
1/31/2024 9:00,2.5,0,9,0.375,
1/31/2024 10:00,2.2,0,10,0.416666667,
1/31/2024 11:00,4.3,0,11,0.458333333,
1/31/2024 12:00,5.3,0,12,0.5,
1/31/2024 13:00,6.3,0,13,0.541666667,
1/31/2024 14:00,6.7,0,14,0.583333333,
1/31/2024 15:00,7.1,0,15,0.625,
1/31/2024 16:00,7.2,0,16,0.666666667,
1/31/2024 17:00,6.7,0,17,0.708333333,
1/31/2024 18:00,6.4,0,18,0.75,
1/31/2024 19:00,5.9,0,19,0.791666667,
1/31/2024 20:00,6.1,0,20,0.833333333,
1/31/2024 21:00,5.9,0,21,0.875,
1/31/2024 22:00,5.6,0,22,0.916666667,
1/31/2024 23:00,6.2,0,23,0.958333333,
2/1/2024 0:00,6.3,0,0,0,
2/1/2024 1:00,6.2,1,1,0.041666667,
2/1/2024 2:00,6.2,1.9,2,0.083333333,
2/1/2024 3:00,6.8,0.8,3,0.125,
2/1/2024 4:00,7.8,0,4,0.166666667,
2/1/2024 5:00,7.3,0,5,0.208333333,
2/1/2024 6:00,6.1,0,6,0.25,
2/1/2024 7:00,4.8,0,7,0.291666667,
2/1/2024 8:00,4.1,0,8,0.333333333,
2/1/2024 9:00,3.5,0,9,0.375,
2/1/2024 10:00,3.3,0,10,0.416666667,
2/1/2024 11:00,4.3,0,11,0.458333333,
2/1/2024 12:00,5.8,0,12,0.5,
2/1/2024 13:00,6.8,0,13,0.541666667,
2/1/2024 14:00,7.7,0,14,0.583333333,
2/1/2024 15:00,7.8,0,15,0.625,
2/1/2024 16:00,7.8,0,16,0.666666667,
2/1/2024 17:00,7.4,0,17,0.708333333,
2/1/2024 18:00,6.5,0,18,0.75,
2/1/2024 19:00,5.7,0,19,0.791666667,
2/1/2024 20:00,5.3,0,20,0.833333333,
2/1/2024 21:00,4.7,0,21,0.875,
2/1/2024 22:00,4.1,0,22,0.916666667,
2/1/2024 23:00,4.9,0,23,0.958333333,
2/2/2024 0:00,4.9,0,0,0,
2/2/2024 1:00,4.8,0,1,0.041666667,
2/2/2024 2:00,5.2,0,2,0.083333333,
2/2/2024 3:00,5.3,0,3,0.125,
2/2/2024 4:00,5.2,0,4,0.166666667,
2/2/2024 5:00,5.2,0.2,5,0.208333333,
2/2/2024 6:00,5.4,0.1,6,0.25,
2/2/2024 7:00,5.6,0,7,0.291666667,
2/2/2024 8:00,5.7,0,8,0.333333333,
2/2/2024 9:00,5.8,0,9,0.375,
2/2/2024 10:00,5.8,0,10,0.416666667,
2/2/2024 11:00,5.9,0,11,0.458333333,
2/2/2024 12:00,6.7,0,12,0.5,
2/2/2024 13:00,7.5,0,13,0.541666667,
2/2/2024 14:00,8.1,0,14,0.583333333,
2/2/2024 15:00,8.4,0,15,0.625,
2/2/2024 16:00,8.6,0,16,0.666666667,
2/2/2024 17:00,8.4,0,17,0.708333333,
2/2/2024 18:00,8.3,0,18,0.75,
2/2/2024 19:00,8.4,0,19,0.791666667,
2/2/2024 20:00,8.4,0,20,0.833333333,
2/2/2024 21:00,8.7,0,21,0.875,
2/2/2024 22:00,9.1,0,22,0.916666667,
2/2/2024 23:00,9.1,0,23,0.958333333,
2/3/2024 0:00,8.9,0,0,0,
2/3/2024 1:00,8.8,0,1,0.041666667,
2/3/2024 2:00,9.2,0,2,0.083333333,
2/3/2024 3:00,9.4,0,3,0.125,
2/3/2024 4:00,9.6,0,4,0.166666667,
2/3/2024 5:00,9.8,0,5,0.208333333,
2/3/2024 6:00,9.9,0,6,0.25,
2/3/2024 7:00,9.9,0,7,0.291666667,
2/3/2024 8:00,9.8,0,8,0.333333333,
2/3/2024 9:00,9.8,0,9,0.375,
2/3/2024 10:00,9.7,0,10,0.416666667,
2/3/2024 11:00,9.8,0,11,0.458333333,
2/3/2024 12:00,10.1,0,12,0.5,
2/3/2024 13:00,10.6,0,13,0.541666667,
2/3/2024 14:00,10.9,0,14,0.583333333,
2/3/2024 15:00,10.8,0.2,15,0.625,
2/3/2024 16:00,10.6,0.2,16,0.666666667,
2/3/2024 17:00,10.2,0.2,17,0.708333333,
2/3/2024 18:00,10,0.1,18,0.75,
2/3/2024 19:00,9.7,0.1,19,0.791666667,
2/3/2024 20:00,9.4,0.1,20,0.833333333,
2/3/2024 21:00,9.1,0.1,21,0.875,
2/3/2024 22:00,8.7,0.1,22,0.916666667,
2/3/2024 23:00,8.4,0.1,23,0.958333333,
2/4/2024 0:00,8.3,0,0,0,
2/4/2024 1:00,8.2,0,1,0.041666667,
2/4/2024 2:00,8.1,0,2,0.083333333,
2/4/2024 3:00,7.8,0,3,0.125,
2/4/2024 4:00,7.3,0,4,0.166666667,
2/4/2024 5:00,7,0,5,0.208333333,
2/4/2024 6:00,6.8,0,6,0.25,
2/4/2024 7:00,6.5,0,7,0.291666667,
2/4/2024 8:00,6.5,0,8,0.333333333,
2/4/2024 9:00,6.9,0.1,9,0.375,
2/4/2024 10:00,7.6,0.1,10,0.416666667,
2/4/2024 11:00,8.1,0.1,11,0.458333333,
2/4/2024 12:00,8.6,0.2,12,0.5,
2/4/2024 13:00,8.9,0.2,13,0.541666667,
2/4/2024 14:00,9.1,0.2,14,0.583333333,
2/4/2024 15:00,9.1,0.2,15,0.625,
2/4/2024 16:00,8.7,0.2,16,0.666666667,
2/4/2024 17:00,8.5,0.2,17,0.708333333,
2/4/2024 18:00,8.6,0.6,18,0.75,
2/4/2024 19:00,8.8,0.6,19,0.791666667,
2/4/2024 20:00,9.1,0.6,20,0.833333333,
2/4/2024 21:00,9.4,0.6,21,0.875,
2/4/2024 22:00,9.7,0.6,22,0.916666667,
2/4/2024 23:00,9.9,0.6,23,0.958333333,
2/5/2024 0:00,10.1,0,0,0,
2/5/2024 1:00,10.1,0,1,0.041666667,
2/5/2024 2:00,10.2,0,2,0.083333333,
2/5/2024 3:00,10.3,0,3,0.125,
2/5/2024 4:00,10.4,0,4,0.166666667,
2/5/2024 5:00,10.4,0,5,0.208333333,
2/5/2024 6:00,10.1,0,6,0.25,
2/5/2024 7:00,9.7,0,7,0.291666667,
2/5/2024 8:00,9.4,0,8,0.333333333,
2/5/2024 9:00,9.1,0,9,0.375,
2/5/2024 10:00,8.9,0,10,0.416666667,
2/5/2024 11:00,8.8,0,11,0.458333333,
2/5/2024 12:00,9,0,12,0.5,
2/5/2024 13:00,9.4,0,13,0.541666667,
2/5/2024 14:00,9.7,0,14,0.583333333,
2/5/2024 15:00,9.8,0,15,0.625,
2/5/2024 16:00,9.7,0,16,0.666666667,
2/5/2024 17:00,9.4,0,17,0.708333333,
2/5/2024 18:00,9.1,0.1,18,0.75,
2/5/2024 19:00,8.5,0.1,19,0.791666667,
2/5/2024 20:00,8.1,0.1,20,0.833333333,
2/5/2024 21:00,7.8,0.1,21,0.875,
2/5/2024 22:00,7.7,0.1,22,0.916666667,
2/5/2024 23:00,7.7,0.1,23,0.958333333,
2/6/2024 0:00,8,0,0,0,
2/6/2024 1:00,8.4,0,1,0.041666667,
2/6/2024 2:00,8.8,0,2,0.083333333,
2/6/2024 3:00,9,0,3,0.125,
2/6/2024 4:00,9.1,0,4,0.166666667,
2/6/2024 5:00,9.1,0,5,0.208333333,
2/6/2024 6:00,9.2,0.1,6,0.25,
2/6/2024 7:00,9.4,0.1,7,0.291666667,
2/6/2024 8:00,9.4,0.1,8,0.333333333,
2/6/2024 9:00,9.4,0.1,9,0.375,
2/6/2024 10:00,9.4,0.1,10,0.416666667,
2/6/2024 11:00,9.6,0.1,11,0.458333333,
2/6/2024 12:00,9.9,0.1,12,0.5,
2/6/2024 13:00,10.4,0.1,13,0.541666667,
2/6/2024 14:00,10.7,0.1,14,0.583333333,
2/6/2024 15:00,10.8,0.1,15,0.625,
2/6/2024 16:00,10.7,0.1,16,0.666666667,
2/6/2024 17:00,10.6,0.1,17,0.708333333,
2/6/2024 18:00,10.4,2.1,18,0.75,
2/6/2024 19:00,10.1,2.1,19,0.791666667,
2/6/2024 20:00,9.9,2.1,20,0.833333333,
2/6/2024 21:00,10.1,2.1,21,0.875,
2/6/2024 22:00,10.2,2.1,22,0.916666667,
2/6/2024 23:00,9.8,2.1,23,0.958333333,
2/7/2024 0:00,8.2,0.4,0,0,
2/7/2024 1:00,6.1,0.4,1,0.041666667,
2/7/2024 2:00,4.4,0.4,2,0.083333333,
2/7/2024 3:00,3.9,0.4,3,0.125,
2/7/2024 4:00,3.8,0.4,4,0.166666667,
2/7/2024 5:00,3.9,0.4,5,0.208333333,
2/7/2024 6:00,3.9,0,6,0.25,
2/7/2024 7:00,4,0,7,0.291666667,
2/7/2024 8:00,4.1,0,8,0.333333333,
2/7/2024 9:00,4.3,0,9,0.375,
2/7/2024 10:00,4.5,0,10,0.416666667,
2/7/2024 11:00,4.8,0,11,0.458333333,
2/7/2024 12:00,5.4,0,12,0.5,
2/7/2024 13:00,6.1,0,13,0.541666667,
2/7/2024 14:00,6.5,0,14,0.583333333,
2/7/2024 15:00,6.7,0,15,0.625,
2/7/2024 16:00,6.5,0,16,0.666666667,
2/7/2024 17:00,6.2,0,17,0.708333333,
2/7/2024 18:00,5.8,0,18,0.75,
2/7/2024 19:00,5.1,0,19,0.791666667,
2/7/2024 20:00,4.2,0,20,0.833333333,
2/7/2024 21:00,3,0,21,0.875,
2/7/2024 22:00,1.5,0,22,0.916666667,
2/7/2024 23:00,0.4,0,23,0.958333333,
2/8/2024 0:00,0.2,0,0,0,
2/8/2024 1:00,0.2,0,1,0.041666667,
2/8/2024 2:00,0.3,0,2,0.083333333,
2/8/2024 3:00,0.2,0,3,0.125,
2/8/2024 4:00,-0.1,0,4,0.166666667,
2/8/2024 5:00,-0.2,0,5,0.208333333,
2/8/2024 6:00,-0.1,0,6,0.25,
2/8/2024 7:00,0.1,0,7,0.291666667,
2/8/2024 8:00,0.4,0,8,0.333333333,
2/8/2024 9:00,0.9,0,9,0.375,
2/8/2024 10:00,1.6,0,10,0.416666667,
2/8/2024 11:00,2.3,0,11,0.458333333,
2/8/2024 12:00,3.1,0.5,12,0.5,
2/8/2024 13:00,3.8,0.5,13,0.541666667,
2/8/2024 14:00,4.1,0.5,14,0.583333333,
2/8/2024 15:00,3.6,0.5,15,0.625,
2/8/2024 16:00,2.6,0.5,16,0.666666667,
2/8/2024 17:00,1.8,0.5,17,0.708333333,
2/8/2024 18:00,1.3,0.5,18,0.75,
2/8/2024 19:00,1,0.5,19,0.791666667,
2/8/2024 20:00,0.9,0.5,20,0.833333333,
2/8/2024 21:00,0.9,0.5,21,0.875,
2/8/2024 22:00,1.1,0.5,22,0.916666667,
2/8/2024 23:00,1.3,0.5,23,0.958333333,
2/9/2024 0:00,1.3,0.9,0,0,
2/9/2024 1:00,1.2,0.9,1,0.041666667,
2/9/2024 2:00,1.5,0.9,2,0.083333333,
2/9/2024 3:00,2,0.9,3,0.125,
2/9/2024 4:00,2.8,0.9,4,0.166666667,
2/9/2024 5:00,3.8,0.9,5,0.208333333,
2/9/2024 6:00,4.8,0.3,6,0.25,
2/9/2024 7:00,6.1,0.3,7,0.291666667,
2/9/2024 8:00,7.1,0.3,8,0.333333333,
2/9/2024 9:00,8,0.3,9,0.375,
2/9/2024 10:00,8.8,0.3,10,0.416666667,
2/9/2024 11:00,9.4,0.3,11,0.458333333,
2/9/2024 12:00,10.1,0.1,12,0.5,
2/9/2024 13:00,10.6,0.1,13,0.541666667,
2/9/2024 14:00,11.1,0.1,14,0.583333333,
2/9/2024 15:00,11.5,0.1,15,0.625,
2/9/2024 16:00,11.8,0.1,16,0.666666667,
2/9/2024 17:00,11.8,0.1,17,0.708333333,
2/9/2024 18:00,11.1,0,18,0.75,
2/9/2024 19:00,10.2,0,19,0.791666667,
2/9/2024 20:00,9.4,0,20,0.833333333,
2/9/2024 21:00,9.1,0,21,0.875,
2/9/2024 22:00,9.1,0,22,0.916666667,
2/9/2024 23:00,8.9,0,23,0.958333333,
2/10/2024 0:00,8.9,0.1,0,0,
2/10/2024 1:00,8.8,0.1,1,0.041666667,
2/10/2024 2:00,8.6,0.1,2,0.083333333,
2/10/2024 3:00,8.5,0.1,3,0.125,
2/10/2024 4:00,8.4,0.1,4,0.166666667,
2/10/2024 5:00,8.1,0.1,5,0.208333333,
2/10/2024 6:00,7.8,0,6,0.25,
2/10/2024 7:00,7.6,0,7,0.291666667,
2/10/2024 8:00,7.5,0,8,0.333333333,
2/10/2024 9:00,7.9,0,9,0.375,
2/10/2024 10:00,8.6,0,10,0.416666667,
2/10/2024 11:00,9.4,0,11,0.458333333,
2/10/2024 12:00,10.6,0.1,12,0.5,
2/10/2024 13:00,11.8,0.1,13,0.541666667,
2/10/2024 14:00,12.6,0.1,14,0.583333333,
2/10/2024 15:00,12.9,0.1,15,0.625,
2/10/2024 16:00,13,0.1,16,0.666666667,
2/10/2024 17:00,12.6,0.1,17,0.708333333,
2/10/2024 18:00,11.9,0,18,0.75,
2/10/2024 19:00,10.8,0,19,0.791666667,
2/10/2024 20:00,9.9,0,20,0.833333333,
2/10/2024 21:00,9.7,0,21,0.875,
2/10/2024 22:00,9.8,0,22,0.916666667,
2/10/2024 23:00,9.8,0,23,0.958333333,
2/11/2024 0:00,9.6,0,0,0,
2/11/2024 1:00,9.2,0,1,0.041666667,
2/11/2024 2:00,8.9,0,2,0.083333333,
2/11/2024 3:00,8.5,0,3,0.125,
2/11/2024 4:00,8.1,0,4,0.166666667,
2/11/2024 5:00,7.8,0,5,0.208333333,
2/11/2024 6:00,7.7,0.1,6,0.25,
2/11/2024 7:00,7.8,0.1,7,0.291666667,
2/11/2024 8:00,7.8,0.1,8,0.333333333,
2/11/2024 9:00,8.2,0.1,9,0.375,
2/11/2024 10:00,8.6,0.1,10,0.416666667,
2/11/2024 11:00,8.9,0.1,11,0.458333333,
2/11/2024 12:00,9,0.1,12,0.5,
2/11/2024 13:00,9,0.1,13,0.541666667,
2/11/2024 14:00,8.9,0.1,14,0.583333333,
2/11/2024 15:00,8.9,0.1,15,0.625,
2/11/2024 16:00,8.7,0.1,16,0.666666667,
2/11/2024 17:00,8.6,0.1,17,0.708333333,
2/11/2024 18:00,8.4,0,18,0.75,
2/11/2024 19:00,8.4,0,19,0.791666667,
2/11/2024 20:00,8.1,0,20,0.833333333,
2/11/2024 21:00,7.8,0,21,0.875,
2/11/2024 22:00,7.3,0,22,0.916666667,
2/11/2024 23:00,6.9,0,23,0.958333333,
2/12/2024 0:00,6.8,0,0,0,
2/12/2024 1:00,6.6,0,1,0.041666667,
2/12/2024 2:00,6.3,0,2,0.083333333,
2/12/2024 3:00,5.9,0,3,0.125,
2/12/2024 4:00,5.4,0,4,0.166666667,
2/12/2024 5:00,5.1,0,5,0.208333333,
2/12/2024 6:00,4.9,0.5,6,0.25,
2/12/2024 7:00,4.9,0.5,7,0.291666667,
2/12/2024 8:00,5.1,0.5,8,0.333333333,
2/12/2024 9:00,5.3,0.5,9,0.375,
2/12/2024 10:00,5.8,0.5,10,0.416666667,
2/12/2024 11:00,6.2,0.5,11,0.458333333,
2/12/2024 12:00,6.8,0,12,0.5,
2/12/2024 13:00,7.4,0,13,0.541666667,
2/12/2024 14:00,7.9,0,14,0.583333333,
2/12/2024 15:00,8.4,0,15,0.625,
2/12/2024 16:00,8.6,0,16,0.666666667,
2/12/2024 17:00,8.4,0,17,0.708333333,
2/12/2024 18:00,7.3,0.1,18,0.75,
2/12/2024 19:00,5.8,0.1,19,0.791666667,
2/12/2024 20:00,4.5,0.1,20,0.833333333,
2/12/2024 21:00,4.1,0.1,21,0.875,
2/12/2024 22:00,4,0.1,22,0.916666667,
2/12/2024 23:00,3.8,0.1,23,0.958333333,
2/13/2024 0:00,3.5,0,0,0,
2/13/2024 1:00,3.3,0,1,0.041666667,
2/13/2024 2:00,3.1,0,2,0.083333333,
2/13/2024 3:00,3,0,3,0.125,
2/13/2024 4:00,3,0,4,0.166666667,
2/13/2024 5:00,3,0,5,0.208333333,
2/13/2024 6:00,2.9,0,6,0.25,
2/13/2024 7:00,2.8,0,7,0.291666667,
2/13/2024 8:00,3,0,8,0.333333333,
2/13/2024 9:00,3.4,0,9,0.375,
2/13/2024 10:00,4,0,10,0.416666667,
2/13/2024 11:00,4.8,0,11,0.458333333,
2/13/2024 12:00,6.1,0,12,0.5,
2/13/2024 13:00,7.5,0,13,0.541666667,
2/13/2024 14:00,8.5,0,14,0.583333333,
2/13/2024 15:00,8.8,0,15,0.625,
2/13/2024 16:00,8.6,0,16,0.666666667,
2/13/2024 17:00,8.2,0,17,0.708333333,
2/13/2024 18:00,7.8,0,18,0.75,
2/13/2024 19:00,7.2,0,19,0.791666667,
2/13/2024 20:00,6.8,0,20,0.833333333,
2/13/2024 21:00,6.6,0,21,0.875,
2/13/2024 22:00,6.4,0,22,0.916666667,
2/13/2024 23:00,6.4,0,23,0.958333333,
2/14/2024 0:00,6.6,1.1,0,0,
2/14/2024 1:00,6.8,1.1,1,0.041666667,
2/14/2024 2:00,6.9,1.1,2,0.083333333,
2/14/2024 3:00,7.2,1.1,3,0.125,
2/14/2024 4:00,7.5,1.1,4,0.166666667,
2/14/2024 5:00,7.8,1.1,5,0.208333333,
2/14/2024 6:00,8.4,0,6,0.25,
2/14/2024 7:00,9.1,0,7,0.291666667,
2/14/2024 8:00,9.6,0,8,0.333333333,
2/14/2024 9:00,9.9,0,9,0.375,
2/14/2024 10:00,9.9,0,10,0.416666667,
2/14/2024 11:00,10.1,0,11,0.458333333,
2/14/2024 12:00,10.4,0,12,0.5,
2/14/2024 13:00,10.6,0,13,0.541666667,
2/14/2024 14:00,10.9,0,14,0.583333333,
2/14/2024 15:00,11.3,0,15,0.625,
2/14/2024 16:00,11.6,0,16,0.666666667,
2/14/2024 17:00,11.9,0,17,0.708333333,
2/14/2024 18:00,11.8,0.6,18,0.75,
2/14/2024 19:00,11.6,0.6,19,0.791666667,
2/14/2024 20:00,11.4,0.6,20,0.833333333,
2/14/2024 21:00,11.4,0.6,21,0.875,
2/14/2024 22:00,11.6,0.6,22,0.916666667,
2/14/2024 23:00,11.6,0.6,23,0.958333333,
2/15/2024 0:00,11.6,0.1,0,0,
2/15/2024 1:00,11.6,0.1,1,0.041666667,
2/15/2024 2:00,11.6,0.1,2,0.083333333,
2/15/2024 3:00,11.4,0.1,3,0.125,
2/15/2024 4:00,11.3,0.1,4,0.166666667,
2/15/2024 5:00,11.2,0.1,5,0.208333333,
2/15/2024 6:00,11.2,0.4,6,0.25,
2/15/2024 7:00,11.2,0.4,7,0.291666667,
2/15/2024 8:00,11.2,0.4,8,0.333333333,
2/15/2024 9:00,11.3,0.4,9,0.375,
2/15/2024 10:00,11.4,0.4,10,0.416666667,
2/15/2024 11:00,11.6,0.4,11,0.458333333,
2/15/2024 12:00,12.1,0,12,0.5,
2/15/2024 13:00,12.9,0,13,0.541666667,
2/15/2024 14:00,13.4,0,14,0.583333333,
2/15/2024 15:00,13.8,0,15,0.625,
2/15/2024 16:00,13.8,0,16,0.666666667,
2/15/2024 17:00,13.8,0,17,0.708333333,
2/15/2024 18:00,13.6,0,18,0.75,
2/15/2024 19:00,13.4,0,19,0.791666667,
2/15/2024 20:00,12.9,0,20,0.833333333,
2/15/2024 21:00,12.4,0,21,0.875,
2/15/2024 22:00,11.9,0,22,0.916666667,
2/15/2024 23:00,11.4,0,23,0.958333333,
2/16/2024 0:00,11.1,0.1,0,0,
2/16/2024 1:00,10.8,0.1,1,0.041666667,
2/16/2024 2:00,10.6,0.1,2,0.083333333,
2/16/2024 3:00,10.6,0.1,3,0.125,
2/16/2024 4:00,10.7,0.1,4,0.166666667,
2/16/2024 5:00,10.8,0.1,5,0.208333333,
2/16/2024 6:00,10.8,0,6,0.25,
2/16/2024 7:00,10.8,0,7,0.291666667,
2/16/2024 8:00,10.9,0,8,0.333333333,
2/16/2024 9:00,11.4,0,9,0.375,
2/16/2024 10:00,11.9,0,10,0.416666667,
2/16/2024 11:00,12.4,0,11,0.458333333,
2/16/2024 12:00,13.1,0.3,12,0.5,
2/16/2024 13:00,13.8,0.3,13,0.541666667,
2/16/2024 14:00,14,0.3,14,0.583333333,
2/16/2024 15:00,13.4,0.3,15,0.625,
2/16/2024 16:00,12.4,0.3,16,0.666666667,
2/16/2024 17:00,11.5,0.3,17,0.708333333,
2/16/2024 18:00,11.2,0,18,0.75,
2/16/2024 19:00,11.1,0,19,0.791666667,
2/16/2024 20:00,10.9,0,20,0.833333333,
2/16/2024 21:00,10.6,0,21,0.875,
2/16/2024 22:00,10.1,0,22,0.916666667,
2/16/2024 23:00,9.6,0,23,0.958333333,
2/17/2024 0:00,9.1,0,0,0,
2/17/2024 1:00,8.6,0,1,0.041666667,
2/17/2024 2:00,8.2,0,2,0.083333333,
2/17/2024 3:00,7.9,0,3,0.125,
2/17/2024 4:00,7.8,0,4,0.166666667,
2/17/2024 5:00,7.6,0,5,0.208333333,
2/17/2024 6:00,7.2,0,6,0.25,
2/17/2024 7:00,6.8,0,7,0.291666667,
2/17/2024 8:00,6.6,0,8,0.333333333,
2/17/2024 9:00,6.8,0,9,0.375,
2/17/2024 10:00,7.2,0,10,0.416666667,
2/17/2024 11:00,7.7,0,11,0.458333333,
2/17/2024 12:00,8.4,0,12,0.5,
2/17/2024 13:00,9.4,0,13,0.541666667,
2/17/2024 14:00,10.1,0,14,0.583333333,
2/17/2024 15:00,10.6,0,15,0.625,
2/17/2024 16:00,10.9,0,16,0.666666667,
2/17/2024 17:00,10.9,0,17,0.708333333,
2/17/2024 18:00,9.9,0,18,0.75,
2/17/2024 19:00,8.6,0,19,0.791666667,
2/17/2024 20:00,7.4,0,20,0.833333333,
2/17/2024 21:00,6.9,0,21,0.875,
2/17/2024 22:00,6.8,0,22,0.916666667,
2/17/2024 23:00,6.8,0,23,0.958333333,
2/18/2024 0:00,7.4,0,0,0,
2/18/2024 1:00,8.2,0,1,0.041666667,
2/18/2024 2:00,8.9,0,2,0.083333333,
2/18/2024 3:00,9.2,0,3,0.125,
2/18/2024 4:00,9.3,0,4,0.166666667,
2/18/2024 5:00,9.3,0,5,0.208333333,
2/18/2024 6:00,9.3,0.6,6,0.25,
2/18/2024 7:00,9.2,0.6,7,0.291666667,
2/18/2024 8:00,9.1,0.6,8,0.333333333,
2/18/2024 9:00,8.9,0.6,9,0.375,
2/18/2024 10:00,8.8,0.6,10,0.416666667,
2/18/2024 11:00,8.7,0.6,11,0.458333333,
2/18/2024 12:00,8.7,1.2,12,0.5,
2/18/2024 13:00,8.6,1.2,13,0.541666667,
2/18/2024 14:00,8.6,1.2,14,0.583333333,
2/18/2024 15:00,8.5,1.2,15,0.625,
2/18/2024 16:00,8.3,1.2,16,0.666666667,
2/18/2024 17:00,8.2,1.2,17,0.708333333,
2/18/2024 18:00,8.3,1.5,18,0.75,
2/18/2024 19:00,8.4,1.5,19,0.791666667,
2/18/2024 20:00,8.5,1.5,20,0.833333333,
2/18/2024 21:00,8.4,1.5,21,0.875,
2/18/2024 22:00,8.1,1.5,22,0.916666667,
2/18/2024 23:00,7.9,1.5,23,0.958333333,
2/19/2024 0:00,7.8,0,0,0,
2/19/2024 1:00,7.7,0,1,0.041666667,
2/19/2024 2:00,7.5,0,2,0.083333333,
2/19/2024 3:00,7.3,0,3,0.125,
2/19/2024 4:00,7.2,0,4,0.166666667,
2/19/2024 5:00,7.1,0,5,0.208333333,
2/19/2024 6:00,7.2,0,6,0.25,
2/19/2024 7:00,7.2,0,7,0.291666667,
2/19/2024 8:00,7.4,0,8,0.333333333,
2/19/2024 9:00,7.7,0,9,0.375,
2/19/2024 10:00,8.1,0,10,0.416666667,
2/19/2024 11:00,8.4,0,11,0.458333333,
2/19/2024 12:00,8.8,0.3,12,0.5,
2/19/2024 13:00,9.1,0.3,13,0.541666667,
2/19/2024 14:00,9.3,0.3,14,0.583333333,
2/19/2024 15:00,9.4,0.3,15,0.625,
2/19/2024 16:00,9.4,0.3,16,0.666666667,
2/19/2024 17:00,9.3,0.3,17,0.708333333,
2/19/2024 18:00,9.1,0.3,18,0.75,
2/19/2024 19:00,8.6,0.3,19,0.791666667,
2/19/2024 20:00,8.2,0.3,20,0.833333333,
2/19/2024 21:00,8.1,0.3,21,0.875,
2/19/2024 22:00,7.8,0.3,22,0.916666667,
2/19/2024 23:00,7.5,0.3,23,0.958333333,
2/20/2024 0:00,7,0,0,0,
2/20/2024 1:00,6.3,0,1,0.041666667,
2/20/2024 2:00,5.8,0,2,0.083333333,
2/20/2024 3:00,5.3,0,3,0.125,
2/20/2024 4:00,5.1,0,4,0.166666667,
2/20/2024 5:00,4.8,0,5,0.208333333,
2/20/2024 6:00,4.8,0,6,0.25,
2/20/2024 7:00,4.9,0,7,0.291666667,
2/20/2024 8:00,5.2,0,8,0.333333333,
2/20/2024 9:00,5.7,0,9,0.375,
2/20/2024 10:00,6.3,0,10,0.416666667,
2/20/2024 11:00,7,0,11,0.458333333,
2/20/2024 12:00,7.7,0,12,0.5,
2/20/2024 13:00,8.4,0,13,0.541666667,
2/20/2024 14:00,8.9,0,14,0.583333333,
2/20/2024 15:00,9.5,0,15,0.625,
2/20/2024 16:00,9.9,0,16,0.666666667,
2/20/2024 17:00,10.1,0,17,0.708333333,
2/20/2024 18:00,9.9,0,18,0.75,
2/20/2024 19:00,9.5,0,19,0.791666667,
2/20/2024 20:00,9.1,0.3,20,0.833333333,
2/20/2024 21:00,8.9,0.2,21,0.875,
2/20/2024 22:00,8.7,0.1,22,0.916666667,
2/20/2024 23:00,8.6,0,23,0.958333333,
2/21/2024 0:00,8.8,0,0,0,
2/21/2024 1:00,8.9,0,1,0.041666667,
2/21/2024 2:00,9,0,2,0.083333333,
2/21/2024 3:00,8.7,0,3,0.125,
2/21/2024 4:00,8.1,0,4,0.166666667,
2/21/2024 5:00,7.8,0,5,0.208333333,
2/21/2024 6:00,7.8,0,6,0.25,
2/21/2024 7:00,8.1,0,7,0.291666667,
2/21/2024 8:00,8.2,0,8,0.333333333,
2/21/2024 9:00,8.3,0,9,0.375,
2/21/2024 10:00,8.4,0,10,0.416666667,
2/21/2024 11:00,8.6,0,11,0.458333333,
2/21/2024 12:00,9.2,0,12,0.5,
2/21/2024 13:00,9.9,0,13,0.541666667,
2/21/2024 14:00,10.4,0,14,0.583333333,
2/21/2024 15:00,10.4,0,15,0.625,
2/21/2024 16:00,10.1,0,16,0.666666667,
2/21/2024 17:00,9.7,0,17,0.708333333,
2/21/2024 18:00,9.4,0,18,0.75,
2/21/2024 19:00,9.1,0.3,19,0.791666667,
2/21/2024 20:00,8.7,0.8,20,0.833333333,
2/21/2024 21:00,8.5,0.8,21,0.875,
2/21/2024 22:00,8.3,0.6,22,0.916666667,
2/21/2024 23:00,8.2,0.7,23,0.958333333,
2/22/2024 0:00,8.2,1,0,0,
2/22/2024 1:00,8.2,0.1,1,0.041666667,
2/22/2024 2:00,8.4,0,2,0.083333333,
2/22/2024 3:00,8.6,0,3,0.125,
2/22/2024 4:00,8.9,0.2,4,0.166666667,
2/22/2024 5:00,9.1,0,5,0.208333333,
2/22/2024 6:00,9.2,0.1,6,0.25,
2/22/2024 7:00,9.3,0.1,7,0.291666667,
2/22/2024 8:00,9.4,0,8,0.333333333,
2/22/2024 9:00,9.6,0,9,0.375,
2/22/2024 10:00,9.7,0,10,0.416666667,
2/22/2024 11:00,10,0,11,0.458333333,
2/22/2024 12:00,10.7,0,12,0.5,
2/22/2024 13:00,11.5,0,13,0.541666667,
2/22/2024 14:00,12.1,0,14,0.583333333,
2/22/2024 15:00,12.1,0,15,0.625,
2/22/2024 16:00,12.1,0.1,16,0.666666667,
2/22/2024 17:00,11.9,0,17,0.708333333,
2/22/2024 18:00,12.1,0,18,0.75,
2/22/2024 19:00,12.3,0.2,19,0.791666667,
2/22/2024 20:00,12.1,0,20,0.833333333,
2/22/2024 21:00,11.4,0.1,21,0.875,
2/22/2024 22:00,10.3,1,22,0.916666667,
2/22/2024 23:00,9.1,0,23,0.958333333,
2/23/2024 0:00,7.8,0,0,0,
2/23/2024 1:00,6.4,0.4,1,0.041666667,
2/23/2024 2:00,5.3,1,2,0.083333333,
2/23/2024 3:00,4.8,1.3,3,0.125,
2/23/2024 4:00,4.7,0.5,4,0.166666667,
2/23/2024 5:00,4.4,0.1,5,0.208333333,
2/23/2024 6:00,4.1,0,6,0.25,
2/23/2024 7:00,3.7,0,7,0.291666667,
2/23/2024 8:00,3.7,0,8,0.333333333,
2/23/2024 9:00,4.2,0,9,0.375,
2/23/2024 10:00,5.2,0,10,0.416666667,
2/23/2024 11:00,5.9,0,11,0.458333333,
2/23/2024 12:00,6.4,0,12,0.5,
2/23/2024 13:00,6.8,0,13,0.541666667,
2/23/2024 14:00,7.1,0.4,14,0.583333333,
2/23/2024 15:00,7.2,0.1,15,0.625,
2/23/2024 16:00,7.2,0,16,0.666666667,
2/23/2024 17:00,7.1,0.3,17,0.708333333,
2/23/2024 18:00,6.6,0,18,0.75,
2/23/2024 19:00,5.9,0.1,19,0.791666667,
2/23/2024 20:00,5.3,0,20,0.833333333,
2/23/2024 21:00,4.9,0.3,21,0.875,
2/23/2024 22:00,4.6,0,22,0.916666667,
2/23/2024 23:00,4.2,0.1,23,0.958333333,
2/24/2024 0:00,4.2,0,0,0,
2/24/2024 1:00,4.2,0,1,0.041666667,
2/24/2024 2:00,4.2,0,2,0.083333333,
2/24/2024 3:00,4,0,3,0.125,
2/24/2024 4:00,3.6,0.1,4,0.166666667,
2/24/2024 5:00,3.3,0.2,5,0.208333333,
2/24/2024 6:00,3,0,6,0.25,
2/24/2024 7:00,2.8,0,7,0.291666667,
2/24/2024 8:00,2.8,0,8,0.333333333,
2/24/2024 9:00,3.5,0,9,0.375,
2/24/2024 10:00,4.6,0.2,10,0.416666667,
2/24/2024 11:00,5.3,0,11,0.458333333,
2/24/2024 12:00,5.7,0.1,12,0.5,
2/24/2024 13:00,5.8,0.1,13,0.541666667,
2/24/2024 14:00,5.8,0.5,14,0.583333333,
2/24/2024 15:00,6,0.3,15,0.625,
2/24/2024 16:00,6.2,0.1,16,0.666666667,
2/24/2024 17:00,6.1,0.1,17,0.708333333,
2/24/2024 18:00,5.5,0.1,18,0.75,
2/24/2024 19:00,4.7,0.1,19,0.791666667,
2/24/2024 20:00,3.8,0,20,0.833333333,
2/24/2024 21:00,3.3,0,21,0.875,
2/24/2024 22:00,2.8,0,22,0.916666667,
2/24/2024 23:00,2.5,0,23,0.958333333,
2/25/2024 0:00,2.6,0,0,0,
2/25/2024 1:00,2.8,0.1,1,0.041666667,
2/25/2024 2:00,3,0.1,2,0.083333333,
2/25/2024 3:00,3.2,0.1,3,0.125,
2/25/2024 4:00,3.4,0,4,0.166666667,
2/25/2024 5:00,3.5,0.7,5,0.208333333,
2/25/2024 6:00,3.5,0.2,6,0.25,
2/25/2024 7:00,3.5,0.1,7,0.291666667,
2/25/2024 8:00,3.5,0,8,0.333333333,
2/25/2024 9:00,4,0.1,9,0.375,
2/25/2024 10:00,4.6,0.1,10,0.416666667,
2/25/2024 11:00,5.2,0.1,11,0.458333333,
2/25/2024 12:00,5.9,0,12,0.5,
2/25/2024 13:00,6.7,0.2,13,0.541666667,
2/25/2024 14:00,7.2,0,14,0.583333333,
2/25/2024 15:00,7.9,0,15,0.625,
2/25/2024 16:00,8.4,0.1,16,0.666666667,
2/25/2024 17:00,8.2,0,17,0.708333333,
2/25/2024 18:00,7.2,0,18,0.75,
2/25/2024 19:00,5.4,0,19,0.791666667,
2/25/2024 20:00,4,0,20,0.833333333,
2/25/2024 21:00,3.3,0,21,0.875,
2/25/2024 22:00,2.8,0,22,0.916666667,
2/25/2024 23:00,2.5,0,23,0.958333333,
2/26/2024 0:00,2.5,0,0,0,
2/26/2024 1:00,2.5,0,1,0.041666667,
2/26/2024 2:00,2.4,0,2,0.083333333,
2/26/2024 3:00,2.3,0,3,0.125,
2/26/2024 4:00,2.2,0,4,0.166666667,
2/26/2024 5:00,2,0,5,0.208333333,
2/26/2024 6:00,2.2,0,6,0.25,
2/26/2024 7:00,2.3,0,7,0.291666667,
2/26/2024 8:00,2.6,0,8,0.333333333,
2/26/2024 9:00,3,0,9,0.375,
2/26/2024 10:00,3.5,0,10,0.416666667,
2/26/2024 11:00,4.1,0,11,0.458333333,
2/26/2024 12:00,4.8,0,12,0.5,
2/26/2024 13:00,5.7,0,13,0.541666667,
2/26/2024 14:00,6.2,0,14,0.583333333,
2/26/2024 15:00,6.3,0,15,0.625,
2/26/2024 16:00,6.3,0,16,0.666666667,
2/26/2024 17:00,6.1,0,17,0.708333333,
2/26/2024 18:00,5.6,0,18,0.75,
2/26/2024 19:00,4.9,0,19,0.791666667,
2/26/2024 20:00,4.3,0,20,0.833333333,
2/26/2024 21:00,4,0,21,0.875,
2/26/2024 22:00,3.6,0,22,0.916666667,
2/26/2024 23:00,3.3,0,23,0.958333333,
2/27/2024 0:00,3,0,0,0,
2/27/2024 1:00,2.8,0,1,0.041666667,
2/27/2024 2:00,2.5,0,2,0.083333333,
2/27/2024 3:00,2.1,0,3,0.125,
2/27/2024 4:00,1.5,0,4,0.166666667,
2/27/2024 5:00,1,0,5,0.208333333,
2/27/2024 6:00,0.6,0,6,0.25,
2/27/2024 7:00,0.1,0,7,0.291666667,
2/27/2024 8:00,-0.1,0,8,0.333333333,
2/27/2024 9:00,0.4,0,9,0.375,
2/27/2024 10:00,1.4,0,10,0.416666667,
2/27/2024 11:00,2.3,0,11,0.458333333,
2/27/2024 12:00,3,0,12,0.5,
2/27/2024 13:00,3.8,0,13,0.541666667,
2/27/2024 14:00,4.4,0,14,0.583333333,
2/27/2024 15:00,5.1,0,15,0.625,
2/27/2024 16:00,5.7,0,16,0.666666667,
2/27/2024 17:00,5.8,0,17,0.708333333,
2/27/2024 18:00,5.1,0,18,0.75,
2/27/2024 19:00,4.1,0,19,0.791666667,
2/27/2024 20:00,3.2,0,20,0.833333333,
2/27/2024 21:00,3,0,21,0.875,
2/27/2024 22:00,3,0,22,0.916666667,
2/27/2024 23:00,2.7,0,23,0.958333333,
2/28/2024 0:00,1.7,0,0,0,
2/28/2024 1:00,0.4,0,1,0.041666667,
2/28/2024 2:00,-0.4,0,2,0.083333333,
2/28/2024 3:00,-0.6,0,3,0.125,
2/28/2024 4:00,-0.4,0,4,0.166666667,
2/28/2024 5:00,-0.1,0,5,0.208333333,
2/28/2024 6:00,0.6,0,6,0.25,
2/28/2024 7:00,1.5,0,7,0.291666667,
2/28/2024 8:00,2.2,0,8,0.333333333,
2/28/2024 9:00,2.5,0,9,0.375,
2/28/2024 10:00,2.8,0.1,10,0.416666667,
2/28/2024 11:00,3.3,0,11,0.458333333,
2/28/2024 12:00,4.8,0,12,0.5,
2/28/2024 13:00,6.6,0,13,0.541666667,
2/28/2024 14:00,7.9,0,14,0.583333333,
2/28/2024 15:00,8.6,0,15,0.625,
2/28/2024 16:00,8.9,0,16,0.666666667,
2/28/2024 17:00,8.8,0,17,0.708333333,
2/28/2024 18:00,8.2,0,18,0.75,
2/28/2024 19:00,7.2,0,19,0.791666667,
2/28/2024 20:00,6.4,0,20,0.833333333,
2/28/2024 21:00,6.2,0,21,0.875,
2/28/2024 22:00,6.2,0,22,0.916666667,
2/28/2024 23:00,6.2,0,23,0.958333333,
2/29/2024 0:00,6.2,0,0,0,
2/29/2024 1:00,6.3,0,1,0.041666667,
2/29/2024 2:00,6.2,0,2,0.083333333,
2/29/2024 3:00,6.1,0,3,0.125,
2/29/2024 4:00,5.9,0,4,0.166666667,
2/29/2024 5:00,5.8,0,5,0.208333333,
2/29/2024 6:00,5.8,0,6,0.25,
2/29/2024 7:00,6,0,7,0.291666667,
2/29/2024 8:00,6.3,0,8,0.333333333,
2/29/2024 9:00,6.9,0.1,9,0.375,
2/29/2024 10:00,7.7,0.1,10,0.416666667,
2/29/2024 11:00,8.1,0,11,0.458333333,
2/29/2024 12:00,8.2,0,12,0.5,
2/29/2024 13:00,8.1,0,13,0.541666667,
2/29/2024 14:00,7.9,0.1,14,0.583333333,
2/29/2024 15:00,8.1,0.1,15,0.625,
2/29/2024 16:00,8.2,0.3,16,0.666666667,
2/29/2024 17:00,8.3,0.3,17,0.708333333,
2/29/2024 18:00,8.2,0.3,18,0.75,
2/29/2024 19:00,8.1,0.2,19,0.791666667,
2/29/2024 20:00,8.1,1,20,0.833333333,
2/29/2024 21:00,8.3,0.4,21,0.875,
2/29/2024 22:00,8.6,0.1,22,0.916666667,
2/29/2024 23:00,8.6,0,23,0.958333333,
3/1/2024 0:00,8.6,0,0,0,
3/1/2024 1:00,8.4,0,1,0.041666667,
3/1/2024 2:00,8.2,0,2,0.083333333,
3/1/2024 3:00,8.3,0,3,0.125,
3/1/2024 4:00,8.4,0,4,0.166666667,
3/1/2024 5:00,8.4,0,5,0.208333333,
3/1/2024 6:00,8.1,0,6,0.25,
3/1/2024 7:00,7.8,0,7,0.291666667,
3/1/2024 8:00,7.5,0,8,0.333333333,
3/1/2024 9:00,7.4,0,9,0.375,
3/1/2024 10:00,7.3,0,10,0.416666667,
3/1/2024 11:00,7.5,0,11,0.458333333,
3/1/2024 12:00,8,0,12,0.5,
3/1/2024 13:00,8.7,0,13,0.541666667,
3/1/2024 14:00,9.3,0,14,0.583333333,
3/1/2024 15:00,9.9,0,15,0.625,
3/1/2024 16:00,10.5,0,16,0.666666667,
3/1/2024 17:00,10.6,0,17,0.708333333,
3/1/2024 18:00,10.1,0,18,0.75,
3/1/2024 19:00,9.1,0,19,0.791666667,
3/1/2024 20:00,8.2,0,20,0.833333333,
3/1/2024 21:00,8.1,0,21,0.875,
3/1/2024 22:00,8.2,0,22,0.916666667,
3/1/2024 23:00,8.1,0,23,0.958333333,
3/2/2024 0:00,7.5,0,0,0,
3/2/2024 1:00,6.7,0,1,0.041666667,
3/2/2024 2:00,6.2,0,2,0.083333333,
3/2/2024 3:00,6.6,0,3,0.125,
3/2/2024 4:00,7.1,0,4,0.166666667,
3/2/2024 5:00,7.4,0,5,0.208333333,
3/2/2024 6:00,7.2,0,6,0.25,
3/2/2024 7:00,6.7,0,7,0.291666667,
3/2/2024 8:00,6.6,0,8,0.333333333,
3/2/2024 9:00,7.1,0,9,0.375,
3/2/2024 10:00,7.9,0,10,0.416666667,
3/2/2024 11:00,8.9,0,11,0.458333333,
3/2/2024 12:00,9.9,0,12,0.5,
3/2/2024 13:00,10.9,0,13,0.541666667,
3/2/2024 14:00,11.8,0,14,0.583333333,
3/2/2024 15:00,12.6,0,15,0.625,
3/2/2024 16:00,13.1,0,16,0.666666667,
3/2/2024 17:00,13.2,0,17,0.708333333,
3/2/2024 18:00,12.4,0,18,0.75,
3/2/2024 19:00,11,0,19,0.791666667,
3/2/2024 20:00,9.9,0,20,0.833333333,
3/2/2024 21:00,9.7,0.1,21,0.875,
3/2/2024 22:00,9.8,0.1,22,0.916666667,
3/2/2024 23:00,9.8,0.1,23,0.958333333,
3/3/2024 0:00,9.4,0,0,0,
3/3/2024 1:00,8.9,0,1,0.041666667,
3/3/2024 2:00,8.4,0,2,0.083333333,
3/3/2024 3:00,8,0,3,0.125,
3/3/2024 4:00,7.7,0,4,0.166666667,
3/3/2024 5:00,7.4,0,5,0.208333333,
3/3/2024 6:00,7.1,0,6,0.25,
3/3/2024 7:00,6.7,0,7,0.291666667,
3/3/2024 8:00,6.7,0,8,0.333333333,
3/3/2024 9:00,7.3,0,9,0.375,
3/3/2024 10:00,8.2,0,10,0.416666667,
3/3/2024 11:00,9.4,0,11,0.458333333,
3/3/2024 12:00,11.1,0,12,0.5,
3/3/2024 13:00,13,0,13,0.541666667,
3/3/2024 14:00,14.4,0,14,0.583333333,
3/3/2024 15:00,15.1,0,15,0.625,
3/3/2024 16:00,15.1,0,16,0.666666667,
3/3/2024 17:00,14.6,0,17,0.708333333,
3/3/2024 18:00,13.4,0,18,0.75,
3/3/2024 19:00,11.6,0,19,0.791666667,
3/3/2024 20:00,10.1,0,20,0.833333333,
3/3/2024 21:00,9.1,0,21,0.875,
3/3/2024 22:00,8.4,0,22,0.916666667,
3/3/2024 23:00,7.7,0,23,0.958333333,
3/4/2024 0:00,6.8,0,0,0,
3/4/2024 1:00,5.7,0,1,0.041666667,
3/4/2024 2:00,4.8,0,2,0.083333333,
3/4/2024 3:00,4.1,0,3,0.125,
3/4/2024 4:00,3.4,0,4,0.166666667,
3/4/2024 5:00,2.9,0,5,0.208333333,
3/4/2024 6:00,2.4,0,6,0.25,
3/4/2024 7:00,2,0,7,0.291666667,
3/4/2024 8:00,2,0,8,0.333333333,
3/4/2024 9:00,2.9,0,9,0.375,
3/4/2024 10:00,4.2,0,10,0.416666667,
3/4/2024 11:00,5.6,0,11,0.458333333,
3/4/2024 12:00,6.9,0,12,0.5,
3/4/2024 13:00,8.3,0,13,0.541666667,
3/4/2024 14:00,9.3,0,14,0.583333333,
3/4/2024 15:00,9.9,0,15,0.625,
3/4/2024 16:00,10.2,0,16,0.666666667,
3/4/2024 17:00,10.1,0,17,0.708333333,
3/4/2024 18:00,9.9,0,18,0.75,
3/4/2024 19:00,9.2,0,19,0.791666667,
3/4/2024 20:00,8.6,0,20,0.833333333,
3/4/2024 21:00,7.8,0,21,0.875,
3/4/2024 22:00,7.1,0,22,0.916666667,
3/4/2024 23:00,6.5,0,23,0.958333333,
3/5/2024 0:00,6.6,0,0,0,
3/5/2024 1:00,6.8,0,1,0.041666667,
3/5/2024 2:00,7.1,0,2,0.083333333,
3/5/2024 3:00,7.1,0,3,0.125,
3/5/2024 4:00,7.1,0,4,0.166666667,
3/5/2024 5:00,7.1,0,5,0.208333333,
3/5/2024 6:00,6.9,0,6,0.25,
3/5/2024 7:00,6.8,0,7,0.291666667,
3/5/2024 8:00,6.8,0,8,0.333333333,
3/5/2024 9:00,7.2,0,9,0.375,
3/5/2024 10:00,7.7,0,10,0.416666667,
3/5/2024 11:00,8.1,0,11,0.458333333,
3/5/2024 12:00,8.6,0,12,0.5,
3/5/2024 13:00,8.9,0,13,0.541666667,
3/5/2024 14:00,9.2,0,14,0.583333333,
3/5/2024 15:00,9.3,0.1,15,0.625,
3/5/2024 16:00,9.3,0.1,16,0.666666667,
3/5/2024 17:00,9,0.1,17,0.708333333,
3/5/2024 18:00,8.4,0.1,18,0.75,
3/5/2024 19:00,7.5,0.1,19,0.791666667,
3/5/2024 20:00,6.8,0.1,20,0.833333333,
3/5/2024 21:00,6.4,0,21,0.875,
3/5/2024 22:00,6.3,0,22,0.916666667,
3/5/2024 23:00,6.1,0,23,0.958333333,
3/6/2024 0:00,5.7,0.1,0,0,
3/6/2024 1:00,5.3,0.1,1,0.041666667,
3/6/2024 2:00,4.9,0.1,2,0.083333333,
3/6/2024 3:00,4.7,0.1,3,0.125,
3/6/2024 4:00,4.5,0.1,4,0.166666667,
3/6/2024 5:00,4.3,0.1,5,0.208333333,
3/6/2024 6:00,4,0,6,0.25,
3/6/2024 7:00,3.7,0,7,0.291666667,
3/6/2024 8:00,3.7,0,8,0.333333333,
3/6/2024 9:00,4.1,0,9,0.375,
3/6/2024 10:00,4.8,0,10,0.416666667,
3/6/2024 11:00,5.5,0,11,0.458333333,
3/6/2024 12:00,6.2,0,12,0.5,
3/6/2024 13:00,6.9,0,13,0.541666667,
3/6/2024 14:00,7.4,0,14,0.583333333,
3/6/2024 15:00,7.9,0,15,0.625,
3/6/2024 16:00,8.4,0,16,0.666666667,
3/6/2024 17:00,8.5,0,17,0.708333333,
3/6/2024 18:00,8.4,0,18,0.75,
3/6/2024 19:00,8,0,19,0.791666667,
3/6/2024 20:00,7.6,0,20,0.833333333,
3/6/2024 21:00,7.3,0,21,0.875,
3/6/2024 22:00,7.1,0,22,0.916666667,
3/6/2024 23:00,6.7,0,23,0.958333333,
3/7/2024 0:00,6.2,0,0,0,
3/7/2024 1:00,5.5,0,1,0.041666667,
3/7/2024 2:00,4.7,0,2,0.083333333,
3/7/2024 3:00,3.6,0,3,0.125,
3/7/2024 4:00,2.3,0,4,0.166666667,
3/7/2024 5:00,1.3,0,5,0.208333333,
3/7/2024 6:00,0.4,0,6,0.25,
3/7/2024 7:00,-0.2,0,7,0.291666667,
3/7/2024 8:00,-0.3,0,8,0.333333333,
3/7/2024 9:00,0.8,0,9,0.375,
3/7/2024 10:00,2.3,0,10,0.416666667,
3/7/2024 11:00,3.8,0,11,0.458333333,
3/7/2024 12:00,4.7,0,12,0.5,
3/7/2024 13:00,5.3,0,13,0.541666667,
3/7/2024 14:00,5.8,0,14,0.583333333,
3/7/2024 15:00,6.3,0,15,0.625,
3/7/2024 16:00,6.8,0,16,0.666666667,
3/7/2024 17:00,6.8,0,17,0.708333333,
3/7/2024 18:00,6.6,0,18,0.75,
3/7/2024 19:00,5.9,0,19,0.791666667,
3/7/2024 20:00,5.2,0,20,0.833333333,
3/7/2024 21:00,4.4,0,21,0.875,
3/7/2024 22:00,3.5,0,22,0.916666667,
3/7/2024 23:00,2.8,0,23,0.958333333,
3/8/2024 0:00,2.3,0,0,0,
3/8/2024 1:00,2,0,1,0.041666667,
3/8/2024 2:00,1.5,0,2,0.083333333,
3/8/2024 3:00,1.1,0,3,0.125,
3/8/2024 4:00,0.8,0,4,0.166666667,
3/8/2024 5:00,0.4,0,5,0.208333333,
3/8/2024 6:00,-0.1,0,6,0.25,
3/8/2024 7:00,-0.5,0,7,0.291666667,
3/8/2024 8:00,-0.5,0,8,0.333333333,
3/8/2024 9:00,0.3,0,9,0.375,
3/8/2024 10:00,1.7,0,10,0.416666667,
3/8/2024 11:00,3.2,0,11,0.458333333,
3/8/2024 12:00,4.8,0,12,0.5,
3/8/2024 13:00,6.6,0,13,0.541666667,
3/8/2024 14:00,7.9,0,14,0.583333333,
3/8/2024 15:00,8.7,0,15,0.625,
3/8/2024 16:00,9,0,16,0.666666667,
3/8/2024 17:00,8.9,0,17,0.708333333,
3/8/2024 18:00,8.1,0,18,0.75,
3/8/2024 19:00,6.8,0,19,0.791666667,
3/8/2024 20:00,5.8,0,20,0.833333333,
3/8/2024 21:00,5.2,0,21,0.875,
3/8/2024 22:00,4.9,0,22,0.916666667,
3/8/2024 23:00,4.7,0,23,0.958333333,
3/9/2024 0:00,4.3,0,0,0,
3/9/2024 1:00,4.1,0,1,0.041666667,
3/9/2024 2:00,3.7,0,2,0.083333333,
3/9/2024 3:00,3.2,0,3,0.125,
3/9/2024 4:00,2.8,0,4,0.166666667,
3/9/2024 5:00,2.3,0,5,0.208333333,
3/9/2024 6:00,1.8,0,6,0.25,
3/9/2024 7:00,1.2,0,7,0.291666667,
3/9/2024 8:00,1.3,0,8,0.333333333,
3/9/2024 9:00,2.3,0,9,0.375,
3/9/2024 10:00,3.8,0,10,0.416666667,
3/9/2024 11:00,5.4,0,11,0.458333333,
3/9/2024 12:00,6.9,0,12,0.5,
3/9/2024 13:00,8.4,0,13,0.541666667,
3/9/2024 14:00,9.5,0,14,0.583333333,
3/9/2024 15:00,10.2,0,15,0.625,
3/9/2024 16:00,10.6,0,16,0.666666667,
3/9/2024 17:00,10.6,0,17,0.708333333,
3/9/2024 18:00,9.8,0,18,0.75,
3/9/2024 19:00,8.4,0,19,0.791666667,
3/9/2024 20:00,7.2,0,20,0.833333333,
3/9/2024 21:00,6.3,0,21,0.875,
3/9/2024 22:00,5.6,0,22,0.916666667,
3/9/2024 23:00,4.9,0,23,0.958333333,
3/10/2024 0:00,4.4,0,0,0,
3/10/2024 1:00,4.1,0,1,0.041666667,
3/10/2024 2:00,3.8,0,2,0.083333333,
3/10/2024 3:00,3.7,0,3,0.125,
3/10/2024 4:00,3.7,0,4,0.166666667,
3/10/2024 5:00,3.6,0,5,0.208333333,
3/10/2024 6:00,3.5,0,6,0.25,
3/10/2024 7:00,3.2,0,7,0.291666667,
3/10/2024 8:00,3.5,0,8,0.333333333,
3/10/2024 9:00,4.4,0,9,0.375,
3/10/2024 10:00,5.8,0,10,0.416666667,
3/10/2024 11:00,7.1,0,11,0.458333333,
3/10/2024 12:00,8.6,0,12,0.5,
3/10/2024 13:00,10,0,13,0.541666667,
3/10/2024 14:00,11.1,0,14,0.583333333,
3/10/2024 15:00,11.9,0,15,0.625,
3/10/2024 16:00,12.3,0,16,0.666666667,
3/10/2024 17:00,12.2,0,17,0.708333333,
3/10/2024 18:00,11.5,0,18,0.75,
3/10/2024 19:00,10.2,0,19,0.791666667,
3/10/2024 20:00,9.2,0,20,0.833333333,
3/10/2024 21:00,8.8,0,21,0.875,
3/10/2024 22:00,8.6,0,22,0.916666667,
3/10/2024 23:00,8.2,0,23,0.958333333,
3/11/2024 0:00,7.6,0,0,0,
3/11/2024 1:00,6.8,0,1,0.041666667,
3/11/2024 2:00,6.3,0,2,0.083333333,
3/11/2024 3:00,6.2,0,3,0.125,
3/11/2024 4:00,6.4,0,4,0.166666667,
3/11/2024 5:00,6.4,0,5,0.208333333,
3/11/2024 6:00,6.3,0.1,6,0.25,
3/11/2024 7:00,6.1,0.1,7,0.291666667,
3/11/2024 8:00,6,0.1,8,0.333333333,
3/11/2024 9:00,6.2,0.3,9,0.375,
3/11/2024 10:00,6.6,0.3,10,0.416666667,
3/11/2024 11:00,7.1,0.3,11,0.458333333,
3/11/2024 12:00,7.8,0.1,12,0.5,
3/11/2024 13:00,8.6,0.1,13,0.541666667,
3/11/2024 14:00,9.3,0.1,14,0.583333333,
3/11/2024 15:00,9.7,0.1,15,0.625,
3/11/2024 16:00,9.9,0.1,16,0.666666667,
3/11/2024 17:00,9.8,0.1,17,0.708333333,
3/11/2024 18:00,9.4,0.2,18,0.75,
3/11/2024 19:00,8.7,0.2,19,0.791666667,
3/11/2024 20:00,7.9,0.2,20,0.833333333,
3/11/2024 21:00,7.1,0,21,0.875,
3/11/2024 22:00,6.1,0,22,0.916666667,
3/11/2024 23:00,5.5,0,23,0.958333333,
3/12/2024 0:00,5.7,0,0,0,
3/12/2024 1:00,6.2,0,1,0.041666667,
3/12/2024 2:00,6.3,0,2,0.083333333,
3/12/2024 3:00,5.9,0,3,0.125,
3/12/2024 4:00,5.2,0,4,0.166666667,
3/12/2024 5:00,4.8,0,5,0.208333333,
3/12/2024 6:00,5.2,0,6,0.25,
3/12/2024 7:00,6,0,7,0.291666667,
3/12/2024 8:00,6.7,0,8,0.333333333,
3/12/2024 9:00,7.1,0,9,0.375,
3/12/2024 10:00,7.3,0,10,0.416666667,
3/12/2024 11:00,7.6,0,11,0.458333333,
3/12/2024 12:00,7.9,0,12,0.5,
3/12/2024 13:00,8.2,0,13,0.541666667,
3/12/2024 14:00,8.4,0,14,0.583333333,
3/12/2024 15:00,8.4,0,15,0.625,
3/12/2024 16:00,8.4,0,16,0.666666667,
3/12/2024 17:00,8.2,0,17,0.708333333,
3/12/2024 18:00,8.1,0,18,0.75,
3/12/2024 19:00,7.8,0,19,0.791666667,
3/12/2024 20:00,7.6,0,20,0.833333333,
3/12/2024 21:00,7.6,0,21,0.875,
3/12/2024 22:00,7.5,0,22,0.916666667,
3/12/2024 23:00,7.2,0,23,0.958333333,
3/13/2024 0:00,6.6,0,0,0,
3/13/2024 1:00,5.6,0,1,0.041666667,
3/13/2024 2:00,5,0,2,0.083333333,
3/13/2024 3:00,5.1,0,3,0.125,
3/13/2024 4:00,5.4,0,4,0.166666667,
3/13/2024 5:00,5.8,0,5,0.208333333,
3/13/2024 6:00,6.2,0,6,0.25,
3/13/2024 7:00,6.6,0,7,0.291666667,
3/13/2024 8:00,7.1,0,8,0.333333333,
3/13/2024 9:00,7.9,0,9,0.375,
3/13/2024 10:00,8.9,0,10,0.416666667,
3/13/2024 11:00,9.7,0,11,0.458333333,
3/13/2024 12:00,10.4,0,12,0.5,
3/13/2024 13:00,10.9,0,13,0.541666667,
3/13/2024 14:00,11.4,0,14,0.583333333,
3/13/2024 15:00,11.9,0.1,15,0.625,
3/13/2024 16:00,12.4,0.1,16,0.666666667,
3/13/2024 17:00,12.4,0.1,17,0.708333333,
3/13/2024 18:00,11.9,0,18,0.75,
3/13/2024 19:00,11.1,0,19,0.791666667,
3/13/2024 20:00,10.5,0,20,0.833333333,
3/13/2024 21:00,10.4,0,21,0.875,
3/13/2024 22:00,10.6,0,22,0.916666667,
3/13/2024 23:00,10.7,0,23,0.958333333,
3/14/2024 0:00,10.8,0,0,0,
3/14/2024 1:00,10.8,0,1,0.041666667,
3/14/2024 2:00,10.6,0,2,0.083333333,
3/14/2024 3:00,10.2,0,3,0.125,
3/14/2024 4:00,9.6,0,4,0.166666667,
3/14/2024 5:00,9,0,5,0.208333333,
3/14/2024 6:00,8.7,0,6,0.25,
3/14/2024 7:00,8.5,0,7,0.291666667,
3/14/2024 8:00,8.6,0,8,0.333333333,
3/14/2024 9:00,9.4,0,9,0.375,
3/14/2024 10:00,10.4,0,10,0.416666667,
3/14/2024 11:00,11.5,0,11,0.458333333,
3/14/2024 12:00,12.6,0,12,0.5,
3/14/2024 13:00,13.9,0,13,0.541666667,
3/14/2024 14:00,14.8,0,14,0.583333333,
3/14/2024 15:00,15.4,0,15,0.625,
3/14/2024 16:00,15.6,0,16,0.666666667,
3/14/2024 17:00,15.5,0,17,0.708333333,
3/14/2024 18:00,14.8,0,18,0.75,
3/14/2024 19:00,13.6,0,19,0.791666667,
3/14/2024 20:00,12.8,0,20,0.833333333,
3/14/2024 21:00,12.4,0,21,0.875,
3/14/2024 22:00,12.1,0,22,0.916666667,
3/14/2024 23:00,12.1,0,23,0.958333333,
3/15/2024 0:00,12.2,0,0,0,
3/15/2024 1:00,12.6,0,1,0.041666667,
3/15/2024 2:00,12.6,0,2,0.083333333,
3/15/2024 3:00,12.1,0,3,0.125,
3/15/2024 4:00,11.4,0,4,0.166666667,
3/15/2024 5:00,10.8,0,5,0.208333333,
3/15/2024 6:00,10.6,0.2,6,0.25,
3/15/2024 7:00,10.8,0.2,7,0.291666667,
3/15/2024 8:00,11.1,0.2,8,0.333333333,
3/15/2024 9:00,11.6,0.1,9,0.375,
3/15/2024 10:00,12.2,0.1,10,0.416666667,
3/15/2024 11:00,12.9,0.1,11,0.458333333,
3/15/2024 12:00,13.8,0.1,12,0.5,
3/15/2024 13:00,14.6,0.1,13,0.541666667,
3/15/2024 14:00,15.1,0.1,14,0.583333333,
3/15/2024 15:00,15,0.3,15,0.625,
3/15/2024 16:00,14.6,0.3,16,0.666666667,
3/15/2024 17:00,13.9,0.3,17,0.708333333,
3/15/2024 18:00,13.1,0.2,18,0.75,
3/15/2024 19:00,12.2,0.2,19,0.791666667,
3/15/2024 20:00,11.4,0.2,20,0.833333333,
3/15/2024 21:00,10.9,0,21,0.875,
3/15/2024 22:00,10.6,0,22,0.916666667,
3/15/2024 23:00,10.2,0,23,0.958333333,
3/16/2024 0:00,10.1,0,0,0,
3/16/2024 1:00,10.1,0,1,0.041666667,
3/16/2024 2:00,9.9,0,2,0.083333333,
3/16/2024 3:00,9.9,0.4,3,0.125,
3/16/2024 4:00,9.9,0.4,4,0.166666667,
3/16/2024 5:00,9.6,0.4,5,0.208333333,
3/16/2024 6:00,8.9,0.2,6,0.25,
3/16/2024 7:00,7.8,0.2,7,0.291666667,
3/16/2024 8:00,7.2,0.2,8,0.333333333,
3/16/2024 9:00,7.3,0,9,0.375,
3/16/2024 10:00,7.8,0,10,0.416666667,
3/16/2024 11:00,8.3,0,11,0.458333333,
3/16/2024 12:00,8.9,0.1,12,0.5,
3/16/2024 13:00,9.4,0.1,13,0.541666667,
3/16/2024 14:00,9.8,0.1,14,0.583333333,
3/16/2024 15:00,10.1,0.1,15,0.625,
3/16/2024 16:00,10.2,0.1,16,0.666666667,
3/16/2024 17:00,10,0.1,17,0.708333333,
3/16/2024 18:00,9.2,0,18,0.75,
3/16/2024 19:00,8,0,19,0.791666667,
3/16/2024 20:00,6.8,0,20,0.833333333,
3/16/2024 21:00,5.8,0,21,0.875,
3/16/2024 22:00,4.9,0,22,0.916666667,
3/16/2024 23:00,4,0,23,0.958333333,
3/17/2024 0:00,3.2,0,0,0,
3/17/2024 1:00,2.5,0,1,0.041666667,
3/17/2024 2:00,1.9,0,2,0.083333333,
3/17/2024 3:00,1.6,0,3,0.125,
3/17/2024 4:00,1.5,0,4,0.166666667,
3/17/2024 5:00,1.5,0,5,0.208333333,
3/17/2024 6:00,1.8,0,6,0.25,
3/17/2024 7:00,2.1,0,7,0.291666667,
3/17/2024 8:00,2.8,0,8,0.333333333,
3/17/2024 9:00,4.3,0,9,0.375,
3/17/2024 10:00,6.2,0,10,0.416666667,
3/17/2024 11:00,7.8,0,11,0.458333333,
3/17/2024 12:00,9.1,0,12,0.5,
3/17/2024 13:00,10.1,0,13,0.541666667,
3/17/2024 14:00,10.9,0,14,0.583333333,
3/17/2024 15:00,11.4,0,15,0.625,
3/17/2024 16:00,11.5,0,16,0.666666667,
3/17/2024 17:00,11.4,0,17,0.708333333,
3/17/2024 18:00,11,0,18,0.75,
3/17/2024 19:00,10.4,0,19,0.791666667,
3/17/2024 20:00,9.8,0,20,0.833333333,
3/17/2024 21:00,9.4,0,21,0.875,
3/17/2024 22:00,9.1,0,22,0.916666667,
3/17/2024 23:00,8.7,0,23,0.958333333,
3/18/2024 0:00,8.4,0,0,0,
3/18/2024 1:00,8.1,0,1,0.041666667,
3/18/2024 2:00,7.9,0,2,0.083333333,
3/18/2024 3:00,7.9,0.2,3,0.125,
3/18/2024 4:00,7.9,0.2,4,0.166666667,
3/18/2024 5:00,7.9,0.2,5,0.208333333,
3/18/2024 6:00,7.7,0.2,6,0.25,
3/18/2024 7:00,7.4,0.2,7,0.291666667,
3/18/2024 8:00,7.5,0.2,8,0.333333333,
3/18/2024 9:00,8.1,0.1,9,0.375,
3/18/2024 10:00,9,0.1,10,0.416666667,
3/18/2024 11:00,9.8,0.1,11,0.458333333,
3/18/2024 12:00,10.4,0.2,12,0.5,
3/18/2024 13:00,10.8,0.2,13,0.541666667,
3/18/2024 14:00,11.2,0.2,14,0.583333333,
3/18/2024 15:00,11.8,0.1,15,0.625,
3/18/2024 16:00,12.2,0.1,16,0.666666667,
3/18/2024 17:00,12.4,0.1,17,0.708333333,
3/18/2024 18:00,12,0,18,0.75,
3/18/2024 19:00,11.2,0,19,0.791666667,
3/18/2024 20:00,10.4,0,20,0.833333333,
3/18/2024 21:00,9.2,0,21,0.875,
3/18/2024 22:00,7.9,0,22,0.916666667,
3/18/2024 23:00,6.9,0,23,0.958333333,
3/19/2024 0:00,6.5,0,0,0,
3/19/2024 1:00,6.3,0,1,0.041666667,
3/19/2024 2:00,6.3,0,2,0.083333333,
3/19/2024 3:00,6.6,0,3,0.125,
3/19/2024 4:00,6.9,0,4,0.166666667,
3/19/2024 5:00,7.1,0,5,0.208333333,
3/19/2024 6:00,7.1,0,6,0.25,
3/19/2024 7:00,6.8,0,7,0.291666667,
3/19/2024 8:00,7,0,8,0.333333333,
3/19/2024 9:00,7.8,0,9,0.375,
3/19/2024 10:00,8.8,0,10,0.416666667,
3/19/2024 11:00,9.9,0,11,0.458333333,
3/19/2024 12:00,11.3,0.1,12,0.5,
3/19/2024 13:00,12.8,0.1,13,0.541666667,
3/19/2024 14:00,13.9,0.1,14,0.583333333,
3/19/2024 15:00,14.8,0,15,0.625,
3/19/2024 16:00,15.3,0,16,0.666666667,
3/19/2024 17:00,15.3,0,17,0.708333333,
3/19/2024 18:00,14.5,0,18,0.75,
3/19/2024 19:00,13.1,0,19,0.791666667,
3/19/2024 20:00,11.9,0,20,0.833333333,
3/19/2024 21:00,11.2,0,21,0.875,
3/19/2024 22:00,10.7,0,22,0.916666667,
3/19/2024 23:00,10.3,0,23,0.958333333,
3/20/2024 0:00,10.1,0,0,0,
3/20/2024 1:00,9.9,0,1,0.041666667,
3/20/2024 2:00,9.6,0,2,0.083333333,
3/20/2024 3:00,9.4,0,3,0.125,
3/20/2024 4:00,9.1,0,4,0.166666667,
3/20/2024 5:00,8.9,0,5,0.208333333,
3/20/2024 6:00,8.9,0,6,0.25,
3/20/2024 7:00,8.9,0,7,0.291666667,
3/20/2024 8:00,9.1,0,8,0.333333333,
3/20/2024 9:00,10.1,0,9,0.375,
3/20/2024 10:00,11.3,0,10,0.416666667,
3/20/2024 11:00,12.6,0,11,0.458333333,
3/20/2024 12:00,13.9,0,12,0.5,
3/20/2024 13:00,15.1,0,13,0.541666667,
3/20/2024 14:00,15.9,0,14,0.583333333,
3/20/2024 15:00,16,0,15,0.625,
3/20/2024 16:00,15.8,0,16,0.666666667,
3/20/2024 17:00,15.1,0,17,0.708333333,
3/20/2024 18:00,14.3,0,18,0.75,
3/20/2024 19:00,13.1,0,19,0.791666667,
3/20/2024 20:00,12.1,0,20,0.833333333,
3/20/2024 21:00,11.4,0,21,0.875,
3/20/2024 22:00,10.8,0,22,0.916666667,
3/20/2024 23:00,10.4,0,23,0.958333333,
3/21/2024 0:00,10.1,0,0,0,
3/21/2024 1:00,10.1,0,1,0.041666667,
3/21/2024 2:00,10,0,2,0.083333333,
3/21/2024 3:00,9.9,0.2,3,0.125,
3/21/2024 4:00,9.8,0.2,4,0.166666667,
3/21/2024 5:00,9.4,0.2,5,0.208333333,
3/21/2024 6:00,8.6,0.1,6,0.25,
3/21/2024 7:00,7.6,0.1,7,0.291666667,
3/21/2024 8:00,7,0.1,8,0.333333333,
3/21/2024 9:00,7.4,0,9,0.375,
3/21/2024 10:00,8.3,0,10,0.416666667,
3/21/2024 11:00,9,0,11,0.458333333,
3/21/2024 12:00,9.4,0,12,0.5,
3/21/2024 13:00,9.6,0,13,0.541666667,
3/21/2024 14:00,9.9,0,14,0.583333333,
3/21/2024 15:00,10.2,0,15,0.625,
3/21/2024 16:00,10.6,0,16,0.666666667,
3/21/2024 17:00,10.6,0,17,0.708333333,
3/21/2024 18:00,10.3,0,18,0.75,
3/21/2024 19:00,9.6,0,19,0.791666667,
3/21/2024 20:00,9.1,0,20,0.833333333,
3/21/2024 21:00,8.7,0,21,0.875,
3/21/2024 22:00,8.4,0,22,0.916666667,
3/21/2024 23:00,8.2,0,23,0.958333333,
3/22/2024 0:00,8.7,0,0,0,
3/22/2024 1:00,9.4,0,1,0.041666667,
3/22/2024 2:00,9.9,0,2,0.083333333,
3/22/2024 3:00,10.1,0,3,0.125,
3/22/2024 4:00,10.1,0,4,0.166666667,
3/22/2024 5:00,10,0,5,0.208333333,
3/22/2024 6:00,10.1,0.2,6,0.25,
3/22/2024 7:00,10.1,0.2,7,0.291666667,
3/22/2024 8:00,10.2,0.2,8,0.333333333,
3/22/2024 9:00,10.3,0.6,9,0.375,
3/22/2024 10:00,10.4,0.6,10,0.416666667,
3/22/2024 11:00,10.4,0.6,11,0.458333333,
3/22/2024 12:00,10.3,0.2,12,0.5,
3/22/2024 13:00,10.2,0.2,13,0.541666667,
3/22/2024 14:00,10.1,0.2,14,0.583333333,
3/22/2024 15:00,10.1,0.1,15,0.625,
3/22/2024 16:00,10.1,0.1,16,0.666666667,
3/22/2024 17:00,9.9,0.1,17,0.708333333,
3/22/2024 18:00,9.4,0.1,18,0.75,
3/22/2024 19:00,8.8,0.1,19,0.791666667,
3/22/2024 20:00,8.1,0.1,20,0.833333333,
3/22/2024 21:00,7.7,0.1,21,0.875,
3/22/2024 22:00,7.3,0.1,22,0.916666667,
3/22/2024 23:00,6.9,0.1,23,0.958333333,
3/23/2024 0:00,6.7,0,0,0,
3/23/2024 1:00,6.4,0,1,0.041666667,
3/23/2024 2:00,6.2,0,2,0.083333333,
3/23/2024 3:00,5.9,0,3,0.125,
3/23/2024 4:00,5.7,0,4,0.166666667,
3/23/2024 5:00,5.3,0,5,0.208333333,
3/23/2024 6:00,4.8,0,6,0.25,
3/23/2024 7:00,4.4,0,7,0.291666667,
3/23/2024 8:00,4.2,0,8,0.333333333,
3/23/2024 9:00,4.8,0,9,0.375,
3/23/2024 10:00,5.8,0,10,0.416666667,
3/23/2024 11:00,6.6,0,11,0.458333333,
3/23/2024 12:00,7.1,0.6,12,0.5,
3/23/2024 13:00,7.3,0.6,13,0.541666667,
3/23/2024 14:00,7.5,0.6,14,0.583333333,
3/23/2024 15:00,7.8,0.2,15,0.625,
3/23/2024 16:00,7.9,0.2,16,0.666666667,
3/23/2024 17:00,7.8,0.2,17,0.708333333,
3/23/2024 18:00,7.1,0,18,0.75,
3/23/2024 19:00,6.1,0,19,0.791666667,
3/23/2024 20:00,5.2,0,20,0.833333333,
3/23/2024 21:00,4.5,0,21,0.875,
3/23/2024 22:00,4,0,22,0.916666667,
3/23/2024 23:00,3.7,0,23,0.958333333,
3/24/2024 0:00,3.7,0,0,0,
3/24/2024 1:00,3.8,0,1,0.041666667,
3/24/2024 2:00,4,0,2,0.083333333,
3/24/2024 3:00,4,0.5,3,0.125,
3/24/2024 4:00,4,0.5,4,0.166666667,
3/24/2024 5:00,4,0.5,5,0.208333333,
3/24/2024 6:00,4.2,0.4,6,0.25,
3/24/2024 7:00,4.4,0.4,7,0.291666667,
3/24/2024 8:00,4.8,0.4,8,0.333333333,
3/24/2024 9:00,5.2,0.3,9,0.375,
3/24/2024 10:00,5.6,0.3,10,0.416666667,
3/24/2024 11:00,5.9,0.3,11,0.458333333,
3/24/2024 12:00,6.3,1.1,12,0.5,
3/24/2024 13:00,6.7,1.1,13,0.541666667,
3/24/2024 14:00,6.8,1.1,14,0.583333333,
3/24/2024 15:00,6.8,1.1,15,0.625,
3/24/2024 16:00,6.6,1.1,16,0.666666667,
3/24/2024 17:00,6.3,1.1,17,0.708333333,
3/24/2024 18:00,6.2,0.3,18,0.75,
3/24/2024 19:00,6.1,0.3,19,0.791666667,
3/24/2024 20:00,5.8,0.3,20,0.833333333,
3/24/2024 21:00,5.6,0,21,0.875,
3/24/2024 22:00,5.2,0,22,0.916666667,
3/24/2024 23:00,5,0,23,0.958333333,
3/25/2024 0:00,5.1,0,0,0,
3/25/2024 1:00,5.2,0,1,0.041666667,
3/25/2024 2:00,5.2,0,2,0.083333333,
3/25/2024 3:00,4.9,0,3,0.125,
3/25/2024 4:00,4.4,0,4,0.166666667,
3/25/2024 5:00,4.1,0,5,0.208333333,
3/25/2024 6:00,3.9,0,6,0.25,
3/25/2024 7:00,3.9,0,7,0.291666667,
3/25/2024 8:00,4.2,0,8,0.333333333,
3/25/2024 9:00,5.2,0.1,9,0.375,
3/25/2024 10:00,6.4,0.1,10,0.416666667,
3/25/2024 11:00,7.5,0.1,11,0.458333333,
3/25/2024 12:00,8.3,0.1,12,0.5,
3/25/2024 13:00,8.9,0.1,13,0.541666667,
3/25/2024 14:00,9.4,0.1,14,0.583333333,
3/25/2024 15:00,10,0.1,15,0.625,
3/25/2024 16:00,10.4,0.1,16,0.666666667,
3/25/2024 17:00,10.4,0.1,17,0.708333333,
3/25/2024 18:00,9.6,0,18,0.75,
3/25/2024 19:00,8.2,0,19,0.791666667,
3/25/2024 20:00,7,0,20,0.833333333,
3/25/2024 21:00,6.1,0,21,0.875,
3/25/2024 22:00,5.2,0,22,0.916666667,
3/25/2024 23:00,4.6,0,23,0.958333333,
3/26/2024 0:00,4.5,0,0,0,
3/26/2024 1:00,4.7,0,1,0.041666667,
3/26/2024 2:00,4.7,0,2,0.083333333,
3/26/2024 3:00,4.4,0,3,0.125,
3/26/2024 4:00,4,0,4,0.166666667,
3/26/2024 5:00,3.7,0,5,0.208333333,
3/26/2024 6:00,3.5,0,6,0.25,
3/26/2024 7:00,3.5,0,7,0.291666667,
3/26/2024 8:00,4,0,8,0.333333333,
3/26/2024 9:00,5.2,0,9,0.375,
3/26/2024 10:00,6.8,0,10,0.416666667,
3/26/2024 11:00,8.3,0,11,0.458333333,
3/26/2024 12:00,9.7,0,12,0.5,
3/26/2024 13:00,10.9,0,13,0.541666667,
3/26/2024 14:00,11.9,0,14,0.583333333,
3/26/2024 15:00,12.8,0,15,0.625,
3/26/2024 16:00,13.2,0,16,0.666666667,
3/26/2024 17:00,13.2,0,17,0.708333333,
3/26/2024 18:00,12.5,0,18,0.75,
3/26/2024 19:00,11.2,0,19,0.791666667,
3/26/2024 20:00,10.1,0,20,0.833333333,
3/26/2024 21:00,9.1,0,21,0.875,
3/26/2024 22:00,8.1,0,22,0.916666667,
3/26/2024 23:00,7.6,0,23,0.958333333,
3/27/2024 0:00,7.6,0,0,0,
3/27/2024 1:00,7.9,0,1,0.041666667,
3/27/2024 2:00,8.1,0,2,0.083333333,
3/27/2024 3:00,7.8,0,3,0.125,
3/27/2024 4:00,7.2,0,4,0.166666667,
3/27/2024 5:00,6.9,0,5,0.208333333,
3/27/2024 6:00,6.9,0.2,6,0.25,
3/27/2024 7:00,7,0.2,7,0.291666667,
3/27/2024 8:00,7.6,0.2,8,0.333333333,
3/27/2024 9:00,9.1,0,9,0.375,
3/27/2024 10:00,11,0,10,0.416666667,
3/27/2024 11:00,12.1,0,11,0.458333333,
3/27/2024 12:00,11.9,0,12,0.5,
3/27/2024 13:00,10.8,0,13,0.541666667,
3/27/2024 14:00,9.9,0,14,0.583333333,
3/27/2024 15:00,9.8,0.1,15,0.625,
3/27/2024 16:00,9.8,0.1,16,0.666666667,
3/27/2024 17:00,9.6,0.1,17,0.708333333,
3/27/2024 18:00,9.4,0,18,0.75,
3/27/2024 19:00,9.1,0,19,0.791666667,
3/27/2024 20:00,8.6,0,20,0.833333333,
3/27/2024 21:00,7.9,0,21,0.875,
3/27/2024 22:00,7.1,0,22,0.916666667,
3/27/2024 23:00,6.4,0,23,0.958333333,
3/28/2024 0:00,6.4,0,0,0,
3/28/2024 1:00,6.7,0,1,0.041666667,
3/28/2024 2:00,6.8,0,2,0.083333333,
3/28/2024 3:00,6.6,0,3,0.125,
3/28/2024 4:00,6.2,0,4,0.166666667,
3/28/2024 5:00,5.9,0,5,0.208333333,
3/28/2024 6:00,5.8,0,6,0.25,
3/28/2024 7:00,5.7,0,7,0.291666667,
3/28/2024 8:00,5.9,0,8,0.333333333,
3/28/2024 9:00,6.9,0,9,0.375,
3/28/2024 10:00,8.2,0,10,0.416666667,
3/28/2024 11:00,9.1,0,11,0.458333333,
3/28/2024 12:00,8.7,0.5,12,0.5,
3/28/2024 13:00,7.8,0.5,13,0.541666667,
3/28/2024 14:00,7.2,0.5,14,0.583333333,
3/28/2024 15:00,7.8,0.4,15,0.625,
3/28/2024 16:00,8.6,0.4,16,0.666666667,
3/28/2024 17:00,9.1,0.4,17,0.708333333,
3/28/2024 18:00,9.1,0,18,0.75,
3/28/2024 19:00,8.8,0,19,0.791666667,
3/28/2024 20:00,8.4,0,20,0.833333333,
3/28/2024 21:00,8.4,0,21,0.875,
3/28/2024 22:00,8.2,0,22,0.916666667,
3/28/2024 23:00,8.2,0,23,0.958333333,
3/29/2024 0:00,8.4,0,0,0,
3/29/2024 1:00,8.5,0,1,0.041666667,
3/29/2024 2:00,8.6,0,2,0.083333333,
3/29/2024 3:00,8.6,0,3,0.125,
3/29/2024 4:00,8.4,0,4,0.166666667,
3/29/2024 5:00,8.2,0,5,0.208333333,
3/29/2024 6:00,8.3,0,6,0.25,
3/29/2024 7:00,8.4,0,7,0.291666667,
3/29/2024 8:00,8.4,0,8,0.333333333,
3/29/2024 9:00,8.2,0.6,9,0.375,
3/29/2024 10:00,8,0.6,10,0.416666667,
3/29/2024 11:00,8.2,0.6,11,0.458333333,
3/29/2024 12:00,9.2,0,12,0.5,
3/29/2024 13:00,10.6,0,13,0.541666667,
3/29/2024 14:00,11.8,0,14,0.583333333,
3/29/2024 15:00,12.7,0.1,15,0.625,
3/29/2024 16:00,13.3,0.1,16,0.666666667,
3/29/2024 17:00,13.4,0.1,17,0.708333333,
3/29/2024 18:00,12.4,0,18,0.75,
3/29/2024 19:00,10.9,0,19,0.791666667,
3/29/2024 20:00,9.8,0,20,0.833333333,
3/29/2024 21:00,9.9,0,21,0.875,
3/29/2024 22:00,10.6,0,22,0.916666667,
3/29/2024 23:00,10.9,0,23,0.958333333,
3/30/2024 0:00,10.9,0,0,0,
3/30/2024 1:00,10.4,0,1,0.041666667,
3/30/2024 2:00,9.9,0,2,0.083333333,
3/30/2024 3:00,9.4,0.1,3,0.125,
3/30/2024 4:00,8.6,0.1,4,0.166666667,
3/30/2024 5:00,8.2,0.1,5,0.208333333,
3/30/2024 6:00,8.1,0.5,6,0.25,
3/30/2024 7:00,8.2,0.5,7,0.291666667,
3/30/2024 8:00,8.8,0.5,8,0.333333333,
3/30/2024 9:00,9.8,0,9,0.375,
3/30/2024 10:00,11.1,0,10,0.416666667,
3/30/2024 11:00,12.6,0,11,0.458333333,
3/30/2024 12:00,14.4,0,12,0.5,
3/30/2024 13:00,16.2,0,13,0.541666667,
3/30/2024 14:00,17.5,0,14,0.583333333,
3/30/2024 15:00,17.9,0.5,15,0.625,
3/30/2024 16:00,17.6,0.5,16,0.666666667,
3/30/2024 17:00,16.8,0.5,17,0.708333333,
3/30/2024 18:00,15.1,0,18,0.75,
3/30/2024 19:00,13,0,19,0.791666667,
3/30/2024 20:00,11.2,0,20,0.833333333,
3/30/2024 21:00,10.2,0,21,0.875,
3/30/2024 22:00,9.4,0,22,0.916666667,
3/30/2024 23:00,8.7,0,23,0.958333333,
3/31/2024 0:00,7.7,0,0,0,
3/31/2024 1:00,6.6,0,1,0.041666667,
3/31/2024 2:00,5.8,0,2,0.083333333,
3/31/2024 3:00,5.6,0,3,0.125,
3/31/2024 4:00,5.7,0,4,0.166666667,
3/31/2024 5:00,5.8,0,5,0.208333333,
3/31/2024 6:00,6.1,0,6,0.25,
3/31/2024 7:00,6.3,0,7,0.291666667,
3/31/2024 8:00,6.8,0,8,0.333333333,
3/31/2024 9:00,7.7,0.3,9,0.375,
3/31/2024 10:00,8.8,0.3,10,0.416666667,
3/31/2024 11:00,9.9,0.3,11,0.458333333,
3/31/2024 12:00,11.2,0,12,0.5,
3/31/2024 13:00,12.6,0,13,0.541666667,
3/31/2024 14:00,13.8,0,14,0.583333333,
3/31/2024 15:00,14.7,0,15,0.625,
3/31/2024 16:00,15.4,0,16,0.666666667,
3/31/2024 17:00,15.6,0,17,0.708333333,
3/31/2024 18:00,14.9,0,18,0.75,
3/31/2024 19:00,13.6,0,19,0.791666667,
3/31/2024 20:00,12.6,0,20,0.833333333,
3/31/2024 21:00,11.9,1.1,21,0.875,
3/31/2024 22:00,11.5,1.1,22,0.916666667,
3/31/2024 23:00,11.1,1.1,23,0.958333333,
4/1/2024 0:00,10.7,0,0,0,
4/1/2024 1:00,10.4,0,1,0.041666667,
4/1/2024 2:00,9.9,0,2,0.083333333,
4/1/2024 3:00,9.5,0,3,0.125,
4/1/2024 4:00,8.9,0,4,0.166666667,
4/1/2024 5:00,8.5,0,5,0.208333333,
4/1/2024 6:00,8.2,0,6,0.25,
4/1/2024 7:00,7.9,0,7,0.291666667,
4/1/2024 8:00,7.9,0,8,0.333333333,
4/1/2024 9:00,8.2,1.2,9,0.375,
4/1/2024 10:00,8.8,1.2,10,0.416666667,
4/1/2024 11:00,9.2,1.2,11,0.458333333,
4/1/2024 12:00,9.8,1.8,12,0.5,
4/1/2024 13:00,10.3,1.8,13,0.541666667,
4/1/2024 14:00,10.6,1.8,14,0.583333333,
4/1/2024 15:00,10.9,0.5,15,0.625,
4/1/2024 16:00,11.1,0.5,16,0.666666667,
4/1/2024 17:00,10.9,0.5,17,0.708333333,
4/1/2024 18:00,10.7,0,18,0.75,
4/1/2024 19:00,10.2,0,19,0.791666667,
4/1/2024 20:00,9.6,0,20,0.833333333,
4/1/2024 21:00,8.7,0,21,0.875,
4/1/2024 22:00,7.6,0,22,0.916666667,
4/1/2024 23:00,6.8,0,23,0.958333333,
4/2/2024 0:00,6.9,0.2,0,0,
4/2/2024 1:00,7.3,0.2,1,0.041666667,
4/2/2024 2:00,7.6,0.2,2,0.083333333,
4/2/2024 3:00,7.4,0,3,0.125,
4/2/2024 4:00,7.1,0,4,0.166666667,
4/2/2024 5:00,6.8,0,5,0.208333333,
4/2/2024 6:00,6.7,0,6,0.25,
4/2/2024 7:00,6.6,0,7,0.291666667,
4/2/2024 8:00,6.8,0,8,0.333333333,
4/2/2024 9:00,7.9,0.1,9,0.375,
4/2/2024 10:00,9.4,0.1,10,0.416666667,
4/2/2024 11:00,10.5,0.1,11,0.458333333,
4/2/2024 12:00,11.1,0.1,12,0.5,
4/2/2024 13:00,11.4,0.1,13,0.541666667,
4/2/2024 14:00,11.6,0.1,14,0.583333333,
4/2/2024 15:00,11.9,0.1,15,0.625,
4/2/2024 16:00,12.1,0.1,16,0.666666667,
4/2/2024 17:00,12,0.1,17,0.708333333,
4/2/2024 18:00,11.4,0.1,18,0.75,
4/2/2024 19:00,10.4,0.1,19,0.791666667,
4/2/2024 20:00,9.5,0.1,20,0.833333333,
4/2/2024 21:00,9.1,0.1,21,0.875,
4/2/2024 22:00,8.7,0.1,22,0.916666667,
4/2/2024 23:00,8.4,0.1,23,0.958333333,
4/3/2024 0:00,8.1,0,0,0,
4/3/2024 1:00,7.8,0,1,0.041666667,
4/3/2024 2:00,7.7,0,2,0.083333333,
4/3/2024 3:00,7.8,0.2,3,0.125,
4/3/2024 4:00,7.9,0.2,4,0.166666667,
4/3/2024 5:00,8.1,0.2,5,0.208333333,
4/3/2024 6:00,8.2,0.5,6,0.25,
4/3/2024 7:00,8.4,0.5,7,0.291666667,
4/3/2024 8:00,8.6,0.5,8,0.333333333,
4/3/2024 9:00,8.9,0.7,9,0.375,
4/3/2024 10:00,9.4,0.7,10,0.416666667,
4/3/2024 11:00,9.8,0.7,11,0.458333333,
4/3/2024 12:00,10.1,0.5,12,0.5,
4/3/2024 13:00,10.4,0.5,13,0.541666667,
4/3/2024 14:00,10.7,0.5,14,0.583333333,
4/3/2024 15:00,11.4,0.1,15,0.625,
4/3/2024 16:00,12.1,0.1,16,0.666666667,
4/3/2024 17:00,12.4,0.1,17,0.708333333,
4/3/2024 18:00,12.2,0.4,18,0.75,
4/3/2024 19:00,11.6,0.4,19,0.791666667,
4/3/2024 20:00,11.1,0.4,20,0.833333333,
4/3/2024 21:00,10.7,0.3,21,0.875,
4/3/2024 22:00,10.4,0.3,22,0.916666667,
4/3/2024 23:00,10.1,0.3,23,0.958333333,
4/4/2024 0:00,10.1,0,0,0,
4/4/2024 1:00,10.1,0,1,0.041666667,
4/4/2024 2:00,9.9,0,2,0.083333333,
4/4/2024 3:00,9.2,0,3,0.125,
4/4/2024 4:00,8.4,0,4,0.166666667,
4/4/2024 5:00,7.9,0,5,0.208333333,
4/4/2024 6:00,7.8,0.3,6,0.25,
4/4/2024 7:00,7.9,0.3,7,0.291666667,
4/4/2024 8:00,8.2,0.3,8,0.333333333,
4/4/2024 9:00,9.1,1.4,9,0.375,
4/4/2024 10:00,10.1,1.4,10,0.416666667,
4/4/2024 11:00,10.9,1.4,11,0.458333333,
4/4/2024 12:00,11.4,0.3,12,0.5,
4/4/2024 13:00,11.9,0.3,13,0.541666667,
4/4/2024 14:00,12.1,0.3,14,0.583333333,
4/4/2024 15:00,12.6,0.6,15,0.625,
4/4/2024 16:00,13,0.6,16,0.666666667,
4/4/2024 17:00,13.1,0.6,17,0.708333333,
4/4/2024 18:00,12.6,0.1,18,0.75,
4/4/2024 19:00,11.8,0.1,19,0.791666667,
4/4/2024 20:00,11.1,0.1,20,0.833333333,
4/4/2024 21:00,10.6,0,21,0.875,
4/4/2024 22:00,10.2,0,22,0.916666667,
4/4/2024 23:00,10.1,0,23,0.958333333,
4/5/2024 0:00,10.2,0,0,0,
4/5/2024 1:00,10.6,0,1,0.041666667,
4/5/2024 2:00,10.8,0,2,0.083333333,
4/5/2024 3:00,10.6,0,3,0.125,
4/5/2024 4:00,10.3,0,4,0.166666667,
4/5/2024 5:00,10.1,0,5,0.208333333,
4/5/2024 6:00,10.1,0.5,6,0.25,
4/5/2024 7:00,10.4,0.5,7,0.291666667,
4/5/2024 8:00,10.9,0.5,8,0.333333333,
4/5/2024 9:00,11.9,0,9,0.375,
4/5/2024 10:00,13.4,0,10,0.416666667,
4/5/2024 11:00,14.6,0,11,0.458333333,
4/5/2024 12:00,15.5,0.8,12,0.5,
4/5/2024 13:00,16.2,0.8,13,0.541666667,
4/5/2024 14:00,16.6,0.8,14,0.583333333,
4/5/2024 15:00,16.8,0.4,15,0.625,
4/5/2024 16:00,16.6,0.4,16,0.666666667,
4/5/2024 17:00,16.4,0.4,17,0.708333333,
4/5/2024 18:00,15.9,0,18,0.75,
4/5/2024 19:00,15.1,0,19,0.791666667,
4/5/2024 20:00,14.4,0,20,0.833333333,
4/5/2024 21:00,13.8,0,21,0.875,
4/5/2024 22:00,13.1,0,22,0.916666667,
4/5/2024 23:00,12.5,0,23,0.958333333,
4/6/2024 0:00,12,0,0,0,
4/6/2024 1:00,11.5,0,1,0.041666667,
4/6/2024 2:00,11.2,0,2,0.083333333,
4/6/2024 3:00,11.2,0,3,0.125,
4/6/2024 4:00,11.4,0,4,0.166666667,
4/6/2024 5:00,11.6,0,5,0.208333333,
4/6/2024 6:00,11.9,0,6,0.25,
4/6/2024 7:00,12.2,0,7,0.291666667,
4/6/2024 8:00,13.1,0,8,0.333333333,
4/6/2024 9:00,14.6,0,9,0.375,
4/6/2024 10:00,16.4,0,10,0.416666667,
4/6/2024 11:00,18.2,0,11,0.458333333,
4/6/2024 12:00,20.1,0,12,0.5,
4/6/2024 13:00,21.9,0,13,0.541666667,
4/6/2024 14:00,23.2,0,14,0.583333333,
4/6/2024 15:00,24,0,15,0.625,
4/6/2024 16:00,24.4,0,16,0.666666667,
4/6/2024 17:00,24.2,0,17,0.708333333,
4/6/2024 18:00,23.4,0,18,0.75,
4/6/2024 19:00,21.9,0,19,0.791666667,
4/6/2024 20:00,20.5,0,20,0.833333333,
4/6/2024 21:00,19,0,21,0.875,
4/6/2024 22:00,17.6,0,22,0.916666667,
4/6/2024 23:00,16.5,0,23,0.958333333,
4/7/2024 0:00,16.3,0,0,0,
4/7/2024 1:00,16.4,0,1,0.041666667,
4/7/2024 2:00,16.4,0,2,0.083333333,
4/7/2024 3:00,15.9,0.3,3,0.125,
4/7/2024 4:00,15.3,0.3,4,0.166666667,
4/7/2024 5:00,14.9,0.3,5,0.208333333,
4/7/2024 6:00,14.6,0.2,6,0.25,
4/7/2024 7:00,14.6,0.2,7,0.291666667,
4/7/2024 8:00,14.8,0.2,8,0.333333333,
4/7/2024 9:00,15.5,0,9,0.375,
4/7/2024 10:00,16.5,0,10,0.416666667,
4/7/2024 11:00,17.4,0,11,0.458333333,
4/7/2024 12:00,18,0,12,0.5,
4/7/2024 13:00,18.5,0,13,0.541666667,
4/7/2024 14:00,19,0,14,0.583333333,
4/7/2024 15:00,19.4,0,15,0.625,
4/7/2024 16:00,19.6,0,16,0.666666667,
4/7/2024 17:00,19.5,0,17,0.708333333,
4/7/2024 18:00,18.8,0,18,0.75,
4/7/2024 19:00,17.6,0,19,0.791666667,
4/7/2024 20:00,16.5,0,20,0.833333333,
4/7/2024 21:00,15.9,0.2,21,0.875,
4/7/2024 22:00,15.5,0.2,22,0.916666667,
4/7/2024 23:00,14.9,0.2,23,0.958333333,
4/8/2024 0:00,14.1,0.2,0,0,
4/8/2024 1:00,13.2,0.2,1,0.041666667,
4/8/2024 2:00,12.5,0.2,2,0.083333333,
4/8/2024 3:00,12.1,0.1,3,0.125,
4/8/2024 4:00,12,0.1,4,0.166666667,
4/8/2024 5:00,11.9,0.1,5,0.208333333,
4/8/2024 6:00,11.9,0,6,0.25,
4/8/2024 7:00,11.9,0,7,0.291666667,
4/8/2024 8:00,12.2,0,8,0.333333333,
4/8/2024 9:00,12.9,0,9,0.375,
4/8/2024 10:00,13.9,0,10,0.416666667,
4/8/2024 11:00,14.9,0,11,0.458333333,
4/8/2024 12:00,15.6,0,12,0.5,
4/8/2024 13:00,16.4,0,13,0.541666667,
4/8/2024 14:00,17,0,14,0.583333333,
4/8/2024 15:00,17.4,0,15,0.625,
4/8/2024 16:00,17.5,0,16,0.666666667,
4/8/2024 17:00,17.5,0,17,0.708333333,
4/8/2024 18:00,17.1,0,18,0.75,
4/8/2024 19:00,16.5,0,19,0.791666667,
4/8/2024 20:00,15.8,0,20,0.833333333,
4/8/2024 21:00,15,0,21,0.875,
4/8/2024 22:00,14.2,0,22,0.916666667,
4/8/2024 23:00,13.7,0,23,0.958333333,
4/9/2024 0:00,13.8,0,0,0,
4/9/2024 1:00,14,0,1,0.041666667,
4/9/2024 2:00,14.1,0,2,0.083333333,
4/9/2024 3:00,13.8,0,3,0.125,
4/9/2024 4:00,13.3,0,4,0.166666667,
4/9/2024 5:00,13,0,5,0.208333333,
4/9/2024 6:00,13.1,0,6,0.25,
4/9/2024 7:00,13.4,0,7,0.291666667,
4/9/2024 8:00,13.6,0,8,0.333333333,
4/9/2024 9:00,13.7,0.3,9,0.375,
4/9/2024 10:00,13.8,0.3,10,0.416666667,
4/9/2024 11:00,13.8,0.3,11,0.458333333,
4/9/2024 12:00,13.8,0,12,0.5,
4/9/2024 13:00,13.7,0,13,0.541666667,
4/9/2024 14:00,13.6,0,14,0.583333333,
4/9/2024 15:00,13.7,0,15,0.625,
4/9/2024 16:00,13.8,0,16,0.666666667,
4/9/2024 17:00,13.5,0,17,0.708333333,
4/9/2024 18:00,12.6,0,18,0.75,
4/9/2024 19:00,11.5,0,19,0.791666667,
4/9/2024 20:00,10.6,0,20,0.833333333,
4/9/2024 21:00,10.2,0,21,0.875,
4/9/2024 22:00,10.1,0,22,0.916666667,
4/9/2024 23:00,9.9,0,23,0.958333333,
4/10/2024 0:00,9.6,0,0,0,
4/10/2024 1:00,9.4,0,1,0.041666667,
4/10/2024 2:00,9.1,0,2,0.083333333,
4/10/2024 3:00,8.9,0,3,0.125,
4/10/2024 4:00,8.8,0,4,0.166666667,
4/10/2024 5:00,8.6,0,5,0.208333333,
4/10/2024 6:00,8.4,0,6,0.25,
4/10/2024 7:00,8.2,0,7,0.291666667,
4/10/2024 8:00,8.4,0,8,0.333333333,
4/10/2024 9:00,9.1,0.1,9,0.375,
4/10/2024 10:00,10.2,0.1,10,0.416666667,
4/10/2024 11:00,11.2,0.1,11,0.458333333,
4/10/2024 12:00,11.9,0.1,12,0.5,
4/10/2024 13:00,12.6,0.1,13,0.541666667,
4/10/2024 14:00,13,0.1,14,0.583333333,
4/10/2024 15:00,13.5,0,15,0.625,
4/10/2024 16:00,13.9,0,16,0.666666667,
4/10/2024 17:00,13.9,0,17,0.708333333,
4/10/2024 18:00,13.2,0,18,0.75,
4/10/2024 19:00,12.2,0,19,0.791666667,
4/10/2024 20:00,11.2,0,20,0.833333333,
4/10/2024 21:00,10.6,0,21,0.875,
4/10/2024 22:00,10.2,0,22,0.916666667,
4/10/2024 23:00,9.9,0,23,0.958333333,
4/11/2024 0:00,9.8,0,0,0,
4/11/2024 1:00,9.8,0,1,0.041666667,
4/11/2024 2:00,10,0,2,0.083333333,
4/11/2024 3:00,10.6,0,3,0.125,
4/11/2024 4:00,11.2,0,4,0.166666667,
4/11/2024 5:00,11.6,0,5,0.208333333,
4/11/2024 6:00,11.3,0.3,6,0.25,
4/11/2024 7:00,10.6,0.3,7,0.291666667,
4/11/2024 8:00,10.2,0.3,8,0.333333333,
4/11/2024 9:00,10.4,0.8,9,0.375,
4/11/2024 10:00,10.8,0.8,10,0.416666667,
4/11/2024 11:00,11.4,0.8,11,0.458333333,
4/11/2024 12:00,12.2,0,12,0.5,
4/11/2024 13:00,13.2,0,13,0.541666667,
4/11/2024 14:00,14,0,14,0.583333333,
4/11/2024 15:00,14.5,0.1,15,0.625,
4/11/2024 16:00,14.9,0.1,16,0.666666667,
4/11/2024 17:00,14.9,0.1,17,0.708333333,
4/11/2024 18:00,14.7,0,18,0.75,
4/11/2024 19:00,14.2,0,19,0.791666667,
4/11/2024 20:00,13.9,0,20,0.833333333,
4/11/2024 21:00,13.6,0.1,21,0.875,
4/11/2024 22:00,13.4,0.1,22,0.916666667,
4/11/2024 23:00,13.2,0.1,23,0.958333333,
4/12/2024 0:00,13.1,0,0,0,
4/12/2024 1:00,13.1,0,1,0.041666667,
4/12/2024 2:00,13.1,0,2,0.083333333,
4/12/2024 3:00,13.1,0,3,0.125,
4/12/2024 4:00,13.1,0,4,0.166666667,
4/12/2024 5:00,13.1,0,5,0.208333333,
4/12/2024 6:00,12.9,0,6,0.25,
4/12/2024 7:00,12.6,0,7,0.291666667,
4/12/2024 8:00,12.7,0,8,0.333333333,
4/12/2024 9:00,13.3,0,9,0.375,
4/12/2024 10:00,14.1,0,10,0.416666667,
4/12/2024 11:00,15.1,0,11,0.458333333,
4/12/2024 12:00,16.5,0,12,0.5,
4/12/2024 13:00,18,0,13,0.541666667,
4/12/2024 14:00,18.9,0,14,0.583333333,
4/12/2024 15:00,19.1,0,15,0.625,
4/12/2024 16:00,18.9,0,16,0.666666667,
4/12/2024 17:00,18.4,0,17,0.708333333,
4/12/2024 18:00,17.5,0,18,0.75,
4/12/2024 19:00,16.2,0,19,0.791666667,
4/12/2024 20:00,15.1,0,20,0.833333333,
4/12/2024 21:00,14.4,0,21,0.875,
4/12/2024 22:00,13.9,0,22,0.916666667,
4/12/2024 23:00,13.6,0,23,0.958333333,
4/13/2024 0:00,13.6,0,0,0,
4/13/2024 1:00,13.7,0,1,0.041666667,
4/13/2024 2:00,13.7,0,2,0.083333333,
4/13/2024 3:00,13.4,0,3,0.125,
4/13/2024 4:00,13.1,0,4,0.166666667,
4/13/2024 5:00,12.7,0,5,0.208333333,
4/13/2024 6:00,12.4,0,6,0.25,
4/13/2024 7:00,12,0,7,0.291666667,
4/13/2024 8:00,12.1,0,8,0.333333333,
4/13/2024 9:00,13.1,0,9,0.375,
4/13/2024 10:00,14.6,0,10,0.416666667,
4/13/2024 11:00,15.9,0,11,0.458333333,
4/13/2024 12:00,17.1,0,12,0.5,
4/13/2024 13:00,18.1,0,13,0.541666667,
4/13/2024 14:00,19,0,14,0.583333333,
4/13/2024 15:00,20,0,15,0.625,
4/13/2024 16:00,20.8,0,16,0.666666667,
4/13/2024 17:00,21.1,0,17,0.708333333,
4/13/2024 18:00,20.9,0,18,0.75,
4/13/2024 19:00,20.1,0,19,0.791666667,
4/13/2024 20:00,19.2,0,20,0.833333333,
4/13/2024 21:00,18.5,0,21,0.875,
4/13/2024 22:00,17.8,0,22,0.916666667,
4/13/2024 23:00,16.8,0,23,0.958333333,
4/14/2024 0:00,15.7,0,0,0,
4/14/2024 1:00,14.4,0,1,0.041666667,
4/14/2024 2:00,13.4,0,2,0.083333333,
4/14/2024 3:00,12.6,0,3,0.125,
4/14/2024 4:00,12.1,0,4,0.166666667,
4/14/2024 5:00,11.6,0,5,0.208333333,
4/14/2024 6:00,10.9,0,6,0.25,
4/14/2024 7:00,10.1,0,7,0.291666667,
4/14/2024 8:00,9.8,0,8,0.333333333,
4/14/2024 9:00,10.1,0,9,0.375,
4/14/2024 10:00,10.9,0,10,0.416666667,
4/14/2024 11:00,11.7,0,11,0.458333333,
4/14/2024 12:00,12.4,0,12,0.5,
4/14/2024 13:00,13.1,0,13,0.541666667,
4/14/2024 14:00,13.4,0,14,0.583333333,
4/14/2024 15:00,13.6,0,15,0.625,
4/14/2024 16:00,13.4,0,16,0.666666667,
4/14/2024 17:00,13.1,0,17,0.708333333,
4/14/2024 18:00,12.3,0,18,0.75,
4/14/2024 19:00,11.3,0,19,0.791666667,
4/14/2024 20:00,10.2,0,20,0.833333333,
4/14/2024 21:00,9.1,0,21,0.875,
4/14/2024 22:00,8.1,0,22,0.916666667,
4/14/2024 23:00,7.2,0,23,0.958333333,
4/15/2024 0:00,7.1,0,0,0,
4/15/2024 1:00,7.3,0,1,0.041666667,
4/15/2024 2:00,7.4,0,2,0.083333333,
4/15/2024 3:00,7.2,0,3,0.125,
4/15/2024 4:00,6.8,0,4,0.166666667,
4/15/2024 5:00,6.7,0,5,0.208333333,
4/15/2024 6:00,6.9,0,6,0.25,
4/15/2024 7:00,7.3,0,7,0.291666667,
4/15/2024 8:00,7.8,0,8,0.333333333,
4/15/2024 9:00,8.6,0,9,0.375,
4/15/2024 10:00,9.4,0,10,0.416666667,
4/15/2024 11:00,10.2,0,11,0.458333333,
4/15/2024 12:00,11.2,0.5,12,0.5,
4/15/2024 13:00,12.1,0.5,13,0.541666667,
4/15/2024 14:00,12.3,0.5,14,0.583333333,
4/15/2024 15:00,11.1,2.6,15,0.625,
4/15/2024 16:00,8.9,2.6,16,0.666666667,
4/15/2024 17:00,7.2,2.6,17,0.708333333,
4/15/2024 18:00,6.4,0.9,18,0.75,
4/15/2024 19:00,6.1,0.9,19,0.791666667,
4/15/2024 20:00,5.7,0.9,20,0.833333333,
4/15/2024 21:00,5.2,0.1,21,0.875,
4/15/2024 22:00,4.9,0.1,22,0.916666667,
4/15/2024 23:00,4.7,0.1,23,0.958333333,
4/16/2024 0:00,4.7,0.6,0,0,
4/16/2024 1:00,4.7,0.6,1,0.041666667,
4/16/2024 2:00,4.7,0.6,2,0.083333333,
4/16/2024 3:00,4.7,0.2,3,0.125,
4/16/2024 4:00,4.7,0.2,4,0.166666667,
4/16/2024 5:00,4.6,0.2,5,0.208333333,
4/16/2024 6:00,4.7,0.5,6,0.25,
4/16/2024 7:00,4.7,0.5,7,0.291666667,
4/16/2024 8:00,4.8,0.5,8,0.333333333,
4/16/2024 9:00,4.7,0.9,9,0.375,
4/16/2024 10:00,4.6,0.9,10,0.416666667,
4/16/2024 11:00,4.9,0.9,11,0.458333333,
4/16/2024 12:00,6,0.1,12,0.5,
4/16/2024 13:00,7.4,0.1,13,0.541666667,
4/16/2024 14:00,8.6,0.1,14,0.583333333,
4/16/2024 15:00,9.1,0.1,15,0.625,
4/16/2024 16:00,9.4,0.1,16,0.666666667,
4/16/2024 17:00,9.4,0.1,17,0.708333333,
4/16/2024 18:00,9.2,0.1,18,0.75,
4/16/2024 19:00,8.9,0.1,19,0.791666667,
4/16/2024 20:00,8.4,0.1,20,0.833333333,
4/16/2024 21:00,7.7,0,21,0.875,
4/16/2024 22:00,6.7,0,22,0.916666667,
4/16/2024 23:00,5.8,0,23,0.958333333,
4/17/2024 0:00,5.1,0,0,0,
4/17/2024 1:00,4.4,0,1,0.041666667,
4/17/2024 2:00,3.8,0,2,0.083333333,
4/17/2024 3:00,3.5,0,3,0.125,
4/17/2024 4:00,3.2,0,4,0.166666667,
4/17/2024 5:00,3,0,5,0.208333333,
4/17/2024 6:00,3.3,0.8,6,0.25,
4/17/2024 7:00,3.8,0.8,7,0.291666667,
4/17/2024 8:00,4.2,0.8,8,0.333333333,
4/17/2024 9:00,4.5,0.8,9,0.375,
4/17/2024 10:00,4.7,0.8,10,0.416666667,
4/17/2024 11:00,4.9,0.8,11,0.458333333,
4/17/2024 12:00,5.7,0.7,12,0.5,
4/17/2024 13:00,6.7,0.7,13,0.541666667,
4/17/2024 14:00,7.3,0.7,14,0.583333333,
4/17/2024 15:00,7.6,0.4,15,0.625,
4/17/2024 16:00,7.6,0.4,16,0.666666667,
4/17/2024 17:00,7.4,0.4,17,0.708333333,
4/17/2024 18:00,7.1,0.1,18,0.75,
4/17/2024 19:00,6.7,0.1,19,0.791666667,
4/17/2024 20:00,6.2,0.1,20,0.833333333,
4/17/2024 21:00,5.8,0,21,0.875,
4/17/2024 22:00,5.4,0,22,0.916666667,
4/17/2024 23:00,4.9,0,23,0.958333333,
4/18/2024 0:00,4.4,0,0,0,
4/18/2024 1:00,3.8,0,1,0.041666667,
4/18/2024 2:00,3.3,0,2,0.083333333,
4/18/2024 3:00,2.8,0,3,0.125,
4/18/2024 4:00,2.3,0,4,0.166666667,
4/18/2024 5:00,2.1,0,5,0.208333333,
4/18/2024 6:00,2.3,0,6,0.25,
4/18/2024 7:00,2.8,0,7,0.291666667,
4/18/2024 8:00,3.8,0,8,0.333333333,
4/18/2024 9:00,5.3,0.1,9,0.375,
4/18/2024 10:00,7.3,0.1,10,0.416666667,
4/18/2024 11:00,8.9,0.1,11,0.458333333,
4/18/2024 12:00,9.8,0.2,12,0.5,
4/18/2024 13:00,10.2,0.2,13,0.541666667,
4/18/2024 14:00,10.4,0.2,14,0.583333333,
4/18/2024 15:00,10.5,0.1,15,0.625,
4/18/2024 16:00,10.3,0.1,16,0.666666667,
4/18/2024 17:00,9.9,0.1,17,0.708333333,
4/18/2024 18:00,9.2,0,18,0.75,
4/18/2024 19:00,8.4,0,19,0.791666667,
4/18/2024 20:00,7.7,0,20,0.833333333,
4/18/2024 21:00,7.2,0,21,0.875,
4/18/2024 22:00,6.8,0,22,0.916666667,
4/18/2024 23:00,6.5,0,23,0.958333333,
4/19/2024 0:00,6.2,0.6,0,0,
4/19/2024 1:00,6,0.6,1,0.041666667,
4/19/2024 2:00,5.9,0.6,2,0.083333333,
4/19/2024 3:00,6,0.9,3,0.125,
4/19/2024 4:00,6.2,0.9,4,0.166666667,
4/19/2024 5:00,6.4,0.9,5,0.208333333,
4/19/2024 6:00,6.9,1.6,6,0.25,
4/19/2024 7:00,7.4,1.6,7,0.291666667,
4/19/2024 8:00,8.1,1.6,8,0.333333333,
4/19/2024 9:00,9,0.2,9,0.375,
4/19/2024 10:00,10,0.2,10,0.416666667,
4/19/2024 11:00,10.4,0.2,11,0.458333333,
4/19/2024 12:00,9.8,0.6,12,0.5,
4/19/2024 13:00,8.6,0.6,13,0.541666667,
4/19/2024 14:00,7.7,0.6,14,0.583333333,
4/19/2024 15:00,7.8,0.2,15,0.625,
4/19/2024 16:00,8.4,0.2,16,0.666666667,
4/19/2024 17:00,8.6,0.2,17,0.708333333,
4/19/2024 18:00,8.2,0.2,18,0.75,
4/19/2024 19:00,7.5,0.2,19,0.791666667,
4/19/2024 20:00,6.8,0.2,20,0.833333333,
4/19/2024 21:00,6.3,0,21,0.875,
4/19/2024 22:00,5.9,0,22,0.916666667,
4/19/2024 23:00,5.6,0,23,0.958333333,
4/20/2024 0:00,5.3,0,0,0,
4/20/2024 1:00,5.1,0,1,0.041666667,
4/20/2024 2:00,4.8,0,2,0.083333333,
4/20/2024 3:00,4.5,0,3,0.125,
4/20/2024 4:00,4.1,0,4,0.166666667,
4/20/2024 5:00,3.8,0,5,0.208333333,
4/20/2024 6:00,4,0.2,6,0.25,
4/20/2024 7:00,4.3,0.2,7,0.291666667,
4/20/2024 8:00,4.8,0.2,8,0.333333333,
4/20/2024 9:00,5.8,0.2,9,0.375,
4/20/2024 10:00,6.9,0.2,10,0.416666667,
4/20/2024 11:00,7.8,0.2,11,0.458333333,
4/20/2024 12:00,8.1,0.7,12,0.5,
4/20/2024 13:00,8.1,0.7,13,0.541666667,
4/20/2024 14:00,8.2,0.7,14,0.583333333,
4/20/2024 15:00,8.9,0.1,15,0.625,
4/20/2024 16:00,9.6,0.1,16,0.666666667,
4/20/2024 17:00,9.6,0.1,17,0.708333333,
4/20/2024 18:00,8.8,0.7,18,0.75,
4/20/2024 19:00,7.2,0.7,19,0.791666667,
4/20/2024 20:00,5.9,0.7,20,0.833333333,
4/20/2024 21:00,5.1,0.1,21,0.875,
4/20/2024 22:00,4.6,0.1,22,0.916666667,
4/20/2024 23:00,4.1,0.1,23,0.958333333,
4/21/2024 0:00,3.8,0.1,0,0,
4/21/2024 1:00,3.7,0.1,1,0.041666667,
4/21/2024 2:00,3.5,0.1,2,0.083333333,
4/21/2024 3:00,3.1,0.4,3,0.125,
4/21/2024 4:00,2.7,0.4,4,0.166666667,
4/21/2024 5:00,2.3,0.4,5,0.208333333,
4/21/2024 6:00,2.2,0,6,0.25,
4/21/2024 7:00,2.2,0,7,0.291666667,
4/21/2024 8:00,2.7,0,8,0.333333333,
4/21/2024 9:00,4.1,0,9,0.375,
4/21/2024 10:00,6,0,10,0.416666667,
4/21/2024 11:00,7.6,0,11,0.458333333,
4/21/2024 12:00,8.6,0,12,0.5,
4/21/2024 13:00,9.3,0,13,0.541666667,
4/21/2024 14:00,9.7,0,14,0.583333333,
4/21/2024 15:00,9.9,0.1,15,0.625,
4/21/2024 16:00,9.6,0.1,16,0.666666667,
4/21/2024 17:00,9.2,0.1,17,0.708333333,
4/21/2024 18:00,8.4,0,18,0.75,
4/21/2024 19:00,7.4,0,19,0.791666667,
4/21/2024 20:00,6.4,0,20,0.833333333,
4/21/2024 21:00,5.6,0,21,0.875,
4/21/2024 22:00,4.7,0,22,0.916666667,
4/21/2024 23:00,3.8,0,23,0.958333333,
4/22/2024 0:00,3.3,0,0,0,
4/22/2024 1:00,3,0,1,0.041666667,
4/22/2024 2:00,2.7,0,2,0.083333333,
4/22/2024 3:00,2.7,0,3,0.125,
4/22/2024 4:00,2.8,0,4,0.166666667,
4/22/2024 5:00,3,0,5,0.208333333,
4/22/2024 6:00,3.1,0,6,0.25,
4/22/2024 7:00,3.2,0,7,0.291666667,
4/22/2024 8:00,3.5,0,8,0.333333333,
4/22/2024 9:00,4.2,0.1,9,0.375,
4/22/2024 10:00,5.2,0.1,10,0.416666667,
4/22/2024 11:00,5.9,0.1,11,0.458333333,
4/22/2024 12:00,6.7,0.1,12,0.5,
4/22/2024 13:00,7.4,0.1,13,0.541666667,
4/22/2024 14:00,7.8,0.1,14,0.583333333,
4/22/2024 15:00,8,0.2,15,0.625,
4/22/2024 16:00,7.8,0.2,16,0.666666667,
4/22/2024 17:00,7.6,0.2,17,0.708333333,
4/22/2024 18:00,7.3,0,18,0.75,
4/22/2024 19:00,6.9,0,19,0.791666667,
4/22/2024 20:00,6.2,0,20,0.833333333,
4/22/2024 21:00,5.1,0,21,0.875,
4/22/2024 22:00,3.7,0,22,0.916666667,
4/22/2024 23:00,2.5,0,23,0.958333333,
4/23/2024 0:00,2,0,0,0,
4/23/2024 1:00,1.8,0,1,0.041666667,
4/23/2024 2:00,1.4,0,2,0.083333333,
4/23/2024 3:00,0.4,0,3,0.125,
4/23/2024 4:00,-0.6,0,4,0.166666667,
4/23/2024 5:00,-1,0,5,0.208333333,
4/23/2024 6:00,-0.6,0,6,0.25,
4/23/2024 7:00,0.6,0,7,0.291666667,
4/23/2024 8:00,1.9,0,8,0.333333333,
4/23/2024 9:00,3.5,0.1,9,0.375,
4/23/2024 10:00,5.5,0.1,10,0.416666667,
4/23/2024 11:00,7,0.1,11,0.458333333,
4/23/2024 12:00,7.8,0.1,12,0.5,
4/23/2024 13:00,8.1,0.1,13,0.541666667,
4/23/2024 14:00,8.4,0.1,14,0.583333333,
4/23/2024 15:00,9.1,0,15,0.625,
4/23/2024 16:00,9.6,0,16,0.666666667,
4/23/2024 17:00,9.6,0,17,0.708333333,
4/23/2024 18:00,8.6,0.3,18,0.75,
4/23/2024 19:00,6.9,0.3,19,0.791666667,
4/23/2024 20:00,5.7,0.3,20,0.833333333,
4/23/2024 21:00,5.2,0.3,21,0.875,
4/23/2024 22:00,5.2,0.3,22,0.916666667,
4/23/2024 23:00,5.1,0.3,23,0.958333333,
4/24/2024 0:00,4.8,0,0,0,
4/24/2024 1:00,4.4,0,1,0.041666667,
4/24/2024 2:00,4.1,0,2,0.083333333,
4/24/2024 3:00,3.8,0,3,0.125,
4/24/2024 4:00,3.4,0,4,0.166666667,
4/24/2024 5:00,3.2,0,5,0.208333333,
4/24/2024 6:00,3.2,0.7,6,0.25,
4/24/2024 7:00,3.3,0.7,7,0.291666667,
4/24/2024 8:00,3.6,0.7,8,0.333333333,
4/24/2024 9:00,4.1,0.4,9,0.375,
4/24/2024 10:00,4.6,0.4,10,0.416666667,
4/24/2024 11:00,5.2,0.4,11,0.458333333,
4/24/2024 12:00,5.8,0.1,12,0.5,
4/24/2024 13:00,6.4,0.1,13,0.541666667,
4/24/2024 14:00,7.1,0.1,14,0.583333333,
4/24/2024 15:00,7.8,0.2,15,0.625,
4/24/2024 16:00,8.4,0.2,16,0.666666667,
4/24/2024 17:00,8.5,0.2,17,0.708333333,
4/24/2024 18:00,8,0.1,18,0.75,
4/24/2024 19:00,7.1,0.1,19,0.791666667,
4/24/2024 20:00,6.1,0.1,20,0.833333333,
4/24/2024 21:00,5.2,0,21,0.875,
4/24/2024 22:00,4.3,0,22,0.916666667,
4/24/2024 23:00,3.7,0,23,0.958333333,
4/25/2024 0:00,3.2,0,0,0,
4/25/2024 1:00,3,0,1,0.041666667,
4/25/2024 2:00,3,0,2,0.083333333,
4/25/2024 3:00,3,0,3,0.125,
4/25/2024 4:00,3.2,0,4,0.166666667,
4/25/2024 5:00,3.3,0,5,0.208333333,
4/25/2024 6:00,3.5,0,6,0.25,
4/25/2024 7:00,3.8,0,7,0.291666667,
4/25/2024 8:00,4.2,0,8,0.333333333,
4/25/2024 9:00,5.2,0.1,9,0.375,
4/25/2024 10:00,6.4,0.1,10,0.416666667,
4/25/2024 11:00,7.3,0.1,11,0.458333333,
4/25/2024 12:00,7.9,0.1,12,0.5,
4/25/2024 13:00,8.1,0.1,13,0.541666667,
4/25/2024 14:00,8.3,0.1,14,0.583333333,
4/25/2024 15:00,8.6,0.1,15,0.625,
4/25/2024 16:00,8.7,0.1,16,0.666666667,
4/25/2024 17:00,8.6,0.1,17,0.708333333,
4/25/2024 18:00,8.1,0.3,18,0.75,
4/25/2024 19:00,7.4,0.3,19,0.791666667,
4/25/2024 20:00,6.8,0.3,20,0.833333333,
4/25/2024 21:00,6.3,0.7,21,0.875,
4/25/2024 22:00,5.9,0.7,22,0.916666667,
4/25/2024 23:00,5.6,0.7,23,0.958333333,
4/26/2024 0:00,5.6,0.6,0,0,
4/26/2024 1:00,5.6,0.6,1,0.041666667,
4/26/2024 2:00,5.6,0.6,2,0.083333333,
4/26/2024 3:00,5.5,0.5,3,0.125,
4/26/2024 4:00,5.3,0.5,4,0.166666667,
4/26/2024 5:00,5.3,0.5,5,0.208333333,
4/26/2024 6:00,5.3,0.1,6,0.25,
4/26/2024 7:00,5.4,0.1,7,0.291666667,
4/26/2024 8:00,5.8,0.1,8,0.333333333,
4/26/2024 9:00,6.6,0.2,9,0.375,
4/26/2024 10:00,7.7,0.2,10,0.416666667,
4/26/2024 11:00,8.6,0.2,11,0.458333333,
4/26/2024 12:00,9.4,0.1,12,0.5,
4/26/2024 13:00,9.9,0.1,13,0.541666667,
4/26/2024 14:00,10.4,0.1,14,0.583333333,
4/26/2024 15:00,10.8,0,15,0.625,
4/26/2024 16:00,11.1,0,16,0.666666667,
4/26/2024 17:00,11.1,0,17,0.708333333,
4/26/2024 18:00,10.9,0,18,0.75,
4/26/2024 19:00,10.5,0,19,0.791666667,
4/26/2024 20:00,9.9,0,20,0.833333333,
4/26/2024 21:00,9.1,0,21,0.875,
4/26/2024 22:00,8.1,0,22,0.916666667,
4/26/2024 23:00,7.1,0,23,0.958333333,
4/27/2024 0:00,6.2,0,0,0,
4/27/2024 1:00,5.2,0,1,0.041666667,
4/27/2024 2:00,4.5,0,2,0.083333333,
4/27/2024 3:00,4,0,3,0.125,
4/27/2024 4:00,3.7,0,4,0.166666667,
4/27/2024 5:00,3.8,0,5,0.208333333,
4/27/2024 6:00,4.7,0,6,0.25,
4/27/2024 7:00,5.9,0,7,0.291666667,
4/27/2024 8:00,7.4,0,8,0.333333333,
4/27/2024 9:00,9.4,0,9,0.375,
4/27/2024 10:00,11.4,0,10,0.416666667,
4/27/2024 11:00,13.1,0,11,0.458333333,
4/27/2024 12:00,13.7,0.9,12,0.5,
4/27/2024 13:00,13.9,0.9,13,0.541666667,
4/27/2024 14:00,14.1,0.9,14,0.583333333,
4/27/2024 15:00,14.8,0.3,15,0.625,
4/27/2024 16:00,15.6,0.3,16,0.666666667,
4/27/2024 17:00,15.8,0.3,17,0.708333333,
4/27/2024 18:00,15.1,0.8,18,0.75,
4/27/2024 19:00,14,0.8,19,0.791666667,
4/27/2024 20:00,13,0.8,20,0.833333333,
4/27/2024 21:00,12.4,0,21,0.875,
4/27/2024 22:00,11.9,0,22,0.916666667,
4/27/2024 23:00,11.7,0,23,0.958333333,
4/28/2024 0:00,11.8,0,0,0,
4/28/2024 1:00,12.1,0,1,0.041666667,
4/28/2024 2:00,12.2,0,2,0.083333333,
4/28/2024 3:00,12.1,0,3,0.125,
4/28/2024 4:00,11.9,0,4,0.166666667,
4/28/2024 5:00,11.8,0,5,0.208333333,
4/28/2024 6:00,12.1,0,6,0.25,
4/28/2024 7:00,12.8,0,7,0.291666667,
4/28/2024 8:00,13.6,0,8,0.333333333,
4/28/2024 9:00,14.9,0,9,0.375,
4/28/2024 10:00,16.4,0,10,0.416666667,
4/28/2024 11:00,17.5,0,11,0.458333333,
4/28/2024 12:00,17.9,0,12,0.5,
4/28/2024 13:00,17.8,0,13,0.541666667,
4/28/2024 14:00,17.6,0,14,0.583333333,
4/28/2024 15:00,17.5,0,15,0.625,
4/28/2024 16:00,17.1,0,16,0.666666667,
4/28/2024 17:00,16.6,0,17,0.708333333,
4/28/2024 18:00,15.8,0,18,0.75,
4/28/2024 19:00,14.6,0,19,0.791666667,
4/28/2024 20:00,13.4,0,20,0.833333333,
4/28/2024 21:00,12.2,0,21,0.875,
4/28/2024 22:00,11,0,22,0.916666667,
4/28/2024 23:00,9.9,0,23,0.958333333,
4/29/2024 0:00,9.1,0,0,0,
4/29/2024 1:00,8.3,0,1,0.041666667,
4/29/2024 2:00,7.7,0,2,0.083333333,
4/29/2024 3:00,7.2,0,3,0.125,
4/29/2024 4:00,6.9,0,4,0.166666667,
4/29/2024 5:00,7,0,5,0.208333333,
4/29/2024 6:00,7.6,0,6,0.25,
4/29/2024 7:00,8.5,0,7,0.291666667,
4/29/2024 8:00,9.7,0,8,0.333333333,
4/29/2024 9:00,11.4,0,9,0.375,
4/29/2024 10:00,13.3,0,10,0.416666667,
4/29/2024 11:00,14.9,0,11,0.458333333,
4/29/2024 12:00,16,0.1,12,0.5,
4/29/2024 13:00,16.8,0.1,13,0.541666667,
4/29/2024 14:00,17.3,0.1,14,0.583333333,
4/29/2024 15:00,17.9,0,15,0.625,
4/29/2024 16:00,18.3,0,16,0.666666667,
4/29/2024 17:00,18.3,0,17,0.708333333,
4/29/2024 18:00,17.8,0,18,0.75,
4/29/2024 19:00,16.9,0,19,0.791666667,
4/29/2024 20:00,15.9,0,20,0.833333333,
4/29/2024 21:00,14.9,0,21,0.875,
4/29/2024 22:00,13.8,0,22,0.916666667,
4/29/2024 23:00,13.1,0,23,0.958333333,
4/30/2024 0:00,13.1,0,0,0,
4/30/2024 1:00,13.4,0,1,0.041666667,
4/30/2024 2:00,13.6,0,2,0.083333333,
4/30/2024 3:00,13.3,0.1,3,0.125,
4/30/2024 4:00,12.8,0.1,4,0.166666667,
4/30/2024 5:00,12.5,0.1,5,0.208333333,
4/30/2024 6:00,12.6,0.1,6,0.25,
4/30/2024 7:00,12.8,0.1,7,0.291666667,
4/30/2024 8:00,13.3,0.1,8,0.333333333,
4/30/2024 9:00,14.2,0.2,9,0.375,
4/30/2024 10:00,15.5,0.2,10,0.416666667,
4/30/2024 11:00,16.9,0.2,11,0.458333333,
4/30/2024 12:00,18.5,0,12,0.5,
4/30/2024 13:00,20.1,0,13,0.541666667,
4/30/2024 14:00,21.4,0,14,0.583333333,
4/30/2024 15:00,22.3,0,15,0.625,
4/30/2024 16:00,22.8,0,16,0.666666667,
4/30/2024 17:00,22.8,0,17,0.708333333,
4/30/2024 18:00,22.2,0,18,0.75,
4/30/2024 19:00,21.2,0,19,0.791666667,
4/30/2024 20:00,20,0,20,0.833333333,
4/30/2024 21:00,18.6,0,21,0.875,
4/30/2024 22:00,17,0,22,0.916666667,
4/30/2024 23:00,15.8,0,23,0.958333333,
5/1/2024 0:00,15.5,0,0,0,
5/1/2024 1:00,15.6,0,1,0.041666667,
5/1/2024 2:00,15.5,0,2,0.083333333,
5/1/2024 3:00,14.9,0,3,0.125,
5/1/2024 4:00,14.2,0,4,0.166666667,
5/1/2024 5:00,13.9,0,5,0.208333333,
5/1/2024 6:00,14.2,0,6,0.25,
5/1/2024 7:00,14.9,0,7,0.291666667,
5/1/2024 8:00,15.9,0,8,0.333333333,
5/1/2024 9:00,17,0,9,0.375,
5/1/2024 10:00,18.2,0,10,0.416666667,
5/1/2024 11:00,19.6,0,11,0.458333333,
5/1/2024 12:00,21.5,0,12,0.5,
5/1/2024 13:00,23.6,0,13,0.541666667,
5/1/2024 14:00,25.1,0,14,0.583333333,
5/1/2024 15:00,25.7,0,15,0.625,
5/1/2024 16:00,25.7,0,16,0.666666667,
5/1/2024 17:00,25.2,0,17,0.708333333,
5/1/2024 18:00,24.4,0,18,0.75,
5/1/2024 19:00,23.1,0,19,0.791666667,
5/1/2024 20:00,21.9,0,20,0.833333333,
5/1/2024 21:00,20.6,0,21,0.875,
5/1/2024 22:00,19.4,0,22,0.916666667,
5/1/2024 23:00,18.3,0,23,0.958333333,
5/2/2024 0:00,17.8,0,0,0,
5/2/2024 1:00,17.5,0,1,0.041666667,
5/2/2024 2:00,17.2,0,2,0.083333333,
5/2/2024 3:00,16.7,0,3,0.125,
5/2/2024 4:00,16.1,0,4,0.166666667,
5/2/2024 5:00,15.8,0,5,0.208333333,
5/2/2024 6:00,15.6,0,6,0.25,
5/2/2024 7:00,15.6,0,7,0.291666667,
5/2/2024 8:00,15.9,0,8,0.333333333,
5/2/2024 9:00,17,0,9,0.375,
5/2/2024 10:00,18.5,0,10,0.416666667,
5/2/2024 11:00,19.9,0,11,0.458333333,
5/2/2024 12:00,21.2,0,12,0.5,
5/2/2024 13:00,22.6,0,13,0.541666667,
5/2/2024 14:00,23.5,0,14,0.583333333,
5/2/2024 15:00,23.9,0.2,15,0.625,
5/2/2024 16:00,23.8,0.2,16,0.666666667,
5/2/2024 17:00,23.4,0.2,17,0.708333333,
5/2/2024 18:00,22.8,0,18,0.75,
5/2/2024 19:00,21.9,0,19,0.791666667,
5/2/2024 20:00,21,0,20,0.833333333,
5/2/2024 21:00,19.9,0,21,0.875,
5/2/2024 22:00,18.8,0,22,0.916666667,
5/2/2024 23:00,17.6,0,23,0.958333333,
5/3/2024 0:00,16.8,0,0,0,
5/3/2024 1:00,16,0,1,0.041666667,
5/3/2024 2:00,15.2,0,2,0.083333333,
5/3/2024 3:00,14.2,0,3,0.125,
5/3/2024 4:00,13.1,0,4,0.166666667,
5/3/2024 5:00,12.4,0,5,0.208333333,
5/3/2024 6:00,12.4,0,6,0.25,
5/3/2024 7:00,12.6,0,7,0.291666667,
5/3/2024 8:00,13,0,8,0.333333333,
5/3/2024 9:00,13.6,0.2,9,0.375,
5/3/2024 10:00,14.2,0.2,10,0.416666667,
5/3/2024 11:00,14.4,0.2,11,0.458333333,
5/3/2024 12:00,14,0.1,12,0.5,
5/3/2024 13:00,13.1,0.1,13,0.541666667,
5/3/2024 14:00,12.6,0.1,14,0.583333333,
5/3/2024 15:00,12.8,0.1,15,0.625,
5/3/2024 16:00,13.3,0.1,16,0.666666667,
5/3/2024 17:00,13.6,0.1,17,0.708333333,
5/3/2024 18:00,13.3,0,18,0.75,
5/3/2024 19:00,12.8,0,19,0.791666667,
5/3/2024 20:00,12.2,0,20,0.833333333,
5/3/2024 21:00,11.6,0,21,0.875,
5/3/2024 22:00,10.9,0,22,0.916666667,
5/3/2024 23:00,10.3,0,23,0.958333333,
5/4/2024 0:00,9.6,0,0,0,
5/4/2024 1:00,9,0,1,0.041666667,
5/4/2024 2:00,8.4,0,2,0.083333333,
5/4/2024 3:00,8.1,0,3,0.125,
5/4/2024 4:00,7.9,0,4,0.166666667,
5/4/2024 5:00,7.9,0,5,0.208333333,
5/4/2024 6:00,8.4,0,6,0.25,
5/4/2024 7:00,9.1,0,7,0.291666667,
5/4/2024 8:00,10.2,0,8,0.333333333,
5/4/2024 9:00,12.2,0,9,0.375,
5/4/2024 10:00,14.6,0,10,0.416666667,
5/4/2024 11:00,16.2,0,11,0.458333333,
5/4/2024 12:00,16.8,0,12,0.5,
5/4/2024 13:00,16.8,0,13,0.541666667,
5/4/2024 14:00,16.4,0,14,0.583333333,
5/4/2024 15:00,15.6,0.2,15,0.625,
5/4/2024 16:00,14.6,0.2,16,0.666666667,
5/4/2024 17:00,13.9,0.2,17,0.708333333,
5/4/2024 18:00,13.9,0,18,0.75,
5/4/2024 19:00,14.2,0,19,0.791666667,
5/4/2024 20:00,14.2,0,20,0.833333333,
5/4/2024 21:00,13.6,0.3,21,0.875,
5/4/2024 22:00,12.7,0.3,22,0.916666667,
5/4/2024 23:00,11.9,0.3,23,0.958333333,
5/5/2024 0:00,11.4,2.9,0,0,
5/5/2024 1:00,11,2.9,1,0.041666667,
5/5/2024 2:00,10.6,2.9,2,0.083333333,
5/5/2024 3:00,10.1,0.1,3,0.125,
5/5/2024 4:00,9.7,0.1,4,0.166666667,
5/5/2024 5:00,9.4,0.1,5,0.208333333,
5/5/2024 6:00,9.5,0,6,0.25,
5/5/2024 7:00,9.7,0,7,0.291666667,
5/5/2024 8:00,10.1,0,8,0.333333333,
5/5/2024 9:00,11,0.1,9,0.375,
5/5/2024 10:00,12.1,0.1,10,0.416666667,
5/5/2024 11:00,12.9,0.1,11,0.458333333,
5/5/2024 12:00,13.1,0.4,12,0.5,
5/5/2024 13:00,13.1,0.4,13,0.541666667,
5/5/2024 14:00,13.1,0.4,14,0.583333333,
5/5/2024 15:00,13.2,0.3,15,0.625,
5/5/2024 16:00,13.2,0.3,16,0.666666667,
5/5/2024 17:00,13.2,0.3,17,0.708333333,
5/5/2024 18:00,13.3,0.1,18,0.75,
5/5/2024 19:00,13.2,0.1,19,0.791666667,
5/5/2024 20:00,12.9,0.1,20,0.833333333,
5/5/2024 21:00,12.1,0,21,0.875,
5/5/2024 22:00,10.9,0,22,0.916666667,
5/5/2024 23:00,9.9,0,23,0.958333333,
5/6/2024 0:00,9.4,0,0,0,
5/6/2024 1:00,8.9,0,1,0.041666667,
5/6/2024 2:00,8.4,0,2,0.083333333,
5/6/2024 3:00,7.6,0,3,0.125,
5/6/2024 4:00,6.6,0,4,0.166666667,
5/6/2024 5:00,6.2,0,5,0.208333333,
5/6/2024 6:00,7.1,0,6,0.25,
5/6/2024 7:00,8.5,0,7,0.291666667,
5/6/2024 8:00,10.1,0,8,0.333333333,
5/6/2024 9:00,11.9,0,9,0.375,
5/6/2024 10:00,13.9,0,10,0.416666667,
5/6/2024 11:00,15.4,0,11,0.458333333,
5/6/2024 12:00,16.6,0,12,0.5,
5/6/2024 13:00,17.5,0,13,0.541666667,
5/6/2024 14:00,18,0,14,0.583333333,
5/6/2024 15:00,18.2,0,15,0.625,
5/6/2024 16:00,18.1,0,16,0.666666667,
5/6/2024 17:00,17.8,0,17,0.708333333,
5/6/2024 18:00,17.1,0,18,0.75,
5/6/2024 19:00,16.2,0,19,0.791666667,
5/6/2024 20:00,15.2,0,20,0.833333333,
5/6/2024 21:00,14.1,0,21,0.875,
5/6/2024 22:00,12.8,0,22,0.916666667,
5/6/2024 23:00,11.7,0,23,0.958333333,
5/7/2024 0:00,11,0,0,0,
5/7/2024 1:00,10.5,0,1,0.041666667,
5/7/2024 2:00,10.1,0,2,0.083333333,
5/7/2024 3:00,9.6,0,3,0.125,
5/7/2024 4:00,9.1,0,4,0.166666667,
5/7/2024 5:00,9,0,5,0.208333333,
5/7/2024 6:00,9.4,0,6,0.25,
5/7/2024 7:00,9.9,0,7,0.291666667,
5/7/2024 8:00,10.9,0,8,0.333333333,
5/7/2024 9:00,12.4,0,9,0.375,
5/7/2024 10:00,14.2,0,10,0.416666667,
5/7/2024 11:00,15.7,0,11,0.458333333,
5/7/2024 12:00,16.5,0.1,12,0.5,
5/7/2024 13:00,17,0.1,13,0.541666667,
5/7/2024 14:00,17.2,0.1,14,0.583333333,
5/7/2024 15:00,17.4,0.1,15,0.625,
5/7/2024 16:00,17.4,0.1,16,0.666666667,
5/7/2024 17:00,17.1,0.1,17,0.708333333,
5/7/2024 18:00,16.6,0.1,18,0.75,
5/7/2024 19:00,15.9,0.1,19,0.791666667,
5/7/2024 20:00,14.9,0.1,20,0.833333333,
5/7/2024 21:00,13.4,0,21,0.875,
5/7/2024 22:00,11.6,0,22,0.916666667,
5/7/2024 23:00,10.2,0,23,0.958333333,
5/8/2024 0:00,9.6,0,0,0,
5/8/2024 1:00,9.4,0,1,0.041666667,
5/8/2024 2:00,9.3,0,2,0.083333333,
5/8/2024 3:00,9,0,3,0.125,
5/8/2024 4:00,8.7,0,4,0.166666667,
5/8/2024 5:00,8.7,0,5,0.208333333,
5/8/2024 6:00,9.3,0,6,0.25,
5/8/2024 7:00,10.2,0,7,0.291666667,
5/8/2024 8:00,11.2,0,8,0.333333333,
5/8/2024 9:00,12.3,0.1,9,0.375,
5/8/2024 10:00,13.4,0.1,10,0.416666667,
5/8/2024 11:00,14.3,0.1,11,0.458333333,
5/8/2024 12:00,14.7,0.1,12,0.5,
5/8/2024 13:00,14.8,0.1,13,0.541666667,
5/8/2024 14:00,14.9,0.1,14,0.583333333,
5/8/2024 15:00,15,0.2,15,0.625,
5/8/2024 16:00,15.1,0.2,16,0.666666667,
5/8/2024 17:00,15.1,0.2,17,0.708333333,
5/8/2024 18:00,15.1,0,18,0.75,
5/8/2024 19:00,14.9,0,19,0.791666667,
5/8/2024 20:00,14.4,0,20,0.833333333,
5/8/2024 21:00,13.3,0,21,0.875,
5/8/2024 22:00,11.8,0,22,0.916666667,
5/8/2024 23:00,10.5,0,23,0.958333333,
5/9/2024 0:00,9.9,0,0,0,
5/9/2024 1:00,9.4,0,1,0.041666667,
5/9/2024 2:00,9.1,0,2,0.083333333,
5/9/2024 3:00,8.8,0,3,0.125,
5/9/2024 4:00,8.6,0,4,0.166666667,
5/9/2024 5:00,8.5,0,5,0.208333333,
5/9/2024 6:00,8.6,0,6,0.25,
5/9/2024 7:00,8.8,0,7,0.291666667,
5/9/2024 8:00,9.4,0,8,0.333333333,
5/9/2024 9:00,10.9,0,9,0.375,
5/9/2024 10:00,12.9,0,10,0.416666667,
5/9/2024 11:00,14.6,0,11,0.458333333,
5/9/2024 12:00,15.8,0,12,0.5,
5/9/2024 13:00,16.5,0,13,0.541666667,
5/9/2024 14:00,17,0,14,0.583333333,
5/9/2024 15:00,17.6,0,15,0.625,
5/9/2024 16:00,18,0,16,0.666666667,
5/9/2024 17:00,18,0,17,0.708333333,
5/9/2024 18:00,17.9,0,18,0.75,
5/9/2024 19:00,17.2,0,19,0.791666667,
5/9/2024 20:00,16.3,0,20,0.833333333,
5/9/2024 21:00,14.7,0,21,0.875,
5/9/2024 22:00,12.6,0,22,0.916666667,
5/9/2024 23:00,10.9,0,23,0.958333333,
5/10/2024 0:00,10.1,0,0,0,
5/10/2024 1:00,9.6,0,1,0.041666667,
5/10/2024 2:00,9.1,0,2,0.083333333,
5/10/2024 3:00,8.4,0,3,0.125,
5/10/2024 4:00,7.9,0,4,0.166666667,
5/10/2024 5:00,7.8,0,5,0.208333333,
5/10/2024 6:00,8.2,0,6,0.25,
5/10/2024 7:00,9.2,0,7,0.291666667,
5/10/2024 8:00,10.4,0,8,0.333333333,
5/10/2024 9:00,12.4,0,9,0.375,
5/10/2024 10:00,14.6,0,10,0.416666667,
5/10/2024 11:00,16.5,0,11,0.458333333,
5/10/2024 12:00,17.5,0,12,0.5,
5/10/2024 13:00,18.2,0,13,0.541666667,
5/10/2024 14:00,18.8,0,14,0.583333333,
5/10/2024 15:00,19.2,0,15,0.625,
5/10/2024 16:00,19.6,0,16,0.666666667,
5/10/2024 17:00,19.5,0,17,0.708333333,
5/10/2024 18:00,18.8,0,18,0.75,
5/10/2024 19:00,17.6,0,19,0.791666667,
5/10/2024 20:00,16.4,0,20,0.833333333,
5/10/2024 21:00,15.1,0,21,0.875,
5/10/2024 22:00,13.6,0,22,0.916666667,
5/10/2024 23:00,12.3,0,23,0.958333333,
5/11/2024 0:00,11.4,0,0,0,
5/11/2024 1:00,10.7,0,1,0.041666667,
5/11/2024 2:00,10.1,0,2,0.083333333,
5/11/2024 3:00,9.6,0,3,0.125,
5/11/2024 4:00,9.4,0,4,0.166666667,
5/11/2024 5:00,9.4,0,5,0.208333333,
5/11/2024 6:00,9.7,0,6,0.25,
5/11/2024 7:00,10.3,0,7,0.291666667,
5/11/2024 8:00,11.1,0,8,0.333333333,
5/11/2024 9:00,12.3,0,9,0.375,
5/11/2024 10:00,13.8,0,10,0.416666667,
5/11/2024 11:00,15.1,0,11,0.458333333,
5/11/2024 12:00,16.5,0,12,0.5,
5/11/2024 13:00,17.8,0,13,0.541666667,
5/11/2024 14:00,18.8,0,14,0.583333333,
5/11/2024 15:00,19.5,0,15,0.625,
5/11/2024 16:00,20,0,16,0.666666667,
5/11/2024 17:00,20.1,0,17,0.708333333,
5/11/2024 18:00,19.9,0,18,0.75,
5/11/2024 19:00,19.3,0,19,0.791666667,
5/11/2024 20:00,18.4,0,20,0.833333333,
5/11/2024 21:00,17.1,0,21,0.875,
5/11/2024 22:00,15.5,0,22,0.916666667,
5/11/2024 23:00,14.2,0,23,0.958333333,
5/12/2024 0:00,13.6,0,0,0,
5/12/2024 1:00,13.3,0,1,0.041666667,
5/12/2024 2:00,12.9,0,2,0.083333333,
5/12/2024 3:00,12.2,0,3,0.125,
5/12/2024 4:00,11.4,0,4,0.166666667,
5/12/2024 5:00,11.1,0,5,0.208333333,
5/12/2024 6:00,11.3,0,6,0.25,
5/12/2024 7:00,11.9,0,7,0.291666667,
5/12/2024 8:00,12.9,0,8,0.333333333,
5/12/2024 9:00,14.6,0,9,0.375,
5/12/2024 10:00,16.5,0,10,0.416666667,
5/12/2024 11:00,18.2,0,11,0.458333333,
5/12/2024 12:00,19.5,0,12,0.5,
5/12/2024 13:00,20.5,0,13,0.541666667,
5/12/2024 14:00,21.3,0,14,0.583333333,
5/12/2024 15:00,21.8,0,15,0.625,
5/12/2024 16:00,22,0,16,0.666666667,
5/12/2024 17:00,21.9,0,17,0.708333333,
5/12/2024 18:00,21.5,0,18,0.75,
5/12/2024 19:00,20.8,0,19,0.791666667,
5/12/2024 20:00,19.9,0,20,0.833333333,
5/12/2024 21:00,18.9,0,21,0.875,
5/12/2024 22:00,17.8,0,22,0.916666667,
5/12/2024 23:00,16.8,0,23,0.958333333,
5/13/2024 0:00,16.3,0,0,0,
5/13/2024 1:00,16,0,1,0.041666667,
5/13/2024 2:00,15.6,0,2,0.083333333,
5/13/2024 3:00,15.1,0,3,0.125,
5/13/2024 4:00,14.4,0,4,0.166666667,
5/13/2024 5:00,14.1,0,5,0.208333333,
5/13/2024 6:00,14.4,0,6,0.25,
5/13/2024 7:00,15.1,0,7,0.291666667,
5/13/2024 8:00,16.2,0,8,0.333333333,
5/13/2024 9:00,17.9,0,9,0.375,
5/13/2024 10:00,19.9,0,10,0.416666667,
5/13/2024 11:00,21.6,0,11,0.458333333,
5/13/2024 12:00,23,0,12,0.5,
5/13/2024 13:00,24.3,0,13,0.541666667,
5/13/2024 14:00,25.1,0,14,0.583333333,
5/13/2024 15:00,25.6,0,15,0.625,
5/13/2024 16:00,25.6,0,16,0.666666667,
5/13/2024 17:00,25.2,0,17,0.708333333,
5/13/2024 18:00,24.5,0,18,0.75,
5/13/2024 19:00,23.4,0,19,0.791666667,
5/13/2024 20:00,22,0,20,0.833333333,
5/13/2024 21:00,20.5,0,21,0.875,
5/13/2024 22:00,18.6,0,22,0.916666667,
5/13/2024 23:00,17.4,0,23,0.958333333,
5/14/2024 0:00,17.2,0,0,0,
5/14/2024 1:00,17.6,0,1,0.041666667,
5/14/2024 2:00,17.7,0,2,0.083333333,
5/14/2024 3:00,17,0,3,0.125,
5/14/2024 4:00,16,0,4,0.166666667,
5/14/2024 5:00,15.5,0,5,0.208333333,
5/14/2024 6:00,15.6,0,6,0.25,
5/14/2024 7:00,16.1,0,7,0.291666667,
5/14/2024 8:00,17,0,8,0.333333333,
5/14/2024 9:00,18.6,0,9,0.375,
5/14/2024 10:00,20.5,0,10,0.416666667,
5/14/2024 11:00,22.2,0,11,0.458333333,
5/14/2024 12:00,23.5,0,12,0.5,
5/14/2024 13:00,24.6,0,13,0.541666667,
5/14/2024 14:00,25.3,0,14,0.583333333,
5/14/2024 15:00,25.8,0,15,0.625,
5/14/2024 16:00,25.9,0,16,0.666666667,
5/14/2024 17:00,25.6,0,17,0.708333333,
5/14/2024 18:00,24.9,0,18,0.75,
5/14/2024 19:00,23.6,0,19,0.791666667,
5/14/2024 20:00,22.5,0,20,0.833333333,
5/14/2024 21:00,21.5,0,21,0.875,
5/14/2024 22:00,20.5,0,22,0.916666667,
5/14/2024 23:00,19.5,0,23,0.958333333,
5/15/2024 0:00,18.8,0,0,0,
5/15/2024 1:00,18.2,0,1,0.041666667,
5/15/2024 2:00,17.6,0,2,0.083333333,
5/15/2024 3:00,17,0,3,0.125,
5/15/2024 4:00,16.3,0,4,0.166666667,
5/15/2024 5:00,15.9,0,5,0.208333333,
5/15/2024 6:00,15.7,0,6,0.25,
5/15/2024 7:00,15.8,0,7,0.291666667,
5/15/2024 8:00,16.4,0,8,0.333333333,
5/15/2024 9:00,17.6,0,9,0.375,
5/15/2024 10:00,19.4,0,10,0.416666667,
5/15/2024 11:00,21,0,11,0.458333333,
5/15/2024 12:00,22.1,0,12,0.5,
5/15/2024 13:00,23,0,13,0.541666667,
5/15/2024 14:00,23.8,0,14,0.583333333,
5/15/2024 15:00,24.5,0,15,0.625,
5/15/2024 16:00,25.1,0,16,0.666666667,
5/15/2024 17:00,25.2,0,17,0.708333333,
5/15/2024 18:00,24.7,0,18,0.75,
5/15/2024 19:00,23.6,0,19,0.791666667,
5/15/2024 20:00,22.2,0,20,0.833333333,
5/15/2024 21:00,20.5,0,21,0.875,
5/15/2024 22:00,18.5,0,22,0.916666667,
5/15/2024 23:00,16.9,0,23,0.958333333,
5/16/2024 0:00,15.6,0,0,0,
5/16/2024 1:00,14.6,0,1,0.041666667,
5/16/2024 2:00,14,0,2,0.083333333,
5/16/2024 3:00,14.2,0,3,0.125,
5/16/2024 4:00,14.9,0,4,0.166666667,
5/16/2024 5:00,15.6,0,5,0.208333333,
5/16/2024 6:00,15.9,0,6,0.25,
5/16/2024 7:00,16.1,0,7,0.291666667,
5/16/2024 8:00,16.5,0,8,0.333333333,
5/16/2024 9:00,17.5,0,9,0.375,
5/16/2024 10:00,18.7,0,10,0.416666667,
5/16/2024 11:00,19.8,0,11,0.458333333,
5/16/2024 12:00,20.9,0.1,12,0.5,
5/16/2024 13:00,21.9,0.1,13,0.541666667,
5/16/2024 14:00,22.4,0.1,14,0.583333333,
5/16/2024 15:00,22.1,0.4,15,0.625,
5/16/2024 16:00,21.3,0.4,16,0.666666667,
5/16/2024 17:00,20.4,0.4,17,0.708333333,
5/16/2024 18:00,19.4,1.5,18,0.75,
5/16/2024 19:00,18.2,1.5,19,0.791666667,
5/16/2024 20:00,17.2,1.5,20,0.833333333,
5/16/2024 21:00,16.5,0.4,21,0.875,
5/16/2024 22:00,15.8,0.4,22,0.916666667,
5/16/2024 23:00,15.1,0.4,23,0.958333333,
5/17/2024 0:00,14.4,0,0,0,
5/17/2024 1:00,13.7,0,1,0.041666667,
5/17/2024 2:00,13.1,0,2,0.083333333,
5/17/2024 3:00,12.8,0,3,0.125,
5/17/2024 4:00,12.6,0,4,0.166666667,
5/17/2024 5:00,12.6,0,5,0.208333333,
5/17/2024 6:00,13.1,0,6,0.25,
5/17/2024 7:00,13.7,0,7,0.291666667,
5/17/2024 8:00,14.6,0,8,0.333333333,
5/17/2024 9:00,16.1,0,9,0.375,
5/17/2024 10:00,17.8,0,10,0.416666667,
5/17/2024 11:00,19.3,0,11,0.458333333,
5/17/2024 12:00,20.5,0,12,0.5,
5/17/2024 13:00,21.5,0,13,0.541666667,
5/17/2024 14:00,22.1,0,14,0.583333333,
5/17/2024 15:00,22.6,0,15,0.625,
5/17/2024 16:00,22.8,0,16,0.666666667,
5/17/2024 17:00,22.6,0,17,0.708333333,
5/17/2024 18:00,22.1,0.2,18,0.75,
5/17/2024 19:00,21.4,0.2,19,0.791666667,
5/17/2024 20:00,20.4,0.2,20,0.833333333,
5/17/2024 21:00,19,0,21,0.875,
5/17/2024 22:00,17.5,0,22,0.916666667,
5/17/2024 23:00,16.5,0,23,0.958333333,
5/18/2024 0:00,16.1,0,0,0,
5/18/2024 1:00,16.2,0,1,0.041666667,
5/18/2024 2:00,16.1,0,2,0.083333333,
5/18/2024 3:00,15.4,0,3,0.125,
5/18/2024 4:00,14.4,0,4,0.166666667,
5/18/2024 5:00,13.9,0,5,0.208333333,
5/18/2024 6:00,14.1,0,6,0.25,
5/18/2024 7:00,14.8,0,7,0.291666667,
5/18/2024 8:00,15.6,0,8,0.333333333,
5/18/2024 9:00,16.9,0,9,0.375,
5/18/2024 10:00,18.4,0,10,0.416666667,
5/18/2024 11:00,19.6,0,11,0.458333333,
5/18/2024 12:00,20.5,0,12,0.5,
5/18/2024 13:00,21.2,0,13,0.541666667,
5/18/2024 14:00,21.6,0,14,0.583333333,
5/18/2024 15:00,21.9,0,15,0.625,
5/18/2024 16:00,21.9,0,16,0.666666667,
5/18/2024 17:00,21.6,0,17,0.708333333,
5/18/2024 18:00,21,0,18,0.75,
5/18/2024 19:00,20.1,0,19,0.791666667,
5/18/2024 20:00,19,0,20,0.833333333,
5/18/2024 21:00,17.8,0,21,0.875,
5/18/2024 22:00,16.2,0,22,0.916666667,
5/18/2024 23:00,14.9,0,23,0.958333333,
5/19/2024 0:00,14.1,0,0,0,
5/19/2024 1:00,13.6,0,1,0.041666667,
5/19/2024 2:00,13.1,0,2,0.083333333,
5/19/2024 3:00,12.6,0,3,0.125,
5/19/2024 4:00,12.2,0,4,0.166666667,
5/19/2024 5:00,12.2,0,5,0.208333333,
5/19/2024 6:00,12.8,0,6,0.25,
5/19/2024 7:00,13.6,0,7,0.291666667,
5/19/2024 8:00,14.8,0,8,0.333333333,
5/19/2024 9:00,16.4,0,9,0.375,
5/19/2024 10:00,18.2,0,10,0.416666667,
5/19/2024 11:00,19.6,0,11,0.458333333,
5/19/2024 12:00,20.5,1.6,12,0.5,
5/19/2024 13:00,21,1.6,13,0.541666667,
5/19/2024 14:00,21.1,1.6,14,0.583333333,
5/19/2024 15:00,20.9,1,15,0.625,
5/19/2024 16:00,20.2,1,16,0.666666667,
5/19/2024 17:00,19.5,1,17,0.708333333,
5/19/2024 18:00,19.2,0,18,0.75,
5/19/2024 19:00,18.8,0,19,0.791666667,
5/19/2024 20:00,18.1,0,20,0.833333333,
5/19/2024 21:00,16.9,0,21,0.875,
5/19/2024 22:00,15.3,0,22,0.916666667,
5/19/2024 23:00,14.1,0,23,0.958333333,
5/20/2024 0:00,13.8,0,0,0,
5/20/2024 1:00,13.9,0,1,0.041666667,
5/20/2024 2:00,13.8,0,2,0.083333333,
5/20/2024 3:00,13.2,0.6,3,0.125,
5/20/2024 4:00,12.5,0.6,4,0.166666667,
5/20/2024 5:00,12.1,0.6,5,0.208333333,
5/20/2024 6:00,12.4,0,6,0.25,
5/20/2024 7:00,13,0,7,0.291666667,
5/20/2024 8:00,13.9,0,8,0.333333333,
5/20/2024 9:00,14.9,0,9,0.375,
5/20/2024 10:00,16.2,0,10,0.416666667,
5/20/2024 11:00,17.5,0,11,0.458333333,
5/20/2024 12:00,18.8,0,12,0.5,
5/20/2024 13:00,20,0,13,0.541666667,
5/20/2024 14:00,20.7,0,14,0.583333333,
5/20/2024 15:00,20.4,0.9,15,0.625,
5/20/2024 16:00,19.5,0.9,16,0.666666667,
5/20/2024 17:00,18.6,0.9,17,0.708333333,
5/20/2024 18:00,18,0,18,0.75,
5/20/2024 19:00,17.5,0,19,0.791666667,
5/20/2024 20:00,16.9,0,20,0.833333333,
5/20/2024 21:00,16.3,0,21,0.875,
5/20/2024 22:00,15.8,0,22,0.916666667,
5/20/2024 23:00,15.2,0,23,0.958333333,
5/21/2024 0:00,14.8,0,0,0,
5/21/2024 1:00,14.4,0,1,0.041666667,
5/21/2024 2:00,14.1,0,2,0.083333333,
5/21/2024 3:00,13.7,0,3,0.125,
5/21/2024 4:00,13.2,0,4,0.166666667,
5/21/2024 5:00,13.1,0,5,0.208333333,
5/21/2024 6:00,13.5,0,6,0.25,
5/21/2024 7:00,14.2,0,7,0.291666667,
5/21/2024 8:00,15.2,0,8,0.333333333,
5/21/2024 9:00,17,0,9,0.375,
5/21/2024 10:00,19.1,0,10,0.416666667,
5/21/2024 11:00,20.9,0,11,0.458333333,
5/21/2024 12:00,22.3,0.1,12,0.5,
5/21/2024 13:00,23.4,0.1,13,0.541666667,
5/21/2024 14:00,23.6,0.1,14,0.583333333,
5/21/2024 15:00,22.5,0.6,15,0.625,
5/21/2024 16:00,20.4,0.6,16,0.666666667,
5/21/2024 17:00,19,0.6,17,0.708333333,
5/21/2024 18:00,19.4,0.1,18,0.75,
5/21/2024 19:00,20.4,0.1,19,0.791666667,
5/21/2024 20:00,20.6,0.1,20,0.833333333,
5/21/2024 21:00,19.5,0.9,21,0.875,
5/21/2024 22:00,17.5,0.9,22,0.916666667,
5/21/2024 23:00,16.1,0.9,23,0.958333333,
5/22/2024 0:00,16,2,0,0,
5/22/2024 1:00,16.3,2,1,0.041666667,
5/22/2024 2:00,16.5,2,2,0.083333333,
5/22/2024 3:00,16.5,0.4,3,0.125,
5/22/2024 4:00,16.3,0.4,4,0.166666667,
5/22/2024 5:00,16,0.4,5,0.208333333,
5/22/2024 6:00,15.6,0,6,0.25,
5/22/2024 7:00,15.1,0,7,0.291666667,
5/22/2024 8:00,14.9,0,8,0.333333333,
5/22/2024 9:00,15.1,0,9,0.375,
5/22/2024 10:00,15.6,0,10,0.416666667,
5/22/2024 11:00,15.9,0,11,0.458333333,
5/22/2024 12:00,16.2,0,12,0.5,
5/22/2024 13:00,16.4,0,13,0.541666667,
5/22/2024 14:00,16.6,0,14,0.583333333,
5/22/2024 15:00,17.1,0,15,0.625,
5/22/2024 16:00,17.7,0,16,0.666666667,
5/22/2024 17:00,18,0,17,0.708333333,
5/22/2024 18:00,18,0,18,0.75,
5/22/2024 19:00,17.8,0,19,0.791666667,
5/22/2024 20:00,17.3,0,20,0.833333333,
5/22/2024 21:00,16.5,0,21,0.875,
5/22/2024 22:00,15.5,0,22,0.916666667,
5/22/2024 23:00,14.6,0,23,0.958333333,
5/23/2024 0:00,13.9,0,0,0,
5/23/2024 1:00,13.2,0,1,0.041666667,
5/23/2024 2:00,12.8,0,2,0.083333333,
5/23/2024 3:00,12.4,0,3,0.125,
5/23/2024 4:00,12,0,4,0.166666667,
5/23/2024 5:00,11.9,0,5,0.208333333,
5/23/2024 6:00,12.2,0,6,0.25,
5/23/2024 7:00,12.8,0,7,0.291666667,
5/23/2024 8:00,13.4,0,8,0.333333333,
5/23/2024 9:00,14.2,0.1,9,0.375,
5/23/2024 10:00,15.1,0.1,10,0.416666667,
5/23/2024 11:00,15.9,0.1,11,0.458333333,
5/23/2024 12:00,16.5,0.2,12,0.5,
5/23/2024 13:00,17,0.2,13,0.541666667,
5/23/2024 14:00,17.6,0.2,14,0.583333333,
5/23/2024 15:00,18.3,0.1,15,0.625,
5/23/2024 16:00,19,0.1,16,0.666666667,
5/23/2024 17:00,19.2,0.1,17,0.708333333,
5/23/2024 18:00,19,0,18,0.75,
5/23/2024 19:00,18.4,0,19,0.791666667,
5/23/2024 20:00,17.6,0,20,0.833333333,
5/23/2024 21:00,17,0,21,0.875,
5/23/2024 22:00,16.1,0,22,0.916666667,
5/23/2024 23:00,15.1,0,23,0.958333333,
5/24/2024 0:00,13.9,0,0,0,
5/24/2024 1:00,12.6,0,1,0.041666667,
5/24/2024 2:00,11.4,0,2,0.083333333,
5/24/2024 3:00,10.8,0,3,0.125,
5/24/2024 4:00,10.4,0,4,0.166666667,
5/24/2024 5:00,10.6,0,5,0.208333333,
5/24/2024 6:00,11.6,0,6,0.25,
5/24/2024 7:00,13.2,0,7,0.291666667,
5/24/2024 8:00,14.8,0,8,0.333333333,
5/24/2024 9:00,16.3,0,9,0.375,
5/24/2024 10:00,17.9,0,10,0.416666667,
5/24/2024 11:00,19.2,0,11,0.458333333,
5/24/2024 12:00,20.4,0,12,0.5,
5/24/2024 13:00,21.2,0,13,0.541666667,
5/24/2024 14:00,21.8,0,14,0.583333333,
5/24/2024 15:00,22,0,15,0.625,
5/24/2024 16:00,22.1,0,16,0.666666667,
5/24/2024 17:00,21.6,0,17,0.708333333,
5/24/2024 18:00,20.6,0,18,0.75,
5/24/2024 19:00,19.1,0,19,0.791666667,
5/24/2024 20:00,17.8,0,20,0.833333333,
5/24/2024 21:00,17,0.2,21,0.875,
5/24/2024 22:00,16.4,0.2,22,0.916666667,
5/24/2024 23:00,15.8,0.2,23,0.958333333,
5/25/2024 0:00,15.4,1.1,0,0,
5/25/2024 1:00,15.2,1.1,1,0.041666667,
5/25/2024 2:00,14.9,1.1,2,0.083333333,
5/25/2024 3:00,14.6,0.8,3,0.125,
5/25/2024 4:00,14.2,0.8,4,0.166666667,
5/25/2024 5:00,14,0.8,5,0.208333333,
5/25/2024 6:00,14.1,0.1,6,0.25,
5/25/2024 7:00,14.3,0.1,7,0.291666667,
5/25/2024 8:00,14.8,0.1,8,0.333333333,
5/25/2024 9:00,15.9,0.1,9,0.375,
5/25/2024 10:00,17.2,0.1,10,0.416666667,
5/25/2024 11:00,18.3,0.1,11,0.458333333,
5/25/2024 12:00,18.9,0.1,12,0.5,
5/25/2024 13:00,19.1,0.1,13,0.541666667,
5/25/2024 14:00,19.4,0.1,14,0.583333333,
5/25/2024 15:00,19.6,0.1,15,0.625,
5/25/2024 16:00,19.9,0.1,16,0.666666667,
5/25/2024 17:00,19.8,0.1,17,0.708333333,
5/25/2024 18:00,19.2,0,18,0.75,
5/25/2024 19:00,18.4,0,19,0.791666667,
5/25/2024 20:00,17.4,0,20,0.833333333,
5/25/2024 21:00,16.4,0,21,0.875,
5/25/2024 22:00,15.1,0,22,0.916666667,
5/25/2024 23:00,14.1,0,23,0.958333333,
5/26/2024 0:00,13.4,0,0,0,
5/26/2024 1:00,12.8,0,1,0.041666667,
5/26/2024 2:00,12.2,0,2,0.083333333,
5/26/2024 3:00,11.4,0,3,0.125,
5/26/2024 4:00,10.8,0,4,0.166666667,
5/26/2024 5:00,10.7,0,5,0.208333333,
5/26/2024 6:00,11.8,0,6,0.25,
5/26/2024 7:00,13.6,0,7,0.291666667,
5/26/2024 8:00,15.4,0,8,0.333333333,
5/26/2024 9:00,17,0,9,0.375,
5/26/2024 10:00,18.6,0,10,0.416666667,
5/26/2024 11:00,20,0,11,0.458333333,
5/26/2024 12:00,21.2,0.1,12,0.5,
5/26/2024 13:00,22.3,0.1,13,0.541666667,
5/26/2024 14:00,22.8,0.1,14,0.583333333,
5/26/2024 15:00,22.5,0.2,15,0.625,
5/26/2024 16:00,21.8,0.2,16,0.666666667,
5/26/2024 17:00,21,0.2,17,0.708333333,
5/26/2024 18:00,20.6,0,18,0.75,
5/26/2024 19:00,20.4,0,19,0.791666667,
5/26/2024 20:00,19.8,0,20,0.833333333,
5/26/2024 21:00,18.6,2,21,0.875,
5/26/2024 22:00,17.1,2,22,0.916666667,
5/26/2024 23:00,15.9,2,23,0.958333333,
5/27/2024 0:00,15.2,0,0,0,
5/27/2024 1:00,14.9,0,1,0.041666667,
5/27/2024 2:00,14.4,0,2,0.083333333,
5/27/2024 3:00,13.6,0,3,0.125,
5/27/2024 4:00,12.6,0,4,0.166666667,
5/27/2024 5:00,12,0,5,0.208333333,
5/27/2024 6:00,12.4,0,6,0.25,
5/27/2024 7:00,13.2,0,7,0.291666667,
5/27/2024 8:00,14.1,0,8,0.333333333,
5/27/2024 9:00,15,0,9,0.375,
5/27/2024 10:00,16,0,10,0.416666667,
5/27/2024 11:00,16.9,0,11,0.458333333,
5/27/2024 12:00,17.6,0.2,12,0.5,
5/27/2024 13:00,18.4,0.2,13,0.541666667,
5/27/2024 14:00,18.8,0.2,14,0.583333333,
5/27/2024 15:00,19,0,15,0.625,
5/27/2024 16:00,19,0,16,0.666666667,
5/27/2024 17:00,18.6,0,17,0.708333333,
5/27/2024 18:00,17.9,0,18,0.75,
5/27/2024 19:00,16.9,0,19,0.791666667,
5/27/2024 20:00,15.9,0,20,0.833333333,
5/27/2024 21:00,15.2,2,21,0.875,
5/27/2024 22:00,14.6,2,22,0.916666667,
5/27/2024 23:00,13.9,2,23,0.958333333,
5/28/2024 0:00,13.3,1.8,0,0,
5/28/2024 1:00,12.6,1.8,1,0.041666667,
5/28/2024 2:00,12.1,1.8,2,0.083333333,
5/28/2024 3:00,11.7,0.1,3,0.125,
5/28/2024 4:00,11.4,0.1,4,0.166666667,
5/28/2024 5:00,11.1,0.1,5,0.208333333,
5/28/2024 6:00,11.2,0.2,6,0.25,
5/28/2024 7:00,11.4,0.2,7,0.291666667,
5/28/2024 8:00,11.9,0.2,8,0.333333333,
5/28/2024 9:00,12.9,0.1,9,0.375,
5/28/2024 10:00,14.1,0.1,10,0.416666667,
5/28/2024 11:00,15.2,0.1,11,0.458333333,
5/28/2024 12:00,16.1,0,12,0.5,
5/28/2024 13:00,16.8,0,13,0.541666667,
5/28/2024 14:00,17.4,0,14,0.583333333,
5/28/2024 15:00,17.9,0,15,0.625,
5/28/2024 16:00,18.1,0,16,0.666666667,
5/28/2024 17:00,18.1,0,17,0.708333333,
5/28/2024 18:00,17.5,0,18,0.75,
5/28/2024 19:00,16.6,0,19,0.791666667,
5/28/2024 20:00,15.7,0,20,0.833333333,
5/28/2024 21:00,14.9,0.8,21,0.875,
5/28/2024 22:00,14.2,0.8,22,0.916666667,
5/28/2024 23:00,13.8,0.8,23,0.958333333,
5/29/2024 0:00,13.7,0.5,0,0,
5/29/2024 1:00,13.9,0.5,1,0.041666667,
5/29/2024 2:00,14,0.5,2,0.083333333,
5/29/2024 3:00,14.1,0.6,3,0.125,
5/29/2024 4:00,14,0.6,4,0.166666667,
5/29/2024 5:00,14.1,0.6,5,0.208333333,
5/29/2024 6:00,14.2,1.3,6,0.25,
5/29/2024 7:00,14.6,1.3,7,0.291666667,
5/29/2024 8:00,14.8,1.3,8,0.333333333,
5/29/2024 9:00,14.9,0.5,9,0.375,
5/29/2024 10:00,15.1,0.5,10,0.416666667,
5/29/2024 11:00,15.2,0.5,11,0.458333333,
5/29/2024 12:00,15.6,0.4,12,0.5,
5/29/2024 13:00,16,0.4,13,0.541666667,
5/29/2024 14:00,16.3,0.4,14,0.583333333,
5/29/2024 15:00,16.3,1.2,15,0.625,
5/29/2024 16:00,16.1,1.2,16,0.666666667,
5/29/2024 17:00,15.9,1.2,17,0.708333333,
5/29/2024 18:00,15.6,0.3,18,0.75,
5/29/2024 19:00,15.2,0.3,19,0.791666667,
5/29/2024 20:00,14.7,0.3,20,0.833333333,
5/29/2024 21:00,13.8,0,21,0.875,
5/29/2024 22:00,12.6,0,22,0.916666667,
5/29/2024 23:00,11.8,0,23,0.958333333,
5/30/2024 0:00,11.9,0,0,0,
5/30/2024 1:00,12.4,0,1,0.041666667,
5/30/2024 2:00,12.5,0,2,0.083333333,
5/30/2024 3:00,11.8,0,3,0.125,
5/30/2024 4:00,10.8,0,4,0.166666667,
5/30/2024 5:00,10.3,0,5,0.208333333,
5/30/2024 6:00,10.9,0,6,0.25,
5/30/2024 7:00,12.1,0,7,0.291666667,
5/30/2024 8:00,13.4,0,8,0.333333333,
5/30/2024 9:00,14.6,0.1,9,0.375,
5/30/2024 10:00,15.8,0.1,10,0.416666667,
5/30/2024 11:00,16.8,0.1,11,0.458333333,
5/30/2024 12:00,17.6,0,12,0.5,
5/30/2024 13:00,18.3,0,13,0.541666667,
5/30/2024 14:00,18.7,0,14,0.583333333,
5/30/2024 15:00,18.9,0.4,15,0.625,
5/30/2024 16:00,18.7,0.4,16,0.666666667,
5/30/2024 17:00,18.4,0.4,17,0.708333333,
5/30/2024 18:00,18.1,0,18,0.75,
5/30/2024 19:00,17.8,0,19,0.791666667,
5/30/2024 20:00,17.1,0,20,0.833333333,
5/30/2024 21:00,15.9,0,21,0.875,
5/30/2024 22:00,14.2,0,22,0.916666667,
5/30/2024 23:00,12.8,0,23,0.958333333,
5/31/2024 0:00,11.9,0,0,0,
5/31/2024 1:00,11.2,0,1,0.041666667,
5/31/2024 2:00,10.6,0,2,0.083333333,
5/31/2024 3:00,9.9,0,3,0.125,
5/31/2024 4:00,9.1,0,4,0.166666667,
5/31/2024 5:00,9.1,0,5,0.208333333,
5/31/2024 6:00,10.1,0,6,0.25,
5/31/2024 7:00,11.8,0,7,0.291666667,
5/31/2024 8:00,13.4,0,8,0.333333333,
5/31/2024 9:00,14.7,0.1,9,0.375,
5/31/2024 10:00,15.9,0.1,10,0.416666667,
5/31/2024 11:00,16.9,0.1,11,0.458333333,
5/31/2024 12:00,17.3,0.5,12,0.5,
5/31/2024 13:00,17.4,0.5,13,0.541666667,
5/31/2024 14:00,17.4,0.5,14,0.583333333,
5/31/2024 15:00,17.5,0.1,15,0.625,
5/31/2024 16:00,17.5,0.1,16,0.666666667,
5/31/2024 17:00,17.4,0.1,17,0.708333333,
5/31/2024 18:00,17,0,18,0.75,
5/31/2024 19:00,16.4,0,19,0.791666667,
5/31/2024 20:00,15.7,0,20,0.833333333,
5/31/2024 21:00,15.2,0,21,0.875,
5/31/2024 22:00,14.8,0,22,0.916666667,
5/31/2024 23:00,14.4,0,23,0.958333333,
6/1/2024 0:00,14.1,0,0,0,
6/1/2024 1:00,14,0,1,0.041666667,
6/1/2024 2:00,13.9,0,2,0.083333333,
6/1/2024 3:00,13.9,0,3,0.125,
6/1/2024 4:00,13.9,0,4,0.166666667,
6/1/2024 5:00,14.1,0,5,0.208333333,
6/1/2024 6:00,14.7,0,6,0.25,
6/1/2024 7:00,15.6,0,7,0.291666667,
6/1/2024 8:00,16.5,0,8,0.333333333,
6/1/2024 9:00,17.5,0.2,9,0.375,
6/1/2024 10:00,18.7,0.2,10,0.416666667,
6/1/2024 11:00,19.5,0.2,11,0.458333333,
6/1/2024 12:00,19.8,0.1,12,0.5,
6/1/2024 13:00,19.8,0.1,13,0.541666667,
6/1/2024 14:00,19.7,0.1,14,0.583333333,
6/1/2024 15:00,19.9,0.1,15,0.625,
6/1/2024 16:00,19.9,0.1,16,0.666666667,
6/1/2024 17:00,19.7,0.1,17,0.708333333,
6/1/2024 18:00,19,0,18,0.75,
6/1/2024 19:00,18,0,19,0.791666667,
6/1/2024 20:00,17.1,0,20,0.833333333,
6/1/2024 21:00,16.3,0,21,0.875,
6/1/2024 22:00,15.5,0,22,0.916666667,
6/1/2024 23:00,14.8,0,23,0.958333333,
6/2/2024 0:00,14.4,0,0,0,
6/2/2024 1:00,14.1,0,1,0.041666667,
6/2/2024 2:00,13.8,0,2,0.083333333,
6/2/2024 3:00,13.6,0,3,0.125,
6/2/2024 4:00,13.3,0,4,0.166666667,
6/2/2024 5:00,13.1,0,5,0.208333333,
6/2/2024 6:00,13.1,0,6,0.25,
6/2/2024 7:00,13.1,0,7,0.291666667,
6/2/2024 8:00,13.4,0,8,0.333333333,
6/2/2024 9:00,14.1,0.1,9,0.375,
6/2/2024 10:00,15.1,0.1,10,0.416666667,
6/2/2024 11:00,15.7,0.1,11,0.458333333,
6/2/2024 12:00,15.9,0,12,0.5,
6/2/2024 13:00,15.8,0,13,0.541666667,
6/2/2024 14:00,15.8,0,14,0.583333333,
6/2/2024 15:00,16.2,0,15,0.625,
6/2/2024 16:00,16.8,0,16,0.666666667,
6/2/2024 17:00,16.9,0,17,0.708333333,
6/2/2024 18:00,16,0,18,0.75,
6/2/2024 19:00,14.8,0,19,0.791666667,
6/2/2024 20:00,13.6,0,20,0.833333333,
6/2/2024 21:00,13.1,0,21,0.875,
6/2/2024 22:00,12.9,0,22,0.916666667,
6/2/2024 23:00,12.6,0,23,0.958333333,
6/3/2024 0:00,12.4,0,0,0,
6/3/2024 1:00,12.3,0,1,0.041666667,
6/3/2024 2:00,12.1,0,2,0.083333333,
6/3/2024 3:00,11.9,0,3,0.125,
6/3/2024 4:00,11.8,0,4,0.166666667,
6/3/2024 5:00,11.6,0,5,0.208333333,
6/3/2024 6:00,11.8,0,6,0.25,
6/3/2024 7:00,11.9,0,7,0.291666667,
6/3/2024 8:00,12.2,0,8,0.333333333,
6/3/2024 9:00,12.7,0,9,0.375,
6/3/2024 10:00,13.3,0,10,0.416666667,
6/3/2024 11:00,13.9,0,11,0.458333333,
6/3/2024 12:00,14.6,0.1,12,0.5,
6/3/2024 13:00,15.4,0.1,13,0.541666667,
6/3/2024 14:00,15.8,0.1,14,0.583333333,
6/3/2024 15:00,15.9,0,15,0.625,
6/3/2024 16:00,15.9,0,16,0.666666667,
6/3/2024 17:00,15.6,0,17,0.708333333,
6/3/2024 18:00,15.4,0,18,0.75,
6/3/2024 19:00,15,0,19,0.791666667,
6/3/2024 20:00,14.6,0,20,0.833333333,
6/3/2024 21:00,14.4,0,21,0.875,
6/3/2024 22:00,14.3,0,22,0.916666667,
6/3/2024 23:00,14.1,0,23,0.958333333,
6/4/2024 0:00,14.1,0,0,0,
6/4/2024 1:00,14,0,1,0.041666667,
6/4/2024 2:00,13.8,0,2,0.083333333,
6/4/2024 3:00,13.4,0,3,0.125,
6/4/2024 4:00,12.9,0,4,0.166666667,
6/4/2024 5:00,12.8,0,5,0.208333333,
6/4/2024 6:00,13.1,0,6,0.25,
6/4/2024 7:00,13.6,0,7,0.291666667,
6/4/2024 8:00,14.1,0,8,0.333333333,
6/4/2024 9:00,14.6,0.1,9,0.375,
6/4/2024 10:00,14.9,0.1,10,0.416666667,
6/4/2024 11:00,15.4,0.1,11,0.458333333,
6/4/2024 12:00,16.1,0.1,12,0.5,
6/4/2024 13:00,16.9,0.1,13,0.541666667,
6/4/2024 14:00,17.5,0.1,14,0.583333333,
6/4/2024 15:00,17.9,0.1,15,0.625,
6/4/2024 16:00,18.2,0.1,16,0.666666667,
6/4/2024 17:00,18.4,0.1,17,0.708333333,
6/4/2024 18:00,18.5,0,18,0.75,
6/4/2024 19:00,18.6,0,19,0.791666667,
6/4/2024 20:00,18.4,0,20,0.833333333,
6/4/2024 21:00,17.8,0.2,21,0.875,
6/4/2024 22:00,16.9,0.2,22,0.916666667,
6/4/2024 23:00,16.1,0.2,23,0.958333333,
6/5/2024 0:00,15.6,0.5,0,0,
6/5/2024 1:00,15.1,0.5,1,0.041666667,
6/5/2024 2:00,14.5,0.5,2,0.083333333,
6/5/2024 3:00,13.6,0.6,3,0.125,
6/5/2024 4:00,12.7,0.6,4,0.166666667,
6/5/2024 5:00,12,0.6,5,0.208333333,
6/5/2024 6:00,11.7,0,6,0.25,
6/5/2024 7:00,11.7,0,7,0.291666667,
6/5/2024 8:00,11.9,0,8,0.333333333,
6/5/2024 9:00,12.6,0.2,9,0.375,
6/5/2024 10:00,13.4,0.2,10,0.416666667,
6/5/2024 11:00,14.3,0.2,11,0.458333333,
6/5/2024 12:00,15.1,0,12,0.5,
6/5/2024 13:00,15.9,0,13,0.541666667,
6/5/2024 14:00,16.4,0,14,0.583333333,
6/5/2024 15:00,16.4,0,15,0.625,
6/5/2024 16:00,16,0,16,0.666666667,
6/5/2024 17:00,15.6,0,17,0.708333333,
6/5/2024 18:00,15,0,18,0.75,
6/5/2024 19:00,14.2,0,19,0.791666667,
6/5/2024 20:00,13.3,0,20,0.833333333,
6/5/2024 21:00,11.9,0,21,0.875,
6/5/2024 22:00,10.4,0,22,0.916666667,
6/5/2024 23:00,9.2,0,23,0.958333333,
6/6/2024 0:00,8.8,0,0,0,
6/6/2024 1:00,8.9,0,1,0.041666667,
6/6/2024 2:00,8.8,0,2,0.083333333,
6/6/2024 3:00,8.6,0,3,0.125,
6/6/2024 4:00,8.3,0,4,0.166666667,
6/6/2024 5:00,8.3,0,5,0.208333333,
6/6/2024 6:00,8.7,0,6,0.25,
6/6/2024 7:00,9.4,0,7,0.291666667,
6/6/2024 8:00,10.4,0,8,0.333333333,
6/6/2024 9:00,12.1,0,9,0.375,
6/6/2024 10:00,14.1,0,10,0.416666667,
6/6/2024 11:00,15.6,0,11,0.458333333,
6/6/2024 12:00,16,0,12,0.5,
6/6/2024 13:00,15.9,0,13,0.541666667,
6/6/2024 14:00,15.6,0,14,0.583333333,
6/6/2024 15:00,15.2,0,15,0.625,
6/6/2024 16:00,14.5,0,16,0.666666667,
6/6/2024 17:00,14,0,17,0.708333333,
6/6/2024 18:00,14.1,0,18,0.75,
6/6/2024 19:00,14.5,0,19,0.791666667,
6/6/2024 20:00,14.2,0,20,0.833333333,
6/6/2024 21:00,12.9,0,21,0.875,
6/6/2024 22:00,11.1,0,22,0.916666667,
6/6/2024 23:00,9.4,0,23,0.958333333,
6/7/2024 0:00,8.5,0,0,0,
6/7/2024 1:00,7.8,0,1,0.041666667,
6/7/2024 2:00,7.3,0,2,0.083333333,
6/7/2024 3:00,7.1,0,3,0.125,
6/7/2024 4:00,6.9,0,4,0.166666667,
6/7/2024 5:00,7.3,0,5,0.208333333,
6/7/2024 6:00,8.4,0,6,0.25,
6/7/2024 7:00,9.9,0,7,0.291666667,
6/7/2024 8:00,11.4,0,8,0.333333333,
6/7/2024 9:00,13,0,9,0.375,
6/7/2024 10:00,14.5,0,10,0.416666667,
6/7/2024 11:00,15.8,0,11,0.458333333,
6/7/2024 12:00,16.8,0.1,12,0.5,
6/7/2024 13:00,17.5,0.1,13,0.541666667,
6/7/2024 14:00,17.9,0.1,14,0.583333333,
6/7/2024 15:00,17.8,0.3,15,0.625,
6/7/2024 16:00,17.2,0.3,16,0.666666667,
6/7/2024 17:00,16.8,0.3,17,0.708333333,
6/7/2024 18:00,16.8,0.1,18,0.75,
6/7/2024 19:00,16.6,0.1,19,0.791666667,
6/7/2024 20:00,16,0.1,20,0.833333333,
6/7/2024 21:00,14.4,0,21,0.875,
6/7/2024 22:00,12.2,0,22,0.916666667,
6/7/2024 23:00,10.5,0,23,0.958333333,
6/8/2024 0:00,9.9,0,0,0,
6/8/2024 1:00,9.9,0,1,0.041666667,
6/8/2024 2:00,9.9,0,2,0.083333333,
6/8/2024 3:00,9.5,0,3,0.125,
6/8/2024 4:00,9.1,0,4,0.166666667,
6/8/2024 5:00,9.2,0,5,0.208333333,
6/8/2024 6:00,10,0,6,0.25,
6/8/2024 7:00,11.2,0,7,0.291666667,
6/8/2024 8:00,12.4,0,8,0.333333333,
6/8/2024 9:00,13.9,0,9,0.375,
6/8/2024 10:00,15.3,0,10,0.416666667,
6/8/2024 11:00,16.4,0,11,0.458333333,
6/8/2024 12:00,17,0,12,0.5,
6/8/2024 13:00,17.2,0,13,0.541666667,
6/8/2024 14:00,17.3,0,14,0.583333333,
6/8/2024 15:00,17.4,0.2,15,0.625,
6/8/2024 16:00,17.2,0.2,16,0.666666667,
6/8/2024 17:00,16.8,0.2,17,0.708333333,
6/8/2024 18:00,15.9,0.4,18,0.75,
6/8/2024 19:00,14.6,0.4,19,0.791666667,
6/8/2024 20:00,13.4,0.4,20,0.833333333,
6/8/2024 21:00,12.8,0.1,21,0.875,
6/8/2024 22:00,12.4,0.1,22,0.916666667,
6/8/2024 23:00,11.7,0.1,23,0.958333333,
6/9/2024 0:00,10.8,0,0,0,
6/9/2024 1:00,9.6,0,1,0.041666667,
6/9/2024 2:00,8.6,0,2,0.083333333,
6/9/2024 3:00,8.1,0,3,0.125,
6/9/2024 4:00,7.7,0,4,0.166666667,
6/9/2024 5:00,7.8,0,5,0.208333333,
6/9/2024 6:00,8.6,0,6,0.25,
6/9/2024 7:00,9.9,0,7,0.291666667,
6/9/2024 8:00,11.2,0,8,0.333333333,
6/9/2024 9:00,12.4,0.1,9,0.375,
6/9/2024 10:00,13.7,0.1,10,0.416666667,
6/9/2024 11:00,14.7,0.1,11,0.458333333,
6/9/2024 12:00,15.6,0,12,0.5,
6/9/2024 13:00,16.2,0,13,0.541666667,
6/9/2024 14:00,16.5,0,14,0.583333333,
6/9/2024 15:00,16.2,0,15,0.625,
6/9/2024 16:00,15.6,0,16,0.666666667,
6/9/2024 17:00,14.8,0,17,0.708333333,
6/9/2024 18:00,14.1,0,18,0.75,
6/9/2024 19:00,13.4,0,19,0.791666667,
6/9/2024 20:00,12.6,0,20,0.833333333,
6/9/2024 21:00,12.2,0,21,0.875,
6/9/2024 22:00,11.8,0,22,0.916666667,
6/9/2024 23:00,11.5,0,23,0.958333333,
6/10/2024 0:00,11.4,0,0,0,
6/10/2024 1:00,11.4,0,1,0.041666667,
6/10/2024 2:00,11.3,0,2,0.083333333,
6/10/2024 3:00,11.1,0.1,3,0.125,
6/10/2024 4:00,10.8,0.1,4,0.166666667,
6/10/2024 5:00,10.6,0.1,5,0.208333333,
6/10/2024 6:00,10.8,0.1,6,0.25,
6/10/2024 7:00,11.1,0.1,7,0.291666667,
6/10/2024 8:00,11.3,0.1,8,0.333333333,
6/10/2024 9:00,11.4,1,9,0.375,
6/10/2024 10:00,11.3,1,10,0.416666667,
6/10/2024 11:00,11.4,1,11,0.458333333,
6/10/2024 12:00,11.6,1.2,12,0.5,
6/10/2024 13:00,11.9,1.2,13,0.541666667,
6/10/2024 14:00,12.2,1.2,14,0.583333333,
6/10/2024 15:00,12.9,1.8,15,0.625,
6/10/2024 16:00,13.6,1.8,16,0.666666667,
6/10/2024 17:00,13.9,1.8,17,0.708333333,
6/10/2024 18:00,13.4,2.5,18,0.75,
6/10/2024 19:00,12.4,2.5,19,0.791666667,
6/10/2024 20:00,11.4,2.5,20,0.833333333,
6/10/2024 21:00,10.7,1.6,21,0.875,
6/10/2024 22:00,10.1,1.6,22,0.916666667,
6/10/2024 23:00,9.6,1.6,23,0.958333333,
6/11/2024 0:00,9.4,0.6,0,0,
6/11/2024 1:00,9.6,0.6,1,0.041666667,
6/11/2024 2:00,9.6,0.6,2,0.083333333,
6/11/2024 3:00,9.3,0,3,0.125,
6/11/2024 4:00,8.9,0,4,0.166666667,
6/11/2024 5:00,8.8,0,5,0.208333333,
6/11/2024 6:00,9.1,0,6,0.25,
6/11/2024 7:00,9.6,0,7,0.291666667,
6/11/2024 8:00,10.3,0,8,0.333333333,
6/11/2024 9:00,11.3,0.1,9,0.375,
6/11/2024 10:00,12.4,0.1,10,0.416666667,
6/11/2024 11:00,13.3,0.1,11,0.458333333,
6/11/2024 12:00,13.9,0.1,12,0.5,
6/11/2024 13:00,14.1,0.1,13,0.541666667,
6/11/2024 14:00,14.2,0.1,14,0.583333333,
6/11/2024 15:00,14.1,0.6,15,0.625,
6/11/2024 16:00,13.8,0.6,16,0.666666667,
6/11/2024 17:00,13.4,0.6,17,0.708333333,
6/11/2024 18:00,13.1,0.1,18,0.75,
6/11/2024 19:00,12.9,0.1,19,0.791666667,
6/11/2024 20:00,12.4,0.1,20,0.833333333,
6/11/2024 21:00,11.7,0,21,0.875,
6/11/2024 22:00,10.8,0,22,0.916666667,
6/11/2024 23:00,10,0,23,0.958333333,
6/12/2024 0:00,9.6,0.1,0,0,
6/12/2024 1:00,9.2,0.1,1,0.041666667,
6/12/2024 2:00,8.9,0.1,2,0.083333333,
6/12/2024 3:00,8.6,0,3,0.125,
6/12/2024 4:00,8.2,0,4,0.166666667,
6/12/2024 5:00,8.2,0,5,0.208333333,
6/12/2024 6:00,8.8,0,6,0.25,
6/12/2024 7:00,9.7,0,7,0.291666667,
6/12/2024 8:00,10.6,0,8,0.333333333,
6/12/2024 9:00,11.4,0,9,0.375,
6/12/2024 10:00,12.2,0,10,0.416666667,
6/12/2024 11:00,12.7,0,11,0.458333333,
6/12/2024 12:00,12.8,0.4,12,0.5,
6/12/2024 13:00,12.6,0.4,13,0.541666667,
6/12/2024 14:00,12.4,0.4,14,0.583333333,
6/12/2024 15:00,12.6,0.3,15,0.625,
6/12/2024 16:00,12.9,0.3,16,0.666666667,
6/12/2024 17:00,12.9,0.3,17,0.708333333,
6/12/2024 18:00,12.7,0,18,0.75,
6/12/2024 19:00,12.1,0,19,0.791666667,
6/12/2024 20:00,11.4,0,20,0.833333333,
6/12/2024 21:00,10.5,0,21,0.875,
6/12/2024 22:00,9.4,0,22,0.916666667,
6/12/2024 23:00,8.6,0,23,0.958333333,
6/13/2024 0:00,8.3,0,0,0,
6/13/2024 1:00,8.2,0,1,0.041666667,
6/13/2024 2:00,8.1,0,2,0.083333333,
6/13/2024 3:00,7.8,0,3,0.125,
6/13/2024 4:00,7.2,0,4,0.166666667,
6/13/2024 5:00,7.2,0,5,0.208333333,
6/13/2024 6:00,7.8,0,6,0.25,
6/13/2024 7:00,8.8,0,7,0.291666667,
6/13/2024 8:00,9.9,0,8,0.333333333,
6/13/2024 9:00,11.2,0,9,0.375,
6/13/2024 10:00,12.6,0,10,0.416666667,
6/13/2024 11:00,13.6,0,11,0.458333333,
6/13/2024 12:00,13.8,0,12,0.5,
6/13/2024 13:00,13.6,0,13,0.541666667,
6/13/2024 14:00,13.9,0,14,0.583333333,
6/13/2024 15:00,14.9,0,15,0.625,
6/13/2024 16:00,16.4,0,16,0.666666667,
6/13/2024 17:00,17.3,0,17,0.708333333,
6/13/2024 18:00,17.4,0,18,0.75,
6/13/2024 19:00,17,0,19,0.791666667,
6/13/2024 20:00,16.3,0,20,0.833333333,
6/13/2024 21:00,15.4,0,21,0.875,
6/13/2024 22:00,14.4,0,22,0.916666667,
6/13/2024 23:00,13.6,0,23,0.958333333,
6/14/2024 0:00,13.4,0,0,0,
6/14/2024 1:00,13.6,0,1,0.041666667,
6/14/2024 2:00,13.6,0,2,0.083333333,
6/14/2024 3:00,13.2,0,3,0.125,
6/14/2024 4:00,12.9,0,4,0.166666667,
6/14/2024 5:00,12.6,0,5,0.208333333,
6/14/2024 6:00,12.8,0,6,0.25,
6/14/2024 7:00,13.1,0,7,0.291666667,
6/14/2024 8:00,13.6,0,8,0.333333333,
6/14/2024 9:00,14.4,0,9,0.375,
6/14/2024 10:00,15.2,0,10,0.416666667,
6/14/2024 11:00,15.9,0,11,0.458333333,
6/14/2024 12:00,16.3,0,12,0.5,
6/14/2024 13:00,16.5,0,13,0.541666667,
6/14/2024 14:00,16.7,0,14,0.583333333,
6/14/2024 15:00,17.1,0.2,15,0.625,
6/14/2024 16:00,17.5,0.2,16,0.666666667,
6/14/2024 17:00,17.6,0.2,17,0.708333333,
6/14/2024 18:00,17.5,0.4,18,0.75,
6/14/2024 19:00,17.3,0.4,19,0.791666667,
6/14/2024 20:00,16.8,0.4,20,0.833333333,
6/14/2024 21:00,16,0,21,0.875,
6/14/2024 22:00,14.9,0,22,0.916666667,
6/14/2024 23:00,14.2,0,23,0.958333333,
6/15/2024 0:00,14,0.6,0,0,
6/15/2024 1:00,14,0.6,1,0.041666667,
6/15/2024 2:00,14.1,0.6,2,0.083333333,
6/15/2024 3:00,14.1,1.2,3,0.125,
6/15/2024 4:00,14.1,1.2,4,0.166666667,
6/15/2024 5:00,14.1,1.2,5,0.208333333,
6/15/2024 6:00,13.9,0.9,6,0.25,
6/15/2024 7:00,13.9,0.9,7,0.291666667,
6/15/2024 8:00,13.8,0.9,8,0.333333333,
6/15/2024 9:00,13.8,0.4,9,0.375,
6/15/2024 10:00,13.9,0.4,10,0.416666667,
6/15/2024 11:00,14.1,0.4,11,0.458333333,
6/15/2024 12:00,14.7,0.2,12,0.5,
6/15/2024 13:00,15.4,0.2,13,0.541666667,
6/15/2024 14:00,16.1,0.2,14,0.583333333,
6/15/2024 15:00,16.8,0.1,15,0.625,
6/15/2024 16:00,17.5,0.1,16,0.666666667,
6/15/2024 17:00,17.8,0.1,17,0.708333333,
6/15/2024 18:00,17.6,0,18,0.75,
6/15/2024 19:00,17,0,19,0.791666667,
6/15/2024 20:00,16.4,0,20,0.833333333,
6/15/2024 21:00,15.8,0,21,0.875,
6/15/2024 22:00,15.1,0,22,0.916666667,
6/15/2024 23:00,14.4,0,23,0.958333333,
6/16/2024 0:00,13.9,0,0,0,
6/16/2024 1:00,13.6,0,1,0.041666667,
6/16/2024 2:00,13.2,0,2,0.083333333,
6/16/2024 3:00,12.9,0,3,0.125,
6/16/2024 4:00,12.4,0,4,0.166666667,
6/16/2024 5:00,12.2,0,5,0.208333333,
6/16/2024 6:00,12.5,0,6,0.25,
6/16/2024 7:00,13.1,0,7,0.291666667,
6/16/2024 8:00,13.7,0,8,0.333333333,
6/16/2024 9:00,14.7,0.1,9,0.375,
6/16/2024 10:00,15.9,0.1,10,0.416666667,
6/16/2024 11:00,16.7,0.1,11,0.458333333,
6/16/2024 12:00,17,0.3,12,0.5,
6/16/2024 13:00,17,0.3,13,0.541666667,
6/16/2024 14:00,16.8,0.3,14,0.583333333,
6/16/2024 15:00,16.4,1.1,15,0.625,
6/16/2024 16:00,15.8,1.1,16,0.666666667,
6/16/2024 17:00,15.3,1.1,17,0.708333333,
6/16/2024 18:00,15.4,0.9,18,0.75,
6/16/2024 19:00,15.5,0.9,19,0.791666667,
6/16/2024 20:00,15.4,0.9,20,0.833333333,
6/16/2024 21:00,14.7,0,21,0.875,
6/16/2024 22:00,13.7,0,22,0.916666667,
6/16/2024 23:00,12.9,0,23,0.958333333,
6/17/2024 0:00,12.6,0,0,0,
6/17/2024 1:00,12.4,0,1,0.041666667,
6/17/2024 2:00,12.4,0,2,0.083333333,
6/17/2024 3:00,12.4,0,3,0.125,
6/17/2024 4:00,12.4,0,4,0.166666667,
6/17/2024 5:00,12.5,0,5,0.208333333,
6/17/2024 6:00,12.9,0,6,0.25,
6/17/2024 7:00,13.6,0,7,0.291666667,
6/17/2024 8:00,14.2,0,8,0.333333333,
6/17/2024 9:00,14.9,0.1,9,0.375,
6/17/2024 10:00,15.7,0.1,10,0.416666667,
6/17/2024 11:00,16.5,0.1,11,0.458333333,
6/17/2024 12:00,17.7,0,12,0.5,
6/17/2024 13:00,19,0,13,0.541666667,
6/17/2024 14:00,19.8,0,14,0.583333333,
6/17/2024 15:00,19.9,0.1,15,0.625,
6/17/2024 16:00,19.5,0.1,16,0.666666667,
6/17/2024 17:00,19,0.1,17,0.708333333,
6/17/2024 18:00,19,0.1,18,0.75,
6/17/2024 19:00,18.8,0.1,19,0.791666667,
6/17/2024 20:00,18,0.1,20,0.833333333,
6/17/2024 21:00,16.3,0,21,0.875,
6/17/2024 22:00,14,0,22,0.916666667,
6/17/2024 23:00,12.4,0,23,0.958333333,
6/18/2024 0:00,12.5,0,0,0,
6/18/2024 1:00,13.2,0,1,0.041666667,
6/18/2024 2:00,13.6,0,2,0.083333333,
6/18/2024 3:00,12.6,0,3,0.125,
6/18/2024 4:00,11.1,0,4,0.166666667,
6/18/2024 5:00,10.4,0,5,0.208333333,
6/18/2024 6:00,11.4,0,6,0.25,
6/18/2024 7:00,13.3,0,7,0.291666667,
6/18/2024 8:00,15,0,8,0.333333333,
6/18/2024 9:00,16.4,0.1,9,0.375,
6/18/2024 10:00,17.6,0.1,10,0.416666667,
6/18/2024 11:00,18.4,0.1,11,0.458333333,
6/18/2024 12:00,18.5,1.3,12,0.5,
6/18/2024 13:00,18,1.3,13,0.541666667,
6/18/2024 14:00,17.5,1.3,14,0.583333333,
6/18/2024 15:00,17.1,1.4,15,0.625,
6/18/2024 16:00,16.7,1.4,16,0.666666667,
6/18/2024 17:00,16.2,1.4,17,0.708333333,
6/18/2024 18:00,16,0.5,18,0.75,
6/18/2024 19:00,15.8,0.5,19,0.791666667,
6/18/2024 20:00,15.6,0.5,20,0.833333333,
6/18/2024 21:00,15.2,0.2,21,0.875,
6/18/2024 22:00,14.9,0.2,22,0.916666667,
6/18/2024 23:00,14.5,0.2,23,0.958333333,
6/19/2024 0:00,14.1,0,0,0,
6/19/2024 1:00,13.8,0,1,0.041666667,
6/19/2024 2:00,13.3,0,2,0.083333333,
6/19/2024 3:00,12.9,0,3,0.125,
6/19/2024 4:00,12.4,0,4,0.166666667,
6/19/2024 5:00,12.1,0,5,0.208333333,
6/19/2024 6:00,12.2,0,6,0.25,
6/19/2024 7:00,12.7,0,7,0.291666667,
6/19/2024 8:00,13.3,0,8,0.333333333,
6/19/2024 9:00,14.3,0.1,9,0.375,
6/19/2024 10:00,15.5,0.1,10,0.416666667,
6/19/2024 11:00,16.4,0.1,11,0.458333333,
6/19/2024 12:00,16.8,0.2,12,0.5,
6/19/2024 13:00,16.8,0.2,13,0.541666667,
6/19/2024 14:00,16.9,0.2,14,0.583333333,
6/19/2024 15:00,17.3,0.1,15,0.625,
6/19/2024 16:00,17.7,0.1,16,0.666666667,
6/19/2024 17:00,17.8,0.1,17,0.708333333,
6/19/2024 18:00,17.5,0,18,0.75,
6/19/2024 19:00,17,0,19,0.791666667,
6/19/2024 20:00,16.1,0,20,0.833333333,
6/19/2024 21:00,14.8,0,21,0.875,
6/19/2024 22:00,13.2,0,22,0.916666667,
6/19/2024 23:00,11.8,0,23,0.958333333,
6/20/2024 0:00,10.9,0,0,0,
6/20/2024 1:00,10.4,0,1,0.041666667,
6/20/2024 2:00,9.8,0,2,0.083333333,
6/20/2024 3:00,9.1,0,3,0.125,
6/20/2024 4:00,8.4,0,4,0.166666667,
6/20/2024 5:00,8.3,0,5,0.208333333,
6/20/2024 6:00,9.3,0,6,0.25,
6/20/2024 7:00,10.9,0,7,0.291666667,
6/20/2024 8:00,12.4,0,8,0.333333333,
6/20/2024 9:00,13.9,0,9,0.375,
6/20/2024 10:00,15.5,0,10,0.416666667,
6/20/2024 11:00,16.9,0,11,0.458333333,
6/20/2024 12:00,18.1,0,12,0.5,
6/20/2024 13:00,19.1,0,13,0.541666667,
6/20/2024 14:00,19.9,0,14,0.583333333,
6/20/2024 15:00,20.2,0,15,0.625,
6/20/2024 16:00,20.3,0,16,0.666666667,
6/20/2024 17:00,20.1,0,17,0.708333333,
6/20/2024 18:00,19.9,0.2,18,0.75,
6/20/2024 19:00,19.5,0.2,19,0.791666667,
6/20/2024 20:00,18.8,0.2,20,0.833333333,
6/20/2024 21:00,17.5,0.2,21,0.875,
6/20/2024 22:00,15.9,0.2,22,0.916666667,
6/20/2024 23:00,14.8,0.2,23,0.958333333,
6/21/2024 0:00,14.4,0,0,0,
6/21/2024 1:00,14.3,0,1,0.041666667,
6/21/2024 2:00,14.2,0,2,0.083333333,
6/21/2024 3:00,14.1,0,3,0.125,
6/21/2024 4:00,14.1,0,4,0.166666667,
6/21/2024 5:00,14.1,0,5,0.208333333,
6/21/2024 6:00,14.6,0,6,0.25,
6/21/2024 7:00,15.1,0,7,0.291666667,
6/21/2024 8:00,15.7,0,8,0.333333333,
6/21/2024 9:00,16.5,0.7,9,0.375,
6/21/2024 10:00,17.5,0.7,10,0.416666667,
6/21/2024 11:00,18.2,0.7,11,0.458333333,
6/21/2024 12:00,18.7,0,12,0.5,
6/21/2024 13:00,19,0,13,0.541666667,
6/21/2024 14:00,19.2,0,14,0.583333333,
6/21/2024 15:00,19.5,1,15,0.625,
6/21/2024 16:00,19.9,1,16,0.666666667,
6/21/2024 17:00,19.9,1,17,0.708333333,
6/21/2024 18:00,19.5,0.7,18,0.75,
6/21/2024 19:00,18.8,0.7,19,0.791666667,
6/21/2024 20:00,18,0.7,20,0.833333333,
6/21/2024 21:00,17,0.1,21,0.875,
6/21/2024 22:00,15.9,0.1,22,0.916666667,
6/21/2024 23:00,15.1,0.1,23,0.958333333,
6/22/2024 0:00,14.8,0,0,0,
6/22/2024 1:00,14.6,0,1,0.041666667,
6/22/2024 2:00,14.4,0,2,0.083333333,
6/22/2024 3:00,13.8,0,3,0.125,
6/22/2024 4:00,13.1,0,4,0.166666667,
6/22/2024 5:00,12.8,0,5,0.208333333,
6/22/2024 6:00,13.2,0,6,0.25,
6/22/2024 7:00,14.1,0,7,0.291666667,
6/22/2024 8:00,14.9,0,8,0.333333333,
6/22/2024 9:00,15.7,0.1,9,0.375,
6/22/2024 10:00,16.4,0.1,10,0.416666667,
6/22/2024 11:00,17.1,0.1,11,0.458333333,
6/22/2024 12:00,18,0.2,12,0.5,
6/22/2024 13:00,19,0.2,13,0.541666667,
6/22/2024 14:00,19.6,0.2,14,0.583333333,
6/22/2024 15:00,20,0,15,0.625,
6/22/2024 16:00,20,0,16,0.666666667,
6/22/2024 17:00,19.9,0,17,0.708333333,
6/22/2024 18:00,19.8,0,18,0.75,
6/22/2024 19:00,19.5,0,19,0.791666667,
6/22/2024 20:00,18.8,0,20,0.833333333,
6/22/2024 21:00,17.6,0,21,0.875,
6/22/2024 22:00,16.2,0,22,0.916666667,
6/22/2024 23:00,14.9,0,23,0.958333333,
6/23/2024 0:00,14.1,0,0,0,
6/23/2024 1:00,13.4,0,1,0.041666667,
6/23/2024 2:00,12.8,0,2,0.083333333,
6/23/2024 3:00,12.1,0,3,0.125,
6/23/2024 4:00,11.5,0,4,0.166666667,
6/23/2024 5:00,11.4,0,5,0.208333333,
6/23/2024 6:00,12.4,0,6,0.25,
6/23/2024 7:00,13.8,0,7,0.291666667,
6/23/2024 8:00,15.2,0,8,0.333333333,
6/23/2024 9:00,16.7,0.1,9,0.375,
6/23/2024 10:00,18.1,0.1,10,0.416666667,
6/23/2024 11:00,19.4,0.1,11,0.458333333,
6/23/2024 12:00,20.4,0,12,0.5,
6/23/2024 13:00,21.1,0,13,0.541666667,
6/23/2024 14:00,21.7,0,14,0.583333333,
6/23/2024 15:00,22.2,0,15,0.625,
6/23/2024 16:00,22.5,0,16,0.666666667,
6/23/2024 17:00,22.5,0,17,0.708333333,
6/23/2024 18:00,22.4,0,18,0.75,
6/23/2024 19:00,22,0,19,0.791666667,
6/23/2024 20:00,21.1,0,20,0.833333333,
6/23/2024 21:00,19.5,0,21,0.875,
6/23/2024 22:00,17.2,0,22,0.916666667,
6/23/2024 23:00,15.4,0,23,0.958333333,
6/24/2024 0:00,14.4,0,0,0,
6/24/2024 1:00,13.6,0,1,0.041666667,
6/24/2024 2:00,13.1,0,2,0.083333333,
6/24/2024 3:00,12.9,0,3,0.125,
6/24/2024 4:00,12.8,0,4,0.166666667,
6/24/2024 5:00,12.8,0,5,0.208333333,
6/24/2024 6:00,13.1,0,6,0.25,
6/24/2024 7:00,13.5,0,7,0.291666667,
6/24/2024 8:00,14.4,0,8,0.333333333,
6/24/2024 9:00,15.9,0,9,0.375,
6/24/2024 10:00,17.9,0,10,0.416666667,
6/24/2024 11:00,19.5,0,11,0.458333333,
6/24/2024 12:00,20.5,0,12,0.5,
6/24/2024 13:00,21.1,0,13,0.541666667,
6/24/2024 14:00,21.6,0,14,0.583333333,
6/24/2024 15:00,22.2,0,15,0.625,
6/24/2024 16:00,22.8,0,16,0.666666667,
6/24/2024 17:00,23,0,17,0.708333333,
6/24/2024 18:00,23,0,18,0.75,
6/24/2024 19:00,22.8,0,19,0.791666667,
6/24/2024 20:00,22,0,20,0.833333333,
6/24/2024 21:00,20.5,0,21,0.875,
6/24/2024 22:00,18.5,0,22,0.916666667,
6/24/2024 23:00,16.8,0,23,0.958333333,
6/25/2024 0:00,15.9,0,0,0,
6/25/2024 1:00,15.5,0,1,0.041666667,
6/25/2024 2:00,15.1,0,2,0.083333333,
6/25/2024 3:00,14.4,0,3,0.125,
6/25/2024 4:00,13.9,0,4,0.166666667,
6/25/2024 5:00,13.8,0,5,0.208333333,
6/25/2024 6:00,14.6,0,6,0.25,
6/25/2024 7:00,15.8,0,7,0.291666667,
6/25/2024 8:00,17.3,0,8,0.333333333,
6/25/2024 9:00,19.1,0,9,0.375,
6/25/2024 10:00,21.2,0,10,0.416666667,
6/25/2024 11:00,23,0,11,0.458333333,
6/25/2024 12:00,24.4,0,12,0.5,
6/25/2024 13:00,25.5,0,13,0.541666667,
6/25/2024 14:00,26.2,0,14,0.583333333,
6/25/2024 15:00,26.6,0,15,0.625,
6/25/2024 16:00,26.6,0,16,0.666666667,
6/25/2024 17:00,26.3,0,17,0.708333333,
6/25/2024 18:00,25.9,0,18,0.75,
6/25/2024 19:00,25.1,0,19,0.791666667,
6/25/2024 20:00,24.1,0,20,0.833333333,
6/25/2024 21:00,22.7,0,21,0.875,
6/25/2024 22:00,21,0,22,0.916666667,
6/25/2024 23:00,19.7,0,23,0.958333333,
6/26/2024 0:00,19,0,0,0,
6/26/2024 1:00,18.6,0,1,0.041666667,
6/26/2024 2:00,19.1,0,2,0.083333333,
6/26/2024 3:00,18.6,0,3,0.125,
6/26/2024 4:00,18.3,0,4,0.166666667,
6/26/2024 5:00,17.8,0,5,0.208333333,
6/26/2024 6:00,17.7,0,6,0.25,
6/26/2024 7:00,18.4,0,7,0.291666667,
6/26/2024 8:00,20.5,0,8,0.333333333,
6/26/2024 9:00,22.9,0,9,0.375,
6/26/2024 10:00,24.8,0,10,0.416666667,
6/26/2024 11:00,26.1,0,11,0.458333333,
6/26/2024 12:00,27.4,0,12,0.5,
6/26/2024 13:00,28.2,0,13,0.541666667,
6/26/2024 14:00,29.1,0,14,0.583333333,
6/26/2024 15:00,29.6,0,15,0.625,
6/26/2024 16:00,30.2,0,16,0.666666667,
6/26/2024 17:00,30,0,17,0.708333333,
6/26/2024 18:00,30.2,0,18,0.75,
6/26/2024 19:00,29.4,0,19,0.791666667,
6/26/2024 20:00,27.7,0,20,0.833333333,
6/26/2024 21:00,27.9,0,21,0.875,
6/26/2024 22:00,25.4,0,22,0.916666667,
6/26/2024 23:00,23.9,0,23,0.958333333,
6/27/2024 0:00,23.5,0,0,0,
6/27/2024 1:00,22.9,0,1,0.041666667,
6/27/2024 2:00,21.1,0,2,0.083333333,
6/27/2024 3:00,21.5,0,3,0.125,
6/27/2024 4:00,22.2,0,4,0.166666667,
6/27/2024 5:00,19.9,0,5,0.208333333,
6/27/2024 6:00,21.2,0,6,0.25,
6/27/2024 7:00,22.6,0,7,0.291666667,
6/27/2024 8:00,23.4,0,8,0.333333333,
6/27/2024 9:00,26.2,0,9,0.375,
6/27/2024 10:00,27.6,0,10,0.416666667,
6/27/2024 11:00,29.3,0,11,0.458333333,
6/27/2024 12:00,30.8,0,12,0.5,
6/27/2024 13:00,31.4,0,13,0.541666667,
6/27/2024 14:00,30.4,0,14,0.583333333,
6/27/2024 15:00,31.1,0,15,0.625,
6/27/2024 16:00,30,0,16,0.666666667,
6/27/2024 17:00,29.7,0,17,0.708333333,
6/27/2024 18:00,29.7,0,18,0.75,
6/27/2024 19:00,29.1,0,19,0.791666667,
6/27/2024 20:00,28.2,0,20,0.833333333,
6/27/2024 21:00,27.8,0,21,0.875,
6/27/2024 22:00,25.5,0,22,0.916666667,
6/27/2024 23:00,23.9,0,23,0.958333333,
6/28/2024 0:00,22.9,0,0,0,
6/28/2024 1:00,21.5,0,1,0.041666667,
6/28/2024 2:00,20.6,0,2,0.083333333,
6/28/2024 3:00,18.9,0,3,0.125,
6/28/2024 4:00,17.9,0,4,0.166666667,
6/28/2024 5:00,18.4,0,5,0.208333333,
6/28/2024 6:00,17.1,0,6,0.25,
6/28/2024 7:00,16.7,0,7,0.291666667,
6/28/2024 8:00,18.3,0,8,0.333333333,
6/28/2024 9:00,19.7,0,9,0.375,
6/28/2024 10:00,20.4,0,10,0.416666667,
6/28/2024 11:00,21.6,0,11,0.458333333,
6/28/2024 12:00,22,0,12,0.5,
6/28/2024 13:00,22.4,0,13,0.541666667,
6/28/2024 14:00,23,0,14,0.583333333,
6/28/2024 15:00,23,0,15,0.625,
6/28/2024 16:00,23.4,0,16,0.666666667,
6/28/2024 17:00,23.7,0,17,0.708333333,
6/28/2024 18:00,23.2,0,18,0.75,
6/28/2024 19:00,21.8,0,19,0.791666667,
6/28/2024 20:00,20.3,0,20,0.833333333,
6/28/2024 21:00,19.2,0,21,0.875,
6/28/2024 22:00,17.9,0,22,0.916666667,
6/28/2024 23:00,16.8,0,23,0.958333333,
6/29/2024 0:00,15.9,0,0,0,
6/29/2024 1:00,14.8,0,1,0.041666667,
6/29/2024 2:00,14.6,0,2,0.083333333,
6/29/2024 3:00,15,0,3,0.125,
6/29/2024 4:00,13.9,0,4,0.166666667,
6/29/2024 5:00,13.8,0,5,0.208333333,
6/29/2024 6:00,13.9,0,6,0.25,
6/29/2024 7:00,15.2,0,7,0.291666667,
6/29/2024 8:00,16.8,0,8,0.333333333,
6/29/2024 9:00,18.2,0,9,0.375,
6/29/2024 10:00,19.3,0,10,0.416666667,
6/29/2024 11:00,21.7,0,11,0.458333333,
6/29/2024 12:00,23.4,0,12,0.5,
6/29/2024 13:00,24,0,13,0.541666667,
6/29/2024 14:00,25.6,0,14,0.583333333,
6/29/2024 15:00,26.3,0,15,0.625,
6/29/2024 16:00,26.5,0,16,0.666666667,
6/29/2024 17:00,26.6,0,17,0.708333333,
6/29/2024 18:00,26.7,0,18,0.75,
6/29/2024 19:00,25.8,0,19,0.791666667,
6/29/2024 20:00,24.3,0,20,0.833333333,
6/29/2024 21:00,22.1,0.2,21,0.875,
6/29/2024 22:00,19.7,0.2,22,0.916666667,
6/29/2024 23:00,18.8,0.2,23,0.958333333,
6/30/2024 0:00,18,0.1,0,0,
6/30/2024 1:00,18.1,0.1,1,0.041666667,
6/30/2024 2:00,17.8,0.1,2,0.083333333,
6/30/2024 3:00,16,0.6,3,0.125,
6/30/2024 4:00,15.2,0.6,4,0.166666667,
6/30/2024 5:00,15.6,0.6,5,0.208333333,
6/30/2024 6:00,15.9,0.8,6,0.25,
6/30/2024 7:00,15.3,0.8,7,0.291666667,
6/30/2024 8:00,16.4,0.8,8,0.333333333,
6/30/2024 9:00,17.3,1,9,0.375,
6/30/2024 10:00,17.7,1,10,0.416666667,
6/30/2024 11:00,20,1,11,0.458333333,
6/30/2024 12:00,21,0.1,12,0.5,
6/30/2024 13:00,20.9,0.1,13,0.541666667,
6/30/2024 14:00,23,0.1,14,0.583333333,
6/30/2024 15:00,23.6,0,15,0.625,
6/30/2024 16:00,22.2,0,16,0.666666667,
6/30/2024 17:00,21.1,0,17,0.708333333,
6/30/2024 18:00,20.5,0.1,18,0.75,
6/30/2024 19:00,20.6,0.1,19,0.791666667,
6/30/2024 20:00,19.7,0.1,20,0.833333333,
6/30/2024 21:00,19.4,0,21,0.875,
6/30/2024 22:00,16.7,0,22,0.916666667,
6/30/2024 23:00,17.8,0,23,0.958333333,
7/1/2024 0:00,16.9,0.8,0,0,
7/1/2024 1:00,15.6,0.8,1,0.041666667,
7/1/2024 2:00,15.4,0.8,2,0.083333333,
7/1/2024 3:00,15.2,0.8,3,0.125,
7/1/2024 4:00,14.8,0.8,4,0.166666667,
7/1/2024 5:00,14.5,0.8,5,0.208333333,
7/1/2024 6:00,13.9,0.1,6,0.25,
7/1/2024 7:00,14.2,0.1,7,0.291666667,
7/1/2024 8:00,15.1,0.1,8,0.333333333,
7/1/2024 9:00,15.8,0.2,9,0.375,
7/1/2024 10:00,16.7,0.2,10,0.416666667,
7/1/2024 11:00,17.8,0.2,11,0.458333333,
7/1/2024 12:00,17.8,0.8,12,0.5,
7/1/2024 13:00,15.8,0.8,13,0.541666667,
7/1/2024 14:00,16.7,0.8,14,0.583333333,
7/1/2024 15:00,17.2,0.9,15,0.625,
7/1/2024 16:00,16.5,0.9,16,0.666666667,
7/1/2024 17:00,16.9,0.9,17,0.708333333,
7/1/2024 18:00,16.9,0.5,18,0.75,
7/1/2024 19:00,15.7,0.5,19,0.791666667,
7/1/2024 20:00,15.7,0.5,20,0.833333333,
7/1/2024 21:00,16.4,0,21,0.875,
7/1/2024 22:00,15.3,0,22,0.916666667,
7/1/2024 23:00,14.4,0,23,0.958333333,
7/2/2024 0:00,14.7,0.1,0,0,
7/2/2024 1:00,13.8,0.1,1,0.041666667,
7/2/2024 2:00,13.9,0.1,2,0.083333333,
7/2/2024 3:00,14,0.1,3,0.125,
7/2/2024 4:00,14.1,0.1,4,0.166666667,
7/2/2024 5:00,13.7,0.1,5,0.208333333,
7/2/2024 6:00,14.3,0.1,6,0.25,
7/2/2024 7:00,14.1,0.1,7,0.291666667,
7/2/2024 8:00,14.1,0.1,8,0.333333333,
7/2/2024 9:00,14.4,0.2,9,0.375,
7/2/2024 10:00,14.3,0.2,10,0.416666667,
7/2/2024 11:00,14.3,0.2,11,0.458333333,
7/2/2024 12:00,14.1,0.5,12,0.5,
7/2/2024 13:00,13.4,0.5,13,0.541666667,
7/2/2024 14:00,13.9,0.5,14,0.583333333,
7/2/2024 15:00,14.8,0.3,15,0.625,
7/2/2024 16:00,14.5,0.3,16,0.666666667,
7/2/2024 17:00,15,0.3,17,0.708333333,
7/2/2024 18:00,14.2,0,18,0.75,
7/2/2024 19:00,15.6,0,19,0.791666667,
7/2/2024 20:00,15.5,0,20,0.833333333,
7/2/2024 21:00,14.6,0,21,0.875,
7/2/2024 22:00,13.8,0,22,0.916666667,
7/2/2024 23:00,13.3,0,23,0.958333333,
7/3/2024 0:00,12.9,0,0,0,
7/3/2024 1:00,12.1,0,1,0.041666667,
7/3/2024 2:00,11.2,0,2,0.083333333,
7/3/2024 3:00,12.1,0,3,0.125,
7/3/2024 4:00,10.5,0,4,0.166666667,
7/3/2024 5:00,10.1,0,5,0.208333333,
7/3/2024 6:00,11.1,0,6,0.25,
7/3/2024 7:00,11.9,0,7,0.291666667,
7/3/2024 8:00,13.2,0,8,0.333333333,
7/3/2024 9:00,14.7,0,9,0.375,
7/3/2024 10:00,15.1,0,10,0.416666667,
7/3/2024 11:00,15,0,11,0.458333333,
7/3/2024 12:00,14.5,0.9,12,0.5,
7/3/2024 13:00,12.9,0.9,13,0.541666667,
7/3/2024 14:00,12.1,0.9,14,0.583333333,
7/3/2024 15:00,12.7,0.4,15,0.625,
7/3/2024 16:00,12.5,0.4,16,0.666666667,
7/3/2024 17:00,12.9,0.4,17,0.708333333,
7/3/2024 18:00,14.5,0.1,18,0.75,
7/3/2024 19:00,14.7,0.1,19,0.791666667,
7/3/2024 20:00,14.5,0.1,20,0.833333333,
7/3/2024 21:00,14.5,0,21,0.875,
7/3/2024 22:00,13.5,0,22,0.916666667,
7/3/2024 23:00,12.9,0,23,0.958333333,
7/4/2024 0:00,12.8,0.1,0,0,
7/4/2024 1:00,13.1,0.1,1,0.041666667,
7/4/2024 2:00,12.9,0.1,2,0.083333333,
7/4/2024 3:00,13,0.5,3,0.125,
7/4/2024 4:00,13.3,0.5,4,0.166666667,
7/4/2024 5:00,13.3,0.5,5,0.208333333,
7/4/2024 6:00,13.6,0.8,6,0.25,
7/4/2024 7:00,13.5,0.8,7,0.291666667,
7/4/2024 8:00,15.3,0.8,8,0.333333333,
7/4/2024 9:00,15.5,0,9,0.375,
7/4/2024 10:00,15.8,0,10,0.416666667,
7/4/2024 11:00,15.5,0,11,0.458333333,
7/4/2024 12:00,17.6,0,12,0.5,
7/4/2024 13:00,17.8,0,13,0.541666667,
7/4/2024 14:00,18.4,0,14,0.583333333,
7/4/2024 15:00,19.1,0,15,0.625,
7/4/2024 16:00,18.8,0,16,0.666666667,
7/4/2024 17:00,18.4,0,17,0.708333333,
7/4/2024 18:00,17.5,0,18,0.75,
7/4/2024 19:00,17,0,19,0.791666667,
7/4/2024 20:00,16.4,0,20,0.833333333,
7/4/2024 21:00,15.7,0,21,0.875,
7/4/2024 22:00,15,0,22,0.916666667,
7/4/2024 23:00,13.7,0,23,0.958333333,
7/5/2024 0:00,13.3,0,0,0,
7/5/2024 1:00,12.8,0,1,0.041666667,
7/5/2024 2:00,12.7,0,2,0.083333333,
7/5/2024 3:00,12.6,0,3,0.125,
7/5/2024 4:00,12.2,0,4,0.166666667,
7/5/2024 5:00,11.8,0,5,0.208333333,
7/5/2024 6:00,13.2,0,6,0.25,
7/5/2024 7:00,12.8,0,7,0.291666667,
7/5/2024 8:00,14.1,0,8,0.333333333,
7/5/2024 9:00,15.1,0,9,0.375,
7/5/2024 10:00,15.9,0,10,0.416666667,
7/5/2024 11:00,15.6,0,11,0.458333333,
7/5/2024 12:00,14.7,0.2,12,0.5,
7/5/2024 13:00,15.2,0.2,13,0.541666667,
7/5/2024 14:00,15.5,0.2,14,0.583333333,
7/5/2024 15:00,15.8,0.1,15,0.625,
7/5/2024 16:00,15.2,0.1,16,0.666666667,
7/5/2024 17:00,15.6,0.1,17,0.708333333,
7/5/2024 18:00,16.9,0,18,0.75,
7/5/2024 19:00,16.8,0,19,0.791666667,
7/5/2024 20:00,15.8,0,20,0.833333333,
7/5/2024 21:00,16.5,0,21,0.875,
7/5/2024 22:00,15.5,0,22,0.916666667,
7/5/2024 23:00,14.8,0,23,0.958333333,
7/6/2024 0:00,15.5,0,0,0,
7/6/2024 1:00,15.1,0,1,0.041666667,
7/6/2024 2:00,14.8,0,2,0.083333333,
7/6/2024 3:00,15.2,0,3,0.125,
7/6/2024 4:00,15.3,0,4,0.166666667,
7/6/2024 5:00,14.7,0,5,0.208333333,
7/6/2024 6:00,14.9,0,6,0.25,
7/6/2024 7:00,16,0,7,0.291666667,
7/6/2024 8:00,16.7,0,8,0.333333333,
7/6/2024 9:00,18.7,0,9,0.375,
7/6/2024 10:00,20.2,0,10,0.416666667,
7/6/2024 11:00,20.6,0,11,0.458333333,
7/6/2024 12:00,21.5,0.2,12,0.5,
7/6/2024 13:00,20.8,0.2,13,0.541666667,
7/6/2024 14:00,18.8,0.2,14,0.583333333,
7/6/2024 15:00,19.2,0.1,15,0.625,
7/6/2024 16:00,18.4,0.1,16,0.666666667,
7/6/2024 17:00,18.5,0.1,17,0.708333333,
7/6/2024 18:00,16.8,0,18,0.75,
7/6/2024 19:00,15.4,0,19,0.791666667,
7/6/2024 20:00,15,0,20,0.833333333,
7/6/2024 21:00,13.7,0,21,0.875,
7/6/2024 22:00,13,0,22,0.916666667,
7/6/2024 23:00,13.4,0,23,0.958333333,
7/7/2024 0:00,12.5,0,0,0,
7/7/2024 1:00,11.9,0,1,0.041666667,
7/7/2024 2:00,12,0,2,0.083333333,
7/7/2024 3:00,11.6,0,3,0.125,
7/7/2024 4:00,11.4,0,4,0.166666667,
7/7/2024 5:00,11.4,0,5,0.208333333,
7/7/2024 6:00,11.1,0,6,0.25,
7/7/2024 7:00,12,0,7,0.291666667,
7/7/2024 8:00,12.9,0,8,0.333333333,
7/7/2024 9:00,14.8,0.1,9,0.375,
7/7/2024 10:00,15.8,0.1,10,0.416666667,
7/7/2024 11:00,18.3,0.1,11,0.458333333,
7/7/2024 12:00,19.2,0.1,12,0.5,
7/7/2024 13:00,18.1,0.1,13,0.541666667,
7/7/2024 14:00,19.7,0.1,14,0.583333333,
7/7/2024 15:00,18.8,0.1,15,0.625,
7/7/2024 16:00,14.9,0.1,16,0.666666667,
7/7/2024 17:00,17,0.1,17,0.708333333,
7/7/2024 18:00,18.7,0.1,18,0.75,
7/7/2024 19:00,17.2,0.1,19,0.791666667,
7/7/2024 20:00,14.4,0.1,20,0.833333333,
7/7/2024 21:00,15,0,21,0.875,
7/7/2024 22:00,13.9,0,22,0.916666667,
7/7/2024 23:00,13.8,0,23,0.958333333,
7/8/2024 0:00,13.3,0,0,0,
7/8/2024 1:00,13.2,0,1,0.041666667,
7/8/2024 2:00,13.8,0,2,0.083333333,
7/8/2024 3:00,12.5,0,3,0.125,
7/8/2024 4:00,12.2,0,4,0.166666667,
7/8/2024 5:00,12,0,5,0.208333333,
7/8/2024 6:00,11.6,0,6,0.25,
7/8/2024 7:00,12.5,0,7,0.291666667,
7/8/2024 8:00,14.2,0,8,0.333333333,
7/8/2024 9:00,15.7,0,9,0.375,
7/8/2024 10:00,17.1,0,10,0.416666667,
7/8/2024 11:00,18.8,0,11,0.458333333,
7/8/2024 12:00,18.9,0,12,0.5,
7/8/2024 13:00,20.2,0,13,0.541666667,
7/8/2024 14:00,20.9,0,14,0.583333333,
7/8/2024 15:00,22.5,0,15,0.625,
7/8/2024 16:00,20.6,0,16,0.666666667,
7/8/2024 17:00,21.8,0,17,0.708333333,
7/8/2024 18:00,23.4,0,18,0.75,
7/8/2024 19:00,22.1,0,19,0.791666667,
7/8/2024 20:00,20.2,0,20,0.833333333,
7/8/2024 21:00,19.5,0,21,0.875,
7/8/2024 22:00,18.5,0,22,0.916666667,
7/8/2024 23:00,17.6,0,23,0.958333333,
7/9/2024 0:00,17.8,0,0,0,
7/9/2024 1:00,17.5,0,1,0.041666667,
7/9/2024 2:00,17,0,2,0.083333333,
7/9/2024 3:00,17.2,0,3,0.125,
7/9/2024 4:00,16.8,0,4,0.166666667,
7/9/2024 5:00,16.5,0,5,0.208333333,
7/9/2024 6:00,16.3,0,6,0.25,
7/9/2024 7:00,16.4,0,7,0.291666667,
7/9/2024 8:00,18.4,0,8,0.333333333,
7/9/2024 9:00,20.5,0,9,0.375,
7/9/2024 10:00,21.8,0,10,0.416666667,
7/9/2024 11:00,24.6,0,11,0.458333333,
7/9/2024 12:00,26.8,0,12,0.5,
7/9/2024 13:00,26,0,13,0.541666667,
7/9/2024 14:00,26.8,0,14,0.583333333,
7/9/2024 15:00,29.7,0,15,0.625,
7/9/2024 16:00,28.3,0,16,0.666666667,
7/9/2024 17:00,29.3,0,17,0.708333333,
7/9/2024 18:00,29.8,0,18,0.75,
7/9/2024 19:00,28.7,0,19,0.791666667,
7/9/2024 20:00,27.7,0,20,0.833333333,
7/9/2024 21:00,26.8,1.5,21,0.875,
7/9/2024 22:00,25.2,1.5,22,0.916666667,
7/9/2024 23:00,19.2,1.5,23,0.958333333,
7/10/2024 0:00,19.1,0.8,0,0,
7/10/2024 1:00,19.2,0.8,1,0.041666667,
7/10/2024 2:00,18.3,0.8,2,0.083333333,
7/10/2024 3:00,18.7,0,3,0.125,
7/10/2024 4:00,18.8,0,4,0.166666667,
7/10/2024 5:00,17.3,0,5,0.208333333,
7/10/2024 6:00,18.2,0.1,6,0.25,
7/10/2024 7:00,18.1,0.1,7,0.291666667,
7/10/2024 8:00,17.6,0.1,8,0.333333333,
7/10/2024 9:00,18.4,0.4,9,0.375,
7/10/2024 10:00,19.9,0.4,10,0.416666667,
7/10/2024 11:00,21.3,0.4,11,0.458333333,
7/10/2024 12:00,21.4,0,12,0.5,
7/10/2024 13:00,23.2,0,13,0.541666667,
7/10/2024 14:00,23,0,14,0.583333333,
7/10/2024 15:00,23.2,0.2,15,0.625,
7/10/2024 16:00,20.5,0.2,16,0.666666667,
7/10/2024 17:00,21.6,0.2,17,0.708333333,
7/10/2024 18:00,22.3,0,18,0.75,
7/10/2024 19:00,21.6,0,19,0.791666667,
7/10/2024 20:00,20.6,0,20,0.833333333,
7/10/2024 21:00,19.8,0,21,0.875,
7/10/2024 22:00,18.6,0,22,0.916666667,
7/10/2024 23:00,18.3,0,23,0.958333333,
7/11/2024 0:00,18.2,0,0,0,
7/11/2024 1:00,16.9,0,1,0.041666667,
7/11/2024 2:00,16.3,0,2,0.083333333,
7/11/2024 3:00,15.9,0,3,0.125,
7/11/2024 4:00,15.2,0,4,0.166666667,
7/11/2024 5:00,15.7,0,5,0.208333333,
7/11/2024 6:00,15.1,0,6,0.25,
7/11/2024 7:00,15.3,0,7,0.291666667,
7/11/2024 8:00,15.9,0,8,0.333333333,
7/11/2024 9:00,16.7,0,9,0.375,
7/11/2024 10:00,18.4,0,10,0.416666667,
7/11/2024 11:00,19.3,0,11,0.458333333,
7/11/2024 12:00,21.5,0.1,12,0.5,
7/11/2024 13:00,21.7,0.1,13,0.541666667,
7/11/2024 14:00,21.2,0.1,14,0.583333333,
7/11/2024 15:00,19.6,0.1,15,0.625,
7/11/2024 16:00,19.7,0.1,16,0.666666667,
7/11/2024 17:00,22.2,0.1,17,0.708333333,
7/11/2024 18:00,20.6,0,18,0.75,
7/11/2024 19:00,20.6,0,19,0.791666667,
7/11/2024 20:00,19.4,0,20,0.833333333,
7/11/2024 21:00,18.8,0,21,0.875,
7/11/2024 22:00,17.8,0,22,0.916666667,
7/11/2024 23:00,16.9,0,23,0.958333333,
7/12/2024 0:00,16.3,0,0,0,
7/12/2024 1:00,15.4,0,1,0.041666667,
7/12/2024 2:00,15,0,2,0.083333333,
7/12/2024 3:00,14.7,0,3,0.125,
7/12/2024 4:00,13.9,0,4,0.166666667,
7/12/2024 5:00,14,0,5,0.208333333,
7/12/2024 6:00,13.6,0,6,0.25,
7/12/2024 7:00,13.6,0,7,0.291666667,
7/12/2024 8:00,15.5,0,8,0.333333333,
7/12/2024 9:00,15.8,0.2,9,0.375,
7/12/2024 10:00,16.3,0.2,10,0.416666667,
7/12/2024 11:00,16.1,0.2,11,0.458333333,
7/12/2024 12:00,16.8,3.2,12,0.5,
7/12/2024 13:00,14.7,3.2,13,0.541666667,
7/12/2024 14:00,13.9,3.2,14,0.583333333,
7/12/2024 15:00,13.9,2.3,15,0.625,
7/12/2024 16:00,14,2.3,16,0.666666667,
7/12/2024 17:00,13.4,2.3,17,0.708333333,
7/12/2024 18:00,13.6,1.2,18,0.75,
7/12/2024 19:00,12.7,1.2,19,0.791666667,
7/12/2024 20:00,13.1,1.2,20,0.833333333,
7/12/2024 21:00,13.3,0.4,21,0.875,
7/12/2024 22:00,12.2,0.4,22,0.916666667,
7/12/2024 23:00,13.3,0.4,23,0.958333333,
7/13/2024 0:00,13.4,0,0,0,
7/13/2024 1:00,12.3,0,1,0.041666667,
7/13/2024 2:00,13.3,0,2,0.083333333,
7/13/2024 3:00,13.7,0,3,0.125,
7/13/2024 4:00,13.2,0,4,0.166666667,
7/13/2024 5:00,13.5,0,5,0.208333333,
7/13/2024 6:00,13.6,0,6,0.25,
7/13/2024 7:00,13.5,0,7,0.291666667,
7/13/2024 8:00,14,0,8,0.333333333,
7/13/2024 9:00,15,0.2,9,0.375,
7/13/2024 10:00,14.5,0.2,10,0.416666667,
7/13/2024 11:00,14.4,0.2,11,0.458333333,
7/13/2024 12:00,16.3,1.5,12,0.5,
7/13/2024 13:00,15.9,1.5,13,0.541666667,
7/13/2024 14:00,15,1.5,14,0.583333333,
7/13/2024 15:00,16.9,0.5,15,0.625,
7/13/2024 16:00,16.5,0.5,16,0.666666667,
7/13/2024 17:00,17.4,0.5,17,0.708333333,
7/13/2024 18:00,15.7,0.1,18,0.75,
7/13/2024 19:00,15.6,0.1,19,0.791666667,
7/13/2024 20:00,15.8,0.1,20,0.833333333,
7/13/2024 21:00,14.7,0,21,0.875,
7/13/2024 22:00,14.6,0,22,0.916666667,
7/13/2024 23:00,13.9,0,23,0.958333333,
7/14/2024 0:00,13.3,0,0,0,
7/14/2024 1:00,13.2,0,1,0.041666667,
7/14/2024 2:00,12.8,0,2,0.083333333,
7/14/2024 3:00,11.6,0,3,0.125,
7/14/2024 4:00,12.5,0,4,0.166666667,
7/14/2024 5:00,12.2,0,5,0.208333333,
7/14/2024 6:00,11.5,0,6,0.25,
7/14/2024 7:00,12.3,0,7,0.291666667,
7/14/2024 8:00,14,0,8,0.333333333,
7/14/2024 9:00,15.3,0,9,0.375,
7/14/2024 10:00,17.3,0,10,0.416666667,
7/14/2024 11:00,19,0,11,0.458333333,
7/14/2024 12:00,19.8,0,12,0.5,
7/14/2024 13:00,21,0,13,0.541666667,
7/14/2024 14:00,21.5,0,14,0.583333333,
7/14/2024 15:00,21.5,0,15,0.625,
7/14/2024 16:00,21.4,0,16,0.666666667,
7/14/2024 17:00,21.5,0,17,0.708333333,
7/14/2024 18:00,18.3,0.2,18,0.75,
7/14/2024 19:00,20.3,0.2,19,0.791666667,
7/14/2024 20:00,19.5,0.2,20,0.833333333,
7/14/2024 21:00,18.2,0,21,0.875,
7/14/2024 22:00,17.4,0,22,0.916666667,
7/14/2024 23:00,16,0,23,0.958333333,
7/15/2024 0:00,14.8,0,0,0,
7/15/2024 1:00,14.6,0,1,0.041666667,
7/15/2024 2:00,13.7,0,2,0.083333333,
7/15/2024 3:00,13.1,0,3,0.125,
7/15/2024 4:00,13.1,0,4,0.166666667,
7/15/2024 5:00,12.4,0,5,0.208333333,
7/15/2024 6:00,12.4,0,6,0.25,
7/15/2024 7:00,13.2,0,7,0.291666667,
7/15/2024 8:00,15,0,8,0.333333333,
7/15/2024 9:00,17.1,0,9,0.375,
7/15/2024 10:00,19.5,0,10,0.416666667,
7/15/2024 11:00,21,0,11,0.458333333,
7/15/2024 12:00,22.2,0,12,0.5,
7/15/2024 13:00,23.5,0,13,0.541666667,
7/15/2024 14:00,23.9,0,14,0.583333333,
7/15/2024 15:00,24.9,0,15,0.625,
7/15/2024 16:00,25.2,0,16,0.666666667,
7/15/2024 17:00,25.7,0,17,0.708333333,
7/15/2024 18:00,25.1,0,18,0.75,
7/15/2024 19:00,24.6,0,19,0.791666667,
7/15/2024 20:00,24,0,20,0.833333333,
7/15/2024 21:00,22.5,0.1,21,0.875,
7/15/2024 22:00,21.7,0.1,22,0.916666667,
7/15/2024 23:00,20.4,0.1,23,0.958333333,
7/16/2024 0:00,19.6,0.1,0,0,
7/16/2024 1:00,19.8,0.1,1,0.041666667,
7/16/2024 2:00,18.2,0.1,2,0.083333333,
7/16/2024 3:00,18.1,2,3,0.125,
7/16/2024 4:00,18.9,2,4,0.166666667,
7/16/2024 5:00,17.4,2,5,0.208333333,
7/16/2024 6:00,18.3,0,6,0.25,
7/16/2024 7:00,19,0,7,0.291666667,
7/16/2024 8:00,17.7,0,8,0.333333333,
7/16/2024 9:00,17.9,0.1,9,0.375,
7/16/2024 10:00,18.2,0.1,10,0.416666667,
7/16/2024 11:00,18.3,0.1,11,0.458333333,
7/16/2024 12:00,19.9,0.1,12,0.5,
7/16/2024 13:00,20.6,0.1,13,0.541666667,
7/16/2024 14:00,20,0.1,14,0.583333333,
7/16/2024 15:00,22.9,0.8,15,0.625,
7/16/2024 16:00,21.7,0.8,16,0.666666667,
7/16/2024 17:00,19.8,0.8,17,0.708333333,
7/16/2024 18:00,18.7,0.6,18,0.75,
7/16/2024 19:00,18.7,0.6,19,0.791666667,
7/16/2024 20:00,18.5,0.6,20,0.833333333,
7/16/2024 21:00,17.6,0.2,21,0.875,
7/16/2024 22:00,16.8,0.2,22,0.916666667,
7/16/2024 23:00,16.8,0.2,23,0.958333333,
7/17/2024 0:00,16.1,0.1,0,0,
7/17/2024 1:00,16.7,0.1,1,0.041666667,
7/17/2024 2:00,16.2,0.1,2,0.083333333,
7/17/2024 3:00,15.3,0,3,0.125,
7/17/2024 4:00,15.6,0,4,0.166666667,
7/17/2024 5:00,15.3,0,5,0.208333333,
7/17/2024 6:00,15.4,0.1,6,0.25,
7/17/2024 7:00,15.4,0.1,7,0.291666667,
7/17/2024 8:00,15.9,0.1,8,0.333333333,
7/17/2024 9:00,16.2,0.3,9,0.375,
7/17/2024 10:00,17.3,0.3,10,0.416666667,
7/17/2024 11:00,16.8,0.3,11,0.458333333,
7/17/2024 12:00,18,0.1,12,0.5,
7/17/2024 13:00,18.4,0.1,13,0.541666667,
7/17/2024 14:00,18.8,0.1,14,0.583333333,
7/17/2024 15:00,20.8,0.1,15,0.625,
7/17/2024 16:00,20.9,0.1,16,0.666666667,
7/17/2024 17:00,21.3,0.1,17,0.708333333,
7/17/2024 18:00,22.1,0.1,18,0.75,
7/17/2024 19:00,21.4,0.1,19,0.791666667,
7/17/2024 20:00,21,0.1,20,0.833333333,
7/17/2024 21:00,20,0,21,0.875,
7/17/2024 22:00,19,0,22,0.916666667,
7/17/2024 23:00,17.7,0,23,0.958333333,
7/18/2024 0:00,16.7,0,0,0,
7/18/2024 1:00,16.8,0,1,0.041666667,
7/18/2024 2:00,15.5,0,2,0.083333333,
7/18/2024 3:00,15.3,0,3,0.125,
7/18/2024 4:00,15.3,0,4,0.166666667,
7/18/2024 5:00,15.2,0,5,0.208333333,
7/18/2024 6:00,14.2,0,6,0.25,
7/18/2024 7:00,15.1,0,7,0.291666667,
7/18/2024 8:00,16.5,0,8,0.333333333,
7/18/2024 9:00,18.2,0,9,0.375,
7/18/2024 10:00,20.5,0,10,0.416666667,
7/18/2024 11:00,21.6,0,11,0.458333333,
7/18/2024 12:00,22.1,0,12,0.5,
7/18/2024 13:00,23.5,0,13,0.541666667,
7/18/2024 14:00,24.3,0,14,0.583333333,
7/18/2024 15:00,25,0,15,0.625,
7/18/2024 16:00,25.1,0,16,0.666666667,
7/18/2024 17:00,25.2,0,17,0.708333333,
7/18/2024 18:00,25.7,0,18,0.75,
7/18/2024 19:00,25.3,0,19,0.791666667,
7/18/2024 20:00,24.4,0,20,0.833333333,
7/18/2024 21:00,23.4,0,21,0.875,
7/18/2024 22:00,22.1,0,22,0.916666667,
7/18/2024 23:00,20.1,0,23,0.958333333,
7/19/2024 0:00,19.4,0,0,0,
7/19/2024 1:00,18.4,0,1,0.041666667,
7/19/2024 2:00,17.6,0,2,0.083333333,
7/19/2024 3:00,16.9,0,3,0.125,
7/19/2024 4:00,17,0,4,0.166666667,
7/19/2024 5:00,16.5,0,5,0.208333333,
7/19/2024 6:00,15.8,0,6,0.25,
7/19/2024 7:00,17.6,0,7,0.291666667,
7/19/2024 8:00,19.4,0,8,0.333333333,
7/19/2024 9:00,20.9,0,9,0.375,
7/19/2024 10:00,23.9,0,10,0.416666667,
7/19/2024 11:00,24,0,11,0.458333333,
7/19/2024 12:00,25.8,0,12,0.5,
7/19/2024 13:00,26.5,0,13,0.541666667,
7/19/2024 14:00,25.7,0,14,0.583333333,
7/19/2024 15:00,28.8,0,15,0.625,
7/19/2024 16:00,29.1,0,16,0.666666667,
7/19/2024 17:00,28.5,0,17,0.708333333,
7/19/2024 18:00,28.9,0,18,0.75,
7/19/2024 19:00,27.9,0,19,0.791666667,
7/19/2024 20:00,26.3,0,20,0.833333333,
7/19/2024 21:00,25.3,0,21,0.875,
7/19/2024 22:00,23.9,0,22,0.916666667,
7/19/2024 23:00,22.7,0,23,0.958333333,
7/20/2024 0:00,21.4,0,0,0,
7/20/2024 1:00,20.7,0,1,0.041666667,
7/20/2024 2:00,20,0,2,0.083333333,
7/20/2024 3:00,19.2,0,3,0.125,
7/20/2024 4:00,18.5,0,4,0.166666667,
7/20/2024 5:00,18.1,0,5,0.208333333,
7/20/2024 6:00,17.2,0,6,0.25,
7/20/2024 7:00,18.3,0,7,0.291666667,
7/20/2024 8:00,19.8,0,8,0.333333333,
7/20/2024 9:00,22.5,0,9,0.375,
7/20/2024 10:00,24.5,0,10,0.416666667,
7/20/2024 11:00,26.1,0,11,0.458333333,
7/20/2024 12:00,28,0,12,0.5,
7/20/2024 13:00,28.9,0,13,0.541666667,
7/20/2024 14:00,30.3,0,14,0.583333333,
7/20/2024 15:00,30.8,0,15,0.625,
7/20/2024 16:00,31.2,0,16,0.666666667,
7/20/2024 17:00,31.5,0,17,0.708333333,
7/20/2024 18:00,30.8,0,18,0.75,
7/20/2024 19:00,30.7,0,19,0.791666667,
7/20/2024 20:00,30.4,0,20,0.833333333,
7/20/2024 21:00,28.6,0.1,21,0.875,
7/20/2024 22:00,26.4,0.1,22,0.916666667,
7/20/2024 23:00,25.7,0.1,23,0.958333333,
7/21/2024 0:00,24.7,0,0,0,
7/21/2024 1:00,23.2,0,1,0.041666667,
7/21/2024 2:00,23.3,0,2,0.083333333,
7/21/2024 3:00,22.1,0,3,0.125,
7/21/2024 4:00,21.3,0,4,0.166666667,
7/21/2024 5:00,20.7,0,5,0.208333333,
7/21/2024 6:00,20.4,0,6,0.25,
7/21/2024 7:00,20.1,0,7,0.291666667,
7/21/2024 8:00,22.8,0,8,0.333333333,
7/21/2024 9:00,24.3,0,9,0.375,
7/21/2024 10:00,26.2,0,10,0.416666667,
7/21/2024 11:00,25.8,0,11,0.458333333,
7/21/2024 12:00,27.9,2.3,12,0.5,
7/21/2024 13:00,26.1,2.3,13,0.541666667,
7/21/2024 14:00,26.8,2.3,14,0.583333333,
7/21/2024 15:00,21.9,0.7,15,0.625,
7/21/2024 16:00,22,0.7,16,0.666666667,
7/21/2024 17:00,24.9,0.7,17,0.708333333,
7/21/2024 18:00,22.9,3,18,0.75,
7/21/2024 19:00,22.5,3,19,0.791666667,
7/21/2024 20:00,20.4,3,20,0.833333333,
7/21/2024 21:00,19.4,6.8,21,0.875,
7/21/2024 22:00,19.4,6.8,22,0.916666667,
7/21/2024 23:00,19,6.8,23,0.958333333,
7/22/2024 0:00,18.5,0.8,0,0,
7/22/2024 1:00,17.7,0.8,1,0.041666667,
7/22/2024 2:00,17.4,0.8,2,0.083333333,
7/22/2024 3:00,17.2,0,3,0.125,
7/22/2024 4:00,16.3,0,4,0.166666667,
7/22/2024 5:00,16,0,5,0.208333333,
7/22/2024 6:00,16,0,6,0.25,
7/22/2024 7:00,15.8,0,7,0.291666667,
7/22/2024 8:00,16.3,0,8,0.333333333,
7/22/2024 9:00,17.6,0,9,0.375,
7/22/2024 10:00,18.3,0,10,0.416666667,
7/22/2024 11:00,19.5,0,11,0.458333333,
7/22/2024 12:00,21.4,0,12,0.5,
7/22/2024 13:00,22.4,0,13,0.541666667,
7/22/2024 14:00,23.9,0,14,0.583333333,
7/22/2024 15:00,24.1,0,15,0.625,
7/22/2024 16:00,21.5,0,16,0.666666667,
7/22/2024 17:00,23.2,0,17,0.708333333,
7/22/2024 18:00,20.6,0.1,18,0.75,
7/22/2024 19:00,22.1,0.1,19,0.791666667,
7/22/2024 20:00,21.9,0.1,20,0.833333333,
7/22/2024 21:00,21.1,0,21,0.875,
7/22/2024 22:00,20.8,0,22,0.916666667,
7/22/2024 23:00,20.6,0,23,0.958333333,
7/23/2024 0:00,20.3,0,0,0,
7/23/2024 1:00,19.7,0,1,0.041666667,
7/23/2024 2:00,19.8,0,2,0.083333333,
7/23/2024 3:00,18.9,0.1,3,0.125,
7/23/2024 4:00,18.9,0.1,4,0.166666667,
7/23/2024 5:00,18.6,0.1,5,0.208333333,
7/23/2024 6:00,18.3,0,6,0.25,
7/23/2024 7:00,18.3,0,7,0.291666667,
7/23/2024 8:00,18.7,0,8,0.333333333,
7/23/2024 9:00,18.6,1,9,0.375,
7/23/2024 10:00,19.2,1,10,0.416666667,
7/23/2024 11:00,19.2,1,11,0.458333333,
7/23/2024 12:00,19.9,0.3,12,0.5,
7/23/2024 13:00,20.7,0.3,13,0.541666667,
7/23/2024 14:00,21.9,0.3,14,0.583333333,
7/23/2024 15:00,21.3,0.6,15,0.625,
7/23/2024 16:00,19.8,0.6,16,0.666666667,
7/23/2024 17:00,22.1,0.6,17,0.708333333,
7/23/2024 18:00,21.4,0.2,18,0.75,
7/23/2024 19:00,18.7,0.2,19,0.791666667,
7/23/2024 20:00,20.6,0.2,20,0.833333333,
7/23/2024 21:00,20,0.1,21,0.875,
7/23/2024 22:00,17.7,0.1,22,0.916666667,
7/23/2024 23:00,17.8,0.1,23,0.958333333,
7/24/2024 0:00,17.1,0,0,0,
7/24/2024 1:00,15.4,0,1,0.041666667,
7/24/2024 2:00,16.4,0,2,0.083333333,
7/24/2024 3:00,16,0.1,3,0.125,
7/24/2024 4:00,15.5,0.1,4,0.166666667,
7/24/2024 5:00,16.4,0.1,5,0.208333333,
7/24/2024 6:00,15.8,0,6,0.25,
7/24/2024 7:00,15.4,0,7,0.291666667,
7/24/2024 8:00,16.5,0,8,0.333333333,
7/24/2024 9:00,17.4,0,9,0.375,
7/24/2024 10:00,18.1,0,10,0.416666667,
7/24/2024 11:00,19.5,0,11,0.458333333,
7/24/2024 12:00,20,0,12,0.5,
7/24/2024 13:00,21,0,13,0.541666667,
7/24/2024 14:00,22.1,0,14,0.583333333,
7/24/2024 15:00,21.8,0,15,0.625,
7/24/2024 16:00,22.4,0,16,0.666666667,
7/24/2024 17:00,21.8,0,17,0.708333333,
7/24/2024 18:00,21.5,0,18,0.75,
7/24/2024 19:00,21.3,0,19,0.791666667,
7/24/2024 20:00,19.4,0,20,0.833333333,
7/24/2024 21:00,18.1,0,21,0.875,
7/24/2024 22:00,16.4,0,22,0.916666667,
7/24/2024 23:00,15.8,0,23,0.958333333,
7/25/2024 0:00,15,0,0,0,
7/25/2024 1:00,14.6,0,1,0.041666667,
7/25/2024 2:00,14.2,0,2,0.083333333,
7/25/2024 3:00,13.5,0,3,0.125,
7/25/2024 4:00,13.1,0,4,0.166666667,
7/25/2024 5:00,12.8,0,5,0.208333333,
7/25/2024 6:00,13.2,0,6,0.25,
7/25/2024 7:00,13.3,0,7,0.291666667,
7/25/2024 8:00,14.4,0,8,0.333333333,
7/25/2024 9:00,16.1,0,9,0.375,
7/25/2024 10:00,17.1,0,10,0.416666667,
7/25/2024 11:00,18.7,0,11,0.458333333,
7/25/2024 12:00,19.5,0,12,0.5,
7/25/2024 13:00,18.6,0,13,0.541666667,
7/25/2024 14:00,21.7,0,14,0.583333333,
7/25/2024 15:00,23.9,0,15,0.625,
7/25/2024 16:00,23.5,0,16,0.666666667,
7/25/2024 17:00,23.9,0,17,0.708333333,
7/25/2024 18:00,22,0,18,0.75,
7/25/2024 19:00,22.7,0,19,0.791666667,
7/25/2024 20:00,22.1,0,20,0.833333333,
7/25/2024 21:00,20.2,0.2,21,0.875,
7/25/2024 22:00,18.7,0.2,22,0.916666667,
7/25/2024 23:00,18.5,0.2,23,0.958333333,
7/26/2024 0:00,18.6,0.6,0,0,
7/26/2024 1:00,18.8,0.6,1,0.041666667,
7/26/2024 2:00,18.2,0.6,2,0.083333333,
7/26/2024 3:00,18.4,0.2,3,0.125,
7/26/2024 4:00,18.4,0.2,4,0.166666667,
7/26/2024 5:00,17.7,0.2,5,0.208333333,
7/26/2024 6:00,17.9,0.8,6,0.25,
7/26/2024 7:00,17.9,0.8,7,0.291666667,
7/26/2024 8:00,18.5,0.8,8,0.333333333,
7/26/2024 9:00,17.8,0.1,9,0.375,
7/26/2024 10:00,18.2,0.1,10,0.416666667,
7/26/2024 11:00,18.5,0.1,11,0.458333333,
7/26/2024 12:00,18.7,0.3,12,0.5,
7/26/2024 13:00,19.2,0.3,13,0.541666667,
7/26/2024 14:00,19.2,0.3,14,0.583333333,
7/26/2024 15:00,21.5,0.1,15,0.625,
7/26/2024 16:00,21.6,0.1,16,0.666666667,
7/26/2024 17:00,22.6,0.1,17,0.708333333,
7/26/2024 18:00,22.4,0,18,0.75,
7/26/2024 19:00,21.4,0,19,0.791666667,
7/26/2024 20:00,20.6,0,20,0.833333333,
7/26/2024 21:00,19.9,0,21,0.875,
7/26/2024 22:00,18.6,0,22,0.916666667,
7/26/2024 23:00,18,0,23,0.958333333,
7/27/2024 0:00,16.9,0,0,0,
7/27/2024 1:00,15.9,0,1,0.041666667,
7/27/2024 2:00,15.6,0,2,0.083333333,
7/27/2024 3:00,15.4,0,3,0.125,
7/27/2024 4:00,14.8,0,4,0.166666667,
7/27/2024 5:00,14.2,0,5,0.208333333,
7/27/2024 6:00,13.2,0.1,6,0.25,
7/27/2024 7:00,13.9,0.1,7,0.291666667,
7/27/2024 8:00,16,0.1,8,0.333333333,
7/27/2024 9:00,17.6,0.1,9,0.375,
7/27/2024 10:00,19.6,0.1,10,0.416666667,
7/27/2024 11:00,21.4,0.1,11,0.458333333,
7/27/2024 12:00,22.7,0,12,0.5,
7/27/2024 13:00,23.7,0,13,0.541666667,
7/27/2024 14:00,23.7,0,14,0.583333333,
7/27/2024 15:00,24.5,0,15,0.625,
7/27/2024 16:00,23.4,0,16,0.666666667,
7/27/2024 17:00,22.7,0,17,0.708333333,
7/27/2024 18:00,24.1,0,18,0.75,
7/27/2024 19:00,22.9,0,19,0.791666667,
7/27/2024 20:00,22.4,0,20,0.833333333,
7/27/2024 21:00,22.1,0.2,21,0.875,
7/27/2024 22:00,20.3,0.2,22,0.916666667,
7/27/2024 23:00,18.2,0.2,23,0.958333333,
7/28/2024 0:00,16.8,0.3,0,0,
7/28/2024 1:00,16.3,0.3,1,0.041666667,
7/28/2024 2:00,15.7,0.3,2,0.083333333,
7/28/2024 3:00,15.9,0,3,0.125,
7/28/2024 4:00,14.5,0,4,0.166666667,
7/28/2024 5:00,13.7,0,5,0.208333333,
7/28/2024 6:00,14.4,0,6,0.25,
7/28/2024 7:00,14.8,0,7,0.291666667,
7/28/2024 8:00,16.4,0,8,0.333333333,
7/28/2024 9:00,18.6,0,9,0.375,
7/28/2024 10:00,18.8,0,10,0.416666667,
7/28/2024 11:00,20.4,0,11,0.458333333,
7/28/2024 12:00,21.5,0,12,0.5,
7/28/2024 13:00,21.8,0,13,0.541666667,
7/28/2024 14:00,23.3,0,14,0.583333333,
7/28/2024 15:00,23.8,0,15,0.625,
7/28/2024 16:00,23.6,0,16,0.666666667,
7/28/2024 17:00,24,0,17,0.708333333,
7/28/2024 18:00,23.3,0,18,0.75,
7/28/2024 19:00,21.5,0,19,0.791666667,
7/28/2024 20:00,20.3,0,20,0.833333333,
7/28/2024 21:00,19.4,0,21,0.875,
7/28/2024 22:00,17.2,0,22,0.916666667,
7/28/2024 23:00,16.3,0,23,0.958333333,
7/29/2024 0:00,15.8,0,0,0,
7/29/2024 1:00,14.9,0,1,0.041666667,
7/29/2024 2:00,14.2,0,2,0.083333333,
7/29/2024 3:00,14,0,3,0.125,
7/29/2024 4:00,13.8,0,4,0.166666667,
7/29/2024 5:00,13.2,0,5,0.208333333,
7/29/2024 6:00,13.2,0,6,0.25,
7/29/2024 7:00,13.9,0,7,0.291666667,
7/29/2024 8:00,15.3,0,8,0.333333333,
7/29/2024 9:00,17.3,0,9,0.375,
7/29/2024 10:00,19.1,0,10,0.416666667,
7/29/2024 11:00,20.6,0,11,0.458333333,
7/29/2024 12:00,22.4,0,12,0.5,
7/29/2024 13:00,23.6,0,13,0.541666667,
7/29/2024 14:00,24.4,0,14,0.583333333,
7/29/2024 15:00,25.4,0,15,0.625,
7/29/2024 16:00,25.3,0,16,0.666666667,
7/29/2024 17:00,25.7,0,17,0.708333333,
7/29/2024 18:00,25.8,0,18,0.75,
7/29/2024 19:00,25.2,0,19,0.791666667,
7/29/2024 20:00,23.9,0,20,0.833333333,
7/29/2024 21:00,22.4,0,21,0.875,
7/29/2024 22:00,21.2,0,22,0.916666667,
7/29/2024 23:00,19.6,0,23,0.958333333,
7/30/2024 0:00,19.3,0,0,0,
7/30/2024 1:00,18.9,0,1,0.041666667,
7/30/2024 2:00,16.5,0,2,0.083333333,
7/30/2024 3:00,16.7,0,3,0.125,
7/30/2024 4:00,15.9,0,4,0.166666667,
7/30/2024 5:00,15.7,0,5,0.208333333,
7/30/2024 6:00,15.4,0,6,0.25,
7/30/2024 7:00,15.9,0,7,0.291666667,
7/30/2024 8:00,17.8,0,8,0.333333333,
7/30/2024 9:00,19.9,0,9,0.375,
7/30/2024 10:00,23,0,10,0.416666667,
7/30/2024 11:00,24.4,0,11,0.458333333,
7/30/2024 12:00,26.5,0,12,0.5,
7/30/2024 13:00,28.2,0,13,0.541666667,
7/30/2024 14:00,28.5,0,14,0.583333333,
7/30/2024 15:00,29.5,0,15,0.625,
7/30/2024 16:00,29.2,0,16,0.666666667,
7/30/2024 17:00,29.4,0,17,0.708333333,
7/30/2024 18:00,29.1,0,18,0.75,
7/30/2024 19:00,28.3,0,19,0.791666667,
7/30/2024 20:00,25.9,0,20,0.833333333,
7/30/2024 21:00,24.3,0,21,0.875,
7/30/2024 22:00,22.4,0,22,0.916666667,
7/30/2024 23:00,21.8,0,23,0.958333333,
7/31/2024 0:00,20.5,0,0,0,
7/31/2024 1:00,18.8,0,1,0.041666667,
7/31/2024 2:00,18.6,0,2,0.083333333,
7/31/2024 3:00,17.7,0,3,0.125,
7/31/2024 4:00,16.7,0,4,0.166666667,
7/31/2024 5:00,16.3,0,5,0.208333333,
7/31/2024 6:00,16.1,0,6,0.25,
7/31/2024 7:00,16.3,0,7,0.291666667,
7/31/2024 8:00,17.6,0,8,0.333333333,
7/31/2024 9:00,19,0,9,0.375,
7/31/2024 10:00,21.4,0,10,0.416666667,
7/31/2024 11:00,22.7,0,11,0.458333333,
7/31/2024 12:00,24,0,12,0.5,
7/31/2024 13:00,25.4,0,13,0.541666667,
7/31/2024 14:00,26.8,0,14,0.583333333,
7/31/2024 15:00,27.2,0,15,0.625,
7/31/2024 16:00,27.2,0,16,0.666666667,
7/31/2024 17:00,27.3,0,17,0.708333333,
7/31/2024 18:00,25.5,0,18,0.75,
7/31/2024 19:00,25.4,0,19,0.791666667,
7/31/2024 20:00,23.3,0,20,0.833333333,
7/31/2024 21:00,21.5,0,21,0.875,
7/31/2024 22:00,20.5,0,22,0.916666667,
7/31/2024 23:00,19.2,0,23,0.958333333,
8/1/2024 0:00,18.2,0,0,0,
8/1/2024 1:00,17.1,0,1,0.041666667,
8/1/2024 2:00,16,0,2,0.083333333,
8/1/2024 3:00,15.7,0,3,0.125,
8/1/2024 4:00,15.1,0,4,0.166666667,
8/1/2024 5:00,14.2,0,5,0.208333333,
8/1/2024 6:00,14.1,0,6,0.25,
8/1/2024 7:00,14.3,0,7,0.291666667,
8/1/2024 8:00,15.3,0,8,0.333333333,
8/1/2024 9:00,17.3,0,9,0.375,
8/1/2024 10:00,19.3,0,10,0.416666667,
8/1/2024 11:00,20.5,0,11,0.458333333,
8/1/2024 12:00,22.1,0,12,0.5,
8/1/2024 13:00,23.8,0,13,0.541666667,
8/1/2024 14:00,23.9,0,14,0.583333333,
8/1/2024 15:00,24.3,0,15,0.625,
8/1/2024 16:00,24.1,0,16,0.666666667,
8/1/2024 17:00,23.3,0,17,0.708333333,
8/1/2024 18:00,22.5,0,18,0.75,
8/1/2024 19:00,20,0,19,0.791666667,
8/1/2024 20:00,20,0,20,0.833333333,
8/1/2024 21:00,19.1,0,21,0.875,
8/1/2024 22:00,18.1,0,22,0.916666667,
8/1/2024 23:00,17.4,0,23,0.958333333,
8/2/2024 0:00,16.6,0,0,0,
8/2/2024 1:00,15.7,0,1,0.041666667,
8/2/2024 2:00,16.1,0,2,0.083333333,
8/2/2024 3:00,15.4,0,3,0.125,
8/2/2024 4:00,14.6,0,4,0.166666667,
8/2/2024 5:00,14,0,5,0.208333333,
8/2/2024 6:00,15,0,6,0.25,
8/2/2024 7:00,14.6,0,7,0.291666667,
8/2/2024 8:00,16.2,0,8,0.333333333,
8/2/2024 9:00,18,0,9,0.375,
8/2/2024 10:00,19.8,0,10,0.416666667,
8/2/2024 11:00,20.8,0,11,0.458333333,
8/2/2024 12:00,22,0,12,0.5,
8/2/2024 13:00,23.6,0,13,0.541666667,
8/2/2024 14:00,24.4,0,14,0.583333333,
8/2/2024 15:00,24.9,0,15,0.625,
8/2/2024 16:00,25.5,0,16,0.666666667,
8/2/2024 17:00,25.4,0,17,0.708333333,
8/2/2024 18:00,25.6,0,18,0.75,
8/2/2024 19:00,24.5,0,19,0.791666667,
8/2/2024 20:00,23.9,0,20,0.833333333,
8/2/2024 21:00,22.5,0,21,0.875,
8/2/2024 22:00,20.7,0,22,0.916666667,
8/2/2024 23:00,19.7,0,23,0.958333333,
8/3/2024 0:00,18.6,0,0,0,
8/3/2024 1:00,17.4,0,1,0.041666667,
8/3/2024 2:00,17.3,0,2,0.083333333,
8/3/2024 3:00,16.6,0,3,0.125,
8/3/2024 4:00,16.9,0,4,0.166666667,
8/3/2024 5:00,17,0,5,0.208333333,
8/3/2024 6:00,16.7,0,6,0.25,
8/3/2024 7:00,17.3,0,7,0.291666667,
8/3/2024 8:00,18.2,0,8,0.333333333,
8/3/2024 9:00,19.4,0,9,0.375,
8/3/2024 10:00,20.5,0,10,0.416666667,
8/3/2024 11:00,20.5,0,11,0.458333333,
8/3/2024 12:00,25.9,1.7,12,0.5,
8/3/2024 13:00,25,0,13,0.541666667,
8/3/2024 14:00,24.2,0,14,0.583333333,
8/3/2024 15:00,25.5,0,15,0.625,
8/3/2024 16:00,24.9,0,16,0.666666667,
8/3/2024 17:00,23.2,0,17,0.708333333,
8/3/2024 18:00,24.6,0,18,0.75,
8/3/2024 19:00,22.8,0.4,19,0.791666667,
8/3/2024 20:00,20,0,20,0.833333333,
8/3/2024 21:00,19.7,0.5,21,0.875,
8/3/2024 22:00,19.3,0.2,22,0.916666667,
8/3/2024 23:00,19,0,23,0.958333333,
8/4/2024 0:00,18.9,0,0,0,
8/4/2024 1:00,18.6,0,1,0.041666667,
8/4/2024 2:00,18.2,0,2,0.083333333,
8/4/2024 3:00,18.2,1.5,3,0.125,
8/4/2024 4:00,18,0,4,0.166666667,
8/4/2024 5:00,17.6,0,5,0.208333333,
8/4/2024 6:00,17.1,0,6,0.25,
8/4/2024 7:00,16.5,0,7,0.291666667,
8/4/2024 8:00,16.5,0,8,0.333333333,
8/4/2024 9:00,17,0,9,0.375,
8/4/2024 10:00,18.1,0,10,0.416666667,
8/4/2024 11:00,18.3,0,11,0.458333333,
8/4/2024 12:00,19.2,0,12,0.5,
8/4/2024 13:00,19.3,0,13,0.541666667,
8/4/2024 14:00,19.1,0,14,0.583333333,
8/4/2024 15:00,19.9,0,15,0.625,
8/4/2024 16:00,19.8,0,16,0.666666667,
8/4/2024 17:00,20.1,0,17,0.708333333,
8/4/2024 18:00,20.1,0,18,0.75,
8/4/2024 19:00,19.7,0,19,0.791666667,
8/4/2024 20:00,19.4,0,20,0.833333333,
8/4/2024 21:00,19,0,21,0.875,
8/4/2024 22:00,17.1,0,22,0.916666667,
8/4/2024 23:00,16.1,0,23,0.958333333,
8/5/2024 0:00,16.5,0,0,0,
8/5/2024 1:00,15.9,0,1,0.041666667,
8/5/2024 2:00,15.8,0,2,0.083333333,
8/5/2024 3:00,16.3,0,3,0.125,
8/5/2024 4:00,16.2,0,4,0.166666667,
8/5/2024 5:00,16.1,0,5,0.208333333,
8/5/2024 6:00,15.4,0,6,0.25,
8/5/2024 7:00,15.7,0,7,0.291666667,
8/5/2024 8:00,16.6,0,8,0.333333333,
8/5/2024 9:00,17,0,9,0.375,
8/5/2024 10:00,18.3,0,10,0.416666667,
8/5/2024 11:00,20.3,0,11,0.458333333,
8/5/2024 12:00,21.9,0,12,0.5,
8/5/2024 13:00,21.3,0,13,0.541666667,
8/5/2024 14:00,22.9,0,14,0.583333333,
8/5/2024 15:00,22.6,0,15,0.625,
8/5/2024 16:00,22.8,0,16,0.666666667,
8/5/2024 17:00,25.9,0,17,0.708333333,
8/5/2024 18:00,24.3,0,18,0.75,
8/5/2024 19:00,25.2,0,19,0.791666667,
8/5/2024 20:00,24.4,0,20,0.833333333,
8/5/2024 21:00,22.6,0,21,0.875,
8/5/2024 22:00,21.5,0,22,0.916666667,
8/5/2024 23:00,20.6,0,23,0.958333333,
8/6/2024 0:00,18.7,0,0,0,
8/6/2024 1:00,18.1,0,1,0.041666667,
8/6/2024 2:00,17,0,2,0.083333333,
8/6/2024 3:00,16.9,0,3,0.125,
8/6/2024 4:00,17.2,0,4,0.166666667,
8/6/2024 5:00,16.1,0,5,0.208333333,
8/6/2024 6:00,15.6,0,6,0.25,
8/6/2024 7:00,15.9,0,7,0.291666667,
8/6/2024 8:00,18.1,0,8,0.333333333,
8/6/2024 9:00,19.7,0,9,0.375,
8/6/2024 10:00,22.8,0,10,0.416666667,
8/6/2024 11:00,24.4,0,11,0.458333333,
8/6/2024 12:00,25.8,0,12,0.5,
8/6/2024 13:00,27.5,0,13,0.541666667,
8/6/2024 14:00,28.4,0,14,0.583333333,
8/6/2024 15:00,28.5,0,15,0.625,
8/6/2024 16:00,29,0,16,0.666666667,
8/6/2024 17:00,29.2,0,17,0.708333333,
8/6/2024 18:00,28.6,0,18,0.75,
8/6/2024 19:00,28.6,0,19,0.791666667,
8/6/2024 20:00,27.4,0,20,0.833333333,
8/6/2024 21:00,25.9,0,21,0.875,
8/6/2024 22:00,24.8,0,22,0.916666667,
8/6/2024 23:00,24.1,0,23,0.958333333,
8/7/2024 0:00,21.1,0,0,0,
8/7/2024 1:00,21.1,0,1,0.041666667,
8/7/2024 2:00,20.7,0,2,0.083333333,
8/7/2024 3:00,19.5,0,3,0.125,
8/7/2024 4:00,19.9,0,4,0.166666667,
8/7/2024 5:00,19,0,5,0.208333333,
8/7/2024 6:00,18.8,0.1,6,0.25,
8/7/2024 7:00,18.4,0,7,0.291666667,
8/7/2024 8:00,19,1.2,8,0.333333333,
8/7/2024 9:00,19.1,0,9,0.375,
8/7/2024 10:00,19.6,0,10,0.416666667,
8/7/2024 11:00,21,0,11,0.458333333,
8/7/2024 12:00,21.8,0,12,0.5,
8/7/2024 13:00,22,0,13,0.541666667,
8/7/2024 14:00,22.2,0,14,0.583333333,
8/7/2024 15:00,22.2,0,15,0.625,
8/7/2024 16:00,23.6,0,16,0.666666667,
8/7/2024 17:00,23.1,0,17,0.708333333,
8/7/2024 18:00,23,0,18,0.75,
8/7/2024 19:00,22,0,19,0.791666667,
8/7/2024 20:00,21,0,20,0.833333333,
8/7/2024 21:00,19.4,0,21,0.875,
8/7/2024 22:00,17.8,0,22,0.916666667,
8/7/2024 23:00,17.4,0,23,0.958333333,
8/8/2024 0:00,16.9,0,0,0,
8/8/2024 1:00,15,0,1,0.041666667,
8/8/2024 2:00,14.9,0,2,0.083333333,
8/8/2024 3:00,16.1,0,3,0.125,
8/8/2024 4:00,15.4,0,4,0.166666667,
8/8/2024 5:00,15.9,0,5,0.208333333,
8/8/2024 6:00,16.2,0,6,0.25,
8/8/2024 7:00,15.9,0,7,0.291666667,
8/8/2024 8:00,16.7,0,8,0.333333333,
8/8/2024 9:00,17.9,0,9,0.375,
8/8/2024 10:00,18.3,0,10,0.416666667,
8/8/2024 11:00,21.7,0,11,0.458333333,
8/8/2024 12:00,21.8,0,12,0.5,
8/8/2024 13:00,22.7,0,13,0.541666667,
8/8/2024 14:00,22.4,0,14,0.583333333,
8/8/2024 15:00,22.5,0,15,0.625,
8/8/2024 16:00,24.4,0,16,0.666666667,
8/8/2024 17:00,24.7,0,17,0.708333333,
8/8/2024 18:00,24.5,0,18,0.75,
8/8/2024 19:00,24,0,19,0.791666667,
8/8/2024 20:00,23.1,0,20,0.833333333,
8/8/2024 21:00,22.1,0,21,0.875,
8/8/2024 22:00,20.4,0,22,0.916666667,
8/8/2024 23:00,20.2,0,23,0.958333333,
8/9/2024 0:00,20,0,0,0,
8/9/2024 1:00,19.3,0.1,1,0.041666667,
8/9/2024 2:00,19.9,1.5,2,0.083333333,
8/9/2024 3:00,18.3,0,3,0.125,
8/9/2024 4:00,17.3,1.3,4,0.166666667,
8/9/2024 5:00,19.1,0,5,0.208333333,
8/9/2024 6:00,18.2,0,6,0.25,
8/9/2024 7:00,18,0,7,0.291666667,
8/9/2024 8:00,19.5,0,8,0.333333333,
8/9/2024 9:00,19,0.1,9,0.375,
8/9/2024 10:00,18.5,0,10,0.416666667,
8/9/2024 11:00,18.6,0.1,11,0.458333333,
8/9/2024 12:00,19,0.2,12,0.5,
8/9/2024 13:00,18.7,0,13,0.541666667,
8/9/2024 14:00,19.5,0.1,14,0.583333333,
8/9/2024 15:00,21.6,0.1,15,0.625,
8/9/2024 16:00,21.6,0.1,16,0.666666667,
8/9/2024 17:00,21.3,0,17,0.708333333,
8/9/2024 18:00,21,0,18,0.75,
8/9/2024 19:00,19.9,0,19,0.791666667,
8/9/2024 20:00,20.1,0,20,0.833333333,
8/9/2024 21:00,19,0,21,0.875,
8/9/2024 22:00,17.1,0,22,0.916666667,
8/9/2024 23:00,17.4,0,23,0.958333333,
8/10/2024 0:00,17.3,0,0,0,
8/10/2024 1:00,16,0,1,0.041666667,
8/10/2024 2:00,15.6,0,2,0.083333333,
8/10/2024 3:00,15,0,3,0.125,
8/10/2024 4:00,14.6,0,4,0.166666667,
8/10/2024 5:00,14.6,0,5,0.208333333,
8/10/2024 6:00,14.1,0,6,0.25,
8/10/2024 7:00,14.3,0,7,0.291666667,
8/10/2024 8:00,15.6,0,8,0.333333333,
8/10/2024 9:00,16.5,0,9,0.375,
8/10/2024 10:00,19.1,0,10,0.416666667,
8/10/2024 11:00,18.9,0,11,0.458333333,
8/10/2024 12:00,20,0,12,0.5,
8/10/2024 13:00,21.2,0,13,0.541666667,
8/10/2024 14:00,23.5,0,14,0.583333333,
8/10/2024 15:00,24.8,0,15,0.625,
8/10/2024 16:00,25.3,0,16,0.666666667,
8/10/2024 17:00,24.2,0,17,0.708333333,
8/10/2024 18:00,23.6,0,18,0.75,
8/10/2024 19:00,22.7,0,19,0.791666667,
8/10/2024 20:00,22.1,0,20,0.833333333,
8/10/2024 21:00,20.5,0,21,0.875,
8/10/2024 22:00,20.4,0.3,22,0.916666667,
8/10/2024 23:00,20.1,0,23,0.958333333,
8/11/2024 0:00,18.3,0,0,0,
8/11/2024 1:00,18.8,0,1,0.041666667,
8/11/2024 2:00,18.5,0,2,0.083333333,
8/11/2024 3:00,17.6,0,3,0.125,
8/11/2024 4:00,18.3,0,4,0.166666667,
8/11/2024 5:00,17.4,0,5,0.208333333,
8/11/2024 6:00,16.7,0,6,0.25,
8/11/2024 7:00,16.1,0,7,0.291666667,
8/11/2024 8:00,18.1,0,8,0.333333333,
8/11/2024 9:00,19.3,0,9,0.375,
8/11/2024 10:00,21.4,0,10,0.416666667,
8/11/2024 11:00,22.7,0,11,0.458333333,
8/11/2024 12:00,23.7,0,12,0.5,
8/11/2024 13:00,25.3,0,13,0.541666667,
8/11/2024 14:00,25.7,0,14,0.583333333,
8/11/2024 15:00,26.5,0,15,0.625,
8/11/2024 16:00,27,0,16,0.666666667,
8/11/2024 17:00,26.5,0,17,0.708333333,
8/11/2024 18:00,26.4,0,18,0.75,
8/11/2024 19:00,25.9,0,19,0.791666667,
8/11/2024 20:00,23.2,0,20,0.833333333,
8/11/2024 21:00,21.5,0,21,0.875,
8/11/2024 22:00,20.3,0,22,0.916666667,
8/11/2024 23:00,18.7,0,23,0.958333333,
8/12/2024 0:00,17.7,0,0,0,
8/12/2024 1:00,17.3,0,1,0.041666667,
8/12/2024 2:00,16.1,0,2,0.083333333,
8/12/2024 3:00,15.6,0,3,0.125,
8/12/2024 4:00,15.3,0,4,0.166666667,
8/12/2024 5:00,14.6,0,5,0.208333333,
8/12/2024 6:00,14.1,0,6,0.25,
8/12/2024 7:00,14.5,0,7,0.291666667,
8/12/2024 8:00,15.5,0,8,0.333333333,
8/12/2024 9:00,17.8,0,9,0.375,
8/12/2024 10:00,21.3,0,10,0.416666667,
8/12/2024 11:00,22.9,0,11,0.458333333,
8/12/2024 12:00,24.9,0,12,0.5,
8/12/2024 13:00,26.9,0,13,0.541666667,
8/12/2024 14:00,27.9,0,14,0.583333333,
8/12/2024 15:00,28.9,0,15,0.625,
8/12/2024 16:00,29.9,0,16,0.666666667,
8/12/2024 17:00,29.1,0,17,0.708333333,
8/12/2024 18:00,29.8,0,18,0.75,
8/12/2024 19:00,29.3,0,19,0.791666667,
8/12/2024 20:00,27.5,0,20,0.833333333,
8/12/2024 21:00,26.2,0,21,0.875,
8/12/2024 22:00,25.3,0,22,0.916666667,
8/12/2024 23:00,23.7,0,23,0.958333333,
8/13/2024 0:00,23.2,0,0,0,
8/13/2024 1:00,22.9,0,1,0.041666667,
8/13/2024 2:00,22,0,2,0.083333333,
8/13/2024 3:00,21.5,0,3,0.125,
8/13/2024 4:00,21.1,0,4,0.166666667,
8/13/2024 5:00,20.6,0,5,0.208333333,
8/13/2024 6:00,20.8,0,6,0.25,
8/13/2024 7:00,21.1,0,7,0.291666667,
8/13/2024 8:00,22.3,0,8,0.333333333,
8/13/2024 9:00,24.3,0,9,0.375,
8/13/2024 10:00,27.5,0,10,0.416666667,
8/13/2024 11:00,30.4,0,11,0.458333333,
8/13/2024 12:00,31.4,0,12,0.5,
8/13/2024 13:00,33.1,0,13,0.541666667,
8/13/2024 14:00,34.5,0,14,0.583333333,
8/13/2024 15:00,33.6,0,15,0.625,
8/13/2024 16:00,34.1,0,16,0.666666667,
8/13/2024 17:00,34.3,0,17,0.708333333,
8/13/2024 18:00,34,0,18,0.75,
8/13/2024 19:00,31.7,0,19,0.791666667,
8/13/2024 20:00,25.4,0,20,0.833333333,
8/13/2024 21:00,24,4.9,21,0.875,
8/13/2024 22:00,22.6,11.9,22,0.916666667,
8/13/2024 23:00,21.3,0,23,0.958333333,
8/14/2024 0:00,21.3,0,0,0,
8/14/2024 1:00,21.6,0,1,0.041666667,
8/14/2024 2:00,21.2,0,2,0.083333333,
8/14/2024 3:00,20.9,0,3,0.125,
8/14/2024 4:00,20.8,0,4,0.166666667,
8/14/2024 5:00,20,0,5,0.208333333,
8/14/2024 6:00,19.4,0,6,0.25,
8/14/2024 7:00,19.8,0,7,0.291666667,
8/14/2024 8:00,20.3,0,8,0.333333333,
8/14/2024 9:00,21.6,0,9,0.375,
8/14/2024 10:00,22.9,0,10,0.416666667,
8/14/2024 11:00,24.5,0,11,0.458333333,
8/14/2024 12:00,24.2,0,12,0.5,
8/14/2024 13:00,22.2,0,13,0.541666667,
8/14/2024 14:00,25.2,5.6,14,0.583333333,
8/14/2024 15:00,25.5,0,15,0.625,
8/14/2024 16:00,20.7,0.3,16,0.666666667,
8/14/2024 17:00,24.5,0.4,17,0.708333333,
8/14/2024 18:00,21.3,0,18,0.75,
8/14/2024 19:00,21.9,0.6,19,0.791666667,
8/14/2024 20:00,20,0,20,0.833333333,
8/14/2024 21:00,19.7,2.3,21,0.875,
8/14/2024 22:00,20.6,4.7,22,0.916666667,
8/14/2024 23:00,18.9,0,23,0.958333333,
8/15/2024 0:00,19.4,0,0,0,
8/15/2024 1:00,20.1,0,1,0.041666667,
8/15/2024 2:00,19.3,0,2,0.083333333,
8/15/2024 3:00,19.3,0,3,0.125,
8/15/2024 4:00,19.4,0,4,0.166666667,
8/15/2024 5:00,18.5,0,5,0.208333333,
8/15/2024 6:00,18.5,0,6,0.25,
8/15/2024 7:00,17.8,0,7,0.291666667,
8/15/2024 8:00,18.6,0,8,0.333333333,
8/15/2024 9:00,18.6,0,9,0.375,
8/15/2024 10:00,20.5,0,10,0.416666667,
8/15/2024 11:00,22,0,11,0.458333333,
8/15/2024 12:00,22.5,0,12,0.5,
8/15/2024 13:00,24.2,0,13,0.541666667,
8/15/2024 14:00,25.4,0,14,0.583333333,
8/15/2024 15:00,26.2,0,15,0.625,
8/15/2024 16:00,26.3,0,16,0.666666667,
8/15/2024 17:00,26.2,0,17,0.708333333,
8/15/2024 18:00,26,0,18,0.75,
8/15/2024 19:00,25.3,0,19,0.791666667,
8/15/2024 20:00,24,0,20,0.833333333,
8/15/2024 21:00,22.2,0,21,0.875,
8/15/2024 22:00,22,0,22,0.916666667,
8/15/2024 23:00,20.8,0,23,0.958333333,
8/16/2024 0:00,19.1,0,0,0,
8/16/2024 1:00,19.1,0,1,0.041666667,
8/16/2024 2:00,19.6,0,2,0.083333333,
8/16/2024 3:00,19.4,0,3,0.125,
8/16/2024 4:00,19.4,0,4,0.166666667,
8/16/2024 5:00,19.1,0,5,0.208333333,
8/16/2024 6:00,18.8,0,6,0.25,
8/16/2024 7:00,19,0,7,0.291666667,
8/16/2024 8:00,19.2,0,8,0.333333333,
8/16/2024 9:00,17.5,0.5,9,0.375,
8/16/2024 10:00,18.3,2.5,10,0.416666667,
8/16/2024 11:00,17.2,1.3,11,0.458333333,
8/16/2024 12:00,18.3,0.3,12,0.5,
8/16/2024 13:00,18.6,0.3,13,0.541666667,
8/16/2024 14:00,20.5,0,14,0.583333333,
8/16/2024 15:00,19.9,0.1,15,0.625,
8/16/2024 16:00,20.2,0.7,16,0.666666667,
8/16/2024 17:00,19.4,0.1,17,0.708333333,
8/16/2024 18:00,20.1,2,18,0.75,
8/16/2024 19:00,19.4,0.1,19,0.791666667,
8/16/2024 20:00,18.6,0.2,20,0.833333333,
8/16/2024 21:00,18.7,0,21,0.875,
8/16/2024 22:00,18.5,0,22,0.916666667,
8/16/2024 23:00,18.5,0,23,0.958333333,
8/17/2024 0:00,17.6,0,0,0,
8/17/2024 1:00,17,0,1,0.041666667,
8/17/2024 2:00,17.1,0,2,0.083333333,
8/17/2024 3:00,16.5,0,3,0.125,
8/17/2024 4:00,15.9,0,4,0.166666667,
8/17/2024 5:00,16.1,0,5,0.208333333,
8/17/2024 6:00,15.6,0,6,0.25,
8/17/2024 7:00,16,0,7,0.291666667,
8/17/2024 8:00,16,0,8,0.333333333,
8/17/2024 9:00,17,0,9,0.375,
8/17/2024 10:00,18.2,0,10,0.416666667,
8/17/2024 11:00,19.4,0,11,0.458333333,
8/17/2024 12:00,20,0,12,0.5,
8/17/2024 13:00,20.8,0,13,0.541666667,
8/17/2024 14:00,22.3,0,14,0.583333333,
8/17/2024 15:00,22.8,0,15,0.625,
8/17/2024 16:00,23.4,0,16,0.666666667,
8/17/2024 17:00,23.2,0,17,0.708333333,
8/17/2024 18:00,23,0,18,0.75,
8/17/2024 19:00,22.3,0,19,0.791666667,
8/17/2024 20:00,20.8,0,20,0.833333333,
8/17/2024 21:00,19,0,21,0.875,
8/17/2024 22:00,18,0,22,0.916666667,
8/17/2024 23:00,17.3,0,23,0.958333333,
8/18/2024 0:00,16,0,0,0,
8/18/2024 1:00,16.5,0,1,0.041666667,
8/18/2024 2:00,15.9,0,2,0.083333333,
8/18/2024 3:00,15.9,0,3,0.125,
8/18/2024 4:00,15.9,0,4,0.166666667,
8/18/2024 5:00,15.8,0,5,0.208333333,
8/18/2024 6:00,15.6,0,6,0.25,
8/18/2024 7:00,15.4,0,7,0.291666667,
8/18/2024 8:00,16.3,0,8,0.333333333,
8/18/2024 9:00,16.6,0,9,0.375,
8/18/2024 10:00,19.1,0,10,0.416666667,
8/18/2024 11:00,20.1,0,11,0.458333333,
8/18/2024 12:00,20.7,0,12,0.5,
8/18/2024 13:00,22.8,0,13,0.541666667,
8/18/2024 14:00,23,0,14,0.583333333,
8/18/2024 15:00,23.1,0,15,0.625,
8/18/2024 16:00,24.1,0,16,0.666666667,
8/18/2024 17:00,24.1,0,17,0.708333333,
8/18/2024 18:00,22.7,0,18,0.75,
8/18/2024 19:00,21.5,0,19,0.791666667,
8/18/2024 20:00,20.6,0,20,0.833333333,
8/18/2024 21:00,19.5,0,21,0.875,
8/18/2024 22:00,18.7,0,22,0.916666667,
8/18/2024 23:00,17,0,23,0.958333333,
8/19/2024 0:00,16.1,0,0,0,
8/19/2024 1:00,14.7,0,1,0.041666667,
8/19/2024 2:00,14.5,0,2,0.083333333,
8/19/2024 3:00,13.1,0,3,0.125,
8/19/2024 4:00,13.7,0,4,0.166666667,
8/19/2024 5:00,12.7,0,5,0.208333333,
8/19/2024 6:00,11.8,0,6,0.25,
8/19/2024 7:00,12.9,0,7,0.291666667,
8/19/2024 8:00,14.7,0,8,0.333333333,
8/19/2024 9:00,15.5,0,9,0.375,
8/19/2024 10:00,19,0,10,0.416666667,
8/19/2024 11:00,20,0,11,0.458333333,
8/19/2024 12:00,20.8,0,12,0.5,
8/19/2024 13:00,22,0,13,0.541666667,
8/19/2024 14:00,22.8,0,14,0.583333333,
8/19/2024 15:00,23,0,15,0.625,
8/19/2024 16:00,23.5,0,16,0.666666667,
8/19/2024 17:00,23.5,0,17,0.708333333,
8/19/2024 18:00,22.9,0,18,0.75,
8/19/2024 19:00,22.3,0,19,0.791666667,
8/19/2024 20:00,21.1,0,20,0.833333333,
8/19/2024 21:00,19.7,0,21,0.875,
8/19/2024 22:00,18.9,0,22,0.916666667,
8/19/2024 23:00,17.8,0,23,0.958333333,
8/20/2024 0:00,17,0,0,0,
8/20/2024 1:00,16.8,0,1,0.041666667,
8/20/2024 2:00,16.2,0,2,0.083333333,
8/20/2024 3:00,15.5,0,3,0.125,
8/20/2024 4:00,15.7,0,4,0.166666667,
8/20/2024 5:00,15.4,0,5,0.208333333,
8/20/2024 6:00,15.1,0,6,0.25,
8/20/2024 7:00,14.6,0,7,0.291666667,
8/20/2024 8:00,16,0,8,0.333333333,
8/20/2024 9:00,17.3,0,9,0.375,
8/20/2024 10:00,20.1,0,10,0.416666667,
8/20/2024 11:00,21.8,0,11,0.458333333,
8/20/2024 12:00,22.6,0,12,0.5,
8/20/2024 13:00,24.2,0,13,0.541666667,
8/20/2024 14:00,24.7,0,14,0.583333333,
8/20/2024 15:00,25.2,0,15,0.625,
8/20/2024 16:00,25.4,0,16,0.666666667,
8/20/2024 17:00,25.3,0,17,0.708333333,
8/20/2024 18:00,23.7,0,18,0.75,
8/20/2024 19:00,19.1,0,19,0.791666667,
8/20/2024 20:00,18.6,0.5,20,0.833333333,
8/20/2024 21:00,18.2,1.2,21,0.875,
8/20/2024 22:00,17.9,1.4,22,0.916666667,
8/20/2024 23:00,18,2.9,23,0.958333333,
8/21/2024 0:00,17.9,5,0,0,
8/21/2024 1:00,17.4,3,1,0.041666667,
8/21/2024 2:00,16.6,0,2,0.083333333,
8/21/2024 3:00,16,0,3,0.125,
8/21/2024 4:00,14.7,0,4,0.166666667,
8/21/2024 5:00,13.8,0,5,0.208333333,
8/21/2024 6:00,13.3,0,6,0.25,
8/21/2024 7:00,13.1,0,7,0.291666667,
8/21/2024 8:00,13.9,0,8,0.333333333,
8/21/2024 9:00,15.2,0,9,0.375,
8/21/2024 10:00,16.7,0,10,0.416666667,
8/21/2024 11:00,17.1,0.1,11,0.458333333,
8/21/2024 12:00,16.6,0,12,0.5,
8/21/2024 13:00,18,0,13,0.541666667,
8/21/2024 14:00,17.9,0,14,0.583333333,
8/21/2024 15:00,18.8,0,15,0.625,
8/21/2024 16:00,19.2,0,16,0.666666667,
8/21/2024 17:00,18.7,0,17,0.708333333,
8/21/2024 18:00,18.3,0,18,0.75,
8/21/2024 19:00,17.9,0,19,0.791666667,
8/21/2024 20:00,16.8,0,20,0.833333333,
8/21/2024 21:00,15.5,0,21,0.875,
8/21/2024 22:00,15.6,0,22,0.916666667,
8/21/2024 23:00,14.8,0,23,0.958333333,
8/22/2024 0:00,14.4,0,0,0,
8/22/2024 1:00,14.2,0,1,0.041666667,
8/22/2024 2:00,14.4,0,2,0.083333333,
8/22/2024 3:00,13.5,0,3,0.125,
8/22/2024 4:00,14.5,0,4,0.166666667,
8/22/2024 5:00,13.6,0,5,0.208333333,
8/22/2024 6:00,13.5,0,6,0.25,
8/22/2024 7:00,13.3,0,7,0.291666667,
8/22/2024 8:00,13.6,0,8,0.333333333,
8/22/2024 9:00,14.1,0,9,0.375,
8/22/2024 10:00,15.4,0,10,0.416666667,
8/22/2024 11:00,17.5,0,11,0.458333333,
8/22/2024 12:00,19.6,0,12,0.5,
8/22/2024 13:00,21.6,0,13,0.541666667,
8/22/2024 14:00,20.6,0,14,0.583333333,
8/22/2024 15:00,21.9,0,15,0.625,
8/22/2024 16:00,22,0,16,0.666666667,
8/22/2024 17:00,21.7,0,17,0.708333333,
8/22/2024 18:00,21.3,0,18,0.75,
8/22/2024 19:00,21.3,0,19,0.791666667,
8/22/2024 20:00,20.6,0,20,0.833333333,
8/22/2024 21:00,20.1,0,21,0.875,
8/22/2024 22:00,20.5,0,22,0.916666667,
8/22/2024 23:00,20.6,0,23,0.958333333,
8/23/2024 0:00,19.9,0,0,0,
8/23/2024 1:00,19.9,0,1,0.041666667,
8/23/2024 2:00,19.9,0,2,0.083333333,
8/23/2024 3:00,19.7,0,3,0.125,
8/23/2024 4:00,19.4,0,4,0.166666667,
8/23/2024 5:00,19.3,0,5,0.208333333,
8/23/2024 6:00,18.8,0,6,0.25,
8/23/2024 7:00,18.6,0,7,0.291666667,
8/23/2024 8:00,18.7,0,8,0.333333333,
8/23/2024 9:00,19.1,0,9,0.375,
8/23/2024 10:00,19.8,0,10,0.416666667,
8/23/2024 11:00,20.3,0,11,0.458333333,
8/23/2024 12:00,21.7,0,12,0.5,
8/23/2024 13:00,21.9,0,13,0.541666667,
8/23/2024 14:00,20.9,0.2,14,0.583333333,
8/23/2024 15:00,18.9,0.2,15,0.625,
8/23/2024 16:00,19.9,0,16,0.666666667,
8/23/2024 17:00,20.5,0.1,17,0.708333333,
8/23/2024 18:00,19.5,0,18,0.75,
8/23/2024 19:00,19.9,0,19,0.791666667,
8/23/2024 20:00,20.3,0,20,0.833333333,
8/23/2024 21:00,17.9,0,21,0.875,
8/23/2024 22:00,18,0,22,0.916666667,
8/23/2024 23:00,17.5,0,23,0.958333333,
8/24/2024 0:00,16.3,0,0,0,
8/24/2024 1:00,15.7,0,1,0.041666667,
8/24/2024 2:00,16.1,0,2,0.083333333,
8/24/2024 3:00,15.7,0,3,0.125,
8/24/2024 4:00,16.2,0,4,0.166666667,
8/24/2024 5:00,16.2,0,5,0.208333333,
8/24/2024 6:00,15.2,0,6,0.25,
8/24/2024 7:00,15.9,0,7,0.291666667,
8/24/2024 8:00,17.5,0,8,0.333333333,
8/24/2024 9:00,18.4,0,9,0.375,
8/24/2024 10:00,19.3,0,10,0.416666667,
8/24/2024 11:00,19.3,0,11,0.458333333,
8/24/2024 12:00,21.6,0,12,0.5,
8/24/2024 13:00,23,0,13,0.541666667,
8/24/2024 14:00,23.7,0,14,0.583333333,
8/24/2024 15:00,26.5,0,15,0.625,
8/24/2024 16:00,27.7,0,16,0.666666667,
8/24/2024 17:00,27.6,0,17,0.708333333,
8/24/2024 18:00,27,0,18,0.75,
8/24/2024 19:00,27.9,0,19,0.791666667,
8/24/2024 20:00,18.5,3.8,20,0.833333333,
8/24/2024 21:00,17.4,2.9,21,0.875,
8/24/2024 22:00,16.4,1.3,22,0.916666667,
8/24/2024 23:00,17.1,0.2,23,0.958333333,
8/25/2024 0:00,16.5,0,0,0,
8/25/2024 1:00,16.4,0,1,0.041666667,
8/25/2024 2:00,16.2,0,2,0.083333333,
8/25/2024 3:00,16.5,0,3,0.125,
8/25/2024 4:00,15.9,0,4,0.166666667,
8/25/2024 5:00,15.3,0,5,0.208333333,
8/25/2024 6:00,14.1,0,6,0.25,
8/25/2024 7:00,14,0,7,0.291666667,
8/25/2024 8:00,14.6,0,8,0.333333333,
8/25/2024 9:00,15.4,0,9,0.375,
8/25/2024 10:00,16.7,0,10,0.416666667,
8/25/2024 11:00,17.5,0,11,0.458333333,
8/25/2024 12:00,18.3,0,12,0.5,
8/25/2024 13:00,18.8,0,13,0.541666667,
8/25/2024 14:00,19.2,0,14,0.583333333,
8/25/2024 15:00,20.6,0,15,0.625,
8/25/2024 16:00,19.7,0.8,16,0.666666667,
8/25/2024 17:00,18.4,0.1,17,0.708333333,
8/25/2024 18:00,19.7,0,18,0.75,
8/25/2024 19:00,18.5,0,19,0.791666667,
8/25/2024 20:00,17.9,0,20,0.833333333,
8/25/2024 21:00,16.1,0,21,0.875,
8/25/2024 22:00,16.4,0,22,0.916666667,
8/25/2024 23:00,15.9,0,23,0.958333333,
8/26/2024 0:00,14.7,0,0,0,
8/26/2024 1:00,14.2,0,1,0.041666667,
8/26/2024 2:00,14.2,0,2,0.083333333,
8/26/2024 3:00,13.7,0,3,0.125,
8/26/2024 4:00,13.4,0,4,0.166666667,
8/26/2024 5:00,13.1,0,5,0.208333333,
8/26/2024 6:00,12.4,0,6,0.25,
8/26/2024 7:00,13,0,7,0.291666667,
8/26/2024 8:00,13.5,0,8,0.333333333,
8/26/2024 9:00,14.9,0,9,0.375,
8/26/2024 10:00,16.6,0,10,0.416666667,
8/26/2024 11:00,16.4,0,11,0.458333333,
8/26/2024 12:00,18.2,0,12,0.5,
8/26/2024 13:00,19,0,13,0.541666667,
8/26/2024 14:00,18,0,14,0.583333333,
8/26/2024 15:00,18.7,0,15,0.625,
8/26/2024 16:00,20.1,0,16,0.666666667,
8/26/2024 17:00,21.1,0,17,0.708333333,
8/26/2024 18:00,19.5,0,18,0.75,
8/26/2024 19:00,20.3,0,19,0.791666667,
8/26/2024 20:00,19.3,0,20,0.833333333,
8/26/2024 21:00,18,0.1,21,0.875,
8/26/2024 22:00,17.4,0,22,0.916666667,
8/26/2024 23:00,16.2,0,23,0.958333333,
8/27/2024 0:00,16.4,0,0,0,
8/27/2024 1:00,15.2,0,1,0.041666667,
8/27/2024 2:00,14.8,0,2,0.083333333,
8/27/2024 3:00,14.2,0,3,0.125,
8/27/2024 4:00,13.6,0,4,0.166666667,
8/27/2024 5:00,13.3,0,5,0.208333333,
8/27/2024 6:00,12.4,0,6,0.25,
8/27/2024 7:00,12.9,0,7,0.291666667,
8/27/2024 8:00,13.8,0,8,0.333333333,
8/27/2024 9:00,15.4,0,9,0.375,
8/27/2024 10:00,18.2,0,10,0.416666667,
8/27/2024 11:00,20.5,0,11,0.458333333,
8/27/2024 12:00,21.6,0,12,0.5,
8/27/2024 13:00,23.8,0,13,0.541666667,
8/27/2024 14:00,24.2,0,14,0.583333333,
8/27/2024 15:00,24.5,0,15,0.625,
8/27/2024 16:00,24.9,0,16,0.666666667,
8/27/2024 17:00,25.1,0,17,0.708333333,
8/27/2024 18:00,24.6,0,18,0.75,
8/27/2024 19:00,24.5,0,19,0.791666667,
8/27/2024 20:00,22.7,0,20,0.833333333,
8/27/2024 21:00,21,0,21,0.875,
8/27/2024 22:00,20.4,0,22,0.916666667,
8/27/2024 23:00,19,0,23,0.958333333,
8/28/2024 0:00,18.2,0,0,0,
8/28/2024 1:00,17.7,0,1,0.041666667,
8/28/2024 2:00,17,0,2,0.083333333,
8/28/2024 3:00,16.3,0,3,0.125,
8/28/2024 4:00,15.8,0,4,0.166666667,
8/28/2024 5:00,15.5,0,5,0.208333333,
8/28/2024 6:00,14.8,0,6,0.25,
8/28/2024 7:00,14.7,0,7,0.291666667,
8/28/2024 8:00,15.8,0,8,0.333333333,
8/28/2024 9:00,18,0,9,0.375,
8/28/2024 10:00,21,0,10,0.416666667,
8/28/2024 11:00,23.3,0,11,0.458333333,
8/28/2024 12:00,25.2,0,12,0.5,
8/28/2024 13:00,27.9,0,13,0.541666667,
8/28/2024 14:00,28.1,0,14,0.583333333,
8/28/2024 15:00,29.3,0,15,0.625,
8/28/2024 16:00,30.1,0,16,0.666666667,
8/28/2024 17:00,29.3,0,17,0.708333333,
8/28/2024 18:00,29.7,0,18,0.75,
8/28/2024 19:00,29.5,0,19,0.791666667,
8/28/2024 20:00,26.8,0,20,0.833333333,
8/28/2024 21:00,25.2,0,21,0.875,
8/28/2024 22:00,25.3,0,22,0.916666667,
8/28/2024 23:00,22.9,0,23,0.958333333,
8/29/2024 0:00,22.3,0,0,0,
8/29/2024 1:00,22,0,1,0.041666667,
8/29/2024 2:00,20.6,0,2,0.083333333,
8/29/2024 3:00,20.5,0,3,0.125,
8/29/2024 4:00,20.2,0,4,0.166666667,
8/29/2024 5:00,19.1,0,5,0.208333333,
8/29/2024 6:00,19,0,6,0.25,
8/29/2024 7:00,18.3,0,7,0.291666667,
8/29/2024 8:00,19,0,8,0.333333333,
8/29/2024 9:00,20.7,0,9,0.375,
8/29/2024 10:00,23.1,0,10,0.416666667,
8/29/2024 11:00,25.5,0,11,0.458333333,
8/29/2024 12:00,26.7,0,12,0.5,
8/29/2024 13:00,28.2,0,13,0.541666667,
8/29/2024 14:00,28.9,0,14,0.583333333,
8/29/2024 15:00,28.2,0,15,0.625,
8/29/2024 16:00,27.8,0,16,0.666666667,
8/29/2024 17:00,26.7,0,17,0.708333333,
8/29/2024 18:00,24.9,0,18,0.75,
8/29/2024 19:00,23.7,0,19,0.791666667,
8/29/2024 20:00,22.2,0,20,0.833333333,
8/29/2024 21:00,20.2,0,21,0.875,
8/29/2024 22:00,18.9,0,22,0.916666667,
8/29/2024 23:00,18.1,0,23,0.958333333,
8/30/2024 0:00,16.6,0,0,0,
8/30/2024 1:00,17.3,0,1,0.041666667,
8/30/2024 2:00,17.5,0,2,0.083333333,
8/30/2024 3:00,16.1,0,3,0.125,
8/30/2024 4:00,16.4,0,4,0.166666667,
8/30/2024 5:00,15.3,0,5,0.208333333,
8/30/2024 6:00,15,0,6,0.25,
8/30/2024 7:00,15.3,0,7,0.291666667,
8/30/2024 8:00,15.8,0,8,0.333333333,
8/30/2024 9:00,16.5,0,9,0.375,
8/30/2024 10:00,18.5,0,10,0.416666667,
8/30/2024 11:00,18.5,0,11,0.458333333,
8/30/2024 12:00,19.3,0,12,0.5,
8/30/2024 13:00,21.7,0,13,0.541666667,
8/30/2024 14:00,21.5,0,14,0.583333333,
8/30/2024 15:00,21.8,0,15,0.625,
8/30/2024 16:00,23.2,0,16,0.666666667,
8/30/2024 17:00,22.5,0,17,0.708333333,
8/30/2024 18:00,21.4,0,18,0.75,
8/30/2024 19:00,21.1,0,19,0.791666667,
8/30/2024 20:00,19.1,0,20,0.833333333,
8/30/2024 21:00,17.8,0,21,0.875,
8/30/2024 22:00,17.1,0,22,0.916666667,
8/30/2024 23:00,16.2,0,23,0.958333333,
8/31/2024 0:00,15.4,0,0,0,
8/31/2024 1:00,15.2,0,1,0.041666667,
8/31/2024 2:00,14.5,0,2,0.083333333,
8/31/2024 3:00,13.8,0,3,0.125,
8/31/2024 4:00,13.7,0,4,0.166666667,
8/31/2024 5:00,13.6,0,5,0.208333333,
8/31/2024 6:00,13,0,6,0.25,
8/31/2024 7:00,12.3,0,7,0.291666667,
8/31/2024 8:00,13.3,0,8,0.333333333,
8/31/2024 9:00,14.8,0,9,0.375,
8/31/2024 10:00,16,0,10,0.416666667,
8/31/2024 11:00,17.6,0,11,0.458333333,
8/31/2024 12:00,18.7,0,12,0.5,
8/31/2024 13:00,21.2,0,13,0.541666667,
8/31/2024 14:00,22.1,0,14,0.583333333,
8/31/2024 15:00,22.6,0,15,0.625,
8/31/2024 16:00,22.9,0,16,0.666666667,
8/31/2024 17:00,22.7,0,17,0.708333333,
8/31/2024 18:00,22.4,0,18,0.75,
8/31/2024 19:00,22,0,19,0.791666667,
8/31/2024 20:00,20.4,0,20,0.833333333,
8/31/2024 21:00,18.7,0,21,0.875,
8/31/2024 22:00,18.3,0,22,0.916666667,
8/31/2024 23:00,16.8,0,23,0.958333333,
9/1/2024 0:00,16.4,0,0,0,
9/1/2024 1:00,16.4,0,1,0.041666667,
9/1/2024 2:00,16,0,2,0.083333333,
9/1/2024 3:00,15.5,0,3,0.125,
9/1/2024 4:00,15.4,0,4,0.166666667,
9/1/2024 5:00,15,0,5,0.208333333,
9/1/2024 6:00,13.9,0,6,0.25,
9/1/2024 7:00,14.6,0,7,0.291666667,
9/1/2024 8:00,15.2,0,8,0.333333333,
9/1/2024 9:00,16.7,0,9,0.375,
9/1/2024 10:00,19.3,0,10,0.416666667,
9/1/2024 11:00,21.2,0,11,0.458333333,
9/1/2024 12:00,23.2,0,12,0.5,
9/1/2024 13:00,25.2,0,13,0.541666667,
9/1/2024 14:00,25.8,0,14,0.583333333,
9/1/2024 15:00,26.8,0,15,0.625,
9/1/2024 16:00,27.6,0,16,0.666666667,
9/1/2024 17:00,26.8,0,17,0.708333333,
9/1/2024 18:00,26.4,0,18,0.75,
9/1/2024 19:00,26.5,0,19,0.791666667,
9/1/2024 20:00,24.1,0,20,0.833333333,
9/1/2024 21:00,23,0,21,0.875,
9/1/2024 22:00,22.5,0,22,0.916666667,
9/1/2024 23:00,21.2,0,23,0.958333333,
9/2/2024 0:00,20.4,0,0,0,
9/2/2024 1:00,20.3,0,1,0.041666667,
9/2/2024 2:00,19.6,0,2,0.083333333,
9/2/2024 3:00,19.1,0,3,0.125,
9/2/2024 4:00,18.5,0,4,0.166666667,
9/2/2024 5:00,17.9,0,5,0.208333333,
9/2/2024 6:00,17.3,0,6,0.25,
9/2/2024 7:00,16.8,0,7,0.291666667,
9/2/2024 8:00,17.4,0,8,0.333333333,
9/2/2024 9:00,18.6,0,9,0.375,
9/2/2024 10:00,21,0,10,0.416666667,
9/2/2024 11:00,22.8,0,11,0.458333333,
9/2/2024 12:00,24.1,0,12,0.5,
9/2/2024 13:00,26.9,0,13,0.541666667,
9/2/2024 14:00,28.1,0,14,0.583333333,
9/2/2024 15:00,28.5,0,15,0.625,
9/2/2024 16:00,29.6,0,16,0.666666667,
9/2/2024 17:00,29.5,0,17,0.708333333,
9/2/2024 18:00,29.5,0,18,0.75,
9/2/2024 19:00,28.8,0,19,0.791666667,
9/2/2024 20:00,27.3,0,20,0.833333333,
9/2/2024 21:00,19.6,0,21,0.875,
9/2/2024 22:00,19.3,0,22,0.916666667,
9/2/2024 23:00,20.2,2.6,23,0.958333333,
9/3/2024 0:00,20,0.2,0,0,
9/3/2024 1:00,19,0,1,0.041666667,
9/3/2024 2:00,19.7,0,2,0.083333333,
9/3/2024 3:00,19.5,1.4,3,0.125,
9/3/2024 4:00,18.7,0,4,0.166666667,
9/3/2024 5:00,19.3,0,5,0.208333333,
9/3/2024 6:00,18.2,0,6,0.25,
9/3/2024 7:00,18.6,0,7,0.291666667,
9/3/2024 8:00,19.3,0,8,0.333333333,
9/3/2024 9:00,19,0,9,0.375,
9/3/2024 10:00,21.3,0,10,0.416666667,
9/3/2024 11:00,22.7,0,11,0.458333333,
9/3/2024 12:00,23.3,0,12,0.5,
9/3/2024 13:00,25.5,0,13,0.541666667,
9/3/2024 14:00,25.6,0,14,0.583333333,
9/3/2024 15:00,25,0,15,0.625,
9/3/2024 16:00,25.5,2.4,16,0.666666667,
9/3/2024 17:00,22.2,0,17,0.708333333,
9/3/2024 18:00,21.8,0,18,0.75,
9/3/2024 19:00,22.3,0,19,0.791666667,
9/3/2024 20:00,21.7,0,20,0.833333333,
9/3/2024 21:00,20,0,21,0.875,
9/3/2024 22:00,21.1,0,22,0.916666667,
9/3/2024 23:00,20.2,0,23,0.958333333,
9/4/2024 0:00,19,0,0,0,
9/4/2024 1:00,18.9,0,1,0.041666667,
9/4/2024 2:00,19.4,0.2,2,0.083333333,
9/4/2024 3:00,18.4,0,3,0.125,
9/4/2024 4:00,18.8,0,4,0.166666667,
9/4/2024 5:00,18.9,0.1,5,0.208333333,
9/4/2024 6:00,18.2,0,6,0.25,
9/4/2024 7:00,18,0,7,0.291666667,
9/4/2024 8:00,18.1,0,8,0.333333333,
9/4/2024 9:00,18.1,0,9,0.375,
9/4/2024 10:00,19.2,0,10,0.416666667,
9/4/2024 11:00,19.7,0,11,0.458333333,
9/4/2024 12:00,19.8,0.6,12,0.5,
9/4/2024 13:00,19.4,0.9,13,0.541666667,
9/4/2024 14:00,18.1,1,14,0.583333333,
9/4/2024 15:00,18.4,3.7,15,0.625,
9/4/2024 16:00,18.2,1.4,16,0.666666667,
9/4/2024 17:00,17.1,0.1,17,0.708333333,
9/4/2024 18:00,17.4,0.2,18,0.75,
9/4/2024 19:00,17.2,0,19,0.791666667,
9/4/2024 20:00,16.8,0,20,0.833333333,
9/4/2024 21:00,16.9,0,21,0.875,
9/4/2024 22:00,16.2,0,22,0.916666667,
9/4/2024 23:00,16.4,0,23,0.958333333,
9/5/2024 0:00,16.1,0,0,0,
9/5/2024 1:00,16.6,0,1,0.041666667,
9/5/2024 2:00,16.1,0,2,0.083333333,
9/5/2024 3:00,16.3,0,3,0.125,
9/5/2024 4:00,17.6,0,4,0.166666667,
9/5/2024 5:00,17.2,0,5,0.208333333,
9/5/2024 6:00,17.1,0,6,0.25,
9/5/2024 7:00,18.1,0,7,0.291666667,
9/5/2024 8:00,18.5,0,8,0.333333333,
9/5/2024 9:00,19.5,0,9,0.375,
9/5/2024 10:00,20.6,0,10,0.416666667,
9/5/2024 11:00,21.9,0,11,0.458333333,
9/5/2024 12:00,22.7,0,12,0.5,
9/5/2024 13:00,25.7,0,13,0.541666667,
9/5/2024 14:00,26.1,0,14,0.583333333,
9/5/2024 15:00,27.2,0,15,0.625,
9/5/2024 16:00,29.3,0,16,0.666666667,
9/5/2024 17:00,27.8,0,17,0.708333333,
9/5/2024 18:00,28,0,18,0.75,
9/5/2024 19:00,28.6,0,19,0.791666667,
9/5/2024 20:00,25.6,0,20,0.833333333,
9/5/2024 21:00,25.1,0,21,0.875,
9/5/2024 22:00,24.5,0,22,0.916666667,
9/5/2024 23:00,22.7,0,23,0.958333333,
9/6/2024 0:00,22,0,0,0,
9/6/2024 1:00,22.3,0,1,0.041666667,
9/6/2024 2:00,19.9,0,2,0.083333333,
9/6/2024 3:00,20.3,0,3,0.125,
9/6/2024 4:00,20.9,0,4,0.166666667,
9/6/2024 5:00,18.6,0,5,0.208333333,
9/6/2024 6:00,20,0,6,0.25,
9/6/2024 7:00,18.5,0,7,0.291666667,
9/6/2024 8:00,19,0,8,0.333333333,
9/6/2024 9:00,17.8,0,9,0.375,
9/6/2024 10:00,19.5,0,10,0.416666667,
9/6/2024 11:00,21.1,0,11,0.458333333,
9/6/2024 12:00,19,0,12,0.5,
9/6/2024 13:00,25.3,0,13,0.541666667,
9/6/2024 14:00,21.6,0,14,0.583333333,
9/6/2024 15:00,24.6,0,15,0.625,
9/6/2024 16:00,26,0,16,0.666666667,
9/6/2024 17:00,25,0,17,0.708333333,
9/6/2024 18:00,24,0,18,0.75,
9/6/2024 19:00,24.8,0.5,19,0.791666667,
9/6/2024 20:00,22.9,0.1,20,0.833333333,
9/6/2024 21:00,19.9,0,21,0.875,
9/6/2024 22:00,21.8,0,22,0.916666667,
9/6/2024 23:00,20.7,0,23,0.958333333,
9/7/2024 0:00,18.7,0.2,0,0,
9/7/2024 1:00,20.4,0,1,0.041666667,
9/7/2024 2:00,18.4,0,2,0.083333333,
9/7/2024 3:00,17.5,0,3,0.125,
9/7/2024 4:00,18.3,0,4,0.166666667,
9/7/2024 5:00,17.3,0,5,0.208333333,
9/7/2024 6:00,16.4,0,6,0.25,
9/7/2024 7:00,15.9,0,7,0.291666667,
9/7/2024 8:00,17.2,0,8,0.333333333,
9/7/2024 9:00,18.3,0,9,0.375,
9/7/2024 10:00,19.9,0,10,0.416666667,
9/7/2024 11:00,20.2,0,11,0.458333333,
9/7/2024 12:00,20.8,0,12,0.5,
9/7/2024 13:00,23.5,0,13,0.541666667,
9/7/2024 14:00,22.1,0,14,0.583333333,
9/7/2024 15:00,24,0,15,0.625,
9/7/2024 16:00,26.6,0,16,0.666666667,
9/7/2024 17:00,25.9,0,17,0.708333333,
9/7/2024 18:00,25.8,0,18,0.75,
9/7/2024 19:00,26.4,0,19,0.791666667,
9/7/2024 20:00,23.7,0,20,0.833333333,
9/7/2024 21:00,22.1,0,21,0.875,
9/7/2024 22:00,22.3,0,22,0.916666667,
9/7/2024 23:00,20.4,0,23,0.958333333,
9/8/2024 0:00,19.4,0,0,0,
9/8/2024 1:00,19.8,0,1,0.041666667,
9/8/2024 2:00,19.6,0,2,0.083333333,
9/8/2024 3:00,19.4,0,3,0.125,
9/8/2024 4:00,20.3,0,4,0.166666667,
9/8/2024 5:00,20,0,5,0.208333333,
9/8/2024 6:00,19.6,0,6,0.25,
9/8/2024 7:00,19.7,0,7,0.291666667,
9/8/2024 8:00,19.5,0,8,0.333333333,
9/8/2024 9:00,20,0.4,9,0.375,
9/8/2024 10:00,21.1,0,10,0.416666667,
9/8/2024 11:00,20.1,0,11,0.458333333,
9/8/2024 12:00,19.4,0,12,0.5,
9/8/2024 13:00,22.7,0,13,0.541666667,
9/8/2024 14:00,24.2,0,14,0.583333333,
9/8/2024 15:00,24,0,15,0.625,
9/8/2024 16:00,24.6,0,16,0.666666667,
9/8/2024 17:00,23.6,0,17,0.708333333,
9/8/2024 18:00,22.2,0,18,0.75,
9/8/2024 19:00,21.8,0,19,0.791666667,
9/8/2024 20:00,20.2,0,20,0.833333333,
9/8/2024 21:00,18.2,0,21,0.875,
9/8/2024 22:00,18.5,0,22,0.916666667,
9/8/2024 23:00,18.2,0,23,0.958333333,
9/9/2024 0:00,17,0,0,0,
9/9/2024 1:00,17.4,0,1,0.041666667,
9/9/2024 2:00,16.6,0,2,0.083333333,
9/9/2024 3:00,15.8,0,3,0.125,
9/9/2024 4:00,16.1,0,4,0.166666667,
9/9/2024 5:00,14.6,0,5,0.208333333,
9/9/2024 6:00,13.3,0,6,0.25,
9/9/2024 7:00,13.8,0,7,0.291666667,
9/9/2024 8:00,14.1,0,8,0.333333333,
9/9/2024 9:00,15.6,0,9,0.375,
9/9/2024 10:00,17.7,0,10,0.416666667,
9/9/2024 11:00,18.9,0,11,0.458333333,
9/9/2024 12:00,20.1,0,12,0.5,
9/9/2024 13:00,21.7,0,13,0.541666667,
9/9/2024 14:00,22.5,0,14,0.583333333,
9/9/2024 15:00,22.7,0,15,0.625,
9/9/2024 16:00,22.8,0,16,0.666666667,
9/9/2024 17:00,22.1,0,17,0.708333333,
9/9/2024 18:00,18.8,0,18,0.75,
9/9/2024 19:00,18.4,0.2,19,0.791666667,
9/9/2024 20:00,18.1,0.3,20,0.833333333,
9/9/2024 21:00,16.3,0.2,21,0.875,
9/9/2024 22:00,15.5,0,22,0.916666667,
9/9/2024 23:00,15.7,0,23,0.958333333,
9/10/2024 0:00,13.6,0,0,0,
9/10/2024 1:00,13.7,0,1,0.041666667,
9/10/2024 2:00,13.4,0,2,0.083333333,
9/10/2024 3:00,11.9,0,3,0.125,
9/10/2024 4:00,12.1,0,4,0.166666667,
9/10/2024 5:00,11.5,0,5,0.208333333,
9/10/2024 6:00,11.3,0,6,0.25,
9/10/2024 7:00,11.7,0,7,0.291666667,
9/10/2024 8:00,12.7,0,8,0.333333333,
9/10/2024 9:00,13.4,0,9,0.375,
9/10/2024 10:00,15.2,0,10,0.416666667,
9/10/2024 11:00,16.5,0,11,0.458333333,
9/10/2024 12:00,16.7,0,12,0.5,
9/10/2024 13:00,16.8,0,13,0.541666667,
9/10/2024 14:00,18.4,0,14,0.583333333,
9/10/2024 15:00,17.1,0,15,0.625,
9/10/2024 16:00,16.1,0.1,16,0.666666667,
9/10/2024 17:00,14.9,2.2,17,0.708333333,
9/10/2024 18:00,14.7,1.4,18,0.75,
9/10/2024 19:00,14.5,2.1,19,0.791666667,
9/10/2024 20:00,14.5,1.9,20,0.833333333,
9/10/2024 21:00,14.3,3,21,0.875,
9/10/2024 22:00,14.4,0.7,22,0.916666667,
9/10/2024 23:00,13.4,0.5,23,0.958333333,
9/11/2024 0:00,12.3,0.7,0,0,
9/11/2024 1:00,13.2,1.6,1,0.041666667,
9/11/2024 2:00,11.7,4,2,0.083333333,
9/11/2024 3:00,11.7,3.9,3,0.125,
9/11/2024 4:00,11.1,1.2,4,0.166666667,
9/11/2024 5:00,10.4,0,5,0.208333333,
9/11/2024 6:00,9.7,0,6,0.25,
9/11/2024 7:00,9.7,0,7,0.291666667,
9/11/2024 8:00,9.6,0.8,8,0.333333333,
9/11/2024 9:00,10.8,0.1,9,0.375,
9/11/2024 10:00,11.6,0,10,0.416666667,
9/11/2024 11:00,11.6,0.5,11,0.458333333,
9/11/2024 12:00,13,0.9,12,0.5,
9/11/2024 13:00,10.9,0.2,13,0.541666667,
9/11/2024 14:00,13.8,0,14,0.583333333,
9/11/2024 15:00,12.3,0.3,15,0.625,
9/11/2024 16:00,12.2,1.1,16,0.666666667,
9/11/2024 17:00,12.4,0,17,0.708333333,
9/11/2024 18:00,11.5,0,18,0.75,
9/11/2024 19:00,11.5,0.2,19,0.791666667,
9/11/2024 20:00,10.8,0,20,0.833333333,
9/11/2024 21:00,9.3,0,21,0.875,
9/11/2024 22:00,8.6,0,22,0.916666667,
9/11/2024 23:00,9.6,0.2,23,0.958333333,
9/12/2024 0:00,8.2,0,0,0,
9/12/2024 1:00,7.8,0,1,0.041666667,
9/12/2024 2:00,7.8,0,2,0.083333333,
9/12/2024 3:00,6.6,0,3,0.125,
9/12/2024 4:00,6.5,0,4,0.166666667,
9/12/2024 5:00,8.3,0,5,0.208333333,
9/12/2024 6:00,6.1,0,6,0.25,
9/12/2024 7:00,5.8,0,7,0.291666667,
9/12/2024 8:00,7.3,0,8,0.333333333,
9/12/2024 9:00,8.1,0,9,0.375,
9/12/2024 10:00,9.7,0,10,0.416666667,
9/12/2024 11:00,11.7,0,11,0.458333333,
9/12/2024 12:00,12.4,0,12,0.5,
9/12/2024 13:00,13.8,0,13,0.541666667,
9/12/2024 14:00,13.9,2.2,14,0.583333333,
9/12/2024 15:00,14.2,0,15,0.625,
9/12/2024 16:00,13.3,0,16,0.666666667,
9/12/2024 17:00,14.7,0.2,17,0.708333333,
9/12/2024 18:00,13.3,0,18,0.75,
9/12/2024 19:00,11,0,19,0.791666667,
9/12/2024 20:00,12.4,1,20,0.833333333,
9/12/2024 21:00,11.2,0,21,0.875,
9/12/2024 22:00,10,0,22,0.916666667,
9/12/2024 23:00,9.5,0,23,0.958333333,
9/13/2024 0:00,8,0,0,0,
9/13/2024 1:00,7.3,0,1,0.041666667,
9/13/2024 2:00,6.9,0,2,0.083333333,
9/13/2024 3:00,7.1,0,3,0.125,
9/13/2024 4:00,7.6,0,4,0.166666667,
9/13/2024 5:00,6.1,0,5,0.208333333,
9/13/2024 6:00,8.5,0.1,6,0.25,
9/13/2024 7:00,7,0,7,0.291666667,
9/13/2024 8:00,10,0,8,0.333333333,
9/13/2024 9:00,10.8,0,9,0.375,
9/13/2024 10:00,12,0.1,10,0.416666667,
9/13/2024 11:00,12,0,11,0.458333333,
9/13/2024 12:00,15.1,0,12,0.5,
9/13/2024 13:00,16,0,13,0.541666667,
9/13/2024 14:00,16.2,0,14,0.583333333,
9/13/2024 15:00,16.2,0,15,0.625,
9/13/2024 16:00,16.2,0,16,0.666666667,
9/13/2024 17:00,15.5,0,17,0.708333333,
9/13/2024 18:00,14.9,0,18,0.75,
9/13/2024 19:00,14.3,0,19,0.791666667,
9/13/2024 20:00,12.4,0,20,0.833333333,
9/13/2024 21:00,11.3,0,21,0.875,
9/13/2024 22:00,11.6,0,22,0.916666667,
9/13/2024 23:00,9.3,0,23,0.958333333,
9/14/2024 0:00,10.4,0,0,0,
9/14/2024 1:00,10.8,0,1,0.041666667,
9/14/2024 2:00,7.4,0,2,0.083333333,
9/14/2024 3:00,9.1,0,3,0.125,
9/14/2024 4:00,8.7,0,4,0.166666667,
9/14/2024 5:00,6.5,0,5,0.208333333,
9/14/2024 6:00,6.5,0,6,0.25,
9/14/2024 7:00,7.5,0,7,0.291666667,
9/14/2024 8:00,7,0,8,0.333333333,
9/14/2024 9:00,9.1,0,9,0.375,
9/14/2024 10:00,12.2,0,10,0.416666667,
9/14/2024 11:00,14.5,0,11,0.458333333,
9/14/2024 12:00,15.8,0,12,0.5,
9/14/2024 13:00,16.5,0,13,0.541666667,
9/14/2024 14:00,17,0,14,0.583333333,
9/14/2024 15:00,17.4,0,15,0.625,
9/14/2024 16:00,17.6,0,16,0.666666667,
9/14/2024 17:00,17.2,0,17,0.708333333,
9/14/2024 18:00,16.8,0,18,0.75,
9/14/2024 19:00,16.1,0,19,0.791666667,
9/14/2024 20:00,13.8,0,20,0.833333333,
9/14/2024 21:00,12,0,21,0.875,
9/14/2024 22:00,11.4,0,22,0.916666667,
9/14/2024 23:00,10.4,0,23,0.958333333,
9/15/2024 0:00,9.8,0,0,0,
9/15/2024 1:00,9.5,0,1,0.041666667,
9/15/2024 2:00,8.6,0,2,0.083333333,
9/15/2024 3:00,8.2,0,3,0.125,
9/15/2024 4:00,8.2,0,4,0.166666667,
9/15/2024 5:00,7.6,0,5,0.208333333,
9/15/2024 6:00,7.3,0,6,0.25,
9/15/2024 7:00,7.2,0,7,0.291666667,
9/15/2024 8:00,7.5,0,8,0.333333333,
9/15/2024 9:00,9.3,0,9,0.375,
9/15/2024 10:00,11.6,0,10,0.416666667,
9/15/2024 11:00,14.8,0,11,0.458333333,
9/15/2024 12:00,15.3,0,12,0.5,
9/15/2024 13:00,17.9,0,13,0.541666667,
9/15/2024 14:00,19.1,0,14,0.583333333,
9/15/2024 15:00,19.6,0,15,0.625,
9/15/2024 16:00,20.3,0,16,0.666666667,
9/15/2024 17:00,20,0,17,0.708333333,
9/15/2024 18:00,19.3,0,18,0.75,
9/15/2024 19:00,18.2,0,19,0.791666667,
9/15/2024 20:00,17,0,20,0.833333333,
9/15/2024 21:00,15.2,0,21,0.875,
9/15/2024 22:00,14.3,0,22,0.916666667,
9/15/2024 23:00,14,0,23,0.958333333,
9/16/2024 0:00,13.8,0,0,0,
9/16/2024 1:00,13.5,0,1,0.041666667,
9/16/2024 2:00,12.6,0,2,0.083333333,
9/16/2024 3:00,11.9,0,3,0.125,
9/16/2024 4:00,12.3,0,4,0.166666667,
9/16/2024 5:00,12.5,0,5,0.208333333,
9/16/2024 6:00,12.3,0,6,0.25,
9/16/2024 7:00,12.3,0,7,0.291666667,
9/16/2024 8:00,12.6,0,8,0.333333333,
9/16/2024 9:00,13.1,0,9,0.375,
9/16/2024 10:00,13.5,0,10,0.416666667,
9/16/2024 11:00,15.1,0,11,0.458333333,
9/16/2024 12:00,17.8,0,12,0.5,
9/16/2024 13:00,17.8,0,13,0.541666667,
9/16/2024 14:00,18.9,0,14,0.583333333,
9/16/2024 15:00,19,0,15,0.625,
9/16/2024 16:00,17.2,0.1,16,0.666666667,
9/16/2024 17:00,18.5,0,17,0.708333333,
9/16/2024 18:00,17,0,18,0.75,
9/16/2024 19:00,17.7,0,19,0.791666667,
9/16/2024 20:00,16.5,0,20,0.833333333,
9/16/2024 21:00,15.8,0,21,0.875,
9/16/2024 22:00,15.4,0,22,0.916666667,
9/16/2024 23:00,15.5,0,23,0.958333333,
9/17/2024 0:00,15.5,0,0,0,
9/17/2024 1:00,15.6,0,1,0.041666667,
9/17/2024 2:00,15.1,0,2,0.083333333,
9/17/2024 3:00,15.4,0,3,0.125,
9/17/2024 4:00,15.1,0,4,0.166666667,
9/17/2024 5:00,15.1,0,5,0.208333333,
9/17/2024 6:00,14.5,0,6,0.25,
9/17/2024 7:00,14.3,0,7,0.291666667,
9/17/2024 8:00,15.8,0,8,0.333333333,
9/17/2024 9:00,15.4,0,9,0.375,
9/17/2024 10:00,17.1,0,10,0.416666667,
9/17/2024 11:00,17.1,0,11,0.458333333,
9/17/2024 12:00,18.7,0,12,0.5,
9/17/2024 13:00,19.3,0,13,0.541666667,
9/17/2024 14:00,20.4,0,14,0.583333333,
9/17/2024 15:00,20.8,0,15,0.625,
9/17/2024 16:00,21.1,0,16,0.666666667,
9/17/2024 17:00,20.5,0,17,0.708333333,
9/17/2024 18:00,19.4,0,18,0.75,
9/17/2024 19:00,19.1,0,19,0.791666667,
9/17/2024 20:00,17.5,0,20,0.833333333,
9/17/2024 21:00,16.2,0,21,0.875,
9/17/2024 22:00,15.8,0,22,0.916666667,
9/17/2024 23:00,15.2,0,23,0.958333333,
9/18/2024 0:00,14.7,0,0,0,
9/18/2024 1:00,14.3,0,1,0.041666667,
9/18/2024 2:00,13.9,0,2,0.083333333,
9/18/2024 3:00,13.7,0,3,0.125,
9/18/2024 4:00,13.3,0,4,0.166666667,
9/18/2024 5:00,12.9,0,5,0.208333333,
9/18/2024 6:00,12.6,0,6,0.25,
9/18/2024 7:00,12.7,0,7,0.291666667,
9/18/2024 8:00,12.6,0,8,0.333333333,
9/18/2024 9:00,13.2,0,9,0.375,
9/18/2024 10:00,13.8,0,10,0.416666667,
9/18/2024 11:00,15.3,0,11,0.458333333,
9/18/2024 12:00,16.9,0,12,0.5,
9/18/2024 13:00,19.5,0,13,0.541666667,
9/18/2024 14:00,20.7,0,14,0.583333333,
9/18/2024 15:00,22,0,15,0.625,
9/18/2024 16:00,22.7,0,16,0.666666667,
9/18/2024 17:00,22.7,0,17,0.708333333,
9/18/2024 18:00,22.5,0,18,0.75,
9/18/2024 19:00,21.1,0,19,0.791666667,
9/18/2024 20:00,19.3,0,20,0.833333333,
9/18/2024 21:00,18.3,0,21,0.875,
9/18/2024 22:00,17.5,0,22,0.916666667,
9/18/2024 23:00,16.5,0,23,0.958333333,
9/19/2024 0:00,15.7,0,0,0,
9/19/2024 1:00,15.1,0,1,0.041666667,
9/19/2024 2:00,14.2,0,2,0.083333333,
9/19/2024 3:00,14.1,0,3,0.125,
9/19/2024 4:00,13.5,0,4,0.166666667,
9/19/2024 5:00,13.4,0,5,0.208333333,
9/19/2024 6:00,14.3,0,6,0.25,
9/19/2024 7:00,13.2,0,7,0.291666667,
9/19/2024 8:00,12.9,0,8,0.333333333,
9/19/2024 9:00,13.9,0,9,0.375,
9/19/2024 10:00,14.3,0,10,0.416666667,
9/19/2024 11:00,15.1,0,11,0.458333333,
9/19/2024 12:00,17.1,0,12,0.5,
9/19/2024 13:00,19.2,0,13,0.541666667,
9/19/2024 14:00,20,0,14,0.583333333,
9/19/2024 15:00,21.3,0,15,0.625,
9/19/2024 16:00,21.9,0,16,0.666666667,
9/19/2024 17:00,21.2,0,17,0.708333333,
9/19/2024 18:00,20.6,0,18,0.75,
9/19/2024 19:00,19.5,0,19,0.791666667,
9/19/2024 20:00,17.9,0,20,0.833333333,
9/19/2024 21:00,17.2,0,21,0.875,
9/19/2024 22:00,16.1,0,22,0.916666667,
9/19/2024 23:00,15.5,0,23,0.958333333,
9/20/2024 0:00,15.5,0,0,0,
9/20/2024 1:00,16.4,0,1,0.041666667,
9/20/2024 2:00,16.3,0,2,0.083333333,
9/20/2024 3:00,15.3,0,3,0.125,
9/20/2024 4:00,15.4,0,4,0.166666667,
9/20/2024 5:00,14.1,0,5,0.208333333,
9/20/2024 6:00,13.9,0,6,0.25,
9/20/2024 7:00,13.7,0,7,0.291666667,
9/20/2024 8:00,13.9,0,8,0.333333333,
9/20/2024 9:00,15.6,0,9,0.375,
9/20/2024 10:00,16.9,0,10,0.416666667,
9/20/2024 11:00,17.3,0,11,0.458333333,
9/20/2024 12:00,20.3,0,12,0.5,
9/20/2024 13:00,21.9,0,13,0.541666667,
9/20/2024 14:00,22,0,14,0.583333333,
9/20/2024 15:00,23,0,15,0.625,
9/20/2024 16:00,23.2,0,16,0.666666667,
9/20/2024 17:00,22.3,0,17,0.708333333,
9/20/2024 18:00,22.1,0,18,0.75,
9/20/2024 19:00,21.5,0,19,0.791666667,
9/20/2024 20:00,18.8,0,20,0.833333333,
9/20/2024 21:00,18.1,0,21,0.875,
9/20/2024 22:00,17.1,0,22,0.916666667,
9/20/2024 23:00,16.3,0,23,0.958333333,
9/21/2024 0:00,15.8,0,0,0,
9/21/2024 1:00,14.7,0,1,0.041666667,
9/21/2024 2:00,14.3,0,2,0.083333333,
9/21/2024 3:00,13.6,0,3,0.125,
9/21/2024 4:00,13.1,0,4,0.166666667,
9/21/2024 5:00,12.8,0,5,0.208333333,
9/21/2024 6:00,12.1,0,6,0.25,
9/21/2024 7:00,12,0,7,0.291666667,
9/21/2024 8:00,11.9,0,8,0.333333333,
9/21/2024 9:00,13.1,0,9,0.375,
9/21/2024 10:00,15.5,0,10,0.416666667,
9/21/2024 11:00,17.5,0,11,0.458333333,
9/21/2024 12:00,20.1,0,12,0.5,
9/21/2024 13:00,22,0,13,0.541666667,
9/21/2024 14:00,22.3,0,14,0.583333333,
9/21/2024 15:00,23.5,0,15,0.625,
9/21/2024 16:00,23.7,0,16,0.666666667,
9/21/2024 17:00,23.1,0,17,0.708333333,
9/21/2024 18:00,22.9,0,18,0.75,
9/21/2024 19:00,22,0,19,0.791666667,
9/21/2024 20:00,19.2,0,20,0.833333333,
9/21/2024 21:00,17.8,0,21,0.875,
9/21/2024 22:00,17.9,0,22,0.916666667,
9/21/2024 23:00,16,0,23,0.958333333,
9/22/2024 0:00,14.9,0,0,0,
9/22/2024 1:00,14.8,0,1,0.041666667,
9/22/2024 2:00,13.7,0,2,0.083333333,
9/22/2024 3:00,12.7,0,3,0.125,
9/22/2024 4:00,12.6,0,4,0.166666667,
9/22/2024 5:00,11.7,0,5,0.208333333,
9/22/2024 6:00,11.4,0,6,0.25,
9/22/2024 7:00,11.2,0,7,0.291666667,
9/22/2024 8:00,11.6,0,8,0.333333333,
9/22/2024 9:00,14,0,9,0.375,
9/22/2024 10:00,16,0,10,0.416666667,
9/22/2024 11:00,17.8,0,11,0.458333333,
9/22/2024 12:00,19.8,0,12,0.5,
9/22/2024 13:00,22.8,0,13,0.541666667,
9/22/2024 14:00,22.2,0,14,0.583333333,
9/22/2024 15:00,24,0,15,0.625,
9/22/2024 16:00,24.6,0,16,0.666666667,
9/22/2024 17:00,24,0,17,0.708333333,
9/22/2024 18:00,23.4,0,18,0.75,
9/22/2024 19:00,22.8,0,19,0.791666667,
9/22/2024 20:00,20.3,0,20,0.833333333,
9/22/2024 21:00,18.7,0,21,0.875,
9/22/2024 22:00,18.4,0,22,0.916666667,
9/22/2024 23:00,17.1,0,23,0.958333333,
9/23/2024 0:00,15.9,0,0,0,
9/23/2024 1:00,15.1,0,1,0.041666667,
9/23/2024 2:00,15.2,0,2,0.083333333,
9/23/2024 3:00,14.6,0,3,0.125,
9/23/2024 4:00,15.1,0,4,0.166666667,
9/23/2024 5:00,13.4,0,5,0.208333333,
9/23/2024 6:00,13.3,0,6,0.25,
9/23/2024 7:00,13.4,0,7,0.291666667,
9/23/2024 8:00,13.7,0,8,0.333333333,
9/23/2024 9:00,14.8,0,9,0.375,
9/23/2024 10:00,16.4,0,10,0.416666667,
9/23/2024 11:00,17.7,0,11,0.458333333,
9/23/2024 12:00,18.6,0.1,12,0.5,
9/23/2024 13:00,21.5,0,13,0.541666667,
9/23/2024 14:00,20.5,0,14,0.583333333,
9/23/2024 15:00,21.7,0,15,0.625,
9/23/2024 16:00,21.4,0,16,0.666666667,
9/23/2024 17:00,21.5,0,17,0.708333333,
9/23/2024 18:00,21,0,18,0.75,
9/23/2024 19:00,20.5,0,19,0.791666667,
9/23/2024 20:00,18.3,0,20,0.833333333,
9/23/2024 21:00,17.8,0,21,0.875,
9/23/2024 22:00,17.2,0,22,0.916666667,
9/23/2024 23:00,16.3,0,23,0.958333333,
9/24/2024 0:00,16.3,0,0,0,
9/24/2024 1:00,15.4,0,1,0.041666667,
9/24/2024 2:00,14,0,2,0.083333333,
9/24/2024 3:00,13.8,0,3,0.125,
9/24/2024 4:00,13,0,4,0.166666667,
9/24/2024 5:00,12.4,0,5,0.208333333,
9/24/2024 6:00,12.4,0,6,0.25,
9/24/2024 7:00,11.5,0,7,0.291666667,
9/24/2024 8:00,11.5,0,8,0.333333333,
9/24/2024 9:00,12.4,0,9,0.375,
9/24/2024 10:00,14.6,0,10,0.416666667,
9/24/2024 11:00,15.8,0,11,0.458333333,
9/24/2024 12:00,17.2,0,12,0.5,
9/24/2024 13:00,18.8,0,13,0.541666667,
9/24/2024 14:00,18.8,0,14,0.583333333,
9/24/2024 15:00,19,0,15,0.625,
9/24/2024 16:00,19.7,0,16,0.666666667,
9/24/2024 17:00,19.3,0,17,0.708333333,
9/24/2024 18:00,18.7,0,18,0.75,
9/24/2024 19:00,18.1,0,19,0.791666667,
9/24/2024 20:00,16.3,0.7,20,0.833333333,
9/24/2024 21:00,15.5,0,21,0.875,
9/24/2024 22:00,15.2,0,22,0.916666667,
9/24/2024 23:00,14.9,0,23,0.958333333,
9/25/2024 0:00,13.8,0,0,0,
9/25/2024 1:00,13.2,0,1,0.041666667,
9/25/2024 2:00,13.5,0,2,0.083333333,
9/25/2024 3:00,13.3,0,3,0.125,
9/25/2024 4:00,13,0,4,0.166666667,
9/25/2024 5:00,13.6,0,5,0.208333333,
9/25/2024 6:00,13,0,6,0.25,
9/25/2024 7:00,13.7,0,7,0.291666667,
9/25/2024 8:00,13.5,1.1,8,0.333333333,
9/25/2024 9:00,13.8,3.2,9,0.375,
9/25/2024 10:00,14.1,0.9,10,0.416666667,
9/25/2024 11:00,13.7,0.1,11,0.458333333,
9/25/2024 12:00,14.5,1.1,12,0.5,
9/25/2024 13:00,14,0.1,13,0.541666667,
9/25/2024 14:00,14.4,0,14,0.583333333,
9/25/2024 15:00,16.1,0,15,0.625,
9/25/2024 16:00,16.8,0,16,0.666666667,
9/25/2024 17:00,16.3,0,17,0.708333333,
9/25/2024 18:00,16.6,0,18,0.75,
9/25/2024 19:00,15.9,0,19,0.791666667,
9/25/2024 20:00,15,0,20,0.833333333,
9/25/2024 21:00,15,0,21,0.875,
9/25/2024 22:00,14.3,0,22,0.916666667,
9/25/2024 23:00,14.4,0,23,0.958333333,
9/26/2024 0:00,14.6,0,0,0,
9/26/2024 1:00,14.1,0,1,0.041666667,
9/26/2024 2:00,13.8,0.1,2,0.083333333,
9/26/2024 3:00,13.6,0.6,3,0.125,
9/26/2024 4:00,13.4,1.5,4,0.166666667,
9/26/2024 5:00,13.4,2.3,5,0.208333333,
9/26/2024 6:00,13.5,2.7,6,0.25,
9/26/2024 7:00,14.1,0.3,7,0.291666667,
9/26/2024 8:00,14.6,0,8,0.333333333,
9/26/2024 9:00,15.1,0.1,9,0.375,
9/26/2024 10:00,15.8,0.1,10,0.416666667,
9/26/2024 11:00,16.3,0,11,0.458333333,
9/26/2024 12:00,17.2,0,12,0.5,
9/26/2024 13:00,17.6,0,13,0.541666667,
9/26/2024 14:00,16.9,0,14,0.583333333,
9/26/2024 15:00,17.2,0.3,15,0.625,
9/26/2024 16:00,18.4,0,16,0.666666667,
9/26/2024 17:00,17.9,0,17,0.708333333,
9/26/2024 18:00,16.8,0,18,0.75,
9/26/2024 19:00,17.4,0.1,19,0.791666667,
9/26/2024 20:00,16.5,0,20,0.833333333,
9/26/2024 21:00,14.9,13.5,21,0.875,
9/26/2024 22:00,13.7,0.1,22,0.916666667,
9/26/2024 23:00,13.5,0.4,23,0.958333333,
9/27/2024 0:00,13.3,0.1,0,0,
9/27/2024 1:00,13.3,0,1,0.041666667,
9/27/2024 2:00,13.3,0,2,0.083333333,
9/27/2024 3:00,13.7,0,3,0.125,
9/27/2024 4:00,13.3,0.4,4,0.166666667,
9/27/2024 5:00,12.9,0,5,0.208333333,
9/27/2024 6:00,12.2,0,6,0.25,
9/27/2024 7:00,11.6,0,7,0.291666667,
9/27/2024 8:00,11.7,0,8,0.333333333,
9/27/2024 9:00,12,0,9,0.375,
9/27/2024 10:00,12.3,0,10,0.416666667,
9/27/2024 11:00,12.5,0,11,0.458333333,
9/27/2024 12:00,12.8,0,12,0.5,
9/27/2024 13:00,12.5,1,13,0.541666667,
9/27/2024 14:00,12.4,0.6,14,0.583333333,
9/27/2024 15:00,11.5,1.1,15,0.625,
9/27/2024 16:00,11,3.8,16,0.666666667,
9/27/2024 17:00,11.3,2.2,17,0.708333333,
9/27/2024 18:00,12.5,0,18,0.75,
9/27/2024 19:00,12.6,0.1,19,0.791666667,
9/27/2024 20:00,12.1,0,20,0.833333333,
9/27/2024 21:00,12.1,0,21,0.875,
9/27/2024 22:00,10.9,0,22,0.916666667,
9/27/2024 23:00,10.6,0,23,0.958333333,
9/28/2024 0:00,10.3,0,0,0,
9/28/2024 1:00,10,0,1,0.041666667,
9/28/2024 2:00,10.8,0,2,0.083333333,
9/28/2024 3:00,9,0,3,0.125,
9/28/2024 4:00,8.1,0,4,0.166666667,
9/28/2024 5:00,8.8,0,5,0.208333333,
9/28/2024 6:00,8.1,0.3,6,0.25,
9/28/2024 7:00,8,0,7,0.291666667,
9/28/2024 8:00,8.1,0,8,0.333333333,
9/28/2024 9:00,8.9,0,9,0.375,
9/28/2024 10:00,10.1,1.2,10,0.416666667,
9/28/2024 11:00,10.7,0,11,0.458333333,
9/28/2024 12:00,11.8,0.2,12,0.5,
9/28/2024 13:00,10.6,0,13,0.541666667,
9/28/2024 14:00,12.9,0,14,0.583333333,
9/28/2024 15:00,13,0.2,15,0.625,
9/28/2024 16:00,12.4,0,16,0.666666667,
9/28/2024 17:00,12.7,0,17,0.708333333,
9/28/2024 18:00,12.2,0,18,0.75,
9/28/2024 19:00,11.4,0,19,0.791666667,
9/28/2024 20:00,9.4,0,20,0.833333333,
9/28/2024 21:00,9,0,21,0.875,
9/28/2024 22:00,8.6,0,22,0.916666667,
9/28/2024 23:00,7,0,23,0.958333333,
9/29/2024 0:00,7,0,0,0,
9/29/2024 1:00,6.5,0,1,0.041666667,
9/29/2024 2:00,5.9,0,2,0.083333333,
9/29/2024 3:00,6.2,0,3,0.125,
9/29/2024 4:00,7.2,0,4,0.166666667,
9/29/2024 5:00,5.5,0,5,0.208333333,
9/29/2024 6:00,6,0,6,0.25,
9/29/2024 7:00,6.4,0,7,0.291666667,
9/29/2024 8:00,5.1,0,8,0.333333333,
9/29/2024 9:00,7.3,0,9,0.375,
9/29/2024 10:00,9.6,0,10,0.416666667,
9/29/2024 11:00,11.1,0,11,0.458333333,
9/29/2024 12:00,13.6,0,12,0.5,
9/29/2024 13:00,14.3,0,13,0.541666667,
9/29/2024 14:00,14.5,0,14,0.583333333,
9/29/2024 15:00,15,0,15,0.625,
9/29/2024 16:00,15.1,0,16,0.666666667,
9/29/2024 17:00,14.6,0,17,0.708333333,
9/29/2024 18:00,14.1,0,18,0.75,
9/29/2024 19:00,13.2,0,19,0.791666667,
9/29/2024 20:00,12.1,0,20,0.833333333,
9/29/2024 21:00,11.5,0,21,0.875,
9/29/2024 22:00,11.2,0,22,0.916666667,
9/29/2024 23:00,10.6,0,23,0.958333333,
9/30/2024 0:00,10.3,0,0,0,
9/30/2024 1:00,10.1,0,1,0.041666667,
9/30/2024 2:00,9.3,0,2,0.083333333,
9/30/2024 3:00,8.8,0,3,0.125,
9/30/2024 4:00,8.8,0,4,0.166666667,
9/30/2024 5:00,8,0,5,0.208333333,
9/30/2024 6:00,7.9,0,6,0.25,
9/30/2024 7:00,8,0,7,0.291666667,
9/30/2024 8:00,7.7,0,8,0.333333333,
9/30/2024 9:00,8.5,0,9,0.375,
9/30/2024 10:00,10,0,10,0.416666667,
9/30/2024 11:00,11.1,0,11,0.458333333,
9/30/2024 12:00,11.7,0,12,0.5,
9/30/2024 13:00,13.8,0,13,0.541666667,
9/30/2024 14:00,14.8,0,14,0.583333333,
9/30/2024 15:00,15.4,0,15,0.625,
9/30/2024 16:00,15.1,0,16,0.666666667,
9/30/2024 17:00,13.3,0.2,17,0.708333333,
9/30/2024 18:00,13.3,0.6,18,0.75,
9/30/2024 19:00,11.2,0.5,19,0.791666667,
9/30/2024 20:00,11.4,1.4,20,0.833333333,
9/30/2024 21:00,10.8,1.5,21,0.875,
9/30/2024 22:00,11.5,4.2,22,0.916666667,
9/30/2024 23:00,12.3,1.3,23,0.958333333,
10/1/2024 0:00,12.4,0.7,0,0,
10/1/2024 1:00,12.8,0.7,1,0.041666667,
10/1/2024 2:00,13.3,0.1,2,0.083333333,
10/1/2024 3:00,13.2,0,3,0.125,
10/1/2024 4:00,13.2,0.5,4,0.166666667,
10/1/2024 5:00,13.2,0.1,5,0.208333333,
10/1/2024 6:00,12.4,0,6,0.25,
10/1/2024 7:00,12.2,0,7,0.291666667,
10/1/2024 8:00,12.9,0,8,0.333333333,
10/1/2024 9:00,12.2,0,9,0.375,
10/1/2024 10:00,12.3,0.5,10,0.416666667,
10/1/2024 11:00,13.4,0.1,11,0.458333333,
10/1/2024 12:00,12.9,0,12,0.5,
10/1/2024 13:00,12.4,0,13,0.541666667,
10/1/2024 14:00,12.3,0.1,14,0.583333333,
10/1/2024 15:00,12.3,0.2,15,0.625,
10/1/2024 16:00,12.4,1.1,16,0.666666667,
10/1/2024 17:00,12.6,0.5,17,0.708333333,
10/1/2024 18:00,12.8,0.6,18,0.75,
10/1/2024 19:00,12.7,0.5,19,0.791666667,
10/1/2024 20:00,12.7,0.7,20,0.833333333,
10/1/2024 21:00,12.7,3.2,21,0.875,
10/1/2024 22:00,12.5,1.1,22,0.916666667,
10/1/2024 23:00,12.6,0.4,23,0.958333333,
10/2/2024 0:00,12.4,2.5,0,0,
10/2/2024 1:00,11.6,1.1,1,0.041666667,
10/2/2024 2:00,11.4,0,2,0.083333333,
10/2/2024 3:00,10.6,0,3,0.125,
10/2/2024 4:00,9.5,0.2,4,0.166666667,
10/2/2024 5:00,9.5,0,5,0.208333333,
10/2/2024 6:00,9.2,0,6,0.25,
10/2/2024 7:00,9.1,0,7,0.291666667,
10/2/2024 8:00,9.4,0,8,0.333333333,
10/2/2024 9:00,9.6,0,9,0.375,
10/2/2024 10:00,9.4,0.1,10,0.416666667,
10/2/2024 11:00,9.7,0,11,0.458333333,
10/2/2024 12:00,10.5,0,12,0.5,
10/2/2024 13:00,11.9,0,13,0.541666667,
10/2/2024 14:00,11.3,0,14,0.583333333,
10/2/2024 15:00,12.3,0,15,0.625,
10/2/2024 16:00,12.2,0,16,0.666666667,
10/2/2024 17:00,12.5,0,17,0.708333333,
10/2/2024 18:00,12.6,0,18,0.75,
10/2/2024 19:00,11.6,0,19,0.791666667,
10/2/2024 20:00,11.4,0,20,0.833333333,
10/2/2024 21:00,10,0,21,0.875,
10/2/2024 22:00,9.5,0,22,0.916666667,
10/2/2024 23:00,8.1,0,23,0.958333333,
10/3/2024 0:00,8.1,0,0,0,
10/3/2024 1:00,7.2,0,1,0.041666667,
10/3/2024 2:00,6.8,0,2,0.083333333,
10/3/2024 3:00,7.6,0,3,0.125,
10/3/2024 4:00,6.2,0,4,0.166666667,
10/3/2024 5:00,5.9,0,5,0.208333333,
10/3/2024 6:00,5.9,0,6,0.25,
10/3/2024 7:00,6.2,0,7,0.291666667,
10/3/2024 8:00,5.9,0,8,0.333333333,
10/3/2024 9:00,7,0,9,0.375,
10/3/2024 10:00,9.5,0,10,0.416666667,
10/3/2024 11:00,11.6,0,11,0.458333333,
10/3/2024 12:00,12.8,0,12,0.5,
10/3/2024 13:00,13.9,0,13,0.541666667,
10/3/2024 14:00,14.3,0,14,0.583333333,
10/3/2024 15:00,14.8,0,15,0.625,
10/3/2024 16:00,14.7,0,16,0.666666667,
10/3/2024 17:00,14.1,0,17,0.708333333,
10/3/2024 18:00,13.8,0,18,0.75,
10/3/2024 19:00,12.2,0,19,0.791666667,
10/3/2024 20:00,10.2,0,20,0.833333333,
10/3/2024 21:00,9.4,0,21,0.875,
10/3/2024 22:00,8.8,0,22,0.916666667,
10/3/2024 23:00,8,0,23,0.958333333,
10/4/2024 0:00,7.4,0,0,0,
10/4/2024 1:00,6.7,0,1,0.041666667,
10/4/2024 2:00,6.2,0,2,0.083333333,
10/4/2024 3:00,5.8,0,3,0.125,
10/4/2024 4:00,5.3,0,4,0.166666667,
10/4/2024 5:00,4.6,0,5,0.208333333,
10/4/2024 6:00,4.6,0,6,0.25,
10/4/2024 7:00,4.5,0,7,0.291666667,
10/4/2024 8:00,4.3,0,8,0.333333333,
10/4/2024 9:00,5.6,0,9,0.375,
10/4/2024 10:00,8.7,0,10,0.416666667,
10/4/2024 11:00,10,0,11,0.458333333,
10/4/2024 12:00,12.9,0,12,0.5,
10/4/2024 13:00,14.4,0,13,0.541666667,
10/4/2024 14:00,14.9,0,14,0.583333333,
10/4/2024 15:00,15.4,0,15,0.625,
10/4/2024 16:00,15.5,0,16,0.666666667,
10/4/2024 17:00,15,0,17,0.708333333,
10/4/2024 18:00,14.6,0,18,0.75,
10/4/2024 19:00,13,0,19,0.791666667,
10/4/2024 20:00,12.2,0,20,0.833333333,
10/4/2024 21:00,11.9,0,21,0.875,
10/4/2024 22:00,9,0,22,0.916666667,
10/4/2024 23:00,9.3,0,23,0.958333333,
10/5/2024 0:00,8.1,0,0,0,
10/5/2024 1:00,7.1,0,1,0.041666667,
10/5/2024 2:00,6.8,0,2,0.083333333,
10/5/2024 3:00,6.6,0,3,0.125,
10/5/2024 4:00,5.7,0,4,0.166666667,
10/5/2024 5:00,5.5,0,5,0.208333333,
10/5/2024 6:00,4.1,0,6,0.25,
10/5/2024 7:00,5.2,0,7,0.291666667,
10/5/2024 8:00,4.6,0,8,0.333333333,
10/5/2024 9:00,5.6,0,9,0.375,
10/5/2024 10:00,8.5,0,10,0.416666667,
10/5/2024 11:00,9.9,0,11,0.458333333,
10/5/2024 12:00,12.3,0,12,0.5,
10/5/2024 13:00,14.2,0,13,0.541666667,
10/5/2024 14:00,14.7,0,14,0.583333333,
10/5/2024 15:00,15.2,0,15,0.625,
10/5/2024 16:00,15.5,0,16,0.666666667,
10/5/2024 17:00,14.6,0,17,0.708333333,
10/5/2024 18:00,13.8,0,18,0.75,
10/5/2024 19:00,13.3,0,19,0.791666667,
10/5/2024 20:00,10.9,0,20,0.833333333,
10/5/2024 21:00,10,0,21,0.875,
10/5/2024 22:00,9.3,0,22,0.916666667,
10/5/2024 23:00,8.3,0,23,0.958333333,
10/6/2024 0:00,7.9,0,0,0,
10/6/2024 1:00,7.6,0,1,0.041666667,
10/6/2024 2:00,6.7,0,2,0.083333333,
10/6/2024 3:00,6.7,0,3,0.125,
10/6/2024 4:00,6.1,0,4,0.166666667,
10/6/2024 5:00,5.6,0,5,0.208333333,
10/6/2024 6:00,5.8,0,6,0.25,
10/6/2024 7:00,5.3,0,7,0.291666667,
10/6/2024 8:00,5.2,0,8,0.333333333,
10/6/2024 9:00,6.2,0,9,0.375,
10/6/2024 10:00,7.9,0,10,0.416666667,
10/6/2024 11:00,10.1,0,11,0.458333333,
10/6/2024 12:00,12.2,0,12,0.5,
10/6/2024 13:00,13.5,0,13,0.541666667,
10/6/2024 14:00,14.3,0,14,0.583333333,
10/6/2024 15:00,15.3,0,15,0.625,
10/6/2024 16:00,15.1,0,16,0.666666667,
10/6/2024 17:00,14.7,0,17,0.708333333,
10/6/2024 18:00,14.6,0,18,0.75,
10/6/2024 19:00,13.6,0,19,0.791666667,
10/6/2024 20:00,11.8,0,20,0.833333333,
10/6/2024 21:00,11.2,0,21,0.875,
10/6/2024 22:00,10.4,0,22,0.916666667,
10/6/2024 23:00,9.4,0,23,0.958333333,
10/7/2024 0:00,9.7,0,0,0,
10/7/2024 1:00,9.8,0,1,0.041666667,
10/7/2024 2:00,9.3,0,2,0.083333333,
10/7/2024 3:00,11,0,3,0.125,
10/7/2024 4:00,10,1.3,4,0.166666667,
10/7/2024 5:00,10.4,0,5,0.208333333,
10/7/2024 6:00,11,0,6,0.25,
10/7/2024 7:00,11.3,0,7,0.291666667,
10/7/2024 8:00,12.4,0,8,0.333333333,
10/7/2024 9:00,13.4,0,9,0.375,
10/7/2024 10:00,14.2,0,10,0.416666667,
10/7/2024 11:00,15.5,0,11,0.458333333,
10/7/2024 12:00,16.3,0,12,0.5,
10/7/2024 13:00,16.6,0,13,0.541666667,
10/7/2024 14:00,18,0,14,0.583333333,
10/7/2024 15:00,18,0,15,0.625,
10/7/2024 16:00,18.5,0,16,0.666666667,
10/7/2024 17:00,18.2,0,17,0.708333333,
10/7/2024 18:00,17.4,0,18,0.75,
10/7/2024 19:00,16.2,0,19,0.791666667,
10/7/2024 20:00,14.7,0,20,0.833333333,
10/7/2024 21:00,14,0,21,0.875,
10/7/2024 22:00,13.6,0,22,0.916666667,
10/7/2024 23:00,13.2,0,23,0.958333333,
10/8/2024 0:00,13.1,0,0,0,
10/8/2024 1:00,13.6,0,1,0.041666667,
10/8/2024 2:00,13.6,0,2,0.083333333,
10/8/2024 3:00,13.6,0,3,0.125,
10/8/2024 4:00,14,0.4,4,0.166666667,
10/8/2024 5:00,14.3,0.2,5,0.208333333,
10/8/2024 6:00,14.4,0,6,0.25,
10/8/2024 7:00,15,0,7,0.291666667,
10/8/2024 8:00,15.2,0,8,0.333333333,
10/8/2024 9:00,15.7,0,9,0.375,
10/8/2024 10:00,16.1,0,10,0.416666667,
10/8/2024 11:00,16.3,0,11,0.458333333,
10/8/2024 12:00,16.8,0,12,0.5,
10/8/2024 13:00,17.1,0,13,0.541666667,
10/8/2024 14:00,18,0,14,0.583333333,
10/8/2024 15:00,17.6,0,15,0.625,
10/8/2024 16:00,16.9,0,16,0.666666667,
10/8/2024 17:00,17.4,0,17,0.708333333,
10/8/2024 18:00,16.7,0,18,0.75,
10/8/2024 19:00,16.1,0,19,0.791666667,
10/8/2024 20:00,15.5,0,20,0.833333333,
10/8/2024 21:00,14.7,0,21,0.875,
10/8/2024 22:00,14.6,0,22,0.916666667,
10/8/2024 23:00,14.7,0,23,0.958333333,
10/9/2024 0:00,13.7,0,0,0,
10/9/2024 1:00,13.5,0,1,0.041666667,
10/9/2024 2:00,13.4,0,2,0.083333333,
10/9/2024 3:00,12.5,0,3,0.125,
10/9/2024 4:00,13,0,4,0.166666667,
10/9/2024 5:00,12.9,0,5,0.208333333,
10/9/2024 6:00,12.9,0,6,0.25,
10/9/2024 7:00,13.3,0,7,0.291666667,
10/9/2024 8:00,13.8,0,8,0.333333333,
10/9/2024 9:00,13.8,0,9,0.375,
10/9/2024 10:00,14.1,0,10,0.416666667,
10/9/2024 11:00,14.9,0,11,0.458333333,
10/9/2024 12:00,15.7,0,12,0.5,
10/9/2024 13:00,16.1,0,13,0.541666667,
10/9/2024 14:00,15.7,0,14,0.583333333,
10/9/2024 15:00,15.8,0,15,0.625,
10/9/2024 16:00,16.1,0,16,0.666666667,
10/9/2024 17:00,15.2,0,17,0.708333333,
10/9/2024 18:00,14.7,0,18,0.75,
10/9/2024 19:00,14.3,0.2,19,0.791666667,
10/9/2024 20:00,13.7,0.6,20,0.833333333,
10/9/2024 21:00,13.7,0.4,21,0.875,
10/9/2024 22:00,13.5,1,22,0.916666667,
10/9/2024 23:00,12.9,1.9,23,0.958333333,
10/10/2024 0:00,12.8,0.7,0,0,
10/10/2024 1:00,13,0.8,1,0.041666667,
10/10/2024 2:00,12.4,1,2,0.083333333,
10/10/2024 3:00,12.1,0.3,3,0.125,
10/10/2024 4:00,12.1,0.2,4,0.166666667,
10/10/2024 5:00,12.3,0,5,0.208333333,
10/10/2024 6:00,12.4,0,6,0.25,
10/10/2024 7:00,12.3,1.1,7,0.291666667,
10/10/2024 8:00,12.7,0,8,0.333333333,
10/10/2024 9:00,13,0,9,0.375,
10/10/2024 10:00,12.7,0,10,0.416666667,
10/10/2024 11:00,12.6,0,11,0.458333333,
10/10/2024 12:00,12.5,0,12,0.5,
10/10/2024 13:00,12,0,13,0.541666667,
10/10/2024 14:00,13.1,0,14,0.583333333,
10/10/2024 15:00,13.7,0,15,0.625,
10/10/2024 16:00,13,0,16,0.666666667,
10/10/2024 17:00,12.6,0,17,0.708333333,
10/10/2024 18:00,11.6,0,18,0.75,
10/10/2024 19:00,10.3,0,19,0.791666667,
10/10/2024 20:00,9.3,0,20,0.833333333,
10/10/2024 21:00,8,0,21,0.875,
10/10/2024 22:00,7.3,0,22,0.916666667,
10/10/2024 23:00,7.2,0,23,0.958333333,
10/11/2024 0:00,7.5,0,0,0,
10/11/2024 1:00,7.8,0,1,0.041666667,
10/11/2024 2:00,6.4,0,2,0.083333333,
10/11/2024 3:00,6,0,3,0.125,
10/11/2024 4:00,5.6,0,4,0.166666667,
10/11/2024 5:00,4.9,0,5,0.208333333,
10/11/2024 6:00,4.8,0,6,0.25,
10/11/2024 7:00,4.8,0,7,0.291666667,
10/11/2024 8:00,4.6,0,8,0.333333333,
10/11/2024 9:00,4.8,0,9,0.375,
10/11/2024 10:00,7.8,0,10,0.416666667,
10/11/2024 11:00,9.8,0,11,0.458333333,
10/11/2024 12:00,11.5,0,12,0.5,
10/11/2024 13:00,12,0,13,0.541666667,
10/11/2024 14:00,13,0,14,0.583333333,
10/11/2024 15:00,13.1,0,15,0.625,
10/11/2024 16:00,12.7,0,16,0.666666667,
10/11/2024 17:00,12.3,0,17,0.708333333,
10/11/2024 18:00,11.9,0,18,0.75,
10/11/2024 19:00,10.4,0,19,0.791666667,
10/11/2024 20:00,8.6,0,20,0.833333333,
10/11/2024 21:00,8.5,0,21,0.875,
10/11/2024 22:00,7.9,0,22,0.916666667,
10/11/2024 23:00,6.3,0,23,0.958333333,
10/12/2024 0:00,7.2,0,0,0,
10/12/2024 1:00,5.8,0,1,0.041666667,
10/12/2024 2:00,4.9,0,2,0.083333333,
10/12/2024 3:00,5.1,0,3,0.125,
10/12/2024 4:00,6.5,0,4,0.166666667,
10/12/2024 5:00,5,0,5,0.208333333,
10/12/2024 6:00,4.6,0,6,0.25,
10/12/2024 7:00,4.5,0,7,0.291666667,
10/12/2024 8:00,4.6,0,8,0.333333333,
10/12/2024 9:00,5.1,0,9,0.375,
10/12/2024 10:00,6.4,0,10,0.416666667,
10/12/2024 11:00,8.2,0,11,0.458333333,
10/12/2024 12:00,9.1,0,12,0.5,
10/12/2024 13:00,10.4,0,13,0.541666667,
10/12/2024 14:00,10,0,14,0.583333333,
10/12/2024 15:00,10.3,0,15,0.625,
10/12/2024 16:00,10.8,0,16,0.666666667,
10/12/2024 17:00,11.3,0,17,0.708333333,
10/12/2024 18:00,11,0,18,0.75,
10/12/2024 19:00,10.6,0,19,0.791666667,
10/12/2024 20:00,10.4,0,20,0.833333333,
10/12/2024 21:00,9.4,0,21,0.875,
10/12/2024 22:00,9.6,0,22,0.916666667,
10/12/2024 23:00,10.1,0,23,0.958333333,
10/13/2024 0:00,9.5,0.1,0,0,
10/13/2024 1:00,10.1,2,1,0.041666667,
10/13/2024 2:00,9.6,2.4,2,0.083333333,
10/13/2024 3:00,8.9,0.2,3,0.125,
10/13/2024 4:00,8.8,0.1,4,0.166666667,
10/13/2024 5:00,7.8,0.1,5,0.208333333,
10/13/2024 6:00,7.3,1.1,6,0.25,
10/13/2024 7:00,7.6,0,7,0.291666667,
10/13/2024 8:00,7.9,0.7,8,0.333333333,
10/13/2024 9:00,8.5,0,9,0.375,
10/13/2024 10:00,9.4,0,10,0.416666667,
10/13/2024 11:00,11.1,0,11,0.458333333,
10/13/2024 12:00,11.1,0,12,0.5,
10/13/2024 13:00,11.9,0.2,13,0.541666667,
10/13/2024 14:00,12.5,0,14,0.583333333,
10/13/2024 15:00,12.3,0,15,0.625,
10/13/2024 16:00,12.1,0,16,0.666666667,
10/13/2024 17:00,11.5,0,17,0.708333333,
10/13/2024 18:00,11,0,18,0.75,
10/13/2024 19:00,10.1,0,19,0.791666667,
10/13/2024 20:00,8.7,0,20,0.833333333,
10/13/2024 21:00,8.5,0,21,0.875,
10/13/2024 22:00,8.6,0,22,0.916666667,
10/13/2024 23:00,8.2,0,23,0.958333333,
10/14/2024 0:00,7.6,0,0,0,
10/14/2024 1:00,7.8,0,1,0.041666667,
10/14/2024 2:00,7.9,0,2,0.083333333,
10/14/2024 3:00,7.4,0,3,0.125,
10/14/2024 4:00,7.6,0,4,0.166666667,
10/14/2024 5:00,7.3,0,5,0.208333333,
10/14/2024 6:00,7.2,0,6,0.25,
10/14/2024 7:00,7.5,0,7,0.291666667,
10/14/2024 8:00,7.2,0.1,8,0.333333333,
10/14/2024 9:00,7.7,0,9,0.375,
10/14/2024 10:00,8.4,0,10,0.416666667,
10/14/2024 11:00,9.3,0.1,11,0.458333333,
10/14/2024 12:00,8.6,0,12,0.5,
10/14/2024 13:00,9.8,0,13,0.541666667,
10/14/2024 14:00,11,0,14,0.583333333,
10/14/2024 15:00,10.2,0,15,0.625,
10/14/2024 16:00,11.4,0,16,0.666666667,
10/14/2024 17:00,11.1,0,17,0.708333333,
10/14/2024 18:00,10.5,0,18,0.75,
10/14/2024 19:00,9.7,0,19,0.791666667,
10/14/2024 20:00,7.9,0,20,0.833333333,
10/14/2024 21:00,7,0,21,0.875,
10/14/2024 22:00,6.2,0,22,0.916666667,
10/14/2024 23:00,5.7,0,23,0.958333333,
10/15/2024 0:00,5.1,0,0,0,
10/15/2024 1:00,4.7,0,1,0.041666667,
10/15/2024 2:00,3.6,0,2,0.083333333,
10/15/2024 3:00,3.4,0,3,0.125,
10/15/2024 4:00,4.7,0,4,0.166666667,
10/15/2024 5:00,2.5,0,5,0.208333333,
10/15/2024 6:00,3.5,0,6,0.25,
10/15/2024 7:00,3.6,0,7,0.291666667,
10/15/2024 8:00,2.1,0,8,0.333333333,
10/15/2024 9:00,3.8,0,9,0.375,
10/15/2024 10:00,5.8,0,10,0.416666667,
10/15/2024 11:00,5.6,0,11,0.458333333,
10/15/2024 12:00,10.5,0,12,0.5,
10/15/2024 13:00,11.7,0,13,0.541666667,
10/15/2024 14:00,12,0,14,0.583333333,
10/15/2024 15:00,13,0,15,0.625,
10/15/2024 16:00,13,0,16,0.666666667,
10/15/2024 17:00,12.7,0,17,0.708333333,
10/15/2024 18:00,12,0,18,0.75,
10/15/2024 19:00,10.9,0,19,0.791666667,
10/15/2024 20:00,9.8,0,20,0.833333333,
10/15/2024 21:00,9.4,0,21,0.875,
10/15/2024 22:00,9.2,0,22,0.916666667,
10/15/2024 23:00,8.6,0,23,0.958333333,
10/16/2024 0:00,8.8,0,0,0,
10/16/2024 1:00,8.5,0,1,0.041666667,
10/16/2024 2:00,8.4,0,2,0.083333333,
10/16/2024 3:00,8.5,0,3,0.125,
10/16/2024 4:00,8.5,0,4,0.166666667,
10/16/2024 5:00,8.2,0,5,0.208333333,
10/16/2024 6:00,7.9,0,6,0.25,
10/16/2024 7:00,8.5,0,7,0.291666667,
10/16/2024 8:00,8.1,0,8,0.333333333,
10/16/2024 9:00,8.2,0,9,0.375,
10/16/2024 10:00,9.6,0,10,0.416666667,
10/16/2024 11:00,11.1,0,11,0.458333333,
10/16/2024 12:00,12.4,0,12,0.5,
10/16/2024 13:00,14.4,0,13,0.541666667,
10/16/2024 14:00,15.6,0,14,0.583333333,
10/16/2024 15:00,15.8,0,15,0.625,
10/16/2024 16:00,16.2,0,16,0.666666667,
10/16/2024 17:00,16.5,0,17,0.708333333,
10/16/2024 18:00,15.8,0,18,0.75,
10/16/2024 19:00,15.1,0,19,0.791666667,
10/16/2024 20:00,15.2,0,20,0.833333333,
10/16/2024 21:00,14.9,0,21,0.875,
10/16/2024 22:00,15.4,0,22,0.916666667,
10/16/2024 23:00,14.8,0,23,0.958333333,
10/17/2024 0:00,13.9,0,0,0,
10/17/2024 1:00,14.7,0,1,0.041666667,
10/17/2024 2:00,13.5,0,2,0.083333333,
10/17/2024 3:00,13.1,0,3,0.125,
10/17/2024 4:00,13.4,0,4,0.166666667,
10/17/2024 5:00,11.7,0.9,5,0.208333333,
10/17/2024 6:00,12,0,6,0.25,
10/17/2024 7:00,12.4,0,7,0.291666667,
10/17/2024 8:00,12.8,0,8,0.333333333,
10/17/2024 9:00,13.5,0,9,0.375,
10/17/2024 10:00,14.1,0.3,10,0.416666667,
10/17/2024 11:00,16.1,0.5,11,0.458333333,
10/17/2024 12:00,17.1,0,12,0.5,
10/17/2024 13:00,17.7,0,13,0.541666667,
10/17/2024 14:00,18,0,14,0.583333333,
10/17/2024 15:00,17,0,15,0.625,
10/17/2024 16:00,17.3,0,16,0.666666667,
10/17/2024 17:00,17.8,0,17,0.708333333,
10/17/2024 18:00,17.6,0,18,0.75,
10/17/2024 19:00,17.2,0,19,0.791666667,
10/17/2024 20:00,16.7,0,20,0.833333333,
10/17/2024 21:00,16.9,0,21,0.875,
10/17/2024 22:00,16.5,0,22,0.916666667,
10/17/2024 23:00,15.6,0,23,0.958333333,
10/18/2024 0:00,15.2,0,0,0,
10/18/2024 1:00,15.5,0,1,0.041666667,
10/18/2024 2:00,16,0,2,0.083333333,
10/18/2024 3:00,14.5,0,3,0.125,
10/18/2024 4:00,15.3,0.5,4,0.166666667,
10/18/2024 5:00,14.6,0,5,0.208333333,
10/18/2024 6:00,14.6,0,6,0.25,
10/18/2024 7:00,14.5,0,7,0.291666667,
10/18/2024 8:00,13.4,0,8,0.333333333,
10/18/2024 9:00,15.2,0,9,0.375,
10/18/2024 10:00,15.1,0,10,0.416666667,
10/18/2024 11:00,15.3,0,11,0.458333333,
10/18/2024 12:00,17.9,0,12,0.5,
10/18/2024 13:00,18.4,0,13,0.541666667,
10/18/2024 14:00,20.2,0,14,0.583333333,
10/18/2024 15:00,20.7,0,15,0.625,
10/18/2024 16:00,20.9,0,16,0.666666667,
10/18/2024 17:00,20.7,0,17,0.708333333,
10/18/2024 18:00,20.3,0,18,0.75,
10/18/2024 19:00,19.1,0,19,0.791666667,
10/18/2024 20:00,17.5,0,20,0.833333333,
10/18/2024 21:00,17.9,0,21,0.875,
10/18/2024 22:00,17.7,0,22,0.916666667,
10/18/2024 23:00,16.6,0,23,0.958333333,
10/19/2024 0:00,16.8,0,0,0,
10/19/2024 1:00,16.4,0,1,0.041666667,
10/19/2024 2:00,15.8,0,2,0.083333333,
10/19/2024 3:00,15.6,0,3,0.125,
10/19/2024 4:00,15.7,0.2,4,0.166666667,
10/19/2024 5:00,15.3,0,5,0.208333333,
10/19/2024 6:00,15.2,0,6,0.25,
10/19/2024 7:00,15.2,0.1,7,0.291666667,
10/19/2024 8:00,15,0.1,8,0.333333333,
10/19/2024 9:00,14.2,0,9,0.375,
10/19/2024 10:00,14.9,1.2,10,0.416666667,
10/19/2024 11:00,14.8,2.1,11,0.458333333,
10/19/2024 12:00,14.4,0.6,12,0.5,
10/19/2024 13:00,14.9,0.1,13,0.541666667,
10/19/2024 14:00,14.5,0,14,0.583333333,
10/19/2024 15:00,13.7,0.4,15,0.625,
10/19/2024 16:00,14.4,0.1,16,0.666666667,
10/19/2024 17:00,13.9,0,17,0.708333333,
10/19/2024 18:00,13.9,0,18,0.75,
10/19/2024 19:00,14.2,0,19,0.791666667,
10/19/2024 20:00,14.5,0,20,0.833333333,
10/19/2024 21:00,13.6,0,21,0.875,
10/19/2024 22:00,13.7,0,22,0.916666667,
10/19/2024 23:00,13,0,23,0.958333333,
10/20/2024 0:00,13,0,0,0,
10/20/2024 1:00,13.1,0,1,0.041666667,
10/20/2024 2:00,13.1,0,2,0.083333333,
10/20/2024 3:00,12,0,3,0.125,
10/20/2024 4:00,13,0,4,0.166666667,
10/20/2024 5:00,12.3,0,5,0.208333333,
10/20/2024 6:00,12,0,6,0.25,
10/20/2024 7:00,12.2,0,7,0.291666667,
10/20/2024 8:00,12.1,0,8,0.333333333,
10/20/2024 9:00,12.6,0,9,0.375,
10/20/2024 10:00,12.6,0,10,0.416666667,
10/20/2024 11:00,13.1,0,11,0.458333333,
10/20/2024 12:00,14.1,0,12,0.5,
10/20/2024 13:00,15.8,0,13,0.541666667,
10/20/2024 14:00,15.5,0,14,0.583333333,
10/20/2024 15:00,15.7,0,15,0.625,
10/20/2024 16:00,16.1,0,16,0.666666667,
10/20/2024 17:00,15.8,0,17,0.708333333,
10/20/2024 18:00,15.9,0,18,0.75,
10/20/2024 19:00,16.4,0,19,0.791666667,
10/20/2024 20:00,15.9,0.2,20,0.833333333,
10/20/2024 21:00,15.7,0,21,0.875,
10/20/2024 22:00,15.3,0.8,22,0.916666667,
10/20/2024 23:00,15.4,0.5,23,0.958333333,
10/21/2024 0:00,14.9,0.8,0,0,
10/21/2024 1:00,15.5,0.6,1,0.041666667,
10/21/2024 2:00,15.4,0.1,2,0.083333333,
10/21/2024 3:00,15.7,0.6,3,0.125,
10/21/2024 4:00,15,0,4,0.166666667,
10/21/2024 5:00,14.8,0,5,0.208333333,
10/21/2024 6:00,14.4,0,6,0.25,
10/21/2024 7:00,13.8,0,7,0.291666667,
10/21/2024 8:00,13.5,0,8,0.333333333,
10/21/2024 9:00,14.3,0,9,0.375,
10/21/2024 10:00,14.3,0,10,0.416666667,
10/21/2024 11:00,14.7,0,11,0.458333333,
10/21/2024 12:00,13.9,0,12,0.5,
10/21/2024 13:00,14.7,0.3,13,0.541666667,
10/21/2024 14:00,13.2,0,14,0.583333333,
10/21/2024 15:00,13.4,0,15,0.625,
10/21/2024 16:00,14.6,0,16,0.666666667,
10/21/2024 17:00,13.9,0.1,17,0.708333333,
10/21/2024 18:00,13.2,0,18,0.75,
10/21/2024 19:00,13.4,0,19,0.791666667,
10/21/2024 20:00,13.3,0.2,20,0.833333333,
10/21/2024 21:00,13.2,0,21,0.875,
10/21/2024 22:00,13.1,0,22,0.916666667,
10/21/2024 23:00,12.8,0.1,23,0.958333333,
10/22/2024 0:00,13,0.5,0,0,
10/22/2024 1:00,12.3,3.1,1,0.041666667,
10/22/2024 2:00,11.4,3.3,2,0.083333333,
10/22/2024 3:00,11.3,2.4,3,0.125,
10/22/2024 4:00,11.2,1.6,4,0.166666667,
10/22/2024 5:00,10.2,0,5,0.208333333,
10/22/2024 6:00,10.1,0,6,0.25,
10/22/2024 7:00,9.8,0,7,0.291666667,
10/22/2024 8:00,9.5,0,8,0.333333333,
10/22/2024 9:00,8.6,0,9,0.375,
10/22/2024 10:00,10.6,0,10,0.416666667,
10/22/2024 11:00,11.8,0,11,0.458333333,
10/22/2024 12:00,13.2,0,12,0.5,
10/22/2024 13:00,14.4,0,13,0.541666667,
10/22/2024 14:00,15.2,0,14,0.583333333,
10/22/2024 15:00,15.4,0,15,0.625,
10/22/2024 16:00,15.2,0,16,0.666666667,
10/22/2024 17:00,14.7,0,17,0.708333333,
10/22/2024 18:00,13.9,0,18,0.75,
10/22/2024 19:00,12.7,0,19,0.791666667,
10/22/2024 20:00,11.5,0,20,0.833333333,
10/22/2024 21:00,10.7,0,21,0.875,
10/22/2024 22:00,11.8,0,22,0.916666667,
10/22/2024 23:00,11.3,0,23,0.958333333,
10/23/2024 0:00,10.3,0,0,0,
10/23/2024 1:00,10.9,0,1,0.041666667,
10/23/2024 2:00,10.5,1.2,2,0.083333333,
10/23/2024 3:00,9.4,0,3,0.125,
10/23/2024 4:00,9.2,0,4,0.166666667,
10/23/2024 5:00,9,0,5,0.208333333,
10/23/2024 6:00,8.7,0,6,0.25,
10/23/2024 7:00,9.3,0,7,0.291666667,
10/23/2024 8:00,8.7,0,8,0.333333333,
10/23/2024 9:00,8.4,0.1,9,0.375,
10/23/2024 10:00,9.4,0,10,0.416666667,
10/23/2024 11:00,9.5,0,11,0.458333333,
10/23/2024 12:00,10.8,0,12,0.5,
10/23/2024 13:00,11.1,0,13,0.541666667,
10/23/2024 14:00,12.3,0,14,0.583333333,
10/23/2024 15:00,12.8,0,15,0.625,
10/23/2024 16:00,12.9,0,16,0.666666667,
10/23/2024 17:00,13.3,0,17,0.708333333,
10/23/2024 18:00,12.6,0,18,0.75,
10/23/2024 19:00,12.8,0,19,0.791666667,
10/23/2024 20:00,12.3,0,20,0.833333333,
10/23/2024 21:00,11.4,0,21,0.875,
10/23/2024 22:00,10.2,0,22,0.916666667,
10/23/2024 23:00,11.3,0,23,0.958333333,
10/24/2024 0:00,9.6,0,0,0,
10/24/2024 1:00,8.3,0,1,0.041666667,
10/24/2024 2:00,8.6,0,2,0.083333333,
10/24/2024 3:00,8.2,0,3,0.125,
10/24/2024 4:00,7,0,4,0.166666667,
10/24/2024 5:00,6.6,0,5,0.208333333,
10/24/2024 6:00,6.5,0,6,0.25,
10/24/2024 7:00,5.5,0,7,0.291666667,
10/24/2024 8:00,5.8,0,8,0.333333333,
10/24/2024 9:00,5.1,0,9,0.375,
10/24/2024 10:00,6.2,0,10,0.416666667,
10/24/2024 11:00,7.8,0,11,0.458333333,
10/24/2024 12:00,11.2,0,12,0.5,
10/24/2024 13:00,11.5,0,13,0.541666667,
10/24/2024 14:00,13.7,0,14,0.583333333,
10/24/2024 15:00,14.6,0,15,0.625,
10/24/2024 16:00,14.9,0,16,0.666666667,
10/24/2024 17:00,14.7,0,17,0.708333333,
10/24/2024 18:00,14,0,18,0.75,
10/24/2024 19:00,12.9,0,19,0.791666667,
10/24/2024 20:00,12,0,20,0.833333333,
10/24/2024 21:00,11.7,0,21,0.875,
10/24/2024 22:00,11,0,22,0.916666667,
10/24/2024 23:00,12,0,23,0.958333333,
10/25/2024 0:00,11.7,0,0,0,
10/25/2024 1:00,11.6,0,1,0.041666667,
10/25/2024 2:00,12.4,0,2,0.083333333,
10/25/2024 3:00,10.2,0,3,0.125,
10/25/2024 4:00,10.1,0,4,0.166666667,
10/25/2024 5:00,10.3,0,5,0.208333333,
10/25/2024 6:00,10,0,6,0.25,
10/25/2024 7:00,9.5,0.4,7,0.291666667,
10/25/2024 8:00,10.3,0,8,0.333333333,
10/25/2024 9:00,10.8,2.3,9,0.375,
10/25/2024 10:00,11.5,0,10,0.416666667,
10/25/2024 11:00,11.9,0,11,0.458333333,
10/25/2024 12:00,13.5,0,12,0.5,
10/25/2024 13:00,15,0,13,0.541666667,
10/25/2024 14:00,15.1,0,14,0.583333333,
10/25/2024 15:00,15.6,0,15,0.625,
10/25/2024 16:00,16.2,0,16,0.666666667,
10/25/2024 17:00,16.6,0,17,0.708333333,
10/25/2024 18:00,16,0,18,0.75,
10/25/2024 19:00,14.3,0,19,0.791666667,
10/25/2024 20:00,13.5,0,20,0.833333333,
10/25/2024 21:00,12.9,0,21,0.875,
10/25/2024 22:00,12.5,0,22,0.916666667,
10/25/2024 23:00,11,0,23,0.958333333,
10/26/2024 0:00,11.7,0,0,0,
10/26/2024 1:00,11.1,0,1,0.041666667,
10/26/2024 2:00,11,0,2,0.083333333,
10/26/2024 3:00,10.9,0,3,0.125,
10/26/2024 4:00,10.5,0,4,0.166666667,
10/26/2024 5:00,10.5,0,5,0.208333333,
10/26/2024 6:00,10.6,0,6,0.25,
10/26/2024 7:00,10.2,0,7,0.291666667,
10/26/2024 8:00,10.7,0,8,0.333333333,
10/26/2024 9:00,10.4,0,9,0.375,
10/26/2024 10:00,11.5,0,10,0.416666667,
10/26/2024 11:00,12.4,0,11,0.458333333,
10/26/2024 12:00,14.4,0,12,0.5,
10/26/2024 13:00,16.5,0,13,0.541666667,
10/26/2024 14:00,17.6,0,14,0.583333333,
10/26/2024 15:00,18.4,0,15,0.625,
10/26/2024 16:00,18.6,0,16,0.666666667,
10/26/2024 17:00,18.3,0,17,0.708333333,
10/26/2024 18:00,17.3,0,18,0.75,
10/26/2024 19:00,16.5,0,19,0.791666667,
10/26/2024 20:00,15.4,0,20,0.833333333,
10/26/2024 21:00,14.8,0,21,0.875,
10/26/2024 22:00,15.1,0,22,0.916666667,
10/26/2024 23:00,14.1,0,23,0.958333333,
10/27/2024 0:00,13.8,0,0,0,
10/27/2024 1:00,13.3,0,1,0.041666667,
10/27/2024 2:00,11.8,0,2,0.083333333,
10/27/2024 3:00,12.3,0,3,0.125,
10/27/2024 4:00,12.2,0,4,0.166666667,
10/27/2024 5:00,11.1,0,5,0.208333333,
10/27/2024 6:00,10.8,0,6,0.25,
10/27/2024 7:00,12.1,0,7,0.291666667,
10/27/2024 8:00,12.1,0,8,0.333333333,
10/27/2024 9:00,12.3,0,9,0.375,
10/27/2024 10:00,12.6,0,10,0.416666667,
10/27/2024 11:00,13.5,0,11,0.458333333,
10/27/2024 12:00,14.6,0,12,0.5,
10/27/2024 13:00,15.4,0,13,0.541666667,
10/27/2024 14:00,15.4,0,14,0.583333333,
10/27/2024 15:00,15.9,0,15,0.625,
10/27/2024 16:00,15.9,0,16,0.666666667,
10/27/2024 17:00,14.4,0,17,0.708333333,
10/27/2024 18:00,14.4,0,18,0.75,
10/27/2024 19:00,13.2,0,19,0.791666667,
10/27/2024 20:00,13.2,0,20,0.833333333,
10/27/2024 21:00,13,0,21,0.875,
10/27/2024 22:00,12.5,0,22,0.916666667,
10/27/2024 23:00,11.5,0,23,0.958333333,
10/28/2024 0:00,10.9,0,0,0,
10/28/2024 1:00,9.7,0,1,0.041666667,
10/28/2024 2:00,9.4,0,2,0.083333333,
10/28/2024 3:00,9.4,0,3,0.125,
10/28/2024 4:00,9.1,0,4,0.166666667,
10/28/2024 5:00,9.1,0,5,0.208333333,
10/28/2024 6:00,9.1,0,6,0.25,
10/28/2024 7:00,9.2,0,7,0.291666667,
10/28/2024 8:00,9.9,0,8,0.333333333,
10/28/2024 9:00,9.9,0,9,0.375,
10/28/2024 10:00,10.3,0,10,0.416666667,
10/28/2024 11:00,11.3,0,11,0.458333333,
10/28/2024 12:00,11.2,0.2,12,0.5,
10/28/2024 13:00,11.4,1.2,13,0.541666667,
10/28/2024 14:00,12.1,0.9,14,0.583333333,
10/28/2024 15:00,12.1,0,15,0.625,
10/28/2024 16:00,12.5,0.2,16,0.666666667,
10/28/2024 17:00,12.9,0,17,0.708333333,
10/28/2024 18:00,12.8,0.2,18,0.75,
10/28/2024 19:00,12.9,0,19,0.791666667,
10/28/2024 20:00,12.9,0,20,0.833333333,
10/28/2024 21:00,12.9,0.1,21,0.875,
10/28/2024 22:00,12.7,0,22,0.916666667,
10/28/2024 23:00,12.8,0.2,23,0.958333333,
10/29/2024 0:00,12.8,0.8,0,0,
10/29/2024 1:00,12.5,0.3,1,0.041666667,
10/29/2024 2:00,12.7,0.2,2,0.083333333,
10/29/2024 3:00,12.6,0.1,3,0.125,
10/29/2024 4:00,12.4,0,4,0.166666667,
10/29/2024 5:00,12.5,0,5,0.208333333,
10/29/2024 6:00,12.1,0,6,0.25,
10/29/2024 7:00,12.2,0.1,7,0.291666667,
10/29/2024 8:00,12.6,0,8,0.333333333,
10/29/2024 9:00,12.5,0.1,9,0.375,
10/29/2024 10:00,12.8,0,10,0.416666667,
10/29/2024 11:00,12.9,0.1,11,0.458333333,
10/29/2024 12:00,13,0,12,0.5,
10/29/2024 13:00,14.4,0,13,0.541666667,
10/29/2024 14:00,13.9,0.1,14,0.583333333,
10/29/2024 15:00,15.1,0.1,15,0.625,
10/29/2024 16:00,14.9,0,16,0.666666667,
10/29/2024 17:00,14.2,0.1,17,0.708333333,
10/29/2024 18:00,13.9,0,18,0.75,
10/29/2024 19:00,13.9,0,19,0.791666667,
10/29/2024 20:00,13.3,0.4,20,0.833333333,
10/29/2024 21:00,13.4,0,21,0.875,
10/29/2024 22:00,13.2,0.3,22,0.916666667,
10/29/2024 23:00,13.1,0.2,23,0.958333333,
10/30/2024 0:00,13,0.2,0,0,
10/30/2024 1:00,13.2,0,1,0.041666667,
10/30/2024 2:00,13.3,0,2,0.083333333,
10/30/2024 3:00,12.8,0,3,0.125,
10/30/2024 4:00,13,0,4,0.166666667,
10/30/2024 5:00,12.4,0,5,0.208333333,
10/30/2024 6:00,10.5,0,6,0.25,
10/30/2024 7:00,12.1,0,7,0.291666667,
10/30/2024 8:00,12.6,0,8,0.333333333,
10/30/2024 9:00,11.9,0,9,0.375,
10/30/2024 10:00,12.6,0,10,0.416666667,
10/30/2024 11:00,13.2,0,11,0.458333333,
10/30/2024 12:00,13.1,0,12,0.5,
10/30/2024 13:00,14.2,0.1,13,0.541666667,
10/30/2024 14:00,14.8,0,14,0.583333333,
10/30/2024 15:00,14.7,0,15,0.625,
10/30/2024 16:00,14.7,0,16,0.666666667,
10/30/2024 17:00,14.2,0,17,0.708333333,
10/30/2024 18:00,13.3,0,18,0.75,
10/30/2024 19:00,13.4,0,19,0.791666667,
10/30/2024 20:00,13.3,0,20,0.833333333,
10/30/2024 21:00,12.7,0,21,0.875,
10/30/2024 22:00,12.8,0,22,0.916666667,
10/30/2024 23:00,12.6,0,23,0.958333333,
10/31/2024 0:00,12.5,0,0,0,
10/31/2024 1:00,12.5,0,1,0.041666667,
10/31/2024 2:00,12.1,0,2,0.083333333,
10/31/2024 3:00,12.3,0,3,0.125,
10/31/2024 4:00,12.2,0,4,0.166666667,
10/31/2024 5:00,12.1,0,5,0.208333333,
10/31/2024 6:00,11.9,0,6,0.25,
10/31/2024 7:00,11.2,0,7,0.291666667,
10/31/2024 8:00,11.7,0,8,0.333333333,
10/31/2024 9:00,11.8,0,9,0.375,
10/31/2024 10:00,11.4,0,10,0.416666667,
10/31/2024 11:00,12.7,0,11,0.458333333,
10/31/2024 12:00,13.2,0,12,0.5,
10/31/2024 13:00,13.4,0,13,0.541666667,
10/31/2024 14:00,13.7,0,14,0.583333333,
10/31/2024 15:00,14.4,0,15,0.625,
10/31/2024 16:00,14.1,0,16,0.666666667,
10/31/2024 17:00,13.7,0,17,0.708333333,
10/31/2024 18:00,13,0,18,0.75,
10/31/2024 19:00,12.1,0,19,0.791666667,
10/31/2024 20:00,12.5,0,20,0.833333333,
10/31/2024 21:00,11.8,0,21,0.875,
10/31/2024 22:00,10.4,0,22,0.916666667,
10/31/2024 23:00,11.9,0,23,0.958333333,
11/1/2024 0:00,9.9,0,0,0,
11/1/2024 1:00,9.2,0,1,0.041666667,
11/1/2024 2:00,10.4,0,2,0.083333333,
11/1/2024 3:00,8.7,0,3,0.125,
11/1/2024 4:00,9.3,0,4,0.166666667,
11/1/2024 5:00,10.4,0,5,0.208333333,
11/1/2024 6:00,9.5,0,6,0.25,
11/1/2024 7:00,10,0,7,0.291666667,
11/1/2024 8:00,11,0,8,0.333333333,
11/1/2024 9:00,10.8,0,9,0.375,
11/1/2024 10:00,11.4,0,10,0.416666667,
11/1/2024 11:00,11.7,0,11,0.458333333,
11/1/2024 12:00,12,0,12,0.5,
11/1/2024 13:00,11.7,0,13,0.541666667,
11/1/2024 14:00,11.9,0,14,0.583333333,
11/1/2024 15:00,11.6,0,15,0.625,
11/1/2024 16:00,12,0,16,0.666666667,
11/1/2024 17:00,12,0,17,0.708333333,
11/1/2024 18:00,11.5,0,18,0.75,
11/1/2024 19:00,11.2,0,19,0.791666667,
11/1/2024 20:00,11.3,0,20,0.833333333,
11/1/2024 21:00,11.2,0,21,0.875,
11/1/2024 22:00,10.9,0,22,0.916666667,
11/1/2024 23:00,11.3,0,23,0.958333333,
11/2/2024 0:00,11.3,0.1,0,0,
11/2/2024 1:00,11.2,0.1,1,0.041666667,
11/2/2024 2:00,12.2,0,2,0.083333333,
11/2/2024 3:00,11.9,0,3,0.125,
11/2/2024 4:00,11.7,0,4,0.166666667,
11/2/2024 5:00,10.3,0,5,0.208333333,
11/2/2024 6:00,9.8,0,6,0.25,
11/2/2024 7:00,10.3,0,7,0.291666667,
11/2/2024 8:00,8.1,0,8,0.333333333,
11/2/2024 9:00,7.8,0,9,0.375,
11/2/2024 10:00,9.1,0,10,0.416666667,
11/2/2024 11:00,10.1,0,11,0.458333333,
11/2/2024 12:00,11.4,0,12,0.5,
11/2/2024 13:00,12.2,0,13,0.541666667,
11/2/2024 14:00,12,0,14,0.583333333,
11/2/2024 15:00,11.8,0,15,0.625,
11/2/2024 16:00,12,0,16,0.666666667,
11/2/2024 17:00,11.2,0,17,0.708333333,
11/2/2024 18:00,9.6,0,18,0.75,
11/2/2024 19:00,10.5,0,19,0.791666667,
11/2/2024 20:00,8.1,0,20,0.833333333,
11/2/2024 21:00,7.1,0,21,0.875,
11/2/2024 22:00,7.6,0,22,0.916666667,
11/2/2024 23:00,5.9,0,23,0.958333333,
11/3/2024 0:00,5.6,0,0,0,
11/3/2024 1:00,5.6,0,1,0.041666667,
11/3/2024 2:00,4.2,0,2,0.083333333,
11/3/2024 3:00,4.1,0,3,0.125,
11/3/2024 4:00,4.1,0,4,0.166666667,
11/3/2024 5:00,3,0,5,0.208333333,
11/3/2024 6:00,2.8,0,6,0.25,
11/3/2024 7:00,3.3,0,7,0.291666667,
11/3/2024 8:00,2.6,0,8,0.333333333,
11/3/2024 9:00,2.7,0,9,0.375,
11/3/2024 10:00,4.1,0,10,0.416666667,
11/3/2024 11:00,5.7,0,11,0.458333333,
11/3/2024 12:00,7.7,0,12,0.5,
11/3/2024 13:00,9,0,13,0.541666667,
11/3/2024 14:00,9.6,0,14,0.583333333,
11/3/2024 15:00,10.6,0,15,0.625,
11/3/2024 16:00,10.6,0,16,0.666666667,
11/3/2024 17:00,10,0,17,0.708333333,
11/3/2024 18:00,8.9,0,18,0.75,
11/3/2024 19:00,7.7,0,19,0.791666667,
11/3/2024 20:00,6.2,0,20,0.833333333,
11/3/2024 21:00,5.8,0,21,0.875,
11/3/2024 22:00,5.3,0,22,0.916666667,
11/3/2024 23:00,4.2,0,23,0.958333333,
11/4/2024 0:00,4.5,0,0,0,
11/4/2024 1:00,4.2,0,1,0.041666667,
11/4/2024 2:00,4.3,0,2,0.083333333,
11/4/2024 3:00,4.8,0,3,0.125,
11/4/2024 4:00,4,0,4,0.166666667,
11/4/2024 5:00,4.5,0,5,0.208333333,
11/4/2024 6:00,4.9,0,6,0.25,
11/4/2024 7:00,6,0,7,0.291666667,
11/4/2024 8:00,7.1,0,8,0.333333333,
11/4/2024 9:00,7.8,0,9,0.375,
11/4/2024 10:00,5.8,0,10,0.416666667,
11/4/2024 11:00,9,0,11,0.458333333,
11/4/2024 12:00,8.7,0,12,0.5,
11/4/2024 13:00,9.2,0,13,0.541666667,
11/4/2024 14:00,10.8,0,14,0.583333333,
11/4/2024 15:00,10.6,0,15,0.625,
11/4/2024 16:00,10.6,0,16,0.666666667,
11/4/2024 17:00,10.6,0,17,0.708333333,
11/4/2024 18:00,10.1,0,18,0.75,
11/4/2024 19:00,9.4,0,19,0.791666667,
11/4/2024 20:00,7.8,0,20,0.833333333,
11/4/2024 21:00,8.6,0,21,0.875,
11/4/2024 22:00,8.4,0,22,0.916666667,
11/4/2024 23:00,6.5,0,23,0.958333333,
11/5/2024 0:00,7.6,0,0,0,
11/5/2024 1:00,7.2,0,1,0.041666667,
11/5/2024 2:00,7,0,2,0.083333333,
11/5/2024 3:00,6.7,0,3,0.125,
11/5/2024 4:00,6.6,0,4,0.166666667,
11/5/2024 5:00,6.3,0,5,0.208333333,
11/5/2024 6:00,6.4,0,6,0.25,
11/5/2024 7:00,5.2,0,7,0.291666667,
11/5/2024 8:00,5.4,0,8,0.333333333,
11/5/2024 9:00,5,0,9,0.375,
11/5/2024 10:00,4.9,0,10,0.416666667,
11/5/2024 11:00,5.2,0,11,0.458333333,
11/5/2024 12:00,6,0,12,0.5,
11/5/2024 13:00,7.4,0,13,0.541666667,
11/5/2024 14:00,8.3,0,14,0.583333333,
11/5/2024 15:00,10.3,0,15,0.625,
11/5/2024 16:00,10,0,16,0.666666667,
11/5/2024 17:00,9.4,0,17,0.708333333,
11/5/2024 18:00,9,0,18,0.75,
11/5/2024 19:00,7.2,0,19,0.791666667,
11/5/2024 20:00,6.2,0,20,0.833333333,
11/5/2024 21:00,5.7,0,21,0.875,
11/5/2024 22:00,5.4,0,22,0.916666667,
11/5/2024 23:00,4.1,0,23,0.958333333,
11/6/2024 0:00,3.6,0,0,0,
11/6/2024 1:00,4.6,0,1,0.041666667,
11/6/2024 2:00,2.6,0,2,0.083333333,
11/6/2024 3:00,3,0,3,0.125,
11/6/2024 4:00,3.6,0,4,0.166666667,
11/6/2024 5:00,2.3,0,5,0.208333333,
11/6/2024 6:00,2.4,0,6,0.25,
11/6/2024 7:00,2.9,0,7,0.291666667,
11/6/2024 8:00,0.5,0,8,0.333333333,
11/6/2024 9:00,1.8,0,9,0.375,
11/6/2024 10:00,3.9,0,10,0.416666667,
11/6/2024 11:00,3.7,0,11,0.458333333,
11/6/2024 12:00,4.5,0,12,0.5,
11/6/2024 13:00,6.3,0,13,0.541666667,
11/6/2024 14:00,7.9,0,14,0.583333333,
11/6/2024 15:00,6.9,0,15,0.625,
11/6/2024 16:00,7.1,0,16,0.666666667,
11/6/2024 17:00,8.4,0,17,0.708333333,
11/6/2024 18:00,7,0,18,0.75,
11/6/2024 19:00,7,0,19,0.791666667,
11/6/2024 20:00,7.6,0,20,0.833333333,
11/6/2024 21:00,7.1,0,21,0.875,
11/6/2024 22:00,6.9,0,22,0.916666667,
11/6/2024 23:00,7.6,0,23,0.958333333,
11/7/2024 0:00,7.3,0,0,0,
11/7/2024 1:00,6.5,0,1,0.041666667,
11/7/2024 2:00,7.4,0,2,0.083333333,
11/7/2024 3:00,6.5,0,3,0.125,
11/7/2024 4:00,6.1,0,4,0.166666667,
11/7/2024 5:00,6.6,0,5,0.208333333,
11/7/2024 6:00,6.1,0,6,0.25,
11/7/2024 7:00,5.4,0,7,0.291666667,
11/7/2024 8:00,6.2,0,8,0.333333333,
11/7/2024 9:00,5.6,0,9,0.375,
11/7/2024 10:00,5.3,0,10,0.416666667,
11/7/2024 11:00,5.6,0,11,0.458333333,
11/7/2024 12:00,5.6,0,12,0.5,
11/7/2024 13:00,5,0,13,0.541666667,
11/7/2024 14:00,5.6,0,14,0.583333333,
11/7/2024 15:00,5.7,0,15,0.625,
11/7/2024 16:00,5.3,0,16,0.666666667,
11/7/2024 17:00,5.7,0,17,0.708333333,
11/7/2024 18:00,5.3,0,18,0.75,
11/7/2024 19:00,5,0,19,0.791666667,
11/7/2024 20:00,5.3,0,20,0.833333333,
11/7/2024 21:00,4.7,0,21,0.875,
11/7/2024 22:00,4.6,0,22,0.916666667,
11/7/2024 23:00,5.1,0,23,0.958333333,
11/8/2024 0:00,4.6,0,0,0,
11/8/2024 1:00,4.2,0,1,0.041666667,
11/8/2024 2:00,4.6,0,2,0.083333333,
11/8/2024 3:00,4.4,0,3,0.125,
11/8/2024 4:00,4.2,0,4,0.166666667,
11/8/2024 5:00,4.6,0,5,0.208333333,
11/8/2024 6:00,4.3,0,6,0.25,
11/8/2024 7:00,4,0,7,0.291666667,
11/8/2024 8:00,4.7,0,8,0.333333333,
11/8/2024 9:00,4.4,0,9,0.375,
11/8/2024 10:00,4,0,10,0.416666667,
11/8/2024 11:00,4.4,0,11,0.458333333,
11/8/2024 12:00,4.6,0,12,0.5,
11/8/2024 13:00,4.5,0,13,0.541666667,
11/8/2024 14:00,4.9,0,14,0.583333333,
11/8/2024 15:00,5.2,0,15,0.625,
11/8/2024 16:00,4.9,0,16,0.666666667,
11/8/2024 17:00,4.9,0,17,0.708333333,
11/8/2024 18:00,5.1,0,18,0.75,
11/8/2024 19:00,5.3,0,19,0.791666667,
11/8/2024 20:00,5.1,0,20,0.833333333,
11/8/2024 21:00,5.3,0,21,0.875,
11/8/2024 22:00,5.5,0,22,0.916666667,
11/8/2024 23:00,4.7,0,23,0.958333333,
11/9/2024 0:00,5,0,0,0,
11/9/2024 1:00,5.5,0,1,0.041666667,
11/9/2024 2:00,5.4,0,2,0.083333333,
11/9/2024 3:00,5.4,0,3,0.125,
11/9/2024 4:00,5.3,0,4,0.166666667,
11/9/2024 5:00,5.3,0,5,0.208333333,
11/9/2024 6:00,5.5,0,6,0.25,
11/9/2024 7:00,5.5,0,7,0.291666667,
11/9/2024 8:00,5.5,0,8,0.333333333,
11/9/2024 9:00,4.6,0,9,0.375,
11/9/2024 10:00,6.2,0,10,0.416666667,
11/9/2024 11:00,6.5,0,11,0.458333333,
11/9/2024 12:00,5.7,0,12,0.5,
11/9/2024 13:00,7.6,0,13,0.541666667,
11/9/2024 14:00,8.6,0,14,0.583333333,
11/9/2024 15:00,8,0,15,0.625,
11/9/2024 16:00,8.1,0,16,0.666666667,
11/9/2024 17:00,8.5,0,17,0.708333333,
11/9/2024 18:00,7.7,0,18,0.75,
11/9/2024 19:00,7.7,0,19,0.791666667,
11/9/2024 20:00,6.9,0,20,0.833333333,
11/9/2024 21:00,7,0,21,0.875,
11/9/2024 22:00,7.2,0,22,0.916666667,
11/9/2024 23:00,6.6,0,23,0.958333333,
11/10/2024 0:00,7,0,0,0,
11/10/2024 1:00,6.9,0,1,0.041666667,
11/10/2024 2:00,6.3,0,2,0.083333333,
11/10/2024 3:00,7.1,0,3,0.125,
11/10/2024 4:00,7,0,4,0.166666667,
11/10/2024 5:00,6.4,0,5,0.208333333,
11/10/2024 6:00,7.2,0.1,6,0.25,
11/10/2024 7:00,7.1,0,7,0.291666667,
11/10/2024 8:00,6.6,0,8,0.333333333,
11/10/2024 9:00,6.6,0,9,0.375,
11/10/2024 10:00,7.3,0,10,0.416666667,
11/10/2024 11:00,6.6,0,11,0.458333333,
11/10/2024 12:00,7.7,0,12,0.5,
11/10/2024 13:00,9,0,13,0.541666667,
11/10/2024 14:00,8.2,0,14,0.583333333,
11/10/2024 15:00,8.6,0,15,0.625,
11/10/2024 16:00,9.7,0,16,0.666666667,
11/10/2024 17:00,8.7,0,17,0.708333333,
11/10/2024 18:00,8.6,0,18,0.75,
11/10/2024 19:00,9.2,0.1,19,0.791666667,
11/10/2024 20:00,8.8,0.1,20,0.833333333,
11/10/2024 21:00,8.4,0,21,0.875,
11/10/2024 22:00,8.9,0,22,0.916666667,
11/10/2024 23:00,8.6,0,23,0.958333333,
11/11/2024 0:00,8.4,0,0,0,
11/11/2024 1:00,8.8,0,1,0.041666667,
11/11/2024 2:00,8.5,0,2,0.083333333,
11/11/2024 3:00,8.6,0,3,0.125,
11/11/2024 4:00,8.7,0,4,0.166666667,
11/11/2024 5:00,8.2,0,5,0.208333333,
11/11/2024 6:00,8.5,0.1,6,0.25,
11/11/2024 7:00,8.4,1.9,7,0.291666667,
11/11/2024 8:00,8.1,0.3,8,0.333333333,
11/11/2024 9:00,7.9,0.9,9,0.375,
11/11/2024 10:00,9.6,0,10,0.416666667,
11/11/2024 11:00,10.2,0,11,0.458333333,
11/11/2024 12:00,10.9,0,12,0.5,
11/11/2024 13:00,11.6,0,13,0.541666667,
11/11/2024 14:00,9.7,0.9,14,0.583333333,
11/11/2024 15:00,10,0.8,15,0.625,
11/11/2024 16:00,9.4,0.2,16,0.666666667,
11/11/2024 17:00,9.9,2.2,17,0.708333333,
11/11/2024 18:00,10.1,0.1,18,0.75,
11/11/2024 19:00,10.1,1,19,0.791666667,
11/11/2024 20:00,9.8,0.5,20,0.833333333,
11/11/2024 21:00,9.6,0.7,21,0.875,
11/11/2024 22:00,9.3,0.1,22,0.916666667,
11/11/2024 23:00,9.4,4.1,23,0.958333333,
11/12/2024 0:00,9.4,0.5,0,0,
11/12/2024 1:00,9.3,0.3,1,0.041666667,
11/12/2024 2:00,9.2,0.5,2,0.083333333,
11/12/2024 3:00,8.7,0,3,0.125,
11/12/2024 4:00,8.4,0,4,0.166666667,
11/12/2024 5:00,8.2,0,5,0.208333333,
11/12/2024 6:00,8,0,6,0.25,
11/12/2024 7:00,8.3,0,7,0.291666667,
11/12/2024 8:00,7.9,0,8,0.333333333,
11/12/2024 9:00,6.4,0,9,0.375,
11/12/2024 10:00,7.7,0,10,0.416666667,
11/12/2024 11:00,7,0,11,0.458333333,
11/12/2024 12:00,7.5,0,12,0.5,
11/12/2024 13:00,8.7,0,13,0.541666667,
11/12/2024 14:00,9.9,0,14,0.583333333,
11/12/2024 15:00,9.8,0,15,0.625,
11/12/2024 16:00,9.5,0,16,0.666666667,
11/12/2024 17:00,9.1,0,17,0.708333333,
11/12/2024 18:00,9.4,0,18,0.75,
11/12/2024 19:00,7,0,19,0.791666667,
11/12/2024 20:00,6.8,0,20,0.833333333,
11/12/2024 21:00,6.7,0,21,0.875,
11/12/2024 22:00,8.1,0,22,0.916666667,
11/12/2024 23:00,7.8,0,23,0.958333333,
11/13/2024 0:00,6.9,0,0,0,
11/13/2024 1:00,7.9,0,1,0.041666667,
11/13/2024 2:00,7.2,0,2,0.083333333,
11/13/2024 3:00,6.4,0,3,0.125,
11/13/2024 4:00,7.2,0,4,0.166666667,
11/13/2024 5:00,6.6,0,5,0.208333333,
11/13/2024 6:00,6.1,0,6,0.25,
11/13/2024 7:00,6.2,0,7,0.291666667,
11/13/2024 8:00,6.7,0,8,0.333333333,
11/13/2024 9:00,6.4,0,9,0.375,
11/13/2024 10:00,7.1,0,10,0.416666667,
11/13/2024 11:00,7.3,0.1,11,0.458333333,
11/13/2024 12:00,7.9,0,12,0.5,
11/13/2024 13:00,7.8,0,13,0.541666667,
11/13/2024 14:00,8.7,0,14,0.583333333,
11/13/2024 15:00,9.5,0,15,0.625,
11/13/2024 16:00,9.4,0,16,0.666666667,
11/13/2024 17:00,9.9,0,17,0.708333333,
11/13/2024 18:00,10.2,0,18,0.75,
11/13/2024 19:00,9.9,0,19,0.791666667,
11/13/2024 20:00,10,0,20,0.833333333,
11/13/2024 21:00,10.1,0,21,0.875,
11/13/2024 22:00,9.9,0,22,0.916666667,
11/13/2024 23:00,10.1,0.1,23,0.958333333,
11/14/2024 0:00,9.8,0,0,0,
11/14/2024 1:00,9.7,0.2,1,0.041666667,
11/14/2024 2:00,10.1,0,2,0.083333333,
11/14/2024 3:00,10.2,0,3,0.125,
11/14/2024 4:00,10.3,0,4,0.166666667,
11/14/2024 5:00,10.8,0,5,0.208333333,
11/14/2024 6:00,10.4,0,6,0.25,
11/14/2024 7:00,9.7,0,7,0.291666667,
11/14/2024 8:00,9.8,0,8,0.333333333,
11/14/2024 9:00,9.9,0,9,0.375,
11/14/2024 10:00,9.2,0,10,0.416666667,
11/14/2024 11:00,10,0,11,0.458333333,
11/14/2024 12:00,10.1,0,12,0.5,
11/14/2024 13:00,10.5,0,13,0.541666667,
11/14/2024 14:00,11.1,0,14,0.583333333,
11/14/2024 15:00,10.7,0,15,0.625,
11/14/2024 16:00,10.8,0,16,0.666666667,
11/14/2024 17:00,10.6,0,17,0.708333333,
11/14/2024 18:00,10.1,0,18,0.75,
11/14/2024 19:00,9.9,0,19,0.791666667,
11/14/2024 20:00,9.6,0,20,0.833333333,
11/14/2024 21:00,9.3,0,21,0.875,
11/14/2024 22:00,9.3,0,22,0.916666667,
11/14/2024 23:00,8,0,23,0.958333333,
11/15/2024 0:00,8.2,0,0,0,
11/15/2024 1:00,7.9,0,1,0.041666667,
11/15/2024 2:00,8.1,0,2,0.083333333,
11/15/2024 3:00,8.1,0,3,0.125,
11/15/2024 4:00,7.2,0,4,0.166666667,
11/15/2024 5:00,8.3,0,5,0.208333333,
11/15/2024 6:00,8.4,0,6,0.25,
11/15/2024 7:00,8,0,7,0.291666667,
11/15/2024 8:00,8.5,0,8,0.333333333,
11/15/2024 9:00,8.5,0,9,0.375,
11/15/2024 10:00,8.3,0,10,0.416666667,
11/15/2024 11:00,8.6,0,11,0.458333333,
11/15/2024 12:00,9.4,0,12,0.5,
11/15/2024 13:00,10.3,0,13,0.541666667,
11/15/2024 14:00,10.7,0,14,0.583333333,
11/15/2024 15:00,9.9,0,15,0.625,
11/15/2024 16:00,10.5,0,16,0.666666667,
11/15/2024 17:00,10.1,0,17,0.708333333,
11/15/2024 18:00,9.3,0,18,0.75,
11/15/2024 19:00,9.6,0,19,0.791666667,
11/15/2024 20:00,8.6,0,20,0.833333333,
11/15/2024 21:00,7.1,0,21,0.875,
11/15/2024 22:00,8.5,0,22,0.916666667,
11/15/2024 23:00,7.7,0,23,0.958333333,
11/16/2024 0:00,6.5,0,0,0,
11/16/2024 1:00,7,0,1,0.041666667,
11/16/2024 2:00,6.7,0,2,0.083333333,
11/16/2024 3:00,7.3,0,3,0.125,
11/16/2024 4:00,7.1,0,4,0.166666667,
11/16/2024 5:00,7.4,0,5,0.208333333,
11/16/2024 6:00,7.6,0,6,0.25,
11/16/2024 7:00,7.5,0,7,0.291666667,
11/16/2024 8:00,7.8,0,8,0.333333333,
11/16/2024 9:00,7.5,0,9,0.375,
11/16/2024 10:00,7.8,0,10,0.416666667,
11/16/2024 11:00,7.9,0,11,0.458333333,
11/16/2024 12:00,7.8,0,12,0.5,
11/16/2024 13:00,7.9,0,13,0.541666667,
11/16/2024 14:00,8,0,14,0.583333333,
11/16/2024 15:00,7.9,0,15,0.625,
11/16/2024 16:00,7.5,0,16,0.666666667,
11/16/2024 17:00,7.4,0,17,0.708333333,
11/16/2024 18:00,7.5,0.1,18,0.75,
11/16/2024 19:00,7.4,0.2,19,0.791666667,
11/16/2024 20:00,7.4,0.1,20,0.833333333,
11/16/2024 21:00,7.5,0.4,21,0.875,
11/16/2024 22:00,7.1,0.6,22,0.916666667,
11/16/2024 23:00,7.6,0.9,23,0.958333333,
11/17/2024 0:00,7.6,0.7,0,0,
11/17/2024 1:00,7.8,0.1,1,0.041666667,
11/17/2024 2:00,8.1,0,2,0.083333333,
11/17/2024 3:00,7.8,0,3,0.125,
11/17/2024 4:00,8.1,0,4,0.166666667,
11/17/2024 5:00,7.8,0,5,0.208333333,
11/17/2024 6:00,8.2,0,6,0.25,
11/17/2024 7:00,7.4,0.3,7,0.291666667,
11/17/2024 8:00,7.1,0,8,0.333333333,
11/17/2024 9:00,6.6,0,9,0.375,
11/17/2024 10:00,6.6,0,10,0.416666667,
11/17/2024 11:00,6.6,0,11,0.458333333,
11/17/2024 12:00,7.7,0,12,0.5,
11/17/2024 13:00,8,0,13,0.541666667,
11/17/2024 14:00,8.2,0,14,0.583333333,
11/17/2024 15:00,6.7,2.2,15,0.625,
11/17/2024 16:00,6.9,2.9,16,0.666666667,
11/17/2024 17:00,5.7,0.1,17,0.708333333,
11/17/2024 18:00,5.3,0,18,0.75,
11/17/2024 19:00,5.7,0.7,19,0.791666667,
11/17/2024 20:00,4.8,0.1,20,0.833333333,
11/17/2024 21:00,4.7,0,21,0.875,
11/17/2024 22:00,4.4,0.1,22,0.916666667,
11/17/2024 23:00,4.2,0.1,23,0.958333333,
11/18/2024 0:00,4.3,0.4,0,0,
11/18/2024 1:00,4.5,0.1,1,0.041666667,
11/18/2024 2:00,4.1,2.8,2,0.083333333,
11/18/2024 3:00,4.4,0,3,0.125,
11/18/2024 4:00,3.4,0,4,0.166666667,
11/18/2024 5:00,3.9,0,5,0.208333333,
11/18/2024 6:00,4.6,2,6,0.25,
11/18/2024 7:00,3.3,0,7,0.291666667,
11/18/2024 8:00,2.8,0,8,0.333333333,
11/18/2024 9:00,3.4,0,9,0.375,
11/18/2024 10:00,3.3,0,10,0.416666667,
11/18/2024 11:00,3.6,0,11,0.458333333,
11/18/2024 12:00,5.2,0,12,0.5,
11/18/2024 13:00,6.3,0.1,13,0.541666667,
11/18/2024 14:00,6.8,0,14,0.583333333,
11/18/2024 15:00,7.6,0,15,0.625,
11/18/2024 16:00,7.2,0,16,0.666666667,
11/18/2024 17:00,6.4,0,17,0.708333333,
11/18/2024 18:00,5.4,0,18,0.75,
11/18/2024 19:00,4.3,0,19,0.791666667,
11/18/2024 20:00,3.9,0,20,0.833333333,
11/18/2024 21:00,3.7,0,21,0.875,
11/18/2024 22:00,2.9,0,22,0.916666667,
11/18/2024 23:00,3.4,0,23,0.958333333,
11/19/2024 0:00,3.4,0,0,0,
11/19/2024 1:00,3.4,0,1,0.041666667,
11/19/2024 2:00,3.5,0,2,0.083333333,
11/19/2024 3:00,3.7,0.1,3,0.125,
11/19/2024 4:00,3.6,0.3,4,0.166666667,
11/19/2024 5:00,3.2,0.4,5,0.208333333,
11/19/2024 6:00,3.6,1.8,6,0.25,
11/19/2024 7:00,3,2.6,7,0.291666667,
11/19/2024 8:00,1.4,2.9,8,0.333333333,
11/19/2024 9:00,1.7,2.3,9,0.375,
11/19/2024 10:00,0.9,1.9,10,0.416666667,
11/19/2024 11:00,1.2,0.5,11,0.458333333,
11/19/2024 12:00,2,0.1,12,0.5,
11/19/2024 13:00,1.5,0,13,0.541666667,
11/19/2024 14:00,2.1,0,14,0.583333333,
11/19/2024 15:00,2.7,0.3,15,0.625,
11/19/2024 16:00,1.5,0,16,0.666666667,
11/19/2024 17:00,2.8,0,17,0.708333333,
11/19/2024 18:00,2.4,0,18,0.75,
11/19/2024 19:00,2.5,0,19,0.791666667,
11/19/2024 20:00,2.1,0.2,20,0.833333333,
11/19/2024 21:00,1.4,0,21,0.875,
11/19/2024 22:00,2.2,0,22,0.916666667,
11/19/2024 23:00,0.8,0,23,0.958333333,
11/20/2024 0:00,1.5,0,0,0,
11/20/2024 1:00,0.3,0.1,1,0.041666667,
11/20/2024 2:00,-0.1,0,2,0.083333333,
11/20/2024 3:00,0.5,0,3,0.125,
11/20/2024 4:00,0.6,0,4,0.166666667,
11/20/2024 5:00,0.3,0,5,0.208333333,
11/20/2024 6:00,1,0.1,6,0.25,
11/20/2024 7:00,1.3,0,7,0.291666667,
11/20/2024 8:00,1.6,0,8,0.333333333,
11/20/2024 9:00,1.8,0.1,9,0.375,
11/20/2024 10:00,2,0,10,0.416666667,
11/20/2024 11:00,1.7,0,11,0.458333333,
11/20/2024 12:00,2.6,0.7,12,0.5,
11/20/2024 13:00,3.1,0.1,13,0.541666667,
11/20/2024 14:00,1.2,0.1,14,0.583333333,
11/20/2024 15:00,2.9,1,15,0.625,
11/20/2024 16:00,2.5,0,16,0.666666667,
11/20/2024 17:00,1.8,0,17,0.708333333,
11/20/2024 18:00,2.2,0.1,18,0.75,
11/20/2024 19:00,1.3,7.7,19,0.791666667,
11/20/2024 20:00,1.6,0.7,20,0.833333333,
11/20/2024 21:00,0.7,0,21,0.875,
11/20/2024 22:00,0.7,0.3,22,0.916666667,
11/20/2024 23:00,-0.1,0,23,0.958333333,
11/21/2024 0:00,-0.3,0,0,0,
11/21/2024 1:00,-0.5,0,1,0.041666667,
11/21/2024 2:00,-0.3,0,2,0.083333333,
11/21/2024 3:00,0.5,0,3,0.125,
11/21/2024 4:00,1.3,0.1,4,0.166666667,
11/21/2024 5:00,0.9,0.4,5,0.208333333,
11/21/2024 6:00,1.4,0,6,0.25,
11/21/2024 7:00,1.5,0,7,0.291666667,
11/21/2024 8:00,0.8,0.1,8,0.333333333,
11/21/2024 9:00,1,0,9,0.375,
11/21/2024 10:00,1,0,10,0.416666667,
11/21/2024 11:00,0.9,0,11,0.458333333,
11/21/2024 12:00,1.1,0.4,12,0.5,
11/21/2024 13:00,1.6,0.7,13,0.541666667,
11/21/2024 14:00,1.2,0,14,0.583333333,
11/21/2024 15:00,0.9,0.7,15,0.625,
11/21/2024 16:00,2.2,1,16,0.666666667,
11/21/2024 17:00,0.8,0,17,0.708333333,
11/21/2024 18:00,0.6,0.5,18,0.75,
11/21/2024 19:00,0.8,1.1,19,0.791666667,
11/21/2024 20:00,0.6,0.6,20,0.833333333,
11/21/2024 21:00,0.5,0.6,21,0.875,
11/21/2024 22:00,0.7,0.1,22,0.916666667,
11/21/2024 23:00,1.1,0.2,23,0.958333333,
11/22/2024 0:00,0.6,0.2,0,0,
11/22/2024 1:00,0.2,0,1,0.041666667,
11/22/2024 2:00,0.1,0,2,0.083333333,
11/22/2024 3:00,0,0,3,0.125,
11/22/2024 4:00,-0.5,0,4,0.166666667,
11/22/2024 5:00,-0.1,0,5,0.208333333,
11/22/2024 6:00,0,0.5,6,0.25,
11/22/2024 7:00,0.2,0.1,7,0.291666667,
11/22/2024 8:00,0.8,0,8,0.333333333,
11/22/2024 9:00,0.7,1,9,0.375,
11/22/2024 10:00,1,0,10,0.416666667,
11/22/2024 11:00,1.3,0,11,0.458333333,
11/22/2024 12:00,2.5,0,12,0.5,
11/22/2024 13:00,2.3,0.1,13,0.541666667,
11/22/2024 14:00,2.7,0.2,14,0.583333333,
11/22/2024 15:00,2.7,0.2,15,0.625,
11/22/2024 16:00,2,0.5,16,0.666666667,
11/22/2024 17:00,1.4,0.4,17,0.708333333,
11/22/2024 18:00,2.4,0.4,18,0.75,
11/22/2024 19:00,3.5,0,19,0.791666667,
11/22/2024 20:00,2.3,0,20,0.833333333,
11/22/2024 21:00,0.9,0,21,0.875,
11/22/2024 22:00,0.7,0,22,0.916666667,
11/22/2024 23:00,-0.1,0,23,0.958333333,
11/23/2024 0:00,-0.5,0,0,0,
11/23/2024 1:00,0.1,0,1,0.041666667,
11/23/2024 2:00,-0.1,0,2,0.083333333,
11/23/2024 3:00,-0.3,0,3,0.125,
11/23/2024 4:00,1.4,0,4,0.166666667,
11/23/2024 5:00,1.4,0.2,5,0.208333333,
11/23/2024 6:00,0.6,0,6,0.25,
11/23/2024 7:00,1.4,0,7,0.291666667,
11/23/2024 8:00,0.8,0,8,0.333333333,
11/23/2024 9:00,0.7,0,9,0.375,
11/23/2024 10:00,1.2,0,10,0.416666667,
11/23/2024 11:00,1.4,0.1,11,0.458333333,
11/23/2024 12:00,1.7,0,12,0.5,
11/23/2024 13:00,2.7,0,13,0.541666667,
11/23/2024 14:00,2.4,0.1,14,0.583333333,
11/23/2024 15:00,3,0.4,15,0.625,
11/23/2024 16:00,3.9,0.6,16,0.666666667,
11/23/2024 17:00,3.6,0.2,17,0.708333333,
11/23/2024 18:00,3.2,0.3,18,0.75,
11/23/2024 19:00,4.2,0.7,19,0.791666667,
11/23/2024 20:00,3.9,0.8,20,0.833333333,
11/23/2024 21:00,3.8,2.3,21,0.875,
11/23/2024 22:00,3.8,3,22,0.916666667,
11/23/2024 23:00,3.7,3.6,23,0.958333333,
11/24/2024 0:00,4.7,3.4,0,0,
11/24/2024 1:00,5.7,1.2,1,0.041666667,
11/24/2024 2:00,6.2,0.8,2,0.083333333,
11/24/2024 3:00,7,3.1,3,0.125,
11/24/2024 4:00,8.2,0.2,4,0.166666667,
11/24/2024 5:00,8.4,0,5,0.208333333,
11/24/2024 6:00,8.3,0.5,6,0.25,
11/24/2024 7:00,8.8,0.4,7,0.291666667,
11/24/2024 8:00,8.8,0,8,0.333333333,
11/24/2024 9:00,9.4,0,9,0.375,
11/24/2024 10:00,10,0,10,0.416666667,
11/24/2024 11:00,10.6,0,11,0.458333333,
11/24/2024 12:00,11.8,0,12,0.5,
11/24/2024 13:00,12.8,0,13,0.541666667,
11/24/2024 14:00,13.4,0,14,0.583333333,
11/24/2024 15:00,13.8,0,15,0.625,
11/24/2024 16:00,14.2,0,16,0.666666667,
11/24/2024 17:00,14.5,0,17,0.708333333,
11/24/2024 18:00,14.4,0,18,0.75,
11/24/2024 19:00,14.6,0,19,0.791666667,
11/24/2024 20:00,14.2,0,20,0.833333333,
11/24/2024 21:00,14.2,0,21,0.875,
11/24/2024 22:00,13.9,0,22,0.916666667,
11/24/2024 23:00,13.8,0,23,0.958333333,
11/25/2024 0:00,14.1,0,0,0,
11/25/2024 1:00,14.3,0,1,0.041666667,
11/25/2024 2:00,13.9,0,2,0.083333333,
11/25/2024 3:00,13.9,0,3,0.125,
11/25/2024 4:00,13.5,0,4,0.166666667,
11/25/2024 5:00,13.5,0,5,0.208333333,
11/25/2024 6:00,13.3,0,6,0.25,
11/25/2024 7:00,13.7,0,7,0.291666667,
11/25/2024 8:00,13.5,0.1,8,0.333333333,
11/25/2024 9:00,13.2,0,9,0.375,
11/25/2024 10:00,14,0,10,0.416666667,
11/25/2024 11:00,14.7,0,11,0.458333333,
11/25/2024 12:00,14.7,0,12,0.5,
11/25/2024 13:00,14.8,0.1,13,0.541666667,
11/25/2024 14:00,14.1,0.3,14,0.583333333,
11/25/2024 15:00,11.4,2.7,15,0.625,
11/25/2024 16:00,8.5,1.7,16,0.666666667,
11/25/2024 17:00,9.7,0.7,17,0.708333333,
11/25/2024 18:00,9.4,0.3,18,0.75,
11/25/2024 19:00,9.3,0,19,0.791666667,
11/25/2024 20:00,9.6,0,20,0.833333333,
11/25/2024 21:00,9.4,0,21,0.875,
11/25/2024 22:00,9.3,0,22,0.916666667,
11/25/2024 23:00,9,0,23,0.958333333,
11/26/2024 0:00,8.7,0,0,0,
11/26/2024 1:00,8.5,0,1,0.041666667,
11/26/2024 2:00,8.3,0,2,0.083333333,
11/26/2024 3:00,7.9,0,3,0.125,
11/26/2024 4:00,7.5,0,4,0.166666667,
11/26/2024 5:00,7.1,0,5,0.208333333,
11/26/2024 6:00,6.4,0,6,0.25,
11/26/2024 7:00,6.5,0,7,0.291666667,
11/26/2024 8:00,6.5,0,8,0.333333333,
11/26/2024 9:00,6.2,0,9,0.375,
11/26/2024 10:00,6.4,0,10,0.416666667,
11/26/2024 11:00,7.5,0,11,0.458333333,
11/26/2024 12:00,8,0,12,0.5,
11/26/2024 13:00,8.5,0,13,0.541666667,
11/26/2024 14:00,9.3,0,14,0.583333333,
11/26/2024 15:00,9.4,0,15,0.625,
11/26/2024 16:00,9.2,1.9,16,0.666666667,
11/26/2024 17:00,9,0.2,17,0.708333333,
11/26/2024 18:00,7.7,0.8,18,0.75,
11/26/2024 19:00,7.3,0,19,0.791666667,
11/26/2024 20:00,6.6,0,20,0.833333333,
11/26/2024 21:00,6.9,0,21,0.875,
11/26/2024 22:00,6.8,0,22,0.916666667,
11/26/2024 23:00,5.9,0,23,0.958333333,
11/27/2024 0:00,5.7,0,0,0,
11/27/2024 1:00,6.1,0,1,0.041666667,
11/27/2024 2:00,4.1,0,2,0.083333333,
11/27/2024 3:00,4.4,0,3,0.125,
11/27/2024 4:00,4.3,0,4,0.166666667,
11/27/2024 5:00,4.5,0,5,0.208333333,
11/27/2024 6:00,3.9,0,6,0.25,
11/27/2024 7:00,4.7,0,7,0.291666667,
11/27/2024 8:00,5.6,0,8,0.333333333,
11/27/2024 9:00,5.3,0,9,0.375,
11/27/2024 10:00,5.6,0.7,10,0.416666667,
11/27/2024 11:00,6.5,2.2,11,0.458333333,
11/27/2024 12:00,6.4,1.5,12,0.5,
11/27/2024 13:00,6.3,2.2,13,0.541666667,
11/27/2024 14:00,6.9,2.4,14,0.583333333,
11/27/2024 15:00,7.3,0.2,15,0.625,
11/27/2024 16:00,8.2,0.1,16,0.666666667,
11/27/2024 17:00,9.7,1.9,17,0.708333333,
11/27/2024 18:00,9.9,5.9,18,0.75,
11/27/2024 19:00,10.1,0.3,19,0.791666667,
11/27/2024 20:00,10.1,0.3,20,0.833333333,
11/27/2024 21:00,7.7,0,21,0.875,
11/27/2024 22:00,7,0,22,0.916666667,
11/27/2024 23:00,7.1,0,23,0.958333333,
11/28/2024 0:00,6,0,0,0,
11/28/2024 1:00,6.1,0.5,1,0.041666667,
11/28/2024 2:00,6.2,0.8,2,0.083333333,
11/28/2024 3:00,6.4,0.8,3,0.125,
11/28/2024 4:00,6.7,0,4,0.166666667,
11/28/2024 5:00,6.2,0.4,5,0.208333333,
11/28/2024 6:00,6.1,1.4,6,0.25,
11/28/2024 7:00,6.4,0,7,0.291666667,
11/28/2024 8:00,6.4,0,8,0.333333333,
11/28/2024 9:00,6.3,0.3,9,0.375,
11/28/2024 10:00,6.4,0,10,0.416666667,
11/28/2024 11:00,7.4,0,11,0.458333333,
11/28/2024 12:00,8,0,12,0.5,
11/28/2024 13:00,7.9,0,13,0.541666667,
11/28/2024 14:00,8.2,0.2,14,0.583333333,
11/28/2024 15:00,8.8,0,15,0.625,
11/28/2024 16:00,8.3,0,16,0.666666667,
11/28/2024 17:00,7.9,0,17,0.708333333,
11/28/2024 18:00,7.4,0,18,0.75,
11/28/2024 19:00,5.6,0,19,0.791666667,
11/28/2024 20:00,5.2,0,20,0.833333333,
11/28/2024 21:00,5.9,0,21,0.875,
11/28/2024 22:00,3.8,0,22,0.916666667,
11/28/2024 23:00,4.9,0,23,0.958333333,
11/29/2024 0:00,5.1,0,0,0,
11/29/2024 1:00,4.6,0,1,0.041666667,
11/29/2024 2:00,6,0,2,0.083333333,
11/29/2024 3:00,4.2,0,3,0.125,
11/29/2024 4:00,4.3,0,4,0.166666667,
11/29/2024 5:00,3.4,0,5,0.208333333,
11/29/2024 6:00,3.5,0,6,0.25,
11/29/2024 7:00,2.7,0,7,0.291666667,
11/29/2024 8:00,1.4,0,8,0.333333333,
11/29/2024 9:00,3.4,0,9,0.375,
11/29/2024 10:00,2.9,0,10,0.416666667,
11/29/2024 11:00,3.5,0,11,0.458333333,
11/29/2024 12:00,3.6,0,12,0.5,
11/29/2024 13:00,6.3,0,13,0.541666667,
11/29/2024 14:00,7,0,14,0.583333333,
11/29/2024 15:00,7.5,0,15,0.625,
11/29/2024 16:00,7.3,0,16,0.666666667,
11/29/2024 17:00,6.5,0,17,0.708333333,
11/29/2024 18:00,5.3,0,18,0.75,
11/29/2024 19:00,4.6,0,19,0.791666667,
11/29/2024 20:00,3.8,0,20,0.833333333,
11/29/2024 21:00,1.7,0,21,0.875,
11/29/2024 22:00,2.8,0,22,0.916666667,
11/29/2024 23:00,2.5,0,23,0.958333333,
11/30/2024 0:00,1.5,0,0,0,
11/30/2024 1:00,1.3,0,1,0.041666667,
11/30/2024 2:00,1.3,0,2,0.083333333,
11/30/2024 3:00,1.1,0,3,0.125,
11/30/2024 4:00,0.7,0,4,0.166666667,
11/30/2024 5:00,0.3,0,5,0.208333333,
11/30/2024 6:00,0.4,0,6,0.25,
11/30/2024 7:00,0.2,0,7,0.291666667,
11/30/2024 8:00,0.3,0,8,0.333333333,
11/30/2024 9:00,0.3,0,9,0.375,
11/30/2024 10:00,0.2,0,10,0.416666667,
11/30/2024 11:00,1.3,0,11,0.458333333,
11/30/2024 12:00,2.7,0,12,0.5,
11/30/2024 13:00,3.3,0,13,0.541666667,
11/30/2024 14:00,4.8,0,14,0.583333333,
11/30/2024 15:00,5.4,0,15,0.625,
11/30/2024 16:00,4.9,0,16,0.666666667,
11/30/2024 17:00,5.4,0,17,0.708333333,
11/30/2024 18:00,4.6,0,18,0.75,
11/30/2024 19:00,3.4,0,19,0.791666667,
11/30/2024 20:00,3.5,0,20,0.833333333,
11/30/2024 21:00,4.2,0,21,0.875,
11/30/2024 22:00,4,0,22,0.916666667,
11/30/2024 23:00,4,0,23,0.958333333,
12/1/2024 0:00,4.4,0,0,0,
12/1/2024 1:00,4.5,0,1,0.041666667,
12/1/2024 2:00,4.4,0,2,0.083333333,
12/1/2024 3:00,4.1,0,3,0.125,
12/1/2024 4:00,4.5,0,4,0.166666667,
12/1/2024 5:00,4.1,0,5,0.208333333,
12/1/2024 6:00,4,0,6,0.25,
12/1/2024 7:00,4.1,0,7,0.291666667,
12/1/2024 8:00,3.2,0,8,0.333333333,
12/1/2024 9:00,3.2,0,9,0.375,
12/1/2024 10:00,2.9,0,10,0.416666667,
12/1/2024 11:00,1.8,0,11,0.458333333,
12/1/2024 12:00,2.8,0,12,0.5,
12/1/2024 13:00,4.6,0,13,0.541666667,
12/1/2024 14:00,5.1,0,14,0.583333333,
12/1/2024 15:00,5.5,0,15,0.625,
12/1/2024 16:00,6.1,0,16,0.666666667,
12/1/2024 17:00,5.2,0,17,0.708333333,
12/1/2024 18:00,4.3,0,18,0.75,
12/1/2024 19:00,4.8,0,19,0.791666667,
12/1/2024 20:00,4.3,0,20,0.833333333,
12/1/2024 21:00,3.8,0.1,21,0.875,
12/1/2024 22:00,4.7,0,22,0.916666667,
12/1/2024 23:00,4.3,0,23,0.958333333,
12/2/2024 0:00,4.6,0,0,0,
12/2/2024 1:00,5.3,0,1,0.041666667,
12/2/2024 2:00,5.2,0,2,0.083333333,
12/2/2024 3:00,5.4,0,3,0.125,
12/2/2024 4:00,5.8,0,4,0.166666667,
12/2/2024 5:00,5.9,0,5,0.208333333,
12/2/2024 6:00,6.1,0.1,6,0.25,
12/2/2024 7:00,6.9,0,7,0.291666667,
12/2/2024 8:00,7.2,1.4,8,0.333333333,
12/2/2024 9:00,7.3,0.9,9,0.375,
12/2/2024 10:00,7.9,0.2,10,0.416666667,
12/2/2024 11:00,8.1,0.8,11,0.458333333,
12/2/2024 12:00,8.2,0.1,12,0.5,
12/2/2024 13:00,8.7,0,13,0.541666667,
12/2/2024 14:00,9.4,0,14,0.583333333,
12/2/2024 15:00,9.5,0.1,15,0.625,
12/2/2024 16:00,9.9,0,16,0.666666667,
12/2/2024 17:00,9.5,0,17,0.708333333,
12/2/2024 18:00,9.5,0.5,18,0.75,
12/2/2024 19:00,9.7,0,19,0.791666667,
12/2/2024 20:00,8.8,0.1,20,0.833333333,
12/2/2024 21:00,8,0,21,0.875,
12/2/2024 22:00,7.8,0,22,0.916666667,
12/2/2024 23:00,7.3,0,23,0.958333333,
12/3/2024 0:00,6.7,0.4,0,0,
12/3/2024 1:00,6.3,0,1,0.041666667,
12/3/2024 2:00,7.1,0.2,2,0.083333333,
12/3/2024 3:00,7.2,0,3,0.125,
12/3/2024 4:00,6.9,0,4,0.166666667,
12/3/2024 5:00,7.4,0,5,0.208333333,
12/3/2024 6:00,7.1,0,6,0.25,
12/3/2024 7:00,6.6,0.2,7,0.291666667,
12/3/2024 8:00,6.3,1,8,0.333333333,
12/3/2024 9:00,6.4,0,9,0.375,
12/3/2024 10:00,6.2,0,10,0.416666667,
12/3/2024 11:00,5.5,0,11,0.458333333,
12/3/2024 12:00,6.4,0,12,0.5,
12/3/2024 13:00,6.5,0,13,0.541666667,
12/3/2024 14:00,6.8,0,14,0.583333333,
12/3/2024 15:00,7.2,0,15,0.625,
12/3/2024 16:00,6.6,0,16,0.666666667,
12/3/2024 17:00,6.1,0,17,0.708333333,
12/3/2024 18:00,5.7,0.1,18,0.75,
12/3/2024 19:00,5.4,0.5,19,0.791666667,
12/3/2024 20:00,4.8,0.2,20,0.833333333,
12/3/2024 21:00,4.9,0,21,0.875,
12/3/2024 22:00,4.9,0,22,0.916666667,
12/3/2024 23:00,3.7,0,23,0.958333333,
12/4/2024 0:00,4.3,0,0,0,
12/4/2024 1:00,2.9,0,1,0.041666667,
12/4/2024 2:00,2.2,0,2,0.083333333,
12/4/2024 3:00,3.5,0,3,0.125,
12/4/2024 4:00,3,0,4,0.166666667,
12/4/2024 5:00,2.4,0,5,0.208333333,
12/4/2024 6:00,2.7,0,6,0.25,
12/4/2024 7:00,2,0,7,0.291666667,
12/4/2024 8:00,1.2,0,8,0.333333333,
12/4/2024 9:00,2.2,0,9,0.375,
12/4/2024 10:00,2.3,0,10,0.416666667,
12/4/2024 11:00,2.4,0,11,0.458333333,
12/4/2024 12:00,4.2,0,12,0.5,
12/4/2024 13:00,4.6,0,13,0.541666667,
12/4/2024 14:00,5.5,0,14,0.583333333,
12/4/2024 15:00,6.5,0,15,0.625,
12/4/2024 16:00,6,0,16,0.666666667,
12/4/2024 17:00,5.2,0,17,0.708333333,
12/4/2024 18:00,4.2,0,18,0.75,
12/4/2024 19:00,3.5,0,19,0.791666667,
12/4/2024 20:00,3.2,0,20,0.833333333,
12/4/2024 21:00,2.8,0,21,0.875,
12/4/2024 22:00,2.1,0,22,0.916666667,
12/4/2024 23:00,2,0,23,0.958333333,
12/5/2024 0:00,1.5,0,0,0,
12/5/2024 1:00,2.2,0,1,0.041666667,
12/5/2024 2:00,2,0,2,0.083333333,
12/5/2024 3:00,1.9,0,3,0.125,
12/5/2024 4:00,2.7,0,4,0.166666667,
12/5/2024 5:00,2.8,0,5,0.208333333,
12/5/2024 6:00,3.1,0,6,0.25,
12/5/2024 7:00,3.6,0,7,0.291666667,
12/5/2024 8:00,3.5,0,8,0.333333333,
12/5/2024 9:00,3.7,0,9,0.375,
12/5/2024 10:00,3.7,0,10,0.416666667,
12/5/2024 11:00,3.9,0,11,0.458333333,
12/5/2024 12:00,4.3,0,12,0.5,
12/5/2024 13:00,4.7,0.6,13,0.541666667,
12/5/2024 14:00,4.6,2.7,14,0.583333333,
12/5/2024 15:00,4.5,1.5,15,0.625,
12/5/2024 16:00,4.6,0.8,16,0.666666667,
12/5/2024 17:00,5,0.1,17,0.708333333,
12/5/2024 18:00,4.7,0.2,18,0.75,
12/5/2024 19:00,5.1,0,19,0.791666667,
12/5/2024 20:00,5.3,0.1,20,0.833333333,
12/5/2024 21:00,5.2,0,21,0.875,
12/5/2024 22:00,5,0,22,0.916666667,
12/5/2024 23:00,5.5,0.9,23,0.958333333,
12/6/2024 0:00,6,2.5,0,0,
12/6/2024 1:00,6.2,1.2,1,0.041666667,
12/6/2024 2:00,6.5,2.1,2,0.083333333,
12/6/2024 3:00,6.9,2.1,3,0.125,
12/6/2024 4:00,9,0.8,4,0.166666667,
12/6/2024 5:00,8.9,0,5,0.208333333,
12/6/2024 6:00,8.1,1.1,6,0.25,
12/6/2024 7:00,8,0.2,7,0.291666667,
12/6/2024 8:00,7.6,1.2,8,0.333333333,
12/6/2024 9:00,7.6,3,9,0.375,
12/6/2024 10:00,8.2,3.2,10,0.416666667,
12/6/2024 11:00,8.8,1.9,11,0.458333333,
12/6/2024 12:00,8.7,1.3,12,0.5,
12/6/2024 13:00,8.9,0.9,13,0.541666667,
12/6/2024 14:00,9.2,0.3,14,0.583333333,
12/6/2024 15:00,9.4,0,15,0.625,
12/6/2024 16:00,8.7,0.7,16,0.666666667,
12/6/2024 17:00,9,0,17,0.708333333,
12/6/2024 18:00,8.9,0,18,0.75,
12/6/2024 19:00,8.2,0,19,0.791666667,
12/6/2024 20:00,7.9,0,20,0.833333333,
12/6/2024 21:00,7,0,21,0.875,
12/6/2024 22:00,6.1,0,22,0.916666667,
12/6/2024 23:00,5.2,0,23,0.958333333,
12/7/2024 0:00,4.6,0,0,0,
12/7/2024 1:00,4.6,0,1,0.041666667,
12/7/2024 2:00,5.5,0,2,0.083333333,
12/7/2024 3:00,5,0,3,0.125,
12/7/2024 4:00,4.8,0,4,0.166666667,
12/7/2024 5:00,4.8,0,5,0.208333333,
12/7/2024 6:00,4.9,0.3,6,0.25,
12/7/2024 7:00,5.4,0.2,7,0.291666667,
12/7/2024 8:00,5.3,0.9,8,0.333333333,
12/7/2024 9:00,5.3,2.1,9,0.375,
12/7/2024 10:00,5.6,0.6,10,0.416666667,
12/7/2024 11:00,6.2,0,11,0.458333333,
12/7/2024 12:00,6.9,0.1,12,0.5,
12/7/2024 13:00,7.3,0,13,0.541666667,
12/7/2024 14:00,8.6,0,14,0.583333333,
12/7/2024 15:00,8.7,0.1,15,0.625,
12/7/2024 16:00,8.8,0,16,0.666666667,
12/7/2024 17:00,8.5,0.3,17,0.708333333,
12/7/2024 18:00,7.8,0,18,0.75,
12/7/2024 19:00,7.5,0,19,0.791666667,
12/7/2024 20:00,7.2,0,20,0.833333333,
12/7/2024 21:00,6.8,0,21,0.875,
12/7/2024 22:00,6.8,0,22,0.916666667,
12/7/2024 23:00,6.8,0,23,0.958333333,
12/8/2024 0:00,6.9,0.1,0,0,
12/8/2024 1:00,6.8,0,1,0.041666667,
12/8/2024 2:00,7,0,2,0.083333333,
12/8/2024 3:00,6.8,0.3,3,0.125,
12/8/2024 4:00,6.7,0.2,4,0.166666667,
12/8/2024 5:00,6,0.3,5,0.208333333,
12/8/2024 6:00,5.8,0.4,6,0.25,
12/8/2024 7:00,5.8,0.7,7,0.291666667,
12/8/2024 8:00,6,0.4,8,0.333333333,
12/8/2024 9:00,6,0,9,0.375,
12/8/2024 10:00,5.6,0,10,0.416666667,
12/8/2024 11:00,5.3,0,11,0.458333333,
12/8/2024 12:00,5,0,12,0.5,
12/8/2024 13:00,5.4,0,13,0.541666667,
12/8/2024 14:00,4.2,0,14,0.583333333,
12/8/2024 15:00,4.9,0,15,0.625,
12/8/2024 16:00,4.8,0,16,0.666666667,
12/8/2024 17:00,5.1,0,17,0.708333333,
12/8/2024 18:00,5.5,0,18,0.75,
12/8/2024 19:00,6.3,0,19,0.791666667,
12/8/2024 20:00,6,0,20,0.833333333,
12/8/2024 21:00,5.9,0,21,0.875,
12/8/2024 22:00,6,0,22,0.916666667,
12/8/2024 23:00,5.7,0,23,0.958333333,
12/9/2024 0:00,5.6,0,0,0,
12/9/2024 1:00,5.2,0,1,0.041666667,
12/9/2024 2:00,5.3,0.8,2,0.083333333,
12/9/2024 3:00,5.5,0.1,3,0.125,
12/9/2024 4:00,5.2,0,4,0.166666667,
12/9/2024 5:00,5.2,0.1,5,0.208333333,
12/9/2024 6:00,4.7,0,6,0.25,
12/9/2024 7:00,5,0,7,0.291666667,
12/9/2024 8:00,5.2,0,8,0.333333333,
12/9/2024 9:00,4.9,0,9,0.375,
12/9/2024 10:00,5.2,0,10,0.416666667,
12/9/2024 11:00,5.4,0.2,11,0.458333333,
12/9/2024 12:00,5.3,0.1,12,0.5,
12/9/2024 13:00,5.5,0.1,13,0.541666667,
12/9/2024 14:00,5.4,0.3,14,0.583333333,
12/9/2024 15:00,5.2,0.2,15,0.625,
12/9/2024 16:00,5.2,0,16,0.666666667,
12/9/2024 17:00,5.4,0,17,0.708333333,
12/9/2024 18:00,5.1,0,18,0.75,
12/9/2024 19:00,5.1,0.1,19,0.791666667,
12/9/2024 20:00,4.9,0.1,20,0.833333333,
12/9/2024 21:00,4.9,0,21,0.875,
12/9/2024 22:00,5.3,0,22,0.916666667,
12/9/2024 23:00,5.1,0.1,23,0.958333333,
12/10/2024 0:00,5,0,0,0,
12/10/2024 1:00,4.8,0,1,0.041666667,
12/10/2024 2:00,4.7,0,2,0.083333333,
12/10/2024 3:00,4.8,0.1,3,0.125,
12/10/2024 4:00,4.6,0,4,0.166666667,
12/10/2024 5:00,4.5,0,5,0.208333333,
12/10/2024 6:00,4.6,0,6,0.25,
12/10/2024 7:00,4.6,0,7,0.291666667,
12/10/2024 8:00,4.6,0,8,0.333333333,
12/10/2024 9:00,4.4,0,9,0.375,
12/10/2024 10:00,4.7,0,10,0.416666667,
12/10/2024 11:00,4.7,0,11,0.458333333,
12/10/2024 12:00,4.6,0,12,0.5,
12/10/2024 13:00,4.8,0,13,0.541666667,
12/10/2024 14:00,5.1,0.1,14,0.583333333,
12/10/2024 15:00,4.9,0,15,0.625,
12/10/2024 16:00,4.7,0,16,0.666666667,
12/10/2024 17:00,4.9,0,17,0.708333333,
12/10/2024 18:00,4.7,0,18,0.75,
12/10/2024 19:00,4.7,0,19,0.791666667,
12/10/2024 20:00,4.5,0,20,0.833333333,
12/10/2024 21:00,4.5,0,21,0.875,
12/10/2024 22:00,4.5,0,22,0.916666667,
12/10/2024 23:00,4.5,0,23,0.958333333,
12/11/2024 0:00,4.4,0,0,0,
12/11/2024 1:00,4.2,0,1,0.041666667,
12/11/2024 2:00,4.3,0,2,0.083333333,
12/11/2024 3:00,4.3,0,3,0.125,
12/11/2024 4:00,3.8,0,4,0.166666667,
12/11/2024 5:00,3.8,0,5,0.208333333,
12/11/2024 6:00,4,0,6,0.25,
12/11/2024 7:00,3.6,0,7,0.291666667,
12/11/2024 8:00,3.6,0,8,0.333333333,
12/11/2024 9:00,3.7,0,9,0.375,
12/11/2024 10:00,3.3,0,10,0.416666667,
12/11/2024 11:00,3.6,0,11,0.458333333,
12/11/2024 12:00,3.8,0,12,0.5,
12/11/2024 13:00,3.8,0,13,0.541666667,
12/11/2024 14:00,4.4,0,14,0.583333333,
12/11/2024 15:00,4.2,0,15,0.625,
12/11/2024 16:00,4.1,0,16,0.666666667,
12/11/2024 17:00,4.2,0,17,0.708333333,
12/11/2024 18:00,2.8,0,18,0.75,
12/11/2024 19:00,3.2,0,19,0.791666667,
12/11/2024 20:00,3.5,0,20,0.833333333,
12/11/2024 21:00,2.5,0,21,0.875,
12/11/2024 22:00,2.8,0,22,0.916666667,
12/11/2024 23:00,3.2,0,23,0.958333333,
12/12/2024 0:00,2.9,0,0,0,
12/12/2024 1:00,2.8,0,1,0.041666667,
12/12/2024 2:00,3.1,0,2,0.083333333,
12/12/2024 3:00,3.2,0,3,0.125,
12/12/2024 4:00,3,0,4,0.166666667,
12/12/2024 5:00,3.3,0,5,0.208333333,
12/12/2024 6:00,3.3,0,6,0.25,
12/12/2024 7:00,2.9,0,7,0.291666667,
12/12/2024 8:00,3.3,0,8,0.333333333,
12/12/2024 9:00,4,0,9,0.375,
12/12/2024 10:00,3.6,0,10,0.416666667,
12/12/2024 11:00,4.2,0,11,0.458333333,
12/12/2024 12:00,4,0,12,0.5,
12/12/2024 13:00,4.7,0,13,0.541666667,
12/12/2024 14:00,4.5,0,14,0.583333333,
12/12/2024 15:00,4.4,0,15,0.625,
12/12/2024 16:00,4.8,0,16,0.666666667,
12/12/2024 17:00,4.7,0,17,0.708333333,
12/12/2024 18:00,4.3,0,18,0.75,
12/12/2024 19:00,4.3,0,19,0.791666667,
12/12/2024 20:00,4.3,0,20,0.833333333,
12/12/2024 21:00,3.5,0,21,0.875,
12/12/2024 22:00,3.5,0,22,0.916666667,
12/12/2024 23:00,3.6,0,23,0.958333333,
12/13/2024 0:00,3.3,0,0,0,
12/13/2024 1:00,3.3,0,1,0.041666667,
12/13/2024 2:00,3.4,0,2,0.083333333,
12/13/2024 3:00,3.3,0,3,0.125,
12/13/2024 4:00,3.2,0,4,0.166666667,
12/13/2024 5:00,3.1,0,5,0.208333333,
12/13/2024 6:00,3.3,0,6,0.25,
12/13/2024 7:00,3,0,7,0.291666667,
12/13/2024 8:00,3.3,0,8,0.333333333,
12/13/2024 9:00,3.1,0,9,0.375,
12/13/2024 10:00,2.8,0,10,0.416666667,
12/13/2024 11:00,3,0,11,0.458333333,
12/13/2024 12:00,2.9,0,12,0.5,
12/13/2024 13:00,2.6,0,13,0.541666667,
12/13/2024 14:00,2.6,0,14,0.583333333,
12/13/2024 15:00,2.3,0,15,0.625,
12/13/2024 16:00,2.1,0,16,0.666666667,
12/13/2024 17:00,2.1,0,17,0.708333333,
12/13/2024 18:00,2,0,18,0.75,
12/13/2024 19:00,1.4,0,19,0.791666667,
12/13/2024 20:00,1.7,0,20,0.833333333,
12/13/2024 21:00,0,0,21,0.875,
12/13/2024 22:00,0,0,22,0.916666667,
12/13/2024 23:00,0.3,0,23,0.958333333,
12/14/2024 0:00,-0.9,0,0,0,
12/14/2024 1:00,0,0,1,0.041666667,
12/14/2024 2:00,0.1,0,2,0.083333333,
12/14/2024 3:00,-1.6,0,3,0.125,
12/14/2024 4:00,-0.1,0,4,0.166666667,
12/14/2024 5:00,0.2,0,5,0.208333333,
12/14/2024 6:00,-0.4,0,6,0.25,
12/14/2024 7:00,0.2,0,7,0.291666667,
12/14/2024 8:00,0.8,0,8,0.333333333,
12/14/2024 9:00,0.6,0,9,0.375,
12/14/2024 10:00,1.1,0,10,0.416666667,
12/14/2024 11:00,1.5,0,11,0.458333333,
12/14/2024 12:00,1.7,0,12,0.5,
12/14/2024 13:00,2,0,13,0.541666667,
12/14/2024 14:00,2.8,0.3,14,0.583333333,
12/14/2024 15:00,2.7,0,15,0.625,
12/14/2024 16:00,3.3,0,16,0.666666667,
12/14/2024 17:00,3.8,0,17,0.708333333,
12/14/2024 18:00,3.3,0.4,18,0.75,
12/14/2024 19:00,4.1,0.5,19,0.791666667,
12/14/2024 20:00,4.4,0.3,20,0.833333333,
12/14/2024 21:00,3.7,0,21,0.875,
12/14/2024 22:00,3.8,0,22,0.916666667,
12/14/2024 23:00,2.8,0,23,0.958333333,
12/15/2024 0:00,3.8,0,0,0,
12/15/2024 1:00,4.3,0,1,0.041666667,
12/15/2024 2:00,3.9,0.2,2,0.083333333,
12/15/2024 3:00,3.7,0,3,0.125,
12/15/2024 4:00,3.3,0,4,0.166666667,
12/15/2024 5:00,2.5,0,5,0.208333333,
12/15/2024 6:00,3.7,0,6,0.25,
12/15/2024 7:00,3.7,0,7,0.291666667,
12/15/2024 8:00,3.3,0,8,0.333333333,
12/15/2024 9:00,3.5,0,9,0.375,
12/15/2024 10:00,5,0,10,0.416666667,
12/15/2024 11:00,4.5,0,11,0.458333333,
12/15/2024 12:00,5,0.2,12,0.5,
12/15/2024 13:00,6.5,0.1,13,0.541666667,
12/15/2024 14:00,6.5,0.1,14,0.583333333,
12/15/2024 15:00,6.9,0.2,15,0.625,
12/15/2024 16:00,6.9,0,16,0.666666667,
12/15/2024 17:00,7.1,0,17,0.708333333,
12/15/2024 18:00,7.6,0.1,18,0.75,
12/15/2024 19:00,8.6,0,19,0.791666667,
12/15/2024 20:00,9.2,0.1,20,0.833333333,
12/15/2024 21:00,9.7,0.1,21,0.875,
12/15/2024 22:00,10.1,0,22,0.916666667,
12/15/2024 23:00,10.5,0.1,23,0.958333333,
12/16/2024 0:00,10.6,0,0,0,
12/16/2024 1:00,10.8,0.1,1,0.041666667,
12/16/2024 2:00,10.7,0.2,2,0.083333333,
12/16/2024 3:00,10.7,0,3,0.125,
12/16/2024 4:00,10.6,0,4,0.166666667,
12/16/2024 5:00,10.7,0,5,0.208333333,
12/16/2024 6:00,10.8,0,6,0.25,
12/16/2024 7:00,10.7,0,7,0.291666667,
12/16/2024 8:00,10.9,0,8,0.333333333,
12/16/2024 9:00,10.4,0,9,0.375,
12/16/2024 10:00,10.4,0.1,10,0.416666667,
12/16/2024 11:00,10.2,0,11,0.458333333,
12/16/2024 12:00,10.2,0.1,12,0.5,
12/16/2024 13:00,10.2,0.1,13,0.541666667,
12/16/2024 14:00,10.3,0.1,14,0.583333333,
12/16/2024 15:00,9.9,0,15,0.625,
12/16/2024 16:00,10.1,0,16,0.666666667,
12/16/2024 17:00,9.9,0,17,0.708333333,
12/16/2024 18:00,9.3,0,18,0.75,
12/16/2024 19:00,9.5,0,19,0.791666667,
12/16/2024 20:00,9.4,0,20,0.833333333,
12/16/2024 21:00,8.8,0,21,0.875,
12/16/2024 22:00,8.7,0,22,0.916666667,
12/16/2024 23:00,9,0,23,0.958333333,
12/17/2024 0:00,9.2,0,0,0,
12/17/2024 1:00,9.5,0,1,0.041666667,
12/17/2024 2:00,9.2,0,2,0.083333333,
12/17/2024 3:00,9.6,0,3,0.125,
12/17/2024 4:00,9.5,0,4,0.166666667,
12/17/2024 5:00,9.2,0,5,0.208333333,
12/17/2024 6:00,9,0,6,0.25,
12/17/2024 7:00,8.9,0,7,0.291666667,
12/17/2024 8:00,9,0,8,0.333333333,
12/17/2024 9:00,8.7,0,9,0.375,
12/17/2024 10:00,8.6,0,10,0.416666667,
12/17/2024 11:00,8.6,0,11,0.458333333,
12/17/2024 12:00,9,0,12,0.5,
12/17/2024 13:00,9.2,0,13,0.541666667,
12/17/2024 14:00,8.7,0,14,0.583333333,
12/17/2024 15:00,9.3,0,15,0.625,
12/17/2024 16:00,9.1,0,16,0.666666667,
12/17/2024 17:00,8.5,0,17,0.708333333,
12/17/2024 18:00,8.2,0,18,0.75,
12/17/2024 19:00,8.4,0,19,0.791666667,
12/17/2024 20:00,8.1,0,20,0.833333333,
12/17/2024 21:00,7.6,0,21,0.875,
12/17/2024 22:00,7.6,0,22,0.916666667,
12/17/2024 23:00,7.8,0,23,0.958333333,
12/18/2024 0:00,7.6,0,0,0,
12/18/2024 1:00,7.3,0,1,0.041666667,
12/18/2024 2:00,7.4,0,2,0.083333333,
12/18/2024 3:00,6.8,0,3,0.125,
12/18/2024 4:00,6.8,0.4,4,0.166666667,
12/18/2024 5:00,6.4,0.5,5,0.208333333,
12/18/2024 6:00,6.3,0,6,0.25,
12/18/2024 7:00,6.4,0,7,0.291666667,
12/18/2024 8:00,6.7,0.5,8,0.333333333,
12/18/2024 9:00,6.7,0.1,9,0.375,
12/18/2024 10:00,7.5,0.3,10,0.416666667,
12/18/2024 11:00,8.2,0.2,11,0.458333333,
12/18/2024 12:00,8.5,0,12,0.5,
12/18/2024 13:00,9.5,0,13,0.541666667,
12/18/2024 14:00,9.9,0,14,0.583333333,
12/18/2024 15:00,11,0,15,0.625,
12/18/2024 16:00,11.5,0,16,0.666666667,
12/18/2024 17:00,11.4,0,17,0.708333333,
12/18/2024 18:00,12.1,0,18,0.75,
12/18/2024 19:00,12.3,0,19,0.791666667,
12/18/2024 20:00,12.2,0,20,0.833333333,
12/18/2024 21:00,11.9,0,21,0.875,
12/18/2024 22:00,12,0.1,22,0.916666667,
12/18/2024 23:00,12,0.1,23,0.958333333,
12/19/2024 0:00,11.9,0.1,0,0,
12/19/2024 1:00,12.1,0.3,1,0.041666667,
12/19/2024 2:00,11.4,0.2,2,0.083333333,
12/19/2024 3:00,11.4,0.4,3,0.125,
12/19/2024 4:00,11.3,1.1,4,0.166666667,
12/19/2024 5:00,11.5,1.6,5,0.208333333,
12/19/2024 6:00,12.4,2.8,6,0.25,
12/19/2024 7:00,12.2,2,7,0.291666667,
12/19/2024 8:00,12.5,1.5,8,0.333333333,
12/19/2024 9:00,11.9,0.6,9,0.375,
12/19/2024 10:00,11.6,1.7,10,0.416666667,
12/19/2024 11:00,10.5,0.6,11,0.458333333,
12/19/2024 12:00,8.5,0,12,0.5,
12/19/2024 13:00,7.7,0.4,13,0.541666667,
12/19/2024 14:00,7.7,0.1,14,0.583333333,
12/19/2024 15:00,6.9,1.1,15,0.625,
12/19/2024 16:00,6.2,1.7,16,0.666666667,
12/19/2024 17:00,5.9,1.6,17,0.708333333,
12/19/2024 18:00,5.8,0,18,0.75,
12/19/2024 19:00,5.4,0,19,0.791666667,
12/19/2024 20:00,4.5,0,20,0.833333333,
12/19/2024 21:00,4.7,0,21,0.875,
12/19/2024 22:00,4.6,0.2,22,0.916666667,
12/19/2024 23:00,5.4,0.1,23,0.958333333,
12/20/2024 0:00,5.3,0,0,0,
12/20/2024 1:00,5.3,0,1,0.041666667,
12/20/2024 2:00,5.1,0,2,0.083333333,
12/20/2024 3:00,4.9,0,3,0.125,
12/20/2024 4:00,5.5,0.1,4,0.166666667,
12/20/2024 5:00,4.4,0,5,0.208333333,
12/20/2024 6:00,4.3,0,6,0.25,
12/20/2024 7:00,3.8,0,7,0.291666667,
12/20/2024 8:00,3.8,0.4,8,0.333333333,
12/20/2024 9:00,3.7,0,9,0.375,
12/20/2024 10:00,4.2,0,10,0.416666667,
12/20/2024 11:00,3.9,0,11,0.458333333,
12/20/2024 12:00,4.2,0,12,0.5,
12/20/2024 13:00,5,0,13,0.541666667,
12/20/2024 14:00,5.4,0,14,0.583333333,
12/20/2024 15:00,6,0,15,0.625,
12/20/2024 16:00,6,0,16,0.666666667,
12/20/2024 17:00,6,0,17,0.708333333,
12/20/2024 18:00,5.3,0,18,0.75,
12/20/2024 19:00,5.7,0,19,0.791666667,
12/20/2024 20:00,5.2,0,20,0.833333333,
12/20/2024 21:00,3.8,0,21,0.875,
12/20/2024 22:00,4,0,22,0.916666667,
12/20/2024 23:00,4.7,0,23,0.958333333,
12/21/2024 0:00,4.8,0,0,0,
12/21/2024 1:00,4.8,0.3,1,0.041666667,
12/21/2024 2:00,5.2,0.4,2,0.083333333,
12/21/2024 3:00,5.4,0.6,3,0.125,
12/21/2024 4:00,5.8,0.3,4,0.166666667,
12/21/2024 5:00,6.4,0.2,5,0.208333333,
12/21/2024 6:00,6.4,0.4,6,0.25,
12/21/2024 7:00,6.6,0,7,0.291666667,
12/21/2024 8:00,7,0,8,0.333333333,
12/21/2024 9:00,7,0,9,0.375,
12/21/2024 10:00,7.1,0,10,0.416666667,
12/21/2024 11:00,7.2,0,11,0.458333333,
12/21/2024 12:00,7.2,0,12,0.5,
12/21/2024 13:00,7.4,0,13,0.541666667,
12/21/2024 14:00,7.5,0.3,14,0.583333333,
12/21/2024 15:00,7.5,0,15,0.625,
12/21/2024 16:00,7.1,0.1,16,0.666666667,
12/21/2024 17:00,7,0.1,17,0.708333333,
12/21/2024 18:00,7.6,0.2,18,0.75,
12/21/2024 19:00,7.7,1,19,0.791666667,
12/21/2024 20:00,8.2,0.1,20,0.833333333,
12/21/2024 21:00,8.3,0.4,21,0.875,
12/21/2024 22:00,8.5,0.1,22,0.916666667,
12/21/2024 23:00,8.8,0.3,23,0.958333333,
12/22/2024 0:00,8.8,0.1,0,0,
12/22/2024 1:00,8.1,0.4,1,0.041666667,
12/22/2024 2:00,8.4,0.6,2,0.083333333,
12/22/2024 3:00,6.5,0.6,3,0.125,
12/22/2024 4:00,6.6,0,4,0.166666667,
12/22/2024 5:00,6.4,0,5,0.208333333,
12/22/2024 6:00,6,0,6,0.25,
12/22/2024 7:00,5.4,1,7,0.291666667,
12/22/2024 8:00,5.6,0.3,8,0.333333333,
12/22/2024 9:00,4.4,1.2,9,0.375,
12/22/2024 10:00,4.4,0,10,0.416666667,
12/22/2024 11:00,4.7,1.4,11,0.458333333,
12/22/2024 12:00,4.6,0,12,0.5,
12/22/2024 13:00,4.7,0,13,0.541666667,
12/22/2024 14:00,5.7,0.3,14,0.583333333,
12/22/2024 15:00,4.7,0.1,15,0.625,
12/22/2024 16:00,5.1,0.7,16,0.666666667,
12/22/2024 17:00,4.6,0,17,0.708333333,
12/22/2024 18:00,2.9,0,18,0.75,
12/22/2024 19:00,3.7,0.2,19,0.791666667,
12/22/2024 20:00,3.7,0,20,0.833333333,
12/22/2024 21:00,2.6,0,21,0.875,
12/22/2024 22:00,3,0,22,0.916666667,
12/22/2024 23:00,3,0,23,0.958333333,
12/23/2024 0:00,1.4,0,0,0,
12/23/2024 1:00,2.2,0,1,0.041666667,
12/23/2024 2:00,1.8,0.1,2,0.083333333,
12/23/2024 3:00,2.8,0,3,0.125,
12/23/2024 4:00,3.6,0.7,4,0.166666667,
12/23/2024 5:00,3.5,0.3,5,0.208333333,
12/23/2024 6:00,4.1,0.3,6,0.25,
12/23/2024 7:00,5.5,0.3,7,0.291666667,
12/23/2024 8:00,5.4,0.4,8,0.333333333,
12/23/2024 9:00,6.3,0,9,0.375,
12/23/2024 10:00,6.3,0.1,10,0.416666667,
12/23/2024 11:00,6.2,0,11,0.458333333,
12/23/2024 12:00,6.3,0,12,0.5,
12/23/2024 13:00,6.5,0.1,13,0.541666667,
12/23/2024 14:00,7.2,0,14,0.583333333,
12/23/2024 15:00,7.4,0,15,0.625,
12/23/2024 16:00,6.5,0,16,0.666666667,
12/23/2024 17:00,6.9,0,17,0.708333333,
12/23/2024 18:00,5.6,0,18,0.75,
12/23/2024 19:00,5.4,0,19,0.791666667,
12/23/2024 20:00,4.3,0,20,0.833333333,
12/23/2024 21:00,3.5,0,21,0.875,
12/23/2024 22:00,3.6,0,22,0.916666667,
12/23/2024 23:00,4.4,0,23,0.958333333,
12/24/2024 0:00,2.3,0,0,0,
12/24/2024 1:00,3.7,0,1,0.041666667,
12/24/2024 2:00,4.1,0,2,0.083333333,
12/24/2024 3:00,3.4,0,3,0.125,
12/24/2024 4:00,3.7,0.1,4,0.166666667,
12/24/2024 5:00,3.4,0,5,0.208333333,
12/24/2024 6:00,1.8,0,6,0.25,
12/24/2024 7:00,2.3,0,7,0.291666667,
12/24/2024 8:00,2.7,0,8,0.333333333,
12/24/2024 9:00,3.4,0,9,0.375,
12/24/2024 10:00,3.5,0,10,0.416666667,
12/24/2024 11:00,3.8,0,11,0.458333333,
12/24/2024 12:00,3.7,0.2,12,0.5,
12/24/2024 13:00,4,0.3,13,0.541666667,
12/24/2024 14:00,4.6,0.5,14,0.583333333,
12/24/2024 15:00,4.6,0,15,0.625,
12/24/2024 16:00,4.7,0,16,0.666666667,
12/24/2024 17:00,4.6,0,17,0.708333333,
12/24/2024 18:00,4.3,0.1,18,0.75,
12/24/2024 19:00,4.4,0,19,0.791666667,
12/24/2024 20:00,4.6,0,20,0.833333333,
12/24/2024 21:00,4.6,0.1,21,0.875,
12/24/2024 22:00,4.6,0.1,22,0.916666667,
12/24/2024 23:00,4.8,0.1,23,0.958333333,
12/25/2024 0:00,5,0,0,0,
12/25/2024 1:00,5.1,0,1,0.041666667,
12/25/2024 2:00,5.1,0,2,0.083333333,
12/25/2024 3:00,5.5,0,3,0.125,
12/25/2024 4:00,5.7,0,4,0.166666667,
12/25/2024 5:00,5.7,0,5,0.208333333,
12/25/2024 6:00,6,0,6,0.25,
12/25/2024 7:00,6.2,0,7,0.291666667,
12/25/2024 8:00,6.5,0,8,0.333333333,
12/25/2024 9:00,6.5,0,9,0.375,
12/25/2024 10:00,6.7,0,10,0.416666667,
12/25/2024 11:00,6.8,0,11,0.458333333,
12/25/2024 12:00,7,0,12,0.5,
12/25/2024 13:00,7.2,0,13,0.541666667,
12/25/2024 14:00,7.5,0,14,0.583333333,
12/25/2024 15:00,7.5,0,15,0.625,
12/25/2024 16:00,7.7,0,16,0.666666667,
12/25/2024 17:00,7.9,0,17,0.708333333,
12/25/2024 18:00,7.6,0,18,0.75,
12/25/2024 19:00,7.6,0,19,0.791666667,
12/25/2024 20:00,8,0,20,0.833333333,
12/25/2024 21:00,7.7,0,21,0.875,
12/25/2024 22:00,7.7,0,22,0.916666667,
12/25/2024 23:00,7.8,0,23,0.958333333,
12/26/2024 0:00,7.5,0,0,0,
12/26/2024 1:00,7.6,0,1,0.041666667,
12/26/2024 2:00,7.7,0,2,0.083333333,
12/26/2024 3:00,7.7,0,3,0.125,
12/26/2024 4:00,7.5,0,4,0.166666667,
12/26/2024 5:00,7.5,0,5,0.208333333,
12/26/2024 6:00,7.7,0,6,0.25,
12/26/2024 7:00,7.5,0,7,0.291666667,
12/26/2024 8:00,7.6,0,8,0.333333333,
12/26/2024 9:00,7.6,0,9,0.375,
12/26/2024 10:00,7.4,0,10,0.416666667,
12/26/2024 11:00,7.5,0,11,0.458333333,
12/26/2024 12:00,7.6,0,12,0.5,
12/26/2024 13:00,7.3,0,13,0.541666667,
12/26/2024 14:00,7.4,0,14,0.583333333,
12/26/2024 15:00,7.7,0,15,0.625,
12/26/2024 16:00,7.5,0,16,0.666666667,
12/26/2024 17:00,7.3,0,17,0.708333333,
12/26/2024 18:00,7.5,0,18,0.75,
12/26/2024 19:00,7.2,0,19,0.791666667,
12/26/2024 20:00,6.9,0,20,0.833333333,
12/26/2024 21:00,7.2,0,21,0.875,
12/26/2024 22:00,6.5,0,22,0.916666667,
12/26/2024 23:00,6.6,0,23,0.958333333,
12/27/2024 0:00,7,0,0,0,
12/27/2024 1:00,6.2,0,1,0.041666667,
12/27/2024 2:00,6.3,0,2,0.083333333,
12/27/2024 3:00,5.6,0,3,0.125,
12/27/2024 4:00,5.7,0,4,0.166666667,
12/27/2024 5:00,5.9,0,5,0.208333333,
12/27/2024 6:00,5.2,0,6,0.25,
12/27/2024 7:00,5.4,0,7,0.291666667,
12/27/2024 8:00,5.5,0,8,0.333333333,
12/27/2024 9:00,4.9,0,9,0.375,
12/27/2024 10:00,5.2,0,10,0.416666667,
12/27/2024 11:00,4.6,0,11,0.458333333,
12/27/2024 12:00,4.7,0,12,0.5,
12/27/2024 13:00,4.9,0,13,0.541666667,
12/27/2024 14:00,4.6,0,14,0.583333333,
12/27/2024 15:00,4.9,0,15,0.625,
12/27/2024 16:00,5,0,16,0.666666667,
12/27/2024 17:00,4.4,0,17,0.708333333,
12/27/2024 18:00,3.6,0,18,0.75,
12/27/2024 19:00,3.2,0,19,0.791666667,
12/27/2024 20:00,2.1,0,20,0.833333333,
12/27/2024 21:00,1.1,0,21,0.875,
12/27/2024 22:00,1.8,0,22,0.916666667,
12/27/2024 23:00,0.7,0,23,0.958333333,
12/28/2024 0:00,0.1,0,0,0,
12/28/2024 1:00,0.8,0,1,0.041666667,
12/28/2024 2:00,0.1,0,2,0.083333333,
12/28/2024 3:00,-0.7,0,3,0.125,
12/28/2024 4:00,0.1,0,4,0.166666667,
12/28/2024 5:00,-0.8,0,5,0.208333333,
12/28/2024 6:00,-1.2,0,6,0.25,
12/28/2024 7:00,-1,0,7,0.291666667,
12/28/2024 8:00,-1.3,0,8,0.333333333,
12/28/2024 9:00,-1.5,0,9,0.375,
12/28/2024 10:00,-1.5,0,10,0.416666667,
12/28/2024 11:00,-1.5,0,11,0.458333333,
12/28/2024 12:00,-1.1,0,12,0.5,
12/28/2024 13:00,-0.8,0,13,0.541666667,
12/28/2024 14:00,-0.4,0,14,0.583333333,
12/28/2024 15:00,0.1,0,15,0.625,
12/28/2024 16:00,0.1,0,16,0.666666667,
12/28/2024 17:00,0.1,0,17,0.708333333,
12/28/2024 18:00,0,0,18,0.75,
12/28/2024 19:00,0.1,0,19,0.791666667,
12/28/2024 20:00,-0.3,0,20,0.833333333,
12/28/2024 21:00,-0.3,0,21,0.875,
12/28/2024 22:00,-0.1,0,22,0.916666667,
12/28/2024 23:00,-0.3,0,23,0.958333333,
12/29/2024 0:00,-0.3,0,0,0,
12/29/2024 1:00,-0.2,0,1,0.041666667,
12/29/2024 2:00,-0.4,0,2,0.083333333,
12/29/2024 3:00,-0.1,0,3,0.125,
12/29/2024 4:00,-0.1,0,4,0.166666667,
12/29/2024 5:00,0.4,0,5,0.208333333,
12/29/2024 6:00,0.7,0,6,0.25,
12/29/2024 7:00,0.6,0,7,0.291666667,
12/29/2024 8:00,1.1,0,8,0.333333333,
12/29/2024 9:00,1.1,0.1,9,0.375,
12/29/2024 10:00,1.4,0,10,0.416666667,
12/29/2024 11:00,1.6,0,11,0.458333333,
12/29/2024 12:00,1.8,0,12,0.5,
12/29/2024 13:00,2.2,0,13,0.541666667,
12/29/2024 14:00,2.2,0,14,0.583333333,
12/29/2024 15:00,2.6,0,15,0.625,
12/29/2024 16:00,2.6,0,16,0.666666667,
12/29/2024 17:00,2.3,0,17,0.708333333,
12/29/2024 18:00,2.6,0,18,0.75,
12/29/2024 19:00,2.4,0,19,0.791666667,
12/29/2024 20:00,2.7,0,20,0.833333333,
12/29/2024 21:00,2.8,0,21,0.875,
12/29/2024 22:00,2.8,0,22,0.916666667,
12/29/2024 23:00,2.9,0,23,0.958333333,
12/30/2024 0:00,3.5,0,0,0,
12/30/2024 1:00,3.6,0.1,1,0.041666667,
12/30/2024 2:00,3.9,0,2,0.083333333,
12/30/2024 3:00,3.9,0,3,0.125,
12/30/2024 4:00,4,0.1,4,0.166666667,
12/30/2024 5:00,4.1,0.1,5,0.208333333,
12/30/2024 6:00,4.2,0,6,0.25,
12/30/2024 7:00,4.5,0.1,7,0.291666667,
12/30/2024 8:00,4.4,0,8,0.333333333,
12/30/2024 9:00,4.5,0.1,9,0.375,
12/30/2024 10:00,4.7,0,10,0.416666667,
12/30/2024 11:00,4.4,0,11,0.458333333,
12/30/2024 12:00,4.6,0,12,0.5,
12/30/2024 13:00,4.7,0,13,0.541666667,
12/30/2024 14:00,5.1,0,14,0.583333333,
12/30/2024 15:00,5.3,0,15,0.625,
12/30/2024 16:00,6.3,0,16,0.666666667,
12/30/2024 17:00,6.4,0,17,0.708333333,
12/30/2024 18:00,6.4,0,18,0.75,
12/30/2024 19:00,6.6,0,19,0.791666667,
12/30/2024 20:00,5.9,0,20,0.833333333,
12/30/2024 21:00,6.4,0,21,0.875,
12/30/2024 22:00,6.3,0,22,0.916666667,
12/30/2024 23:00,6.1,0,23,0.958333333,
12/31/2024 0:00,6.5,0,0,0,
12/31/2024 1:00,6.1,0,1,0.041666667,
12/31/2024 2:00,5.9,0,2,0.083333333,
12/31/2024 3:00,5.8,0.1,3,0.125,
12/31/2024 4:00,5.5,0.1,4,0.166666667,
12/31/2024 5:00,5.6,0,5,0.208333333,
12/31/2024 6:00,4.7,0,6,0.25,
12/31/2024 7:00,4,0,7,0.291666667,
12/31/2024 8:00,3.7,0,8,0.333333333,
12/31/2024 9:00,3.4,0,9,0.375,
12/31/2024 10:00,3.2,0,10,0.416666667,
12/31/2024 11:00,2.9,0,11,0.458333333,
12/31/2024 12:00,2.6,0,12,0.5,
12/31/2024 13:00,2.3,0,13,0.541666667,
12/31/2024 14:00,1.9,0,14,0.583333333,
12/31/2024 15:00,1.9,0,15,0.625,
12/31/2024 16:00,2.1,0,16,0.666666667,
12/31/2024 17:00,2.1,0,17,0.708333333,
12/31/2024 18:00,2.6,0,18,0.75,
12/31/2024 19:00,2.8,0,19,0.791666667,
12/31/2024 20:00,2.7,0,20,0.833333333,
12/31/2024 21:00,3.7,0,21,0.875,
12/31/2024 22:00,3.5,0,22,0.916666667,
12/31/2024 23:00,3.4,0,23,0.958333333,
1/1/2025 0:00,4.2,0,0,0,
1/1/2025 1:00,5,0,1,0.041666667,
1/1/2025 2:00,5.3,0,2,0.083333333,
1/1/2025 3:00,6.4,0,3,0.125,
1/1/2025 4:00,6.6,0,4,0.166666667,
1/1/2025 5:00,7.3,0,5,0.208333333,
1/1/2025 6:00,7.5,0.2,6,0.25,
1/1/2025 7:00,6.7,0.1,7,0.291666667,
1/1/2025 8:00,6.9,0.1,8,0.333333333,
1/1/2025 9:00,6.9,0.1,9,0.375,
1/1/2025 10:00,7.1,0.1,10,0.416666667,
1/1/2025 11:00,6.7,0.1,11,0.458333333,
1/1/2025 12:00,7.2,0.4,12,0.5,
1/1/2025 13:00,7.1,0.6,13,0.541666667,
1/1/2025 14:00,7.2,1.8,14,0.583333333,
1/1/2025 15:00,7.4,0.6,15,0.625,
1/1/2025 16:00,7.3,2,16,0.666666667,
1/1/2025 17:00,7.4,1,17,0.708333333,
1/1/2025 18:00,7.6,2.1,18,0.75,
1/1/2025 19:00,7.7,3,19,0.791666667,
1/1/2025 20:00,7.4,3.4,20,0.833333333,
1/1/2025 21:00,5.2,1.4,21,0.875,
1/1/2025 22:00,5.1,2.9,22,0.916666667,
1/1/2025 23:00,4.9,2.5,23,0.958333333,
2025-01-02,4.1,1.5,0,0:00:00,
2025-01-02,5.2,1.8,1,1:00:00,
2025-01-02,5.2,0,2,2:00:00,
2025-01-02,4.5,0.1,3,3:00:00,
2025-01-02,5.1,0,4,4:00:00,
2025-01-02,4.1,0,5,5:00:00,
2025-01-02,3.7,0.2,6,6:00:00,
2025-01-02,2.9,0,7,7:00:00,
2025-01-02,2.8,0,8,8:00:00,
2025-01-02,1.6,0,9,9:00:00,
2025-01-02,1.8,0,10,10:00:00,
2025-01-02,1.4,0,11,11:00:00,
2025-01-02,3.1,0,12,12:00:00,
2025-01-02,4.3,0,13,13:00:00,
2025-01-02,5,0,14,14:00:00,
2025-01-02,5.6,0,15,15:00:00,
2025-01-02,5.5,0,16,16:00:00,
2025-01-02,4.1,0,17,17:00:00,
2025-01-02,3,0,18,18:00:00,
2025-01-02,2.4,0,19,19:00:00,
2025-01-02,2.3,0,20,20:00:00,
2025-01-02,1.1,0,21,21:00:00,
2025-01-02,0.7,0,22,22:00:00,
2025-01-02,1.2,0,23,23:00:00,
2025-01-03,1.7,0,0,0:00:00,
2025-01-03,1.2,0,1,1:00:00,
2025-01-03,1.5,0.3,2,2:00:00,
2025-01-03,1.8,0,3,3:00:00,
2025-01-03,1,0,4,4:00:00,
2025-01-03,1.6,0,5,5:00:00,
2025-01-03,1.5,0,6,6:00:00,
2025-01-03,1.1,0,7,7:00:00,
2025-01-03,1.1,0.3,8,8:00:00,
2025-01-03,1.8,0,9,9:00:00,
2025-01-03,0.9,0,10,10:00:00,
2025-01-03,0.8,0,11,11:00:00,
2025-01-03,2.3,0,12,12:00:00,
2025-01-03,1.3,1.3,13,13:00:00,
2025-01-03,1.1,0.1,14,14:00:00,
2025-01-03,2.2,0.2,15,15:00:00,
2025-01-03,3.1,0.1,16,16:00:00,
2025-01-03,3.1,0,17,17:00:00,
2025-01-03,1.3,0,18,18:00:00,
2025-01-03,1.6,0,19,19:00:00,
2025-01-03,1,0,20,20:00:00,
2025-01-03,0.2,0,21,21:00:00,
2025-01-03,-0.3,0,22,22:00:00,
2025-01-03,-0.7,0,23,23:00:00,
2025-01-04,-0.6,0,0,0:00:00,
2025-01-04,-0.6,0,1,1:00:00,
2025-01-04,-0.2,0,2,2:00:00,
2025-01-04,-0.3,0,3,3:00:00,
2025-01-04,-0.2,0,4,4:00:00,
2025-01-04,0.1,0,5,5:00:00,
2025-01-04,-0.5,0,6,6:00:00,
2025-01-04,0.5,0,7,7:00:00,
2025-01-04,0.3,0,8,8:00:00,
2025-01-04,0,0,9,9:00:00,
2025-01-04,0.3,0,10,10:00:00,
2025-01-04,0.3,0,11,11:00:00,
2025-01-04,0.8,0,12,12:00:00,
2025-01-04,1.7,0,13,13:00:00,
2025-01-04,1.6,0.1,14,14:00:00,
2025-01-04,2.3,0,15,15:00:00,
2025-01-04,1.3,0.1,16,16:00:00,
2025-01-04,2.1,0.8,17,17:00:00,
2025-01-04,1.9,0,18,18:00:00,
2025-01-04,1.6,0,19,19:00:00,
2025-01-04,1.1,0,20,20:00:00,
2025-01-04,1,0,21,21:00:00,
2025-01-04,0.9,0,22,22:00:00,
2025-01-04,1.1,0,23,23:00:00,
2025-01-05,0.9,0,0,0:00:00,
2025-01-05,0.4,0,1,1:00:00,
2025-01-05,0.5,0,2,2:00:00,
2025-01-05,0.5,0,3,3:00:00,
2025-01-05,0.4,0,4,4:00:00,
2025-01-05,0.5,0,5,5:00:00,
2025-01-05,0.6,0,6,6:00:00,
2025-01-05,0.6,0,7,7:00:00,
2025-01-05,0.4,0,8,8:00:00,
2025-01-05,0.2,0.5,9,9:00:00,
2025-01-05,0.1,0.4,10,10:00:00,
2025-01-05,-0.1,0.6,11,11:00:00,
2025-01-05,0.1,0.4,12,12:00:00,
2025-01-05,0.2,0.1,13,13:00:00,
2025-01-05,0.1,0.9,14,14:00:00,
2025-01-05,0.5,2,15,15:00:00,
2025-01-05,1.1,2.1,16,16:00:00,
2025-01-05,1.2,2.3,17,17:00:00,
2025-01-05,2.2,1.3,18,18:00:00,
2025-01-05,4.1,0.6,19,19:00:00,
2025-01-05,5.7,0.7,20,20:00:00,
2025-01-05,7.9,1.5,21,21:00:00,
2025-01-05,8.9,1.3,22,22:00:00,
2025-01-05,9.3,2.4,23,23:00:00,
2025-01-06,10,0.5,0,0:00:00,
2025-01-06,9.7,0.1,1,1:00:00,
2025-01-06,9.6,1.3,2,2:00:00,
2025-01-06,9.9,1.2,3,3:00:00,
2025-01-06,10,0.7,4,4:00:00,
2025-01-06,9.8,0,5,5:00:00,
2025-01-06,10,0,6,6:00:00,
2025-01-06,10.2,0,7,7:00:00,
2025-01-06,10,0,8,8:00:00,
2025-01-06,9.9,0,9,9:00:00,
2025-01-06,10.1,0.1,10,10:00:00,
2025-01-06,10.4,0,11,11:00:00,
2025-01-06,10.2,0,12,12:00:00,
2025-01-06,10.3,0.5,13,13:00:00,
2025-01-06,10.7,0,14,14:00:00,
2025-01-06,10.8,0,15,15:00:00,
2025-01-06,10.9,0.1,16,16:00:00,
2025-01-06,10.9,0.6,17,17:00:00,
2025-01-06,7.2,0.2,18,18:00:00,
2025-01-06,6.2,0.1,19,19:00:00,
2025-01-06,5.4,0.2,20,20:00:00,
2025-01-06,5.7,0.4,21,21:00:00,
2025-01-06,5.3,0,22,22:00:00,
2025-01-06,5,0.1,23,23:00:00,
2025-01-07,4.5,0.1,0,0:00:00,
1/7/2025 1:00,4.2,0,1,0.041666667,
1/7/2025 2:00,3.9,0,2,0.083333333,
1/7/2025 3:00,4.1,0,3,0.125,
1/7/2025 4:00,4.2,0,4,0.166666667,
1/7/2025 5:00,3.6,0,5,0.208333333,
1/7/2025 6:00,3.8,0,6,0.25,
1/7/2025 7:00,3.8,0,7,0.291666667,
1/7/2025 8:00,3.8,0.1,8,0.333333333,
1/7/2025 9:00,3.6,0,9,0.375,
1/7/2025 10:00,3.7,0.1,10,0.416666667,
1/7/2025 11:00,3.8,0,11,0.458333333,
1/7/2025 12:00,3.6,0,12,0.5,
1/7/2025 13:00,4,0.1,13,0.541666667,
1/7/2025 14:00,3.7,0,14,0.583333333,
1/7/2025 15:00,4.2,0,15,0.625,
1/7/2025 16:00,3.4,0,16,0.666666667,
1/7/2025 17:00,3.6,0,17,0.708333333,
1/7/2025 18:00,3.1,0.1,18,0.75,
1/7/2025 19:00,2.8,0,19,0.791666667,
1/7/2025 20:00,2,0,20,0.833333333,
1/7/2025 21:00,2.4,0,21,0.875,
1/7/2025 22:00,1.4,0,22,0.916666667,
1/7/2025 23:00,2.1,0,23,0.958333333,
1/8/2025 0:00,2.5,0,0,0,
1/8/2025 1:00,2.4,0.2,1,0.041666667,
1/8/2025 2:00,2.2,0.1,2,0.083333333,
1/8/2025 3:00,2.4,0,3,0.125,
1/8/2025 4:00,2.1,0,4,0.166666667,
1/8/2025 5:00,2.1,0,5,0.208333333,
1/8/2025 6:00,1.7,0,6,0.25,
1/8/2025 7:00,1.2,0,7,0.291666667,
1/8/2025 8:00,0.8,0,8,0.333333333,
1/8/2025 9:00,1,0,9,0.375,
1/8/2025 10:00,0.8,0,10,0.416666667,
1/8/2025 11:00,1.4,0,11,0.458333333,
1/8/2025 12:00,2,0,12,0.5,
1/8/2025 13:00,3.3,0,13,0.541666667,
1/8/2025 14:00,3.7,0,14,0.583333333,
1/8/2025 15:00,4.1,0,15,0.625,
1/8/2025 16:00,3.9,0,16,0.666666667,
1/8/2025 17:00,3.4,0,17,0.708333333,
1/8/2025 18:00,3.1,0,18,0.75,
1/8/2025 19:00,1.9,0,19,0.791666667,
1/8/2025 20:00,1.6,0,20,0.833333333,
1/8/2025 21:00,2,0,21,0.875,
1/8/2025 22:00,1.9,0,22,0.916666667,
1/8/2025 23:00,1.4,0,23,0.958333333,
1/9/2025 0:00,1.9,0,0,0,
1/9/2025 1:00,1.9,0.2,1,0.041666667,
1/9/2025 2:00,0.8,0.1,2,0.083333333,
1/9/2025 3:00,0.8,0.1,3,0.125,
1/9/2025 4:00,0.6,0,4,0.166666667,
1/9/2025 5:00,0.6,0,5,0.208333333,
1/9/2025 6:00,0.5,0.1,6,0.25,
1/9/2025 7:00,0.4,0.3,7,0.291666667,
1/9/2025 8:00,0.5,0.4,8,0.333333333,
1/9/2025 9:00,0.7,0,9,0.375,
1/9/2025 10:00,0.8,0,10,0.416666667,
1/9/2025 11:00,0.8,0,11,0.458333333,
1/9/2025 12:00,0.9,0,12,0.5,
1/9/2025 13:00,1.1,0,13,0.541666667,
1/9/2025 14:00,2.5,0,14,0.583333333,
1/9/2025 15:00,3.6,0,15,0.625,
1/9/2025 16:00,4.1,0,16,0.666666667,
1/9/2025 17:00,3.8,0,17,0.708333333,
1/9/2025 18:00,3.1,0,18,0.75,
1/9/2025 19:00,2.6,0,19,0.791666667,
1/9/2025 20:00,1.6,0,20,0.833333333,
1/9/2025 21:00,1,0,21,0.875,
1/9/2025 22:00,1.4,0,22,0.916666667,
1/9/2025 23:00,0.8,0,23,0.958333333,
1/10/2025 0:00,0.3,0,0,0,
1/10/2025 1:00,0,0,1,0.041666667,
1/10/2025 2:00,0,0,2,0.083333333,
1/10/2025 3:00,0.6,0,3,0.125,
1/10/2025 4:00,0.9,0.1,4,0.166666667,
1/10/2025 5:00,1.2,0,5,0.208333333,
1/10/2025 6:00,1.4,0,6,0.25,
1/10/2025 7:00,1.7,0,7,0.291666667,
1/10/2025 8:00,1.5,0,8,0.333333333,
1/10/2025 9:00,1.2,0,9,0.375,
1/10/2025 10:00,1.8,0,10,0.416666667,
1/10/2025 11:00,1.5,0,11,0.458333333,
1/10/2025 12:00,1,0.6,12,0.5,
1/10/2025 13:00,3.1,0,13,0.541666667,
1/10/2025 14:00,3.2,0,14,0.583333333,
1/10/2025 15:00,3.4,0,15,0.625,
1/10/2025 16:00,4.1,0,16,0.666666667,
1/10/2025 17:00,3.2,0.5,17,0.708333333,
1/10/2025 18:00,2.9,0.1,18,0.75,
1/10/2025 19:00,2.7,0,19,0.791666667,
1/10/2025 20:00,2.4,0,20,0.833333333,
1/10/2025 21:00,1.7,0.5,21,0.875,
1/10/2025 22:00,1.2,0,22,0.916666667,
1/10/2025 23:00,0,0,23,0.958333333,
1/11/2025 0:00,1,0,0,0,
1/11/2025 1:00,0.9,0,1,0.041666667,
1/11/2025 2:00,-0.7,0,2,0.083333333,
1/11/2025 3:00,-0.6,0,3,0.125,
1/11/2025 4:00,-0.5,0,4,0.166666667,
1/11/2025 5:00,-1.1,0,5,0.208333333,
1/11/2025 6:00,-1.2,0,6,0.25,
1/11/2025 7:00,-1,0,7,0.291666667,
1/11/2025 8:00,0,0,8,0.333333333,
1/11/2025 9:00,-0.5,0,9,0.375,
1/11/2025 10:00,-0.8,0,10,0.416666667,
1/11/2025 11:00,0.2,0,11,0.458333333,
1/11/2025 12:00,1.5,0,12,0.5,
1/11/2025 13:00,2.7,0,13,0.541666667,
1/11/2025 14:00,2.7,0,14,0.583333333,
1/11/2025 15:00,3.2,0,15,0.625,
1/11/2025 16:00,3.3,0,16,0.666666667,
1/11/2025 17:00,3,0,17,0.708333333,
1/11/2025 18:00,2.5,0,18,0.75,
1/11/2025 19:00,2.2,0,19,0.791666667,
1/11/2025 20:00,1.5,0,20,0.833333333,
1/11/2025 21:00,1.5,0,21,0.875,
1/11/2025 22:00,1.2,0,22,0.916666667,
1/11/2025 23:00,0.7,0,23,0.958333333,
1/12/2025 0:00,0.9,0,0,0,
1/12/2025 1:00,1.3,0,1,0.041666667,
1/12/2025 2:00,0,0,2,0.083333333,
1/12/2025 3:00,0.5,0,3,0.125,
1/12/2025 4:00,0.7,0,4,0.166666667,
1/12/2025 5:00,-0.3,0,5,0.208333333,
1/12/2025 6:00,-0.4,0,6,0.25,
1/12/2025 7:00,-0.3,0,7,0.291666667,
1/12/2025 8:00,-0.8,0,8,0.333333333,
1/12/2025 9:00,0.9,0,9,0.375,
1/12/2025 10:00,1.5,0,10,0.416666667,
1/12/2025 11:00,1.5,0,11,0.458333333,
1/12/2025 12:00,2.3,0,12,0.5,
1/12/2025 13:00,3.1,0,13,0.541666667,
1/12/2025 14:00,3.7,0,14,0.583333333,
1/12/2025 15:00,4.5,0,15,0.625,
1/12/2025 16:00,5,0,16,0.666666667,
1/12/2025 17:00,4.1,0,17,0.708333333,
1/12/2025 18:00,3.6,0,18,0.75,
1/12/2025 19:00,2.6,0,19,0.791666667,
1/12/2025 20:00,0.9,0,20,0.833333333,
1/12/2025 21:00,2.1,0,21,0.875,
1/12/2025 22:00,1.5,0,22,0.916666667,
1/12/2025 23:00,0.4,0,23,0.958333333,
1/13/2025 0:00,1.4,0,0,0,
1/13/2025 1:00,-0.1,0,1,0.041666667,
1/13/2025 2:00,1.1,0,2,0.083333333,
1/13/2025 3:00,0.8,0,3,0.125,
1/13/2025 4:00,-1.4,0,4,0.166666667,
1/13/2025 5:00,-1,0,5,0.208333333,
1/13/2025 6:00,-0.1,0,6,0.25,
1/13/2025 7:00,-1.5,0,7,0.291666667,
1/13/2025 8:00,-0.6,0,8,0.333333333,
1/13/2025 9:00,0.3,0,9,0.375,
1/13/2025 10:00,-1.9,0,10,0.416666667,
1/13/2025 11:00,-0.6,0,11,0.458333333,
1/13/2025 12:00,0.4,0,12,0.5,
1/13/2025 13:00,1.3,0,13,0.541666667,
1/13/2025 14:00,1.8,0,14,0.583333333,
1/13/2025 15:00,1.5,0,15,0.625,
1/13/2025 16:00,2.7,0,16,0.666666667,
1/13/2025 17:00,2,0,17,0.708333333,
1/13/2025 18:00,1.3,0,18,0.75,
1/13/2025 19:00,0.7,0,19,0.791666667,
1/13/2025 20:00,-0.3,0,20,0.833333333,
1/13/2025 21:00,-0.1,0,21,0.875,
1/13/2025 22:00,-0.5,0,22,0.916666667,
1/13/2025 23:00,-0.7,0,23,0.958333333,
1/14/2025 0:00,-0.6,0,0,0,
1/14/2025 1:00,-0.7,0,1,0.041666667,
1/14/2025 2:00,-1.1,0,2,0.083333333,
1/14/2025 3:00,-1.4,0,3,0.125,
1/14/2025 4:00,-1.4,0,4,0.166666667,
1/14/2025 5:00,-1,0,5,0.208333333,
1/14/2025 6:00,-0.8,0,6,0.25,
1/14/2025 7:00,-0.3,0,7,0.291666667,
1/14/2025 8:00,-0.6,0,8,0.333333333,
1/14/2025 9:00,-0.2,0,9,0.375,
1/14/2025 10:00,-0.3,0,10,0.416666667,
1/14/2025 11:00,0,0,11,0.458333333,
1/14/2025 12:00,0.6,0,12,0.5,
1/14/2025 13:00,0.9,0,13,0.541666667,
1/14/2025 14:00,1.7,0,14,0.583333333,
1/14/2025 15:00,1.7,0,15,0.625,
1/14/2025 16:00,1.9,0,16,0.666666667,
1/14/2025 17:00,2.3,0,17,0.708333333,
1/14/2025 18:00,1.9,0,18,0.75,
1/14/2025 19:00,2.4,0,19,0.791666667,
1/14/2025 20:00,2.3,0.1,20,0.833333333,
1/14/2025 21:00,2.1,0.1,21,0.875,
1/14/2025 22:00,2.9,0,22,0.916666667,
1/14/2025 23:00,3.1,0,23,0.958333333,
1/15/2025 0:00,3.1,0,0,0,
1/15/2025 1:00,3.8,0,1,0.041666667,
1/15/2025 2:00,3.9,0,2,0.083333333,
1/15/2025 3:00,4,0,3,0.125,
1/15/2025 4:00,4.5,0,4,0.166666667,
1/15/2025 5:00,5.1,0,5,0.208333333,
1/15/2025 6:00,4.8,0,6,0.25,
1/15/2025 7:00,5.1,0,7,0.291666667,
1/15/2025 8:00,5.9,0,8,0.333333333,
1/15/2025 9:00,5.5,0,9,0.375,
1/15/2025 10:00,5.6,0,10,0.416666667,
1/15/2025 11:00,5.8,0,11,0.458333333,
1/15/2025 12:00,5.6,0,12,0.5,
1/15/2025 13:00,6,0,13,0.541666667,
1/15/2025 14:00,6.5,0,14,0.583333333,
1/15/2025 15:00,6.8,0,15,0.625,
1/15/2025 16:00,6.5,0,16,0.666666667,
1/15/2025 17:00,6.5,0,17,0.708333333,
1/15/2025 18:00,6.5,0,18,0.75,
1/15/2025 19:00,6.2,0,19,0.791666667,
1/15/2025 20:00,5.7,0,20,0.833333333,
1/15/2025 21:00,6,0,21,0.875,
1/15/2025 22:00,5.6,0,22,0.916666667,
1/15/2025 23:00,5.2,0,23,0.958333333,
1/16/2025 0:00,5.3,0,0,0,
1/16/2025 1:00,5.1,0,1,0.041666667,
1/16/2025 2:00,4.9,0,2,0.083333333,
1/16/2025 3:00,5,0,3,0.125,
1/16/2025 4:00,4.8,0,4,0.166666667,
1/16/2025 5:00,4.7,0,5,0.208333333,
1/16/2025 6:00,5.1,0.1,6,0.25,
1/16/2025 7:00,4.4,0,7,0.291666667,
1/16/2025 8:00,4.4,0,8,0.333333333,
1/16/2025 9:00,4.7,0,9,0.375,
1/16/2025 10:00,4.3,0,10,0.416666667,
1/16/2025 11:00,4.2,0,11,0.458333333,
1/16/2025 12:00,4.9,0,12,0.5,
1/16/2025 13:00,4.5,0,13,0.541666667,
1/16/2025 14:00,4.4,0,14,0.583333333,
1/16/2025 15:00,5,0,15,0.625,
1/16/2025 16:00,4.3,0,16,0.666666667,
1/16/2025 17:00,4,0,17,0.708333333,
1/16/2025 18:00,3.6,0,18,0.75,
1/16/2025 19:00,2.8,0,19,0.791666667,
1/16/2025 20:00,2,0,20,0.833333333,
1/16/2025 21:00,2.2,0,21,0.875,
1/16/2025 22:00,1.9,0,22,0.916666667,
1/16/2025 23:00,1.4,0,23,0.958333333,
1/17/2025 0:00,1.2,0,0,0,
1/17/2025 1:00,1.1,0,1,0.041666667,
1/17/2025 2:00,0.7,0,2,0.083333333,
1/17/2025 3:00,0.7,0,3,0.125,
1/17/2025 4:00,0.5,0,4,0.166666667,
1/17/2025 5:00,0.3,0,5,0.208333333,
1/17/2025 6:00,0.3,0,6,0.25,
1/17/2025 7:00,0.5,0,7,0.291666667,
1/17/2025 8:00,0.4,0,8,0.333333333,
1/17/2025 9:00,-0.1,0,9,0.375,
1/17/2025 10:00,0.5,0,10,0.416666667,
1/17/2025 11:00,0.4,0,11,0.458333333,
1/17/2025 12:00,0.3,0,12,0.5,
1/17/2025 13:00,0.9,0,13,0.541666667,
1/17/2025 14:00,1.1,0,14,0.583333333,
1/17/2025 15:00,1.6,0,15,0.625,
1/17/2025 16:00,1.4,0,16,0.666666667,
1/17/2025 17:00,1.3,0,17,0.708333333,
1/17/2025 18:00,1.3,0,18,0.75,
1/17/2025 19:00,0.5,0,19,0.791666667,
1/17/2025 20:00,0.2,0,20,0.833333333,
1/17/2025 21:00,0.2,0,21,0.875,
1/17/2025 22:00,0.1,0,22,0.916666667,
1/17/2025 23:00,-0.4,0,23,0.958333333,
1/18/2025 0:00,-0.2,0,0,0,
1/18/2025 1:00,-0.2,0,1,0.041666667,
1/18/2025 2:00,-0.5,0,2,0.083333333,
1/18/2025 3:00,-0.5,0,3,0.125,
1/18/2025 4:00,-1,0,4,0.166666667,
1/18/2025 5:00,-1,0,5,0.208333333,
1/18/2025 6:00,-0.9,0,6,0.25,
1/18/2025 7:00,-1.1,0,7,0.291666667,
1/18/2025 8:00,-1.2,0,8,0.333333333,
1/18/2025 9:00,-1.2,0,9,0.375,
1/18/2025 10:00,-1.4,0,10,0.416666667,
1/18/2025 11:00,-1.5,0,11,0.458333333,
1/18/2025 12:00,-0.8,0,12,0.5,
1/18/2025 13:00,-0.2,0,13,0.541666667,
1/18/2025 14:00,0.6,0,14,0.583333333,
1/18/2025 15:00,1.8,0,15,0.625,
1/18/2025 16:00,2.1,0,16,0.666666667,
1/18/2025 17:00,1.6,0,17,0.708333333,
1/18/2025 18:00,0.8,0,18,0.75,
1/18/2025 19:00,0,0,19,0.791666667,
1/18/2025 20:00,-0.3,0,20,0.833333333,
1/18/2025 21:00,-0.8,0,21,0.875,
1/18/2025 22:00,-1.2,0,22,0.916666667,
1/18/2025 23:00,-1,0,23,0.958333333,
1/19/2025 0:00,-1.5,0,0,0,
1/19/2025 1:00,-2,0,1,0.041666667,
1/19/2025 2:00,-1.7,0,2,0.083333333,
1/19/2025 3:00,-1.4,0,3,0.125,
1/19/2025 4:00,-2.2,0,4,0.166666667,
1/19/2025 5:00,-1.8,0,5,0.208333333,
1/19/2025 6:00,-1.6,0,6,0.25,
1/19/2025 7:00,-2.5,0,7,0.291666667,
1/19/2025 8:00,-1.9,0,8,0.333333333,
1/19/2025 9:00,-2.1,0,9,0.375,
1/19/2025 10:00,-2.9,0,10,0.416666667,
1/19/2025 11:00,-1.3,0,11,0.458333333,
1/19/2025 12:00,-1.7,0,12,0.5,
1/19/2025 13:00,0.1,0,13,0.541666667,
1/19/2025 14:00,1.9,0,14,0.583333333,
1/19/2025 15:00,0,0,15,0.625,
1/19/2025 16:00,1.5,0,16,0.666666667,
1/19/2025 17:00,1.6,0,17,0.708333333,
1/19/2025 18:00,-1.2,0,18,0.75,
1/19/2025 19:00,-0.4,0,19,0.791666667,
1/19/2025 20:00,-0.4,0,20,0.833333333,
1/19/2025 21:00,-2.2,0,21,0.875,
1/19/2025 22:00,-1.7,0,22,0.916666667,
1/19/2025 23:00,-2.2,0,23,0.958333333,
1/20/2025 0:00,-2.3,0,0,0,
1/20/2025 1:00,-2.6,0,1,0.041666667,
1/20/2025 2:00,-3.3,0,2,0.083333333,
1/20/2025 3:00,-2.4,0,3,0.125,
1/20/2025 4:00,-3.6,0,4,0.166666667,
1/20/2025 5:00,-2.4,0,5,0.208333333,
1/20/2025 6:00,-2.8,0,6,0.25,
1/20/2025 7:00,-2,0,7,0.291666667,
1/20/2025 8:00,-1.8,0,8,0.333333333,
1/20/2025 9:00,-2.2,0,9,0.375,
1/20/2025 10:00,-1.2,0,10,0.416666667,
1/20/2025 11:00,-1.4,0,11,0.458333333,
1/20/2025 12:00,-0.8,0,12,0.5,
1/20/2025 13:00,-0.6,0,13,0.541666667,
1/20/2025 14:00,-0.5,0,14,0.583333333,
1/20/2025 15:00,-0.6,0,15,0.625,
1/20/2025 16:00,-0.2,0,16,0.666666667,
1/20/2025 17:00,-0.1,0,17,0.708333333,
1/20/2025 18:00,-0.1,0,18,0.75,
1/20/2025 19:00,-0.7,0,19,0.791666667,
1/20/2025 20:00,-0.4,0,20,0.833333333,
1/20/2025 21:00,-0.7,0,21,0.875,
1/20/2025 22:00,-1.1,0,22,0.916666667,
1/20/2025 23:00,-0.9,0,23,0.958333333,
1/21/2025 0:00,-1.2,0,0,0,
1/21/2025 1:00,-1.1,0,1,0.041666667,
1/21/2025 2:00,-1,0,2,0.083333333,
1/21/2025 3:00,-1.3,0,3,0.125,
1/21/2025 4:00,-1.8,0,4,0.166666667,
1/21/2025 5:00,-1.3,0,5,0.208333333,
1/21/2025 6:00,-2,0,6,0.25,
1/21/2025 7:00,-1.3,0,7,0.291666667,
1/21/2025 8:00,-1.6,0,8,0.333333333,
1/21/2025 9:00,-2.7,0,9,0.375,
1/21/2025 10:00,-1.4,0,10,0.416666667,
1/21/2025 11:00,-0.6,0,11,0.458333333,
1/21/2025 12:00,-0.7,0,12,0.5,
1/21/2025 13:00,0.2,0,13,0.541666667,
1/21/2025 14:00,0.8,0,14,0.583333333,
1/21/2025 15:00,1.4,0,15,0.625,
1/21/2025 16:00,1.5,0,16,0.666666667,
1/21/2025 17:00,1.3,0,17,0.708333333,
1/21/2025 18:00,0.4,0,18,0.75,
1/21/2025 19:00,0.8,0,19,0.791666667,
1/21/2025 20:00,-0.1,0,20,0.833333333,
1/21/2025 21:00,-0.7,0,21,0.875,
1/21/2025 22:00,-0.1,0,22,0.916666667,
1/21/2025 23:00,-0.2,0,23,0.958333333,
1/22/2025 0:00,-0.6,0,0,0,
1/22/2025 1:00,-0.7,0,1,0.041666667,
1/22/2025 2:00,-0.6,0,2,0.083333333,
1/22/2025 3:00,-0.5,0,3,0.125,
1/22/2025 4:00,-0.5,0,4,0.166666667,
1/22/2025 5:00,-0.5,0,5,0.208333333,
1/22/2025 6:00,-0.2,0,6,0.25,
1/22/2025 7:00,-0.4,0,7,0.291666667,
1/22/2025 8:00,0,0,8,0.333333333,
1/22/2025 9:00,-0.1,0,9,0.375,
1/22/2025 10:00,0.2,0,10,0.416666667,
1/22/2025 11:00,0.7,0,11,0.458333333,
1/22/2025 12:00,1.2,0,12,0.5,
1/22/2025 13:00,2.1,0,13,0.541666667,
1/22/2025 14:00,2.8,0,14,0.583333333,
1/22/2025 15:00,3,0,15,0.625,
1/22/2025 16:00,2.6,0,16,0.666666667,
1/22/2025 17:00,3.4,0.1,17,0.708333333,
1/22/2025 18:00,2.8,0.2,18,0.75,
1/22/2025 19:00,2.9,0,19,0.791666667,
1/22/2025 20:00,3.3,0.4,20,0.833333333,
1/22/2025 21:00,2.7,0,21,0.875,
1/22/2025 22:00,2.9,0.2,22,0.916666667,
1/22/2025 23:00,3.1,0.7,23,0.958333333,
1/23/2025 0:00,2.7,1.1,0,0,
1/23/2025 1:00,3,1.3,1,0.041666667,
1/23/2025 2:00,2.9,0.8,2,0.083333333,
1/23/2025 3:00,1.9,1,3,0.125,
1/23/2025 4:00,1.7,2,4,0.166666667,
1/23/2025 5:00,2.4,0.9,5,0.208333333,
1/23/2025 6:00,2.5,0.5,6,0.25,
1/23/2025 7:00,3.1,0.3,7,0.291666667,
1/23/2025 8:00,3.6,0,8,0.333333333,
1/23/2025 9:00,3.7,0.1,9,0.375,
1/23/2025 10:00,4,0,10,0.416666667,
1/23/2025 11:00,3.9,0,11,0.458333333,
1/23/2025 12:00,4.5,0,12,0.5,
1/23/2025 13:00,5.5,0,13,0.541666667,
1/23/2025 14:00,5.7,0.1,14,0.583333333,
1/23/2025 15:00,5.9,0.5,15,0.625,
1/23/2025 16:00,6,0,16,0.666666667,
1/23/2025 17:00,5,0.1,17,0.708333333,
1/23/2025 18:00,4.9,0,18,0.75,
1/23/2025 19:00,4.5,0,19,0.791666667,
1/23/2025 20:00,4,0,20,0.833333333,
1/23/2025 21:00,4.3,0.2,21,0.875,
1/23/2025 22:00,3.9,0.1,22,0.916666667,
1/23/2025 23:00,4.3,0.1,23,0.958333333,
1/24/2025 0:00,3.7,0.1,0,0,
1/24/2025 1:00,4.5,0.1,1,0.041666667,
1/24/2025 2:00,5.2,0,2,0.083333333,
1/24/2025 3:00,5.7,0.1,3,0.125,
1/24/2025 4:00,5.5,0.1,4,0.166666667,
1/24/2025 5:00,5.7,0,5,0.208333333,
1/24/2025 6:00,5.3,0,6,0.25,
1/24/2025 7:00,5,0,7,0.291666667,
1/24/2025 8:00,5.7,0,8,0.333333333,
1/24/2025 9:00,5.9,0,9,0.375,
1/24/2025 10:00,6.3,0.1,10,0.416666667,
1/24/2025 11:00,6.4,0.5,11,0.458333333,
1/24/2025 12:00,6.8,0.9,12,0.5,
1/24/2025 13:00,7.2,1.1,13,0.541666667,
1/24/2025 14:00,7.2,0.8,14,0.583333333,
1/24/2025 15:00,6.8,1,15,0.625,
1/24/2025 16:00,7.1,0,16,0.666666667,
1/24/2025 17:00,7.4,0,17,0.708333333,
1/24/2025 18:00,7.9,0,18,0.75,
1/24/2025 19:00,8,0,19,0.791666667,
1/24/2025 20:00,7.8,0,20,0.833333333,
1/24/2025 21:00,7.7,0,21,0.875,
1/24/2025 22:00,7.6,0,22,0.916666667,
1/24/2025 23:00,7.5,0,23,0.958333333,
1/25/2025 0:00,7.1,0,0,0,
1/25/2025 1:00,7.4,0,1,0.041666667,
1/25/2025 2:00,7.1,0,2,0.083333333,
1/25/2025 3:00,7.2,0,3,0.125,
1/25/2025 4:00,7.1,0,4,0.166666667,
1/25/2025 5:00,6.8,0.2,5,0.208333333,
1/25/2025 6:00,6.8,0.6,6,0.25,
1/25/2025 7:00,6.3,0.7,7,0.291666667,
1/25/2025 8:00,6.3,0.9,8,0.333333333,
1/25/2025 9:00,6.3,0.5,9,0.375,
1/25/2025 10:00,5.7,1.4,10,0.416666667,
1/25/2025 11:00,5.1,0.4,11,0.458333333,
1/25/2025 12:00,6.2,0.6,12,0.5,
1/25/2025 13:00,5.6,0,13,0.541666667,
1/25/2025 14:00,6.9,0,14,0.583333333,
1/25/2025 15:00,7.8,0,15,0.625,
1/25/2025 16:00,7.2,0,16,0.666666667,
1/25/2025 17:00,7,0,17,0.708333333,
1/25/2025 18:00,6.3,0,18,0.75,
1/25/2025 19:00,5.4,0,19,0.791666667,
1/25/2025 20:00,3.9,0,20,0.833333333,
1/25/2025 21:00,3.6,0,21,0.875,
1/25/2025 22:00,3.2,0,22,0.916666667,
1/25/2025 23:00,3.5,0,23,0.958333333,
1/26/2025 0:00,3.8,0,0,0,
1/26/2025 1:00,3.3,0,1,0.041666667,
1/26/2025 2:00,3.8,0,2,0.083333333,
1/26/2025 3:00,3.2,0,3,0.125,
1/26/2025 4:00,3.2,0,4,0.166666667,
1/26/2025 5:00,3.3,0,5,0.208333333,
1/26/2025 6:00,3.5,0.2,6,0.25,
1/26/2025 7:00,2.7,0.6,7,0.291666667,
1/26/2025 8:00,2.9,0.4,8,0.333333333,
1/26/2025 9:00,3.2,1.2,9,0.375,
1/26/2025 10:00,2.5,0.4,10,0.416666667,
1/26/2025 11:00,2.5,0.2,11,0.458333333,
1/26/2025 12:00,4.2,0,12,0.5,
1/26/2025 13:00,3.5,0,13,0.541666667,
1/26/2025 14:00,4.9,0,14,0.583333333,
1/26/2025 15:00,5.2,0,15,0.625,
1/26/2025 16:00,4.3,0,16,0.666666667,
1/26/2025 17:00,4.6,0,17,0.708333333,
1/26/2025 18:00,4.3,0,18,0.75,
1/26/2025 19:00,3.4,0,19,0.791666667,
1/26/2025 20:00,3.4,0,20,0.833333333,
1/26/2025 21:00,2.5,0,21,0.875,
1/26/2025 22:00,2.7,0,22,0.916666667,
1/26/2025 23:00,3,0.5,23,0.958333333,
1/27/2025 0:00,3.2,1.9,0,0,
1/27/2025 1:00,3.5,0,1,0.041666667,
1/27/2025 2:00,3.8,0,2,0.083333333,
1/27/2025 3:00,4.9,0,3,0.125,
1/27/2025 4:00,5.5,0,4,0.166666667,
1/27/2025 5:00,5.4,0.1,5,0.208333333,
1/27/2025 6:00,5.9,1.6,6,0.25,
1/27/2025 7:00,6.7,1.3,7,0.291666667,
1/27/2025 8:00,7.2,0.4,8,0.333333333,
1/27/2025 9:00,8.7,0,9,0.375,
1/27/2025 10:00,8.9,0.2,10,0.416666667,
1/27/2025 11:00,9.4,0,11,0.458333333,
1/27/2025 12:00,9.8,0,12,0.5,
1/27/2025 13:00,10.5,0,13,0.541666667,
1/27/2025 14:00,10.5,0,14,0.583333333,
1/27/2025 15:00,11,0,15,0.625,
1/27/2025 16:00,10.4,0,16,0.666666667,
1/27/2025 17:00,10.1,0,17,0.708333333,
1/27/2025 18:00,9.3,0,18,0.75,
1/27/2025 19:00,8.4,0,19,0.791666667,
1/27/2025 20:00,7.7,0,20,0.833333333,
1/27/2025 21:00,8,0,21,0.875,
1/27/2025 22:00,8.3,0,22,0.916666667,
1/27/2025 23:00,8.3,0,23,0.958333333,
1/28/2025 0:00,7.8,0,0,0,
1/28/2025 1:00,7.2,0,1,0.041666667,
1/28/2025 2:00,8.1,0,2,0.083333333,
1/28/2025 3:00,6.6,0,3,0.125,
1/28/2025 4:00,6.1,0,4,0.166666667,
1/28/2025 5:00,5.8,0,5,0.208333333,
1/28/2025 6:00,5.8,0,6,0.25,
1/28/2025 7:00,5.6,0,7,0.291666667,
1/28/2025 8:00,5.5,0,8,0.333333333,
1/28/2025 9:00,5.5,0,9,0.375,
1/28/2025 10:00,4.8,0,10,0.416666667,
1/28/2025 11:00,6.1,0,11,0.458333333,
1/28/2025 12:00,7.9,0,12,0.5,
1/28/2025 13:00,8.7,0,13,0.541666667,
1/28/2025 14:00,8.6,0,14,0.583333333,
1/28/2025 15:00,8.6,0,15,0.625,
1/28/2025 16:00,9.3,0,16,0.666666667,
1/28/2025 17:00,8.8,0.2,17,0.708333333,
1/28/2025 18:00,8.3,0,18,0.75,
1/28/2025 19:00,8,0,19,0.791666667,
1/28/2025 20:00,7.6,0,20,0.833333333,
1/28/2025 21:00,7.3,0,21,0.875,
1/28/2025 22:00,7.5,0,22,0.916666667,
1/28/2025 23:00,7.4,0,23,0.958333333,
1/29/2025 0:00,6.8,0.4,0,0,
1/29/2025 1:00,6.9,0.1,1,0.041666667,
1/29/2025 2:00,7.3,0,2,0.083333333,
1/29/2025 3:00,7.2,0,3,0.125,
1/29/2025 4:00,7.1,0,4,0.166666667,
1/29/2025 5:00,7.1,0.9,5,0.208333333,
1/29/2025 6:00,7,2.4,6,0.25,
1/29/2025 7:00,7.3,0.7,7,0.291666667,
1/29/2025 8:00,7.1,0.2,8,0.333333333,
1/29/2025 9:00,6.5,0.4,9,0.375,
1/29/2025 10:00,6.6,0.6,10,0.416666667,
1/29/2025 11:00,6.6,0,11,0.458333333,
1/29/2025 12:00,6.5,0,12,0.5,
1/29/2025 13:00,6.8,0,13,0.541666667,
1/29/2025 14:00,7,0.2,14,0.583333333,
1/29/2025 15:00,7.1,0,15,0.625,
1/29/2025 16:00,7.2,0,16,0.666666667,
1/29/2025 17:00,7.1,0.4,17,0.708333333,
1/29/2025 18:00,6.9,0,18,0.75,
1/29/2025 19:00,6.8,0,19,0.791666667,
1/29/2025 20:00,6,0,20,0.833333333,
1/29/2025 21:00,5.6,0,21,0.875,
1/29/2025 22:00,5.7,0,22,0.916666667,
1/29/2025 23:00,4.5,0,23,0.958333333,
1/30/2025 0:00,4.9,0,0,0,
1/30/2025 1:00,5.5,0,1,0.041666667,
1/30/2025 2:00,5.1,0,2,0.083333333,
1/30/2025 3:00,4.5,0,3,0.125,
1/30/2025 4:00,5.2,0,4,0.166666667,
1/30/2025 5:00,5.3,0,5,0.208333333,
1/30/2025 6:00,3.8,0,6,0.25,
1/30/2025 7:00,4.7,0,7,0.291666667,
1/30/2025 8:00,4.9,0,8,0.333333333,
1/30/2025 9:00,4.1,0,9,0.375,
1/30/2025 10:00,4.6,0,10,0.416666667,
1/30/2025 11:00,4.9,0.2,11,0.458333333,
1/30/2025 12:00,5,0.4,12,0.5,
1/30/2025 13:00,5.6,0.5,13,0.541666667,
1/30/2025 14:00,5.8,0.4,14,0.583333333,
1/30/2025 15:00,5.6,0,15,0.625,
1/30/2025 16:00,6,0.2,16,0.666666667,
1/30/2025 17:00,6.2,0,17,0.708333333,
1/30/2025 18:00,6,0,18,0.75,
1/30/2025 19:00,5.4,0,19,0.791666667,
1/30/2025 20:00,5.1,0,20,0.833333333,
1/30/2025 21:00,4.3,0,21,0.875,
1/30/2025 22:00,2.4,0,22,0.916666667,
1/30/2025 23:00,2.5,0.1,23,0.958333333,
1/31/2025 0:00,1.4,0,0,0,
1/31/2025 1:00,1,0,1,0.041666667,
1/31/2025 2:00,1.6,0.3,2,0.083333333,
1/31/2025 3:00,1.8,0.3,3,0.125,
1/31/2025 4:00,0.5,0.1,4,0.166666667,
1/31/2025 5:00,1.3,0,5,0.208333333,
1/31/2025 6:00,1.7,0,6,0.25,
1/31/2025 7:00,0.7,0,7,0.291666667,
1/31/2025 8:00,1.9,0,8,0.333333333,
1/31/2025 9:00,1.1,0,9,0.375,
1/31/2025 10:00,1.1,0,10,0.416666667,
1/31/2025 11:00,1.8,0,11,0.458333333,
1/31/2025 12:00,2.8,0,12,0.5,
1/31/2025 13:00,4.5,0,13,0.541666667,
1/31/2025 14:00,5.6,0,14,0.583333333,
1/31/2025 15:00,6.4,0,15,0.625,
1/31/2025 16:00,6,0,16,0.666666667,
1/31/2025 17:00,6.4,0,17,0.708333333,
1/31/2025 18:00,5.5,0,18,0.75,
1/31/2025 19:00,4.9,0,19,0.791666667,
1/31/2025 20:00,3,0,20,0.833333333,
1/31/2025 21:00,3.2,0,21,0.875,
1/31/2025 22:00,1.9,0,22,0.916666667,
1/31/2025 23:00,1,0,23,0.958333333,
2/1/2025 0:00,1.2,0,0,0,
2/1/2025 1:00,0.6,0,1,0.041666667,
2/1/2025 2:00,-0.6,0,2,0.083333333,
2/1/2025 3:00,1.3,0,3,0.125,
2/1/2025 4:00,0.6,0,4,0.166666667,
2/1/2025 5:00,0,0,5,0.208333333,
2/1/2025 6:00,2.1,0,6,0.25,
2/1/2025 7:00,0.9,0,7,0.291666667,
2/1/2025 8:00,0.4,0,8,0.333333333,
2/1/2025 9:00,2.1,0,9,0.375,
2/1/2025 10:00,-0.4,0,10,0.416666667,
2/1/2025 11:00,-0.5,0,11,0.458333333,
2/1/2025 12:00,4.2,0,12,0.5,
2/1/2025 13:00,3.4,0,13,0.541666667,
2/1/2025 14:00,3.8,0,14,0.583333333,
2/1/2025 15:00,5.8,0,15,0.625,
2/1/2025 16:00,6,0,16,0.666666667,
2/1/2025 17:00,5.9,0,17,0.708333333,
2/1/2025 18:00,5.5,0,18,0.75,
2/1/2025 19:00,3.7,0,19,0.791666667,
2/1/2025 20:00,2.8,0,20,0.833333333,
2/1/2025 21:00,3.7,0,21,0.875,
2/1/2025 22:00,1.7,0,22,0.916666667,
2/1/2025 23:00,0.8,0,23,0.958333333,
2/2/2025 0:00,0.5,0,0,0,
2/2/2025 1:00,0.6,0,1,0.041666667,
2/2/2025 2:00,-1,0,2,0.083333333,
2/2/2025 3:00,0.5,0,3,0.125,
2/2/2025 4:00,-1,0,4,0.166666667,
2/2/2025 5:00,-2.1,0,5,0.208333333,
2/2/2025 6:00,-0.9,0,6,0.25,
2/2/2025 7:00,-3.3,0,7,0.291666667,
2/2/2025 8:00,-2.6,0,8,0.333333333,
2/2/2025 9:00,-1.7,0,9,0.375,
2/2/2025 10:00,-2.7,0,10,0.416666667,
2/2/2025 11:00,-1.9,0,11,0.458333333,
2/2/2025 12:00,-0.7,0,12,0.5,
2/2/2025 13:00,-0.4,0,13,0.541666667,
2/2/2025 14:00,0.6,0,14,0.583333333,
2/2/2025 15:00,1.5,0,15,0.625,
2/2/2025 16:00,2.6,0,16,0.666666667,
2/2/2025 17:00,2.5,0,17,0.708333333,
2/2/2025 18:00,1.9,0,18,0.75,
2/2/2025 19:00,1.2,0,19,0.791666667,
2/2/2025 20:00,0.2,0,20,0.833333333,
2/2/2025 21:00,-0.4,0,21,0.875,
2/2/2025 22:00,-0.5,0,22,0.916666667,
2/2/2025 23:00,-0.7,0,23,0.958333333,
2/3/2025 0:00,-0.9,0,0,0,
2/3/2025 1:00,-1.7,0,1,0.041666667,
2/3/2025 2:00,-2.7,0,2,0.083333333,
2/3/2025 3:00,-2.1,0,3,0.125,
2/3/2025 4:00,-2.5,0,4,0.166666667,
2/3/2025 5:00,-2.8,0,5,0.208333333,
2/3/2025 6:00,-3.3,0,6,0.25,
2/3/2025 7:00,-3.7,0,7,0.291666667,
2/3/2025 8:00,-3.4,0,8,0.333333333,
2/3/2025 9:00,-3.6,0,9,0.375,
2/3/2025 10:00,-2.9,0,10,0.416666667,
2/3/2025 11:00,-1.8,0,11,0.458333333,
2/3/2025 12:00,-1.8,0,12,0.5,
2/3/2025 13:00,1.5,0,13,0.541666667,
2/3/2025 14:00,2.6,0,14,0.583333333,
2/3/2025 15:00,3.7,0,15,0.625,
2/3/2025 16:00,3.9,0,16,0.666666667,
2/3/2025 17:00,4,0,17,0.708333333,
2/3/2025 18:00,4.2,0,18,0.75,
2/3/2025 19:00,2.4,0,19,0.791666667,
2/3/2025 20:00,2.5,0,20,0.833333333,
2/3/2025 21:00,1.7,0,21,0.875,
2/3/2025 22:00,0.8,0,22,0.916666667,
2/3/2025 23:00,1.4,0,23,0.958333333,
2/4/2025 0:00,1.4,0,0,0,
2/4/2025 1:00,0.9,0,1,0.041666667,
2/4/2025 2:00,1.7,0,2,0.083333333,
2/4/2025 3:00,1.7,0,3,0.125,
2/4/2025 4:00,1.2,0,4,0.166666667,
2/4/2025 5:00,0.3,0,5,0.208333333,
2/4/2025 6:00,1.4,0,6,0.25,
2/4/2025 7:00,0.9,0,7,0.291666667,
2/4/2025 8:00,-0.3,0,8,0.333333333,
2/4/2025 9:00,1.5,0,9,0.375,
2/4/2025 10:00,0.6,0,10,0.416666667,
2/4/2025 11:00,1.1,0,11,0.458333333,
2/4/2025 12:00,1.9,0,12,0.5,
2/4/2025 13:00,1.9,0,13,0.541666667,
2/4/2025 14:00,1.9,0,14,0.583333333,
2/4/2025 15:00,2.4,0,15,0.625,
2/4/2025 16:00,3.7,0,16,0.666666667,
2/4/2025 17:00,2.5,0,17,0.708333333,
2/4/2025 18:00,2.6,0,18,0.75,
2/4/2025 19:00,2.3,0,19,0.791666667,
2/4/2025 20:00,2.2,0,20,0.833333333,
2/4/2025 21:00,2,0,21,0.875,
2/4/2025 22:00,2,0,22,0.916666667,
2/4/2025 23:00,1.9,0,23,0.958333333,
2/5/2025 0:00,1.6,0,0,0,
2/5/2025 1:00,1.9,0,1,0.041666667,
2/5/2025 2:00,2,0,2,0.083333333,
2/5/2025 3:00,1.6,0,3,0.125,
2/5/2025 4:00,1.4,0,4,0.166666667,
2/5/2025 5:00,2.1,0,5,0.208333333,
2/5/2025 6:00,2,0,6,0.25,
2/5/2025 7:00,2.3,0,7,0.291666667,
2/5/2025 8:00,2.8,0,8,0.333333333,
2/5/2025 9:00,2.9,0,9,0.375,
2/5/2025 10:00,3.3,0,10,0.416666667,
2/5/2025 11:00,3.8,0,11,0.458333333,
2/5/2025 12:00,4.5,0,12,0.5,
2/5/2025 13:00,5.4,0,13,0.541666667,
2/5/2025 14:00,5.6,0,14,0.583333333,
2/5/2025 15:00,6.2,0,15,0.625,
2/5/2025 16:00,6.9,0,16,0.666666667,
2/5/2025 17:00,7.4,0,17,0.708333333,
2/5/2025 18:00,6.5,0,18,0.75,
2/5/2025 19:00,5.8,0,19,0.791666667,
2/5/2025 20:00,5,0,20,0.833333333,
2/5/2025 21:00,5,0,21,0.875,
2/5/2025 22:00,3.7,0,22,0.916666667,
2/5/2025 23:00,4,0,23,0.958333333,
2/6/2025 0:00,3.7,0,0,0,
2/6/2025 1:00,2.4,0,1,0.041666667,
2/6/2025 2:00,3.4,0,2,0.083333333,
2/6/2025 3:00,3.1,0,3,0.125,
2/6/2025 4:00,1.5,0,4,0.166666667,
2/6/2025 5:00,3.3,0,5,0.208333333,
2/6/2025 6:00,3.3,0,6,0.25,
2/6/2025 7:00,1.8,0,7,0.291666667,
2/6/2025 8:00,3.5,0,8,0.333333333,
2/6/2025 9:00,3.3,0,9,0.375,
2/6/2025 10:00,3.3,0,10,0.416666667,
2/6/2025 11:00,3.7,0,11,0.458333333,
2/6/2025 12:00,4.5,0,12,0.5,
2/6/2025 13:00,4.7,0,13,0.541666667,
2/6/2025 14:00,5.3,0,14,0.583333333,
2/6/2025 15:00,6.7,0,15,0.625,
2/6/2025 16:00,7,0,16,0.666666667,
2/6/2025 17:00,6.9,0,17,0.708333333,
2/6/2025 18:00,6,0,18,0.75,
2/6/2025 19:00,4.6,0,19,0.791666667,
2/6/2025 20:00,3.4,0,20,0.833333333,
2/6/2025 21:00,2.3,0,21,0.875,
2/6/2025 22:00,3,0,22,0.916666667,
2/6/2025 23:00,2.9,0,23,0.958333333,
2/7/2025 0:00,3.2,0,0,0,
2/7/2025 1:00,2.8,0,1,0.041666667,
2/7/2025 2:00,2.3,0,2,0.083333333,
2/7/2025 3:00,3.1,0,3,0.125,
2/7/2025 4:00,1.7,0,4,0.166666667,
2/7/2025 5:00,2.5,0,5,0.208333333,
2/7/2025 6:00,3,0,6,0.25,
2/7/2025 7:00,2.4,0,7,0.291666667,
2/7/2025 8:00,2.4,0,8,0.333333333,
2/7/2025 9:00,2.1,0,9,0.375,
2/7/2025 10:00,2.6,0,10,0.416666667,
2/7/2025 11:00,2.6,0,11,0.458333333,
2/7/2025 12:00,3,0,12,0.5,
2/7/2025 13:00,3.3,0,13,0.541666667,
2/7/2025 14:00,3.3,0,14,0.583333333,
2/7/2025 15:00,3.2,0,15,0.625,
2/7/2025 16:00,3.4,0,16,0.666666667,
2/7/2025 17:00,2.7,0,17,0.708333333,
2/7/2025 18:00,2.3,0,18,0.75,
2/7/2025 19:00,1.6,0,19,0.791666667,
2/7/2025 20:00,1.5,0,20,0.833333333,
2/7/2025 21:00,2,0,21,0.875,
2/7/2025 22:00,1.7,0,22,0.916666667,
2/7/2025 23:00,1.6,0,23,0.958333333,
2/8/2025 0:00,1.7,0,0,0,
2/8/2025 1:00,1.8,0,1,0.041666667,
2/8/2025 2:00,1.7,0,2,0.083333333,
2/8/2025 3:00,1.5,0,3,0.125,
2/8/2025 4:00,1.5,0,4,0.166666667,
2/8/2025 5:00,1.3,0,5,0.208333333,
2/8/2025 6:00,1.7,0,6,0.25,
2/8/2025 7:00,1.4,0,7,0.291666667,
2/8/2025 8:00,1.5,0,8,0.333333333,
2/8/2025 9:00,1.4,0,9,0.375,
2/8/2025 10:00,1.5,0,10,0.416666667,
2/8/2025 11:00,1.6,0,11,0.458333333,
2/8/2025 12:00,2.7,0,12,0.5,
2/8/2025 13:00,3.2,0.1,13,0.541666667,
2/8/2025 14:00,3.9,0,14,0.583333333,
2/8/2025 15:00,3.8,0,15,0.625,
2/8/2025 16:00,4.9,0,16,0.666666667,
2/8/2025 17:00,5.2,0,17,0.708333333,
2/8/2025 18:00,5.1,0,18,0.75,
2/8/2025 19:00,5.2,0,19,0.791666667,
2/8/2025 20:00,4.4,0,20,0.833333333,
2/8/2025 21:00,4.2,0,21,0.875,
2/8/2025 22:00,3.6,0,22,0.916666667,
2/8/2025 23:00,3.5,0,23,0.958333333,
2/9/2025 0:00,3.6,0,0,0,
2/9/2025 1:00,3.2,0,1,0.041666667,
2/9/2025 2:00,3.5,0,2,0.083333333,
2/9/2025 3:00,3.2,0,3,0.125,
2/9/2025 4:00,2.7,0,4,0.166666667,
2/9/2025 5:00,3.3,0,5,0.208333333,
2/9/2025 6:00,2.7,0,6,0.25,
2/9/2025 7:00,2.4,0,7,0.291666667,
2/9/2025 8:00,2.6,0,8,0.333333333,
2/9/2025 9:00,2.5,0,9,0.375,
2/9/2025 10:00,1.6,0,10,0.416666667,
2/9/2025 11:00,2.2,0,11,0.458333333,
2/9/2025 12:00,3.7,0,12,0.5,
2/9/2025 13:00,4.5,0,13,0.541666667,
2/9/2025 14:00,5.6,0,14,0.583333333,
2/9/2025 15:00,6,0,15,0.625,
2/9/2025 16:00,5.9,0,16,0.666666667,
2/9/2025 17:00,5.7,0,17,0.708333333,
2/9/2025 18:00,5.1,0,18,0.75,
2/9/2025 19:00,4.3,0,19,0.791666667,
2/9/2025 20:00,3.4,0,20,0.833333333,
2/9/2025 21:00,2.6,0,21,0.875,
2/9/2025 22:00,2.1,0,22,0.916666667,
2/9/2025 23:00,1.8,0,23,0.958333333,
2/10/2025 0:00,1.8,0,0,0,
2/10/2025 1:00,2.1,0,1,0.041666667,
2/10/2025 2:00,2.2,0,2,0.083333333,
2/10/2025 3:00,2,0,3,0.125,
2/10/2025 4:00,1.3,0,4,0.166666667,
2/10/2025 5:00,1.9,0,5,0.208333333,
2/10/2025 6:00,1.5,0,6,0.25,
2/10/2025 7:00,1.7,0,7,0.291666667,
2/10/2025 8:00,1.9,0,8,0.333333333,
2/10/2025 9:00,1.6,0,9,0.375,
2/10/2025 10:00,2,0,10,0.416666667,
2/10/2025 11:00,2.2,0,11,0.458333333,
2/10/2025 12:00,2.2,0,12,0.5,
2/10/2025 13:00,2.7,0,13,0.541666667,
2/10/2025 14:00,3,0,14,0.583333333,
2/10/2025 15:00,2.7,0,15,0.625,
2/10/2025 16:00,4.4,0,16,0.666666667,
2/10/2025 17:00,3.3,0,17,0.708333333,
2/10/2025 18:00,2.9,0,18,0.75,
2/10/2025 19:00,2.8,0,19,0.791666667,
2/10/2025 20:00,2.3,0,20,0.833333333,
2/10/2025 21:00,2.4,0,21,0.875,
2/10/2025 22:00,2.1,0.7,22,0.916666667,
2/10/2025 23:00,1.5,0,23,0.958333333,
2/11/2025 0:00,2.1,0,0,0,
2/11/2025 1:00,1.4,0,1,0.041666667,
2/11/2025 2:00,1.6,0,2,0.083333333,
2/11/2025 3:00,1.9,0,3,0.125,
2/11/2025 4:00,1.1,1.3,4,0.166666667,
2/11/2025 5:00,0.8,3,5,0.208333333,
2/11/2025 6:00,1.3,2.6,6,0.25,
2/11/2025 7:00,0.8,2.6,7,0.291666667,
2/11/2025 8:00,0.7,0.2,8,0.333333333,
2/11/2025 9:00,1.1,0.1,9,0.375,
2/11/2025 10:00,0.4,0,10,0.416666667,
2/11/2025 11:00,0.6,0,11,0.458333333,
2/11/2025 12:00,1.7,0,12,0.5,
2/11/2025 13:00,1.4,0,13,0.541666667,
2/11/2025 14:00,1.6,0,14,0.583333333,
2/11/2025 15:00,2.7,0,15,0.625,
2/11/2025 16:00,3.5,0,16,0.666666667,
2/11/2025 17:00,2.6,0,17,0.708333333,
2/11/2025 18:00,2.1,0.1,18,0.75,
2/11/2025 19:00,2.1,0,19,0.791666667,
2/11/2025 20:00,1.4,0,20,0.833333333,
2/11/2025 21:00,0.7,0.1,21,0.875,
2/11/2025 22:00,0.3,0,22,0.916666667,
2/11/2025 23:00,0.4,0,23,0.958333333,
2/12/2025 0:00,0.6,0,0,0,
2/12/2025 1:00,0.6,0,1,0.041666667,
2/12/2025 2:00,1,0,2,0.083333333,
2/12/2025 3:00,0.9,0,3,0.125,
2/12/2025 4:00,0.8,0,4,0.166666667,
2/12/2025 5:00,1,0,5,0.208333333,
2/12/2025 6:00,1,0.2,6,0.25,
2/12/2025 7:00,0.7,0.6,7,0.291666667,
2/12/2025 8:00,0.8,0.2,8,0.333333333,
2/12/2025 9:00,0.8,0.9,9,0.375,
2/12/2025 10:00,0.5,0.1,10,0.416666667,
2/12/2025 11:00,0.3,0.5,11,0.458333333,
2/12/2025 12:00,0.7,0.3,12,0.5,
2/12/2025 13:00,1.1,0.2,13,0.541666667,
2/12/2025 14:00,1.1,0.3,14,0.583333333,
2/12/2025 15:00,1.9,0,15,0.625,
2/12/2025 16:00,1.1,0.7,16,0.666666667,
2/12/2025 17:00,1.6,0,17,0.708333333,
2/12/2025 18:00,1.4,0.1,18,0.75,
2/12/2025 19:00,0.7,0,19,0.791666667,
2/12/2025 20:00,0.4,0,20,0.833333333,
2/12/2025 21:00,0.2,0,21,0.875,
2/12/2025 22:00,0.1,0,22,0.916666667,
2/12/2025 23:00,-0.3,0,23,0.958333333,
2/13/2025 0:00,-0.3,0,0,0,
2/13/2025 1:00,-0.7,0.1,1,0.041666667,
2/13/2025 2:00,-0.6,0,2,0.083333333,
2/13/2025 3:00,-0.5,0,3,0.125,
2/13/2025 4:00,-1.2,0.1,4,0.166666667,
2/13/2025 5:00,-1.3,0.2,5,0.208333333,
2/13/2025 6:00,-1.9,0.4,6,0.25,
2/13/2025 7:00,-2.3,0,7,0.291666667,
2/13/2025 8:00,-3.3,0,8,0.333333333,
2/13/2025 9:00,-2.8,0,9,0.375,
2/13/2025 10:00,-2.5,0,10,0.416666667,
2/13/2025 11:00,-2.5,0,11,0.458333333,
2/13/2025 12:00,-1.7,0,12,0.5,
2/13/2025 13:00,-0.9,0.1,13,0.541666667,
2/13/2025 14:00,-0.6,0.1,14,0.583333333,
2/13/2025 15:00,0.5,0,15,0.625,
2/13/2025 16:00,0,0.1,16,0.666666667,
2/13/2025 17:00,0.9,0,17,0.708333333,
2/13/2025 18:00,0.7,0,18,0.75,
2/13/2025 19:00,0.3,0,19,0.791666667,
2/13/2025 20:00,-0.1,0,20,0.833333333,
2/13/2025 21:00,-0.3,0.2,21,0.875,
2/13/2025 22:00,-0.8,0,22,0.916666667,
2/13/2025 23:00,-0.8,0,23,0.958333333,
2/14/2025 0:00,-0.1,0,0,0,
2/14/2025 1:00,-0.3,0,1,0.041666667,
2/14/2025 2:00,-0.9,0.1,2,0.083333333,
2/14/2025 3:00,0.3,0,3,0.125,
2/14/2025 4:00,0,0,4,0.166666667,
2/14/2025 5:00,-0.1,0,5,0.208333333,
2/14/2025 6:00,0.1,0,6,0.25,
2/14/2025 7:00,-0.3,0,7,0.291666667,
2/14/2025 8:00,0.1,0,8,0.333333333,
2/14/2025 9:00,-0.6,0,9,0.375,
2/14/2025 10:00,0,0,10,0.416666667,
2/14/2025 11:00,0.2,0,11,0.458333333,
2/14/2025 12:00,1.1,0,12,0.5,
2/14/2025 13:00,1.5,0,13,0.541666667,
2/14/2025 14:00,1.6,0,14,0.583333333,
2/14/2025 15:00,1.8,0,15,0.625,
2/14/2025 16:00,1.9,0,16,0.666666667,
2/14/2025 17:00,1.6,0,17,0.708333333,
2/14/2025 18:00,1.4,0,18,0.75,
2/14/2025 19:00,1.3,0,19,0.791666667,
2/14/2025 20:00,1,0,20,0.833333333,
2/14/2025 21:00,0.8,0,21,0.875,
2/14/2025 22:00,0.6,0,22,0.916666667,
2/14/2025 23:00,0.8,0,23,0.958333333,
2/15/2025 0:00,0.4,0,0,0,
2/15/2025 1:00,0.6,0,1,0.041666667,
2/15/2025 2:00,0.7,0,2,0.083333333,
2/15/2025 3:00,0.4,0,3,0.125,
2/15/2025 4:00,0.5,0,4,0.166666667,
2/15/2025 5:00,0.4,0,5,0.208333333,
2/15/2025 6:00,0,0,6,0.25,
2/15/2025 7:00,0.2,0,7,0.291666667,
2/15/2025 8:00,0.2,0,8,0.333333333,
2/15/2025 9:00,0.3,0,9,0.375,
2/15/2025 10:00,0.5,0,10,0.416666667,
2/15/2025 11:00,0.1,0,11,0.458333333,
2/15/2025 12:00,2,0,12,0.5,
2/15/2025 13:00,2.2,0,13,0.541666667,
2/15/2025 14:00,2.3,0,14,0.583333333,
2/15/2025 15:00,2.8,0,15,0.625,
2/15/2025 16:00,3.1,0,16,0.666666667,
2/15/2025 17:00,3,0,17,0.708333333,
2/15/2025 18:00,2.4,0,18,0.75,
2/15/2025 19:00,1.8,0,19,0.791666667,
2/15/2025 20:00,0.8,0,20,0.833333333,
2/15/2025 21:00,0.4,0,21,0.875,
2/15/2025 22:00,0.1,0,22,0.916666667,
2/15/2025 23:00,-0.3,0,23,0.958333333,
2/16/2025 0:00,-0.9,0,0,0,
2/16/2025 1:00,-1,0,1,0.041666667,
2/16/2025 2:00,-1.2,0,2,0.083333333,
2/16/2025 3:00,-2,0,3,0.125,
2/16/2025 4:00,-2,0,4,0.166666667,
2/16/2025 5:00,-2.3,0,5,0.208333333,
2/16/2025 6:00,-2.7,0,6,0.25,
2/16/2025 7:00,-2.7,0,7,0.291666667,
2/16/2025 8:00,-2.6,0,8,0.333333333,
2/16/2025 9:00,-2.7,0,9,0.375,
2/16/2025 10:00,-1.8,0,10,0.416666667,
2/16/2025 11:00,-0.4,0,11,0.458333333,
2/16/2025 12:00,1.2,0,12,0.5,
2/16/2025 13:00,1.9,0,13,0.541666667,
2/16/2025 14:00,2.1,0,14,0.583333333,
2/16/2025 15:00,2.2,0,15,0.625,
2/16/2025 16:00,2.3,0,16,0.666666667,
2/16/2025 17:00,2.4,0,17,0.708333333,
2/16/2025 18:00,1.8,0,18,0.75,
2/16/2025 19:00,0.6,0,19,0.791666667,
2/16/2025 20:00,-0.3,0,20,0.833333333,
2/16/2025 21:00,-0.7,0,21,0.875,
2/16/2025 22:00,-1.3,0,22,0.916666667,
2/16/2025 23:00,-1.6,0,23,0.958333333,
2/17/2025 0:00,-1.7,0,0,0,
2/17/2025 1:00,-1.4,0,1,0.041666667,
2/17/2025 2:00,-2.1,0,2,0.083333333,
2/17/2025 3:00,-2.1,0,3,0.125,
2/17/2025 4:00,-2.9,0,4,0.166666667,
2/17/2025 5:00,-3.6,0,5,0.208333333,
2/17/2025 6:00,-3,0,6,0.25,
2/17/2025 7:00,-3.2,0,7,0.291666667,
2/17/2025 8:00,-2.7,0,8,0.333333333,
2/17/2025 9:00,-2.7,0,9,0.375,
2/17/2025 10:00,-3.4,0,10,0.416666667,
2/17/2025 11:00,-2.2,0,11,0.458333333,
2/17/2025 12:00,-0.5,0,12,0.5,
2/17/2025 13:00,0.4,0,13,0.541666667,
2/17/2025 14:00,1.2,0,14,0.583333333,
2/17/2025 15:00,1.2,0,15,0.625,
2/17/2025 16:00,2,0,16,0.666666667,
2/17/2025 17:00,1.7,0,17,0.708333333,
2/17/2025 18:00,0.9,0,18,0.75,
2/17/2025 19:00,0.1,0,19,0.791666667,
2/17/2025 20:00,-1,0,20,0.833333333,
2/17/2025 21:00,-1.7,0,21,0.875,
2/17/2025 22:00,-1.8,0,22,0.916666667,
2/17/2025 23:00,-2.2,0,23,0.958333333,
2/18/2025 0:00,-2.9,0,0,0,
2/18/2025 1:00,-3,0,1,0.041666667,
2/18/2025 2:00,-3.5,0,2,0.083333333,
2/18/2025 3:00,-4,0,3,0.125,
2/18/2025 4:00,-4.4,0,4,0.166666667,
2/18/2025 5:00,-4.6,0,5,0.208333333,
2/18/2025 6:00,-5.1,0,6,0.25,
2/18/2025 7:00,-5.5,0,7,0.291666667,
2/18/2025 8:00,-5.3,0,8,0.333333333,
2/18/2025 9:00,-5.3,0,9,0.375,
2/18/2025 10:00,-4.8,0,10,0.416666667,
2/18/2025 11:00,-3.2,0,11,0.458333333,
2/18/2025 12:00,-1.2,0,12,0.5,
2/18/2025 13:00,0,0,13,0.541666667,
2/18/2025 14:00,0.8,0,14,0.583333333,
2/18/2025 15:00,1.7,0,15,0.625,
2/18/2025 16:00,1.8,0,16,0.666666667,
2/18/2025 17:00,1.4,0,17,0.708333333,
2/18/2025 18:00,1.3,0,18,0.75,
2/18/2025 19:00,0.2,0,19,0.791666667,
2/18/2025 20:00,-0.3,0,20,0.833333333,
2/18/2025 21:00,-0.7,0,21,0.875,
2/18/2025 22:00,-1.2,0,22,0.916666667,
2/18/2025 23:00,-1.3,0,23,0.958333333,
2/19/2025 0:00,-1.1,0,0,0,
2/19/2025 1:00,-2,0,1,0.041666667,
2/19/2025 2:00,-2.4,0,2,0.083333333,
2/19/2025 3:00,-2.3,0,3,0.125,
2/19/2025 4:00,-3.1,0,4,0.166666667,
2/19/2025 5:00,-3.2,0,5,0.208333333,
2/19/2025 6:00,-3.1,0,6,0.25,
2/19/2025 7:00,-3.5,0,7,0.291666667,
2/19/2025 8:00,-3.5,0,8,0.333333333,
2/19/2025 9:00,-3.5,0,9,0.375,
2/19/2025 10:00,-3.1,0,10,0.416666667,
2/19/2025 11:00,-1.7,0,11,0.458333333,
2/19/2025 12:00,-0.1,0,12,0.5,
2/19/2025 13:00,1.4,0,13,0.541666667,
2/19/2025 14:00,2.4,0,14,0.583333333,
2/19/2025 15:00,3.3,0,15,0.625,
2/19/2025 16:00,4,0,16,0.666666667,
2/19/2025 17:00,3.5,0,17,0.708333333,
2/19/2025 18:00,3.2,0,18,0.75,
2/19/2025 19:00,2.4,0,19,0.791666667,
2/19/2025 20:00,1.5,0,20,0.833333333,
2/19/2025 21:00,0.8,0,21,0.875,
2/19/2025 22:00,0.6,0,22,0.916666667,
2/19/2025 23:00,0.9,0,23,0.958333333,
2/20/2025 0:00,0,0,0,0,
2/20/2025 1:00,-0.1,0,1,0.041666667,
2/20/2025 2:00,-0.2,0,2,0.083333333,
2/20/2025 3:00,-0.3,0,3,0.125,
2/20/2025 4:00,-0.4,0,4,0.166666667,
2/20/2025 5:00,-0.5,0,5,0.208333333,
2/20/2025 6:00,-0.6,0,6,0.25,
2/20/2025 7:00,-0.7,0,7,0.291666667,
2/20/2025 8:00,0.5,0,8,0.333333333,
2/20/2025 9:00,0.6,0,9,0.375,
2/20/2025 10:00,1.1,0,10,0.416666667,
2/20/2025 11:00,1.8,0,11,0.458333333,
2/20/2025 12:00,2.7,0,12,0.5,
2/20/2025 13:00,3.7,0.1,13,0.541666667,
2/20/2025 14:00,3.9,0.1,14,0.583333333,
2/20/2025 15:00,4.6,0.1,15,0.625,
2/20/2025 16:00,5.2,0,16,0.666666667,
2/20/2025 17:00,5.9,0,17,0.708333333,
2/20/2025 18:00,7,0,18,0.75,
2/20/2025 19:00,7.8,0,19,0.791666667,
2/20/2025 20:00,7.1,0,20,0.833333333,
2/20/2025 21:00,8.1,0,21,0.875,
2/20/2025 22:00,8,0,22,0.916666667,
2/20/2025 23:00,8.7,0.2,23,0.958333333,
2/21/2025 0:00,8.8,0.1,0,0,
2/21/2025 1:00,8.9,2.5,1,0.041666667,
2/21/2025 2:00,9.2,0.1,2,0.083333333,
2/21/2025 3:00,9.1,0.2,3,0.125,
2/21/2025 4:00,9,0,4,0.166666667,
2/21/2025 5:00,9.2,0,5,0.208333333,
2/21/2025 6:00,9.1,0,6,0.25,
2/21/2025 7:00,9.4,0,7,0.291666667,
2/21/2025 8:00,9.5,0,8,0.333333333,
2/21/2025 9:00,9.6,0,9,0.375,
2/21/2025 10:00,9.9,0,10,0.416666667,
2/21/2025 11:00,10.8,0,11,0.458333333,
2/21/2025 12:00,12.7,0,12,0.5,
2/21/2025 13:00,13.6,0,13,0.541666667,
2/21/2025 14:00,14.9,0,14,0.583333333,
2/21/2025 15:00,15.6,0,15,0.625,
2/21/2025 16:00,16.6,0,16,0.666666667,
2/21/2025 17:00,16.3,0,17,0.708333333,
2/21/2025 18:00,15.6,0,18,0.75,
2/21/2025 19:00,14.3,0,19,0.791666667,
2/21/2025 20:00,13.3,0,20,0.833333333,
2/21/2025 21:00,12.9,0,21,0.875,
2/21/2025 22:00,12.1,0,22,0.916666667,
2/21/2025 23:00,11.7,0,23,0.958333333,
2/22/2025 0:00,11.3,0,0,0,
2/22/2025 1:00,10.9,0,1,0.041666667,
2/22/2025 2:00,10.7,0,2,0.083333333,
2/22/2025 3:00,10.4,0,3,0.125,
2/22/2025 4:00,10.4,0,4,0.166666667,
2/22/2025 5:00,10.3,0,5,0.208333333,
2/22/2025 6:00,9.9,0,6,0.25,
2/22/2025 7:00,9.5,0,7,0.291666667,
2/22/2025 8:00,9.7,0,8,0.333333333,
2/22/2025 9:00,9.7,0,9,0.375,
2/22/2025 10:00,10.2,0,10,0.416666667,
2/22/2025 11:00,11.2,0,11,0.458333333,
2/22/2025 12:00,10.7,0.3,12,0.5,
2/22/2025 13:00,11.5,0.3,13,0.541666667,
2/22/2025 14:00,11,0,14,0.583333333,
2/22/2025 15:00,11.2,0.1,15,0.625,
2/22/2025 16:00,11.7,0.1,16,0.666666667,
2/22/2025 17:00,11.7,0,17,0.708333333,
2/22/2025 18:00,11.7,0,18,0.75,
2/22/2025 19:00,11.7,0,19,0.791666667,
2/22/2025 20:00,11.5,0.8,20,0.833333333,
2/22/2025 21:00,11,0,21,0.875,
2/22/2025 22:00,10.2,0.2,22,0.916666667,
2/22/2025 23:00,9.8,0,23,0.958333333,
2/23/2025 0:00,9,0,0,0,
2/23/2025 1:00,9,0,1,0.041666667,
2/23/2025 2:00,8.7,0,2,0.083333333,
2/23/2025 3:00,8.4,0,3,0.125,
2/23/2025 4:00,8.7,0,4,0.166666667,
2/23/2025 5:00,8.5,0,5,0.208333333,
2/23/2025 6:00,8.3,0,6,0.25,
2/23/2025 7:00,8.6,0,7,0.291666667,
2/23/2025 8:00,8.5,0,8,0.333333333,
2/23/2025 9:00,8,0,9,0.375,
2/23/2025 10:00,8.3,0,10,0.416666667,
2/23/2025 11:00,8.6,0,11,0.458333333,
2/23/2025 12:00,8.8,0,12,0.5,
2/23/2025 13:00,8.6,0,13,0.541666667,
2/23/2025 14:00,9.2,0,14,0.583333333,
2/23/2025 15:00,9.6,0,15,0.625,
2/23/2025 16:00,11.7,0,16,0.666666667,
2/23/2025 17:00,12.4,0,17,0.708333333,
2/23/2025 18:00,11.7,0,18,0.75,
2/23/2025 19:00,11.4,0,19,0.791666667,
2/23/2025 20:00,10.2,0,20,0.833333333,
2/23/2025 21:00,9.6,0,21,0.875,
2/23/2025 22:00,9.3,0,22,0.916666667,
2/23/2025 23:00,8.8,0,23,0.958333333,
2/24/2025 0:00,10,0,0,0,
2/24/2025 1:00,10.2,0,1,0.041666667,
2/24/2025 2:00,10.3,0,2,0.083333333,
2/24/2025 3:00,10.2,0,3,0.125,
2/24/2025 4:00,10.3,0,4,0.166666667,
2/24/2025 5:00,10.5,0,5,0.208333333,
2/24/2025 6:00,10.5,0,6,0.25,
2/24/2025 7:00,10.7,0,7,0.291666667,
2/24/2025 8:00,10.4,0.2,8,0.333333333,
2/24/2025 9:00,10,0,9,0.375,
2/24/2025 10:00,10.2,0.5,10,0.416666667,
2/24/2025 11:00,10.9,0.2,11,0.458333333,
2/24/2025 12:00,10.4,0.1,12,0.5,
2/24/2025 13:00,10.2,0.4,13,0.541666667,
2/24/2025 14:00,11,0.1,14,0.583333333,
2/24/2025 15:00,10.1,0.4,15,0.625,
2/24/2025 16:00,10.3,0.8,16,0.666666667,
2/24/2025 17:00,10.2,0.9,17,0.708333333,
2/24/2025 18:00,10.3,1.1,18,0.75,
2/24/2025 19:00,10.4,0.2,19,0.791666667,
2/24/2025 20:00,9.9,0.2,20,0.833333333,
2/24/2025 21:00,9.9,0.1,21,0.875,
2/24/2025 22:00,9.2,0,22,0.916666667,
2/24/2025 23:00,9.2,0,23,0.958333333,
2/25/2025 0:00,9.6,0.1,0,0,
2/25/2025 1:00,9,0,1,0.041666667,
2/25/2025 2:00,8.9,0,2,0.083333333,
2/25/2025 3:00,8.5,0,3,0.125,
2/25/2025 4:00,8.8,0,4,0.166666667,
2/25/2025 5:00,8.5,0,5,0.208333333,
2/25/2025 6:00,8.5,0,6,0.25,
2/25/2025 7:00,7.9,0,7,0.291666667,
2/25/2025 8:00,8.3,0,8,0.333333333,
2/25/2025 9:00,8.4,0,9,0.375,
2/25/2025 10:00,8.3,0,10,0.416666667,
2/25/2025 11:00,8.5,0,11,0.458333333,
2/25/2025 12:00,9,0,12,0.5,
2/25/2025 13:00,10.2,0,13,0.541666667,
2/25/2025 14:00,10.2,0,14,0.583333333,
2/25/2025 15:00,10.5,0,15,0.625,
2/25/2025 16:00,10.8,0,16,0.666666667,
2/25/2025 17:00,10.6,0,17,0.708333333,
2/25/2025 18:00,10.2,0,18,0.75,
2/25/2025 19:00,10.3,0,19,0.791666667,
2/25/2025 20:00,9.5,0,20,0.833333333,
2/25/2025 21:00,8.1,0,21,0.875,
2/25/2025 22:00,7.7,0,22,0.916666667,
2/25/2025 23:00,7.7,0,23,0.958333333,
2/26/2025 0:00,7.7,0,0,0,
2/26/2025 1:00,6.4,0,1,0.041666667,
2/26/2025 2:00,6.4,0,2,0.083333333,
2/26/2025 3:00,6.8,0,3,0.125,
2/26/2025 4:00,5.5,0,4,0.166666667,
2/26/2025 5:00,6.2,0.2,5,0.208333333,
2/26/2025 6:00,5.6,0,6,0.25,
2/26/2025 7:00,5.5,0.2,7,0.291666667,
2/26/2025 8:00,5.4,0.3,8,0.333333333,
2/26/2025 9:00,5.3,0.8,9,0.375,
2/26/2025 10:00,5.6,0.4,10,0.416666667,
2/26/2025 11:00,5.6,0,11,0.458333333,
2/26/2025 12:00,6.6,0,12,0.5,
2/26/2025 13:00,7.6,0,13,0.541666667,
2/26/2025 14:00,9,0,14,0.583333333,
2/26/2025 15:00,10.3,0,15,0.625,
2/26/2025 16:00,10.1,0,16,0.666666667,
2/26/2025 17:00,10.4,0,17,0.708333333,
2/26/2025 18:00,10,0,18,0.75,
2/26/2025 19:00,8.7,0,19,0.791666667,
2/26/2025 20:00,7.8,0,20,0.833333333,
2/26/2025 21:00,7.3,0,21,0.875,
2/26/2025 22:00,6.9,0,22,0.916666667,
2/26/2025 23:00,7,0,23,0.958333333,
2/27/2025 0:00,6.7,0.4,0,0,
2/27/2025 1:00,6.1,0.2,1,0.041666667,
2/27/2025 2:00,5.3,1.1,2,0.083333333,
2/27/2025 3:00,5.6,0.6,3,0.125,
2/27/2025 4:00,5.3,0.6,4,0.166666667,
2/27/2025 5:00,5.6,0.1,5,0.208333333,
2/27/2025 6:00,5.8,0,6,0.25,
2/27/2025 7:00,5.5,0,7,0.291666667,
2/27/2025 8:00,4.8,0,8,0.333333333,
2/27/2025 9:00,5.1,0,9,0.375,
2/27/2025 10:00,5.1,0.1,10,0.416666667,
2/27/2025 11:00,6.1,0,11,0.458333333,
2/27/2025 12:00,6.7,0,12,0.5,
2/27/2025 13:00,6.2,0.4,13,0.541666667,
2/27/2025 14:00,6.3,0.1,14,0.583333333,
2/27/2025 15:00,7.7,0.1,15,0.625,
2/27/2025 16:00,7.1,0.6,16,0.666666667,
2/27/2025 17:00,6.2,0.1,17,0.708333333,
2/27/2025 18:00,5,0,18,0.75,
2/27/2025 19:00,5.8,1.1,19,0.791666667,
2/27/2025 20:00,5.7,0,20,0.833333333,
2/27/2025 21:00,4.8,0,21,0.875,
2/27/2025 22:00,3.2,0.1,22,0.916666667,
2/27/2025 23:00,4.7,0,23,0.958333333,
2/28/2025 0:00,3.8,0,0,0,
2/28/2025 1:00,3.5,0,1,0.041666667,
2/28/2025 2:00,3.5,0,2,0.083333333,
2/28/2025 3:00,2.7,0,3,0.125,
2/28/2025 4:00,2.3,0,4,0.166666667,
2/28/2025 5:00,2.7,0,5,0.208333333,
2/28/2025 6:00,3.1,0,6,0.25,
2/28/2025 7:00,3.7,0,7,0.291666667,
2/28/2025 8:00,4.3,0,8,0.333333333,
2/28/2025 9:00,4.4,0,9,0.375,
2/28/2025 10:00,4.5,0,10,0.416666667,
2/28/2025 11:00,5.1,0,11,0.458333333,
2/28/2025 12:00,4.9,0,12,0.5,
2/28/2025 13:00,5.4,0.1,13,0.541666667,
2/28/2025 14:00,6.6,0,14,0.583333333,
2/28/2025 15:00,6.1,0,15,0.625,
2/28/2025 16:00,6.4,0,16,0.666666667,
2/28/2025 17:00,5.8,0,17,0.708333333,
2/28/2025 18:00,6,0,18,0.75,
2/28/2025 19:00,5.8,0,19,0.791666667,
2/28/2025 20:00,5,0,20,0.833333333,
2/28/2025 21:00,4.6,0,21,0.875,
2/28/2025 22:00,4.1,0,22,0.916666667,
2/28/2025 23:00,4.4,0,23,0.958333333,
3/1/2025 0:00,4.1,0,0,0,
3/1/2025 1:00,3.2,0,1,0.041666667,
3/1/2025 2:00,3.8,0,2,0.083333333,
3/1/2025 3:00,3.8,0,3,0.125,
3/1/2025 4:00,3.1,0,4,0.166666667,
3/1/2025 5:00,3.4,0,5,0.208333333,
3/1/2025 6:00,3.3,0,6,0.25,
3/1/2025 7:00,2.7,0,7,0.291666667,
3/1/2025 8:00,3.4,0,8,0.333333333,
3/1/2025 9:00,3.4,0,9,0.375,
3/1/2025 10:00,3.8,0,10,0.416666667,
3/1/2025 11:00,4.8,0,11,0.458333333,
3/1/2025 12:00,5.5,0,12,0.5,
3/1/2025 13:00,4.7,0,13,0.541666667,
3/1/2025 14:00,6.5,0,14,0.583333333,
3/1/2025 15:00,6.6,0,15,0.625,
3/1/2025 16:00,6.3,0,16,0.666666667,
3/1/2025 17:00,7.1,0,17,0.708333333,
3/1/2025 18:00,7,0,18,0.75,
3/1/2025 19:00,6.2,0,19,0.791666667,
3/1/2025 20:00,4.3,0,20,0.833333333,
3/1/2025 21:00,4.1,0,21,0.875,
3/1/2025 22:00,3.6,0,22,0.916666667,
3/1/2025 23:00,2.1,0,23,0.958333333,
3/2/2025 0:00,2,0,0,0,
3/2/2025 1:00,2.4,0,1,0.041666667,
3/2/2025 2:00,-0.5,0,2,0.083333333,
3/2/2025 3:00,1.7,0,3,0.125,
3/2/2025 4:00,1.9,0,4,0.166666667,
3/2/2025 5:00,-0.7,0,5,0.208333333,
3/2/2025 6:00,1.2,0,6,0.25,
3/2/2025 7:00,1.2,0,7,0.291666667,
3/2/2025 8:00,-1.5,0,8,0.333333333,
3/2/2025 9:00,0.6,0,9,0.375,
3/2/2025 10:00,2.4,0,10,0.416666667,
3/2/2025 11:00,0.3,0,11,0.458333333,
3/2/2025 12:00,2.8,0,12,0.5,
3/2/2025 13:00,4.8,0,13,0.541666667,
3/2/2025 14:00,4,0,14,0.583333333,
3/2/2025 15:00,6.4,0,15,0.625,
3/2/2025 16:00,7.7,0,16,0.666666667,
3/2/2025 17:00,7.8,0,17,0.708333333,
3/2/2025 18:00,8.1,0,18,0.75,
3/2/2025 19:00,6.5,0,19,0.791666667,
3/2/2025 20:00,5.2,0,20,0.833333333,
3/2/2025 21:00,6,0,21,0.875,
3/2/2025 22:00,2.8,0,22,0.916666667,
3/2/2025 23:00,2.2,0,23,0.958333333,
3/3/2025 0:00,1.6,0,0,0,
3/3/2025 1:00,0.4,0,1,0.041666667,
3/3/2025 2:00,0.2,0,2,0.083333333,
3/3/2025 3:00,0.2,0,3,0.125,
3/3/2025 4:00,-1.2,0,4,0.166666667,
3/3/2025 5:00,-1.6,0,5,0.208333333,
3/3/2025 6:00,-1.4,0,6,0.25,
3/3/2025 7:00,-1.6,0,7,0.291666667,
3/3/2025 8:00,-1.8,0,8,0.333333333,
3/3/2025 9:00,-1.2,0,9,0.375,
3/3/2025 10:00,-0.2,0,10,0.416666667,
3/3/2025 11:00,1,0,11,0.458333333,
3/3/2025 12:00,2.5,0,12,0.5,
3/3/2025 13:00,7.1,0,13,0.541666667,
3/3/2025 14:00,7.7,0,14,0.583333333,
3/3/2025 15:00,8.7,0,15,0.625,
3/3/2025 16:00,9.6,0,16,0.666666667,
3/3/2025 17:00,9.2,0,17,0.708333333,
3/3/2025 18:00,9.4,0,18,0.75,
3/3/2025 19:00,7.9,0,19,0.791666667,
3/3/2025 20:00,6,0,20,0.833333333,
3/3/2025 21:00,4.6,0,21,0.875,
3/3/2025 22:00,3.4,0,22,0.916666667,
3/3/2025 23:00,2.8,0,23,0.958333333,
3/4/2025 0:00,2.2,0,0,0,
3/4/2025 1:00,2,0,1,0.041666667,
3/4/2025 2:00,0,0,2,0.083333333,
3/4/2025 3:00,-0.5,0,3,0.125,
3/4/2025 4:00,0.7,0,4,0.166666667,
3/4/2025 5:00,-1.5,0,5,0.208333333,
3/4/2025 6:00,-1.2,0,6,0.25,
3/4/2025 7:00,-0.3,0,7,0.291666667,
3/4/2025 8:00,0.3,0,8,0.333333333,
3/4/2025 9:00,-0.5,0,9,0.375,
3/4/2025 10:00,1.4,0,10,0.416666667,
3/4/2025 11:00,2.9,0,11,0.458333333,
3/4/2025 12:00,4.9,0,12,0.5,
3/4/2025 13:00,8.2,0,13,0.541666667,
3/4/2025 14:00,9.1,0,14,0.583333333,
3/4/2025 15:00,10.7,0,15,0.625,
3/4/2025 16:00,11.3,0,16,0.666666667,
3/4/2025 17:00,10.9,0,17,0.708333333,
3/4/2025 18:00,10.8,0,18,0.75,
3/4/2025 19:00,9.2,0,19,0.791666667,
3/4/2025 20:00,7.8,0,20,0.833333333,
3/4/2025 21:00,6.1,0,21,0.875,
3/4/2025 22:00,4.8,0,22,0.916666667,
3/4/2025 23:00,4,0,23,0.958333333,
3/5/2025 0:00,2.8,0,0,0,
3/5/2025 1:00,2.4,0,1,0.041666667,
3/5/2025 2:00,2.7,0,2,0.083333333,
3/5/2025 3:00,2,0,3,0.125,
3/5/2025 4:00,2.1,0,4,0.166666667,
3/5/2025 5:00,1.9,0,5,0.208333333,
3/5/2025 6:00,2.1,0,6,0.25,
3/5/2025 7:00,2,0,7,0.291666667,
3/5/2025 8:00,2.2,0,8,0.333333333,
3/5/2025 9:00,1.7,0,9,0.375,
3/5/2025 10:00,3.4,0,10,0.416666667,
3/5/2025 11:00,5.4,0,11,0.458333333,
3/5/2025 12:00,8.1,0,12,0.5,
3/5/2025 13:00,11,0,13,0.541666667,
3/5/2025 14:00,12.2,0,14,0.583333333,
3/5/2025 15:00,13.4,0,15,0.625,
3/5/2025 16:00,14.4,0,16,0.666666667,
3/5/2025 17:00,14.3,0,17,0.708333333,
3/5/2025 18:00,13.9,0,18,0.75,
3/5/2025 19:00,12.5,0,19,0.791666667,
3/5/2025 20:00,10.6,0,20,0.833333333,
3/5/2025 21:00,8.7,0,21,0.875,
3/5/2025 22:00,7.2,0,22,0.916666667,
3/5/2025 23:00,6.8,0,23,0.958333333,
3/6/2025 0:00,5.4,0,0,0,
3/6/2025 1:00,5,0,1,0.041666667,
3/6/2025 2:00,4.1,0,2,0.083333333,
3/6/2025 3:00,3.9,0,3,0.125,
3/6/2025 4:00,3.6,0,4,0.166666667,
3/6/2025 5:00,3.4,0,5,0.208333333,
3/6/2025 6:00,2.9,0,6,0.25,
3/6/2025 7:00,2.3,0,7,0.291666667,
3/6/2025 8:00,2.5,0,8,0.333333333,
3/6/2025 9:00,3.4,0,9,0.375,
3/6/2025 10:00,5,0,10,0.416666667,
3/6/2025 11:00,6.8,0,11,0.458333333,
3/6/2025 12:00,9.2,0,12,0.5,
3/6/2025 13:00,11.8,0,13,0.541666667,
3/6/2025 14:00,13.2,0,14,0.583333333,
3/6/2025 15:00,14.9,0,15,0.625,
3/6/2025 16:00,15.5,0,16,0.666666667,
3/6/2025 17:00,15,0,17,0.708333333,
3/6/2025 18:00,15.2,0,18,0.75,
3/6/2025 19:00,14.2,0,19,0.791666667,
3/6/2025 20:00,11.9,0,20,0.833333333,
3/6/2025 21:00,11,0,21,0.875,
3/6/2025 22:00,10.3,0,22,0.916666667,
3/6/2025 23:00,8.8,0,23,0.958333333,
3/7/2025 0:00,8.5,0,0,0,
3/7/2025 1:00,7.4,0,1,0.041666667,
3/7/2025 2:00,6.8,0,2,0.083333333,
3/7/2025 3:00,6.3,0,3,0.125,
3/7/2025 4:00,5.3,0,4,0.166666667,
3/7/2025 5:00,5.1,0,5,0.208333333,
3/7/2025 6:00,5.2,0,6,0.25,
3/7/2025 7:00,4.8,0,7,0.291666667,
3/7/2025 8:00,4.7,0,8,0.333333333,
3/7/2025 9:00,5.4,0,9,0.375,
3/7/2025 10:00,7.5,0,10,0.416666667,
3/7/2025 11:00,10,0,11,0.458333333,
3/7/2025 12:00,12.5,0,12,0.5,
3/7/2025 13:00,14.6,0,13,0.541666667,
3/7/2025 14:00,15.6,0,14,0.583333333,
3/7/2025 15:00,16.8,0,15,0.625,
3/7/2025 16:00,17.7,0,16,0.666666667,
3/7/2025 17:00,17.4,0,17,0.708333333,
3/7/2025 18:00,17.3,0,18,0.75,
3/7/2025 19:00,16.4,0,19,0.791666667,
3/7/2025 20:00,14,0,20,0.833333333,
3/7/2025 21:00,12.7,0,21,0.875,
3/7/2025 22:00,11.9,0,22,0.916666667,
3/7/2025 23:00,11,0,23,0.958333333,
3/8/2025 0:00,9.5,0,0,0,
3/8/2025 1:00,9.9,0,1,0.041666667,
3/8/2025 2:00,9.8,0,2,0.083333333,
3/8/2025 3:00,7.8,0,3,0.125,
3/8/2025 4:00,8.8,0,4,0.166666667,
3/8/2025 5:00,7.5,0,5,0.208333333,
3/8/2025 6:00,6.6,0,6,0.25,
3/8/2025 7:00,6.3,0,7,0.291666667,
3/8/2025 8:00,5.7,0,8,0.333333333,
3/8/2025 9:00,6.1,0,9,0.375,
3/8/2025 10:00,8.9,0,10,0.416666667,
3/8/2025 11:00,11.6,0,11,0.458333333,
3/8/2025 12:00,14.1,0,12,0.5,
3/8/2025 13:00,15.8,0,13,0.541666667,
3/8/2025 14:00,16.9,0,14,0.583333333,
3/8/2025 15:00,18.1,0,15,0.625,
3/8/2025 16:00,18.2,0,16,0.666666667,
3/8/2025 17:00,17.7,0,17,0.708333333,
3/8/2025 18:00,17.5,0,18,0.75,
3/8/2025 19:00,15.9,0,19,0.791666667,
3/8/2025 20:00,13.6,0,20,0.833333333,
3/8/2025 21:00,12.6,0,21,0.875,
3/8/2025 22:00,11.3,0,22,0.916666667,
3/8/2025 23:00,10.9,0,23,0.958333333,
3/9/2025 0:00,10.7,0,0,0,
3/9/2025 1:00,9.5,0,1,0.041666667,
3/9/2025 2:00,9.2,0,2,0.083333333,
3/9/2025 3:00,9,0,3,0.125,
3/9/2025 4:00,7.7,0,4,0.166666667,
3/9/2025 5:00,7.2,0,5,0.208333333,
3/9/2025 6:00,6.8,0,6,0.25,
3/9/2025 7:00,5.7,0,7,0.291666667,
3/9/2025 8:00,5.2,0,8,0.333333333,
3/9/2025 9:00,5.8,0,9,0.375,
3/9/2025 10:00,6.7,0,10,0.416666667,
3/9/2025 11:00,9.1,0,11,0.458333333,
3/9/2025 12:00,12.1,0,12,0.5,
3/9/2025 13:00,14,0,13,0.541666667,
3/9/2025 14:00,15.4,0,14,0.583333333,
3/9/2025 15:00,16.5,0,15,0.625,
3/9/2025 16:00,17.3,0,16,0.666666667,
3/9/2025 17:00,17.2,0,17,0.708333333,
3/9/2025 18:00,16.8,0,18,0.75,
3/9/2025 19:00,15.4,0,19,0.791666667,
3/9/2025 20:00,13.5,0,20,0.833333333,
3/9/2025 21:00,11.6,0,21,0.875,
3/9/2025 22:00,10,0,22,0.916666667,
3/9/2025 23:00,9,0,23,0.958333333,
3/10/2025 0:00,7.8,0,0,0,
3/10/2025 1:00,7,0,1,0.041666667,
3/10/2025 2:00,6.1,0,2,0.083333333,
3/10/2025 3:00,5.5,0,3,0.125,
3/10/2025 4:00,4.8,0,4,0.166666667,
3/10/2025 5:00,3.9,0,5,0.208333333,
3/10/2025 6:00,2.8,0,6,0.25,
3/10/2025 7:00,2.8,0,7,0.291666667,
3/10/2025 8:00,2,0,8,0.333333333,
3/10/2025 9:00,1.8,0,9,0.375,
3/10/2025 10:00,5.1,0,10,0.416666667,
3/10/2025 11:00,6.1,0,11,0.458333333,
3/10/2025 12:00,4.6,0,12,0.5,
3/10/2025 13:00,11.8,0,13,0.541666667,
3/10/2025 14:00,13.3,0,14,0.583333333,
3/10/2025 15:00,11.2,0,15,0.625,
3/10/2025 16:00,15.1,0,16,0.666666667,
3/10/2025 17:00,14.9,0,17,0.708333333,
3/10/2025 18:00,11.1,0,18,0.75,
3/10/2025 19:00,11.4,0,19,0.791666667,
3/10/2025 20:00,9.3,0,20,0.833333333,
3/10/2025 21:00,6.4,0,21,0.875,
3/10/2025 22:00,5,0,22,0.916666667,
3/10/2025 23:00,4.2,0,23,0.958333333,
3/11/2025 0:00,5.4,0,0,0,
3/11/2025 1:00,4.5,0,1,0.041666667,
3/11/2025 2:00,4.2,0,2,0.083333333,
3/11/2025 3:00,5.1,0,3,0.125,
3/11/2025 4:00,5,0,4,0.166666667,
3/11/2025 5:00,4.5,0,5,0.208333333,
3/11/2025 6:00,5,0,6,0.25,
3/11/2025 7:00,4.6,0,7,0.291666667,
3/11/2025 8:00,4.6,0,8,0.333333333,
3/11/2025 9:00,5.6,0,9,0.375,
3/11/2025 10:00,5.7,0,10,0.416666667,
3/11/2025 11:00,5.9,0,11,0.458333333,
3/11/2025 12:00,5.7,0,12,0.5,
3/11/2025 13:00,6.9,0,13,0.541666667,
3/11/2025 14:00,7.5,0,14,0.583333333,
3/11/2025 15:00,7.3,0,15,0.625,
3/11/2025 16:00,7.6,0,16,0.666666667,
3/11/2025 17:00,8.7,0,17,0.708333333,
3/11/2025 18:00,8,0,18,0.75,
3/11/2025 19:00,6.8,0,19,0.791666667,
3/11/2025 20:00,6,0,20,0.833333333,
3/11/2025 21:00,5.3,0,21,0.875,
3/11/2025 22:00,5,0,22,0.916666667,
3/11/2025 23:00,5.3,0,23,0.958333333,
3/12/2025 0:00,4.6,0,0,0,
3/12/2025 1:00,3.8,0,1,0.041666667,
3/12/2025 2:00,3.5,0,2,0.083333333,
3/12/2025 3:00,3.9,0,3,0.125,
3/12/2025 4:00,3,0,4,0.166666667,
3/12/2025 5:00,2.8,0,5,0.208333333,
3/12/2025 6:00,1.9,0.2,6,0.25,
3/12/2025 7:00,2.5,0,7,0.291666667,
3/12/2025 8:00,2.6,0,8,0.333333333,
3/12/2025 9:00,3.3,0,9,0.375,
3/12/2025 10:00,3.5,0.1,10,0.416666667,
3/12/2025 11:00,4.7,0,11,0.458333333,
3/12/2025 12:00,5.8,0,12,0.5,
3/12/2025 13:00,7.8,0.5,13,0.541666667,
3/12/2025 14:00,7.8,0,14,0.583333333,
3/12/2025 15:00,8.2,0,15,0.625,
3/12/2025 16:00,8.2,0.1,16,0.666666667,
3/12/2025 17:00,8.1,0,17,0.708333333,
3/12/2025 18:00,7.3,0,18,0.75,
3/12/2025 19:00,6.9,0,19,0.791666667,
3/12/2025 20:00,5.4,0,20,0.833333333,
3/12/2025 21:00,4.9,0,21,0.875,
3/12/2025 22:00,2.9,0,22,0.916666667,
3/12/2025 23:00,2,0,23,0.958333333,
3/13/2025 0:00,1.3,0,0,0,
3/13/2025 1:00,0.8,0,1,0.041666667,
3/13/2025 2:00,0.4,0,2,0.083333333,
3/13/2025 3:00,-0.2,0,3,0.125,
3/13/2025 4:00,-0.5,0,4,0.166666667,
3/13/2025 5:00,-0.3,0,5,0.208333333,
3/13/2025 6:00,-0.9,0,6,0.25,
3/13/2025 7:00,-0.7,0,7,0.291666667,
3/13/2025 8:00,-0.2,0,8,0.333333333,
3/13/2025 9:00,1.5,0,9,0.375,
3/13/2025 10:00,1.8,0,10,0.416666667,
3/13/2025 11:00,4.1,0,11,0.458333333,
3/13/2025 12:00,4.9,0,12,0.5,
3/13/2025 13:00,6,0,13,0.541666667,
3/13/2025 14:00,6.1,0.1,14,0.583333333,
3/13/2025 15:00,6.9,0,15,0.625,
3/13/2025 16:00,7.3,0.1,16,0.666666667,
3/13/2025 17:00,6.2,0,17,0.708333333,
3/13/2025 18:00,5.9,0.1,18,0.75,
3/13/2025 19:00,5.2,0,19,0.791666667,
3/13/2025 20:00,3.9,0,20,0.833333333,
3/13/2025 21:00,2.4,0,21,0.875,
3/13/2025 22:00,1.5,0,22,0.916666667,
3/13/2025 23:00,1.2,0,23,0.958333333,
3/14/2025 0:00,1.1,0,0,0,
3/14/2025 1:00,1.8,0,1,0.041666667,
3/14/2025 2:00,0.3,0,2,0.083333333,
3/14/2025 3:00,-0.3,0,3,0.125,
3/14/2025 4:00,0.3,0,4,0.166666667,
3/14/2025 5:00,0.9,0,5,0.208333333,
3/14/2025 6:00,1.4,0,6,0.25,
3/14/2025 7:00,-0.8,0.1,7,0.291666667,
3/14/2025 8:00,-0.2,0,8,0.333333333,
3/14/2025 9:00,1.2,0,9,0.375,
3/14/2025 10:00,2.7,0,10,0.416666667,
3/14/2025 11:00,3.9,0,11,0.458333333,
3/14/2025 12:00,5.1,0,12,0.5,
3/14/2025 13:00,5.2,0.1,13,0.541666667,
3/14/2025 14:00,5.5,0,14,0.583333333,
3/14/2025 15:00,6.1,0,15,0.625,
3/14/2025 16:00,5.7,0,16,0.666666667,
3/14/2025 17:00,5.8,0,17,0.708333333,
3/14/2025 18:00,4.9,0,18,0.75,
3/14/2025 19:00,3.9,0,19,0.791666667,
3/14/2025 20:00,2.8,0,20,0.833333333,
3/14/2025 21:00,1.8,0,21,0.875,
3/14/2025 22:00,1.1,0,22,0.916666667,
3/14/2025 23:00,0.5,0,23,0.958333333,
3/15/2025 0:00,1.2,0,0,0,
3/15/2025 1:00,1.8,0,1,0.041666667,
3/15/2025 2:00,1.6,0,2,0.083333333,
3/15/2025 3:00,0.7,0,3,0.125,
3/15/2025 4:00,1.1,0,4,0.166666667,
3/15/2025 5:00,0.1,0,5,0.208333333,
3/15/2025 6:00,-0.2,0,6,0.25,
3/15/2025 7:00,-0.2,0,7,0.291666667,
3/15/2025 8:00,0,0,8,0.333333333,
3/15/2025 9:00,0.5,0,9,0.375,
3/15/2025 10:00,1.5,0,10,0.416666667,
3/15/2025 11:00,1.2,0,11,0.458333333,
3/15/2025 12:00,4,0,12,0.5,
3/15/2025 13:00,5.3,0,13,0.541666667,
3/15/2025 14:00,5.4,0,14,0.583333333,
3/15/2025 15:00,5.4,0,15,0.625,
3/15/2025 16:00,6.8,0,16,0.666666667,
3/15/2025 17:00,6.6,0,17,0.708333333,
3/15/2025 18:00,6.2,0,18,0.75,
3/15/2025 19:00,5.9,0,19,0.791666667,
3/15/2025 20:00,3.8,0,20,0.833333333,
3/15/2025 21:00,2.6,0,21,0.875,
3/15/2025 22:00,1.8,0,22,0.916666667,
3/15/2025 23:00,0.7,0,23,0.958333333,
3/16/2025 0:00,0.5,0,0,0,
3/16/2025 1:00,1,0,1,0.041666667,
3/16/2025 2:00,-0.2,0,2,0.083333333,
3/16/2025 3:00,-0.3,0,3,0.125,
3/16/2025 4:00,0.4,0,4,0.166666667,
3/16/2025 5:00,-1.1,0,5,0.208333333,
3/16/2025 6:00,-1,0,6,0.25,
3/16/2025 7:00,-0.9,0,7,0.291666667,
3/16/2025 8:00,-1.3,0,8,0.333333333,
3/16/2025 9:00,0.5,0,9,0.375,
3/16/2025 10:00,2.6,0,10,0.416666667,
3/16/2025 11:00,4.3,0,11,0.458333333,
3/16/2025 12:00,6.2,0,12,0.5,
3/16/2025 13:00,7.6,0,13,0.541666667,
3/16/2025 14:00,8.2,0,14,0.583333333,
3/16/2025 15:00,8.2,0,15,0.625,
3/16/2025 16:00,9.2,0,16,0.666666667,
3/16/2025 17:00,8.2,0,17,0.708333333,
3/16/2025 18:00,8.2,0,18,0.75,
3/16/2025 19:00,7.8,0,19,0.791666667,
3/16/2025 20:00,6.5,0,20,0.833333333,
3/16/2025 21:00,6,0,21,0.875,
3/16/2025 22:00,5.7,0,22,0.916666667,
3/16/2025 23:00,5.3,0,23,0.958333333,
3/17/2025 0:00,3.8,0.1,0,0,
3/17/2025 1:00,4.2,0,1,0.041666667,
3/17/2025 2:00,3.5,0,2,0.083333333,
3/17/2025 3:00,3,0,3,0.125,
3/17/2025 4:00,2.9,0,4,0.166666667,
3/17/2025 5:00,1.9,0,5,0.208333333,
3/17/2025 6:00,1,0,6,0.25,
3/17/2025 7:00,0.7,0,7,0.291666667,
3/17/2025 8:00,0.5,0,8,0.333333333,
3/17/2025 9:00,0.9,0,9,0.375,
3/17/2025 10:00,2.5,0,10,0.416666667,
3/17/2025 11:00,4.2,0,11,0.458333333,
3/17/2025 12:00,6.1,0,12,0.5,
3/17/2025 13:00,7.2,0,13,0.541666667,
3/17/2025 14:00,7.7,0,14,0.583333333,
3/17/2025 15:00,8.5,0,15,0.625,
3/17/2025 16:00,8.6,0,16,0.666666667,
3/17/2025 17:00,8.1,0,17,0.708333333,
3/17/2025 18:00,8.1,0,18,0.75,
3/17/2025 19:00,7.6,0,19,0.791666667,
3/17/2025 20:00,5.4,0,20,0.833333333,
3/17/2025 21:00,4.1,0,21,0.875,
3/17/2025 22:00,2.8,0,22,0.916666667,
3/17/2025 23:00,1.3,0,23,0.958333333,
3/18/2025 0:00,0.7,0,0,0,
3/18/2025 1:00,0.2,0,1,0.041666667,
3/18/2025 2:00,-0.4,0,2,0.083333333,
3/18/2025 3:00,-0.5,0,3,0.125,
3/18/2025 4:00,-0.9,0,4,0.166666667,
3/18/2025 5:00,-1.3,0,5,0.208333333,
3/18/2025 6:00,-1,0,6,0.25,
3/18/2025 7:00,-1.6,0,7,0.291666667,
3/18/2025 8:00,-1.5,0,8,0.333333333,
3/18/2025 9:00,0.3,0,9,0.375,
3/18/2025 10:00,2.4,0,10,0.416666667,
3/18/2025 11:00,4.5,0,11,0.458333333,
3/18/2025 12:00,6.6,0,12,0.5,
3/18/2025 13:00,8.1,0,13,0.541666667,
3/18/2025 14:00,8.6,0,14,0.583333333,
3/18/2025 15:00,9.5,0,15,0.625,
3/18/2025 16:00,10.3,0,16,0.666666667,
3/18/2025 17:00,10.1,0,17,0.708333333,
3/18/2025 18:00,9.4,0,18,0.75,
3/18/2025 19:00,9.6,0,19,0.791666667,
3/18/2025 20:00,7.4,0,20,0.833333333,
3/18/2025 21:00,5.5,0,21,0.875,
3/18/2025 22:00,5.1,0,22,0.916666667,
3/18/2025 23:00,4,0,23,0.958333333,
3/19/2025 0:00,3.3,0,0,0,
3/19/2025 1:00,2.5,0,1,0.041666667,
3/19/2025 2:00,1.7,0,2,0.083333333,
3/19/2025 3:00,1.2,0,3,0.125,
3/19/2025 4:00,0.8,0,4,0.166666667,
3/19/2025 5:00,0.5,0,5,0.208333333,
3/19/2025 6:00,0.6,0,6,0.25,
3/19/2025 7:00,0.2,0,7,0.291666667,
3/19/2025 8:00,0.2,0,8,0.333333333,
3/19/2025 9:00,2.2,0,9,0.375,
3/19/2025 10:00,4.3,0,10,0.416666667,
3/19/2025 11:00,6,0,11,0.458333333,
3/19/2025 12:00,8.3,0,12,0.5,
3/19/2025 13:00,10.5,0,13,0.541666667,
3/19/2025 14:00,11.8,0,14,0.583333333,
3/19/2025 15:00,12.7,0,15,0.625,
3/19/2025 16:00,14.2,0,16,0.666666667,
3/19/2025 17:00,14.4,0,17,0.708333333,
3/19/2025 18:00,14.9,0,18,0.75,
3/19/2025 19:00,14.6,0,19,0.791666667,
3/19/2025 20:00,12.6,0,20,0.833333333,
3/19/2025 21:00,10.7,0,21,0.875,
3/19/2025 22:00,10,0,22,0.916666667,
3/19/2025 23:00,8.5,0,23,0.958333333,
3/20/2025 0:00,7.4,0,0,0,
3/20/2025 1:00,7.5,0,1,0.041666667,
3/20/2025 2:00,6.7,0,2,0.083333333,
3/20/2025 3:00,6.4,0,3,0.125,
3/20/2025 4:00,5.5,0,4,0.166666667,
3/20/2025 5:00,4.5,0,5,0.208333333,
3/20/2025 6:00,4.6,0,6,0.25,
3/20/2025 7:00,3.7,0,7,0.291666667,
3/20/2025 8:00,3.5,0,8,0.333333333,
3/20/2025 9:00,5.2,0,9,0.375,
3/20/2025 10:00,7.4,0,10,0.416666667,
3/20/2025 11:00,9.3,0,11,0.458333333,
3/20/2025 12:00,12.5,0,12,0.5,
3/20/2025 13:00,14.9,0,13,0.541666667,
3/20/2025 14:00,16.3,0,14,0.583333333,
3/20/2025 15:00,17.1,0,15,0.625,
3/20/2025 16:00,17.9,0,16,0.666666667,
3/20/2025 17:00,17.4,0,17,0.708333333,
3/20/2025 18:00,17.5,0,18,0.75,
3/20/2025 19:00,16.7,0,19,0.791666667,
3/20/2025 20:00,14.2,0,20,0.833333333,
3/20/2025 21:00,11.8,0,21,0.875,
3/20/2025 22:00,10.7,0,22,0.916666667,
3/20/2025 23:00,9.3,0,23,0.958333333,
3/21/2025 0:00,8.5,0,0,0,
3/21/2025 1:00,8,0,1,0.041666667,
3/21/2025 2:00,6.9,0,2,0.083333333,
3/21/2025 3:00,6.8,0,3,0.125,
3/21/2025 4:00,5.7,0,4,0.166666667,
3/21/2025 5:00,5,0,5,0.208333333,
3/21/2025 6:00,4.9,0,6,0.25,
3/21/2025 7:00,4.2,0,7,0.291666667,
3/21/2025 8:00,3.9,0,8,0.333333333,
3/21/2025 9:00,6.3,0,9,0.375,
3/21/2025 10:00,7.5,0,10,0.416666667,
3/21/2025 11:00,11.3,0,11,0.458333333,
3/21/2025 12:00,15.6,0,12,0.5,
3/21/2025 13:00,17.5,0,13,0.541666667,
3/21/2025 14:00,18.6,0,14,0.583333333,
3/21/2025 15:00,20.6,0,15,0.625,
3/21/2025 16:00,20.9,0,16,0.666666667,
3/21/2025 17:00,20.7,0,17,0.708333333,
3/21/2025 18:00,20.2,0,18,0.75,
3/21/2025 19:00,19.2,0,19,0.791666667,
3/21/2025 20:00,17.2,0,20,0.833333333,
3/21/2025 21:00,16.2,0,21,0.875,
3/21/2025 22:00,15.3,0,22,0.916666667,
3/21/2025 23:00,14.2,0,23,0.958333333,
3/22/2025 0:00,13.8,0,0,0,
3/22/2025 1:00,12.9,0,1,0.041666667,
3/22/2025 2:00,12,0,2,0.083333333,
3/22/2025 3:00,11.6,0,3,0.125,
3/22/2025 4:00,10.9,0,4,0.166666667,
3/22/2025 5:00,10.2,0,5,0.208333333,
3/22/2025 6:00,9.7,0,6,0.25,
3/22/2025 7:00,9,0,7,0.291666667,
3/22/2025 8:00,8.7,0,8,0.333333333,
3/22/2025 9:00,9.5,0,9,0.375,
3/22/2025 10:00,10.5,0,10,0.416666667,
3/22/2025 11:00,12.5,0,11,0.458333333,
3/22/2025 12:00,14.5,0,12,0.5,
3/22/2025 13:00,15.7,0,13,0.541666667,
3/22/2025 14:00,16.9,0,14,0.583333333,
3/22/2025 15:00,18.1,0,15,0.625,
3/22/2025 16:00,18.6,0,16,0.666666667,
3/22/2025 17:00,18.1,0,17,0.708333333,
3/22/2025 18:00,18.1,0,18,0.75,
3/22/2025 19:00,17.5,0,19,0.791666667,
3/22/2025 20:00,16.1,0,20,0.833333333,
3/22/2025 21:00,16.2,0,21,0.875,
3/22/2025 22:00,14.2,0,22,0.916666667,
3/22/2025 23:00,12.5,0,23,0.958333333,
3/23/2025 0:00,13.2,0,0,0,
3/23/2025 1:00,11.8,0,1,0.041666667,
3/23/2025 2:00,10.1,0,2,0.083333333,
3/23/2025 3:00,9.9,0,3,0.125,
3/23/2025 4:00,9.9,0,4,0.166666667,
3/23/2025 5:00,8.3,0,5,0.208333333,
3/23/2025 6:00,9.3,0,6,0.25,
3/23/2025 7:00,8.8,0,7,0.291666667,
3/23/2025 8:00,7.5,0,8,0.333333333,
3/23/2025 9:00,9.2,0,9,0.375,
3/23/2025 10:00,9.2,0.4,10,0.416666667,
3/23/2025 11:00,11.1,0,11,0.458333333,
3/23/2025 12:00,12.4,0,12,0.5,
3/23/2025 13:00,15.1,0,13,0.541666667,
3/23/2025 14:00,12.4,0,14,0.583333333,
3/23/2025 15:00,15.8,0,15,0.625,
3/23/2025 16:00,15.8,0,16,0.666666667,
3/23/2025 17:00,14.8,0,17,0.708333333,
3/23/2025 18:00,16.3,0,18,0.75,
3/23/2025 19:00,15.6,0,19,0.791666667,
3/23/2025 20:00,13.1,0,20,0.833333333,
3/23/2025 21:00,13.9,0,21,0.875,
3/23/2025 22:00,13,0,22,0.916666667,
3/23/2025 23:00,11.9,0,23,0.958333333,
3/24/2025 0:00,11.3,0,0,0,
3/24/2025 1:00,10,0,1,0.041666667,
3/24/2025 2:00,10.1,0,2,0.083333333,
3/24/2025 3:00,10.1,0,3,0.125,
3/24/2025 4:00,10.9,0,4,0.166666667,
3/24/2025 5:00,9.5,0,5,0.208333333,
3/24/2025 6:00,9.9,0,6,0.25,
3/24/2025 7:00,10.1,0,7,0.291666667,
3/24/2025 8:00,9.2,0,8,0.333333333,
3/24/2025 9:00,11,0,9,0.375,
3/24/2025 10:00,11.7,0,10,0.416666667,
3/24/2025 11:00,12.4,0,11,0.458333333,
3/24/2025 12:00,14.4,0,12,0.5,
3/24/2025 13:00,16.2,0,13,0.541666667,
3/24/2025 14:00,15.7,0,14,0.583333333,
3/24/2025 15:00,16.1,0,15,0.625,
3/24/2025 16:00,15.4,0,16,0.666666667,
3/24/2025 17:00,13.9,0,17,0.708333333,
3/24/2025 18:00,13.2,0,18,0.75,
3/24/2025 19:00,12.8,0,19,0.791666667,
3/24/2025 20:00,11.7,0,20,0.833333333,
3/24/2025 21:00,9.9,0,21,0.875,
3/24/2025 22:00,8.9,0,22,0.916666667,
3/24/2025 23:00,8,0,23,0.958333333,
3/25/2025 0:00,8.7,0,0,0,
3/25/2025 1:00,6.3,0,1,0.041666667,
3/25/2025 2:00,6.4,0,2,0.083333333,
3/25/2025 3:00,7,0,3,0.125,
3/25/2025 4:00,5.9,0,4,0.166666667,
3/25/2025 5:00,6.4,0,5,0.208333333,
3/25/2025 6:00,6.6,0,6,0.25,
3/25/2025 7:00,6.4,0,7,0.291666667,
3/25/2025 8:00,6.4,0,8,0.333333333,
3/25/2025 9:00,7,0,9,0.375,
3/25/2025 10:00,8.1,0,10,0.416666667,
3/25/2025 11:00,8.8,0,11,0.458333333,
3/25/2025 12:00,10.5,0,12,0.5,
3/25/2025 13:00,11.9,0,13,0.541666667,
3/25/2025 14:00,12.1,0,14,0.583333333,
3/25/2025 15:00,12.8,0,15,0.625,
3/25/2025 16:00,13.4,0,16,0.666666667,
3/25/2025 17:00,13.5,0,17,0.708333333,
3/25/2025 18:00,12.3,0,18,0.75,
3/25/2025 19:00,12,0,19,0.791666667,
3/25/2025 20:00,11.4,0,20,0.833333333,
3/25/2025 21:00,9.2,0.2,21,0.875,
3/25/2025 22:00,8.4,0.3,22,0.916666667,
3/25/2025 23:00,8,0.1,23,0.958333333,
3/26/2025 0:00,8.3,0,0,0,
3/26/2025 1:00,8.1,0,1,0.041666667,
3/26/2025 2:00,7.4,0,2,0.083333333,
3/26/2025 3:00,7.6,0,3,0.125,
3/26/2025 4:00,7.6,0,4,0.166666667,
3/26/2025 5:00,6.2,0,5,0.208333333,
3/26/2025 6:00,6.7,0,6,0.25,
3/26/2025 7:00,7.1,0,7,0.291666667,
3/26/2025 8:00,6.7,0,8,0.333333333,
3/26/2025 9:00,7,0.1,9,0.375,
3/26/2025 10:00,7.8,0,10,0.416666667,
3/26/2025 11:00,8.1,0,11,0.458333333,
3/26/2025 12:00,8.3,0,12,0.5,
3/26/2025 13:00,9.1,0,13,0.541666667,
3/26/2025 14:00,8.8,0,14,0.583333333,
3/26/2025 15:00,9.9,0,15,0.625,
3/26/2025 16:00,11.4,0,16,0.666666667,
3/26/2025 17:00,11.4,0,17,0.708333333,
3/26/2025 18:00,11.4,0,18,0.75,
3/26/2025 19:00,10.2,0,19,0.791666667,
3/26/2025 20:00,8.5,0,20,0.833333333,
3/26/2025 21:00,7.6,0,21,0.875,
3/26/2025 22:00,6.4,0,22,0.916666667,
3/26/2025 23:00,5.6,0,23,0.958333333,
3/27/2025 0:00,5.1,0,0,0,
3/27/2025 1:00,4.6,0,1,0.041666667,
3/27/2025 2:00,3.8,0,2,0.083333333,
3/27/2025 3:00,3.4,0,3,0.125,
3/27/2025 4:00,2.6,0,4,0.166666667,
3/27/2025 5:00,2.2,0,5,0.208333333,
3/27/2025 6:00,2.3,0,6,0.25,
3/27/2025 7:00,2.2,0,7,0.291666667,
3/27/2025 8:00,1.5,0,8,0.333333333,
3/27/2025 9:00,3.4,0,9,0.375,
3/27/2025 10:00,6,0,10,0.416666667,
3/27/2025 11:00,8.1,0,11,0.458333333,
3/27/2025 12:00,10.6,0,12,0.5,
3/27/2025 13:00,12.4,0,13,0.541666667,
3/27/2025 14:00,13.7,0,14,0.583333333,
3/27/2025 15:00,14.6,0,15,0.625,
3/27/2025 16:00,15.2,0,16,0.666666667,
3/27/2025 17:00,15.5,0,17,0.708333333,
3/27/2025 18:00,15.3,0,18,0.75,
3/27/2025 19:00,15,0,19,0.791666667,
3/27/2025 20:00,13.2,0,20,0.833333333,
3/27/2025 21:00,11.3,0,21,0.875,
3/27/2025 22:00,10.1,0,22,0.916666667,
3/27/2025 23:00,8.6,0,23,0.958333333,
3/28/2025 0:00,8.1,0,0,0,
3/28/2025 1:00,7.9,0,1,0.041666667,
3/28/2025 2:00,6.8,0,2,0.083333333,
3/28/2025 3:00,6.3,0,3,0.125,
3/28/2025 4:00,5,0,4,0.166666667,
3/28/2025 5:00,4.7,0,5,0.208333333,
3/28/2025 6:00,4.1,0,6,0.25,
3/28/2025 7:00,3.4,0,7,0.291666667,
3/28/2025 8:00,3.8,0,8,0.333333333,
3/28/2025 9:00,6,0,9,0.375,
3/28/2025 10:00,7.4,0,10,0.416666667,
3/28/2025 11:00,10.6,0,11,0.458333333,
3/28/2025 12:00,12.5,0,12,0.5,
3/28/2025 13:00,14.4,0,13,0.541666667,
3/28/2025 14:00,15.2,0,14,0.583333333,
3/28/2025 15:00,14.5,0,15,0.625,
3/28/2025 16:00,14.6,0,16,0.666666667,
3/28/2025 17:00,14.7,0,17,0.708333333,
3/28/2025 18:00,13.2,0,18,0.75,
3/28/2025 19:00,12,0,19,0.791666667,
3/28/2025 20:00,11,0,20,0.833333333,
3/28/2025 21:00,10.8,0,21,0.875,
3/28/2025 22:00,10,0,22,0.916666667,
3/28/2025 23:00,9.8,0,23,0.958333333,
3/29/2025 0:00,9.3,0,0,0,
3/29/2025 1:00,8.7,0,1,0.041666667,
3/29/2025 2:00,8.6,0,2,0.083333333,
3/29/2025 3:00,7.5,0,3,0.125,
3/29/2025 4:00,6.6,0,4,0.166666667,
3/29/2025 5:00,7.1,0,5,0.208333333,
3/29/2025 6:00,6,0,6,0.25,
3/29/2025 7:00,5.2,0,7,0.291666667,
3/29/2025 8:00,5.1,0,8,0.333333333,
3/29/2025 9:00,6.4,0,9,0.375,
3/29/2025 10:00,8.3,0,10,0.416666667,
3/29/2025 11:00,10.1,0,11,0.458333333,
3/29/2025 12:00,11.8,0,12,0.5,
3/29/2025 13:00,12.9,0,13,0.541666667,
3/29/2025 14:00,13.6,0,14,0.583333333,
3/29/2025 15:00,14.3,0,15,0.625,
3/29/2025 16:00,14.7,0,16,0.666666667,
3/29/2025 17:00,14.1,0,17,0.708333333,
3/29/2025 18:00,13.7,0,18,0.75,
3/29/2025 19:00,12.4,0,19,0.791666667,
3/29/2025 20:00,10.6,0,20,0.833333333,
3/29/2025 21:00,8.9,0,21,0.875,
3/29/2025 22:00,7.8,0,22,0.916666667,
3/29/2025 23:00,6.6,0,23,0.958333333,
3/30/2025 0:00,7.3,0,0,0,
3/30/2025 1:00,6.9,0,1,0.041666667,
3/30/2025 2:00,6.5,0,2,0.083333333,
3/30/2025 3:00,6.3,0,3,0.125,
3/30/2025 4:00,7.7,0,4,0.166666667,
3/30/2025 5:00,7,0.5,5,0.208333333,
3/30/2025 6:00,6.7,0.5,6,0.25,
3/30/2025 7:00,7.5,0.2,7,0.291666667,
3/30/2025 8:00,8.4,0.1,8,0.333333333,
3/30/2025 9:00,9.1,0.8,9,0.375,
3/30/2025 10:00,10,0,10,0.416666667,
3/30/2025 11:00,11.1,0,11,0.458333333,
3/30/2025 12:00,10.4,0,12,0.5,
3/30/2025 13:00,9.1,0.3,13,0.541666667,
3/30/2025 14:00,10.2,0.1,14,0.583333333,
3/30/2025 15:00,10.1,0,15,0.625,
3/30/2025 16:00,10.9,0,16,0.666666667,
3/30/2025 17:00,10.6,0,17,0.708333333,
3/30/2025 18:00,10.3,0,18,0.75,
3/30/2025 19:00,9.5,0,19,0.791666667,
3/30/2025 20:00,9.3,0,20,0.833333333,
3/30/2025 21:00,8.7,0,21,0.875,
3/30/2025 22:00,8.3,0,22,0.916666667,
3/30/2025 23:00,7.8,0,23,0.958333333,
3/31/2025 0:00,7.1,0,0,0,
3/31/2025 1:00,7.1,0,1,0.041666667,
3/31/2025 2:00,7.4,0,2,0.083333333,
3/31/2025 3:00,7.4,0,3,0.125,
3/31/2025 4:00,7.3,0,4,0.166666667,
3/31/2025 5:00,7.2,0,5,0.208333333,
3/31/2025 6:00,6,0,6,0.25,
3/31/2025 7:00,7,0,7,0.291666667,
3/31/2025 8:00,7,0,8,0.333333333,
3/31/2025 9:00,7.2,0,9,0.375,
3/31/2025 10:00,7.7,0,10,0.416666667,
3/31/2025 11:00,8.5,0,11,0.458333333,
3/31/2025 12:00,10.2,0,12,0.5,
3/31/2025 13:00,11.1,0,13,0.541666667,
3/31/2025 14:00,12.2,0,14,0.583333333,
3/31/2025 15:00,12.6,0,15,0.625,
3/31/2025 16:00,12.6,0,16,0.666666667,
3/31/2025 17:00,12.3,0,17,0.708333333,
3/31/2025 18:00,11.8,0,18,0.75,
3/31/2025 19:00,10.8,0,19,0.791666667,
3/31/2025 20:00,9.2,0,20,0.833333333,
3/31/2025 21:00,7.6,0,21,0.875,
3/31/2025 22:00,6.5,0,22,0.916666667,
3/31/2025 23:00,5.7,0,23,0.958333333,
4/1/2025 0:00,5,0,0,0,
4/1/2025 1:00,4.4,0,1,0.041666667,
4/1/2025 2:00,4.3,0,2,0.083333333,
4/1/2025 3:00,3.9,0,3,0.125,
4/1/2025 4:00,3.2,0,4,0.166666667,
4/1/2025 5:00,3.1,0,5,0.208333333,
4/1/2025 6:00,2.3,0,6,0.25,
4/1/2025 7:00,1.7,0,7,0.291666667,
4/1/2025 8:00,1.8,0,8,0.333333333,
4/1/2025 9:00,3.2,0,9,0.375,
4/1/2025 10:00,4.9,0,10,0.416666667,
4/1/2025 11:00,8.4,0,11,0.458333333,
4/1/2025 12:00,10.6,0,12,0.5,
4/1/2025 13:00,12.2,0,13,0.541666667,
4/1/2025 14:00,13.7,0,14,0.583333333,
4/1/2025 15:00,14.3,0,15,0.625,
4/1/2025 16:00,15.1,0,16,0.666666667,
4/1/2025 17:00,15.1,0,17,0.708333333,
4/1/2025 18:00,14.9,0,18,0.75,
4/1/2025 19:00,14.2,0,19,0.791666667,
4/1/2025 20:00,12.9,0,20,0.833333333,
4/1/2025 21:00,11,0,21,0.875,
4/1/2025 22:00,9.5,0,22,0.916666667,
4/1/2025 23:00,8.2,0,23,0.958333333,
4/2/2025 0:00,7.1,0,0,0,
4/2/2025 1:00,6.8,0,1,0.041666667,
4/2/2025 2:00,6.1,0,2,0.083333333,
4/2/2025 3:00,5.5,0,3,0.125,
4/2/2025 4:00,4.6,0,4,0.166666667,
4/2/2025 5:00,4.3,0,5,0.208333333,
4/2/2025 6:00,4,0,6,0.25,
4/2/2025 7:00,3.3,0,7,0.291666667,
4/2/2025 8:00,3.6,0,8,0.333333333,
4/2/2025 9:00,5.5,0,9,0.375,
4/2/2025 10:00,7.7,0,10,0.416666667,
4/2/2025 11:00,10.7,0,11,0.458333333,
4/2/2025 12:00,13.1,0,12,0.5,
4/2/2025 13:00,14.4,0,13,0.541666667,
4/2/2025 14:00,16.4,0,14,0.583333333,
4/2/2025 15:00,17.4,0,15,0.625,
4/2/2025 16:00,17.4,0,16,0.666666667,
4/2/2025 17:00,17.3,0,17,0.708333333,
4/2/2025 18:00,17.1,0,18,0.75,
4/2/2025 19:00,16.6,0,19,0.791666667,
4/2/2025 20:00,15.3,0,20,0.833333333,
4/2/2025 21:00,13.7,0,21,0.875,
4/2/2025 22:00,12.5,0,22,0.916666667,
4/2/2025 23:00,11.8,0,23,0.958333333,
4/3/2025 0:00,10.7,0,0,0,
4/3/2025 1:00,9.6,0,1,0.041666667,
4/3/2025 2:00,9.3,0,2,0.083333333,
4/3/2025 3:00,8.9,0,3,0.125,
4/3/2025 4:00,8.1,0,4,0.166666667,
4/3/2025 5:00,7.1,0,5,0.208333333,
4/3/2025 6:00,6.4,0,6,0.25,
4/3/2025 7:00,5.7,0,7,0.291666667,
4/3/2025 8:00,5.6,0,8,0.333333333,
4/3/2025 9:00,7.2,0,9,0.375,
4/3/2025 10:00,9.5,0,10,0.416666667,
4/3/2025 11:00,12.7,0,11,0.458333333,
4/3/2025 12:00,15.5,0,12,0.5,
4/3/2025 13:00,17.1,0,13,0.541666667,
4/3/2025 14:00,18.6,0,14,0.583333333,
4/3/2025 15:00,19.6,0,15,0.625,
4/3/2025 16:00,20,0,16,0.666666667,
4/3/2025 17:00,20,0,17,0.708333333,
4/3/2025 18:00,19.7,0,18,0.75,
4/3/2025 19:00,19.3,0,19,0.791666667,
4/3/2025 20:00,17.2,0,20,0.833333333,
4/3/2025 21:00,15.3,0,21,0.875,
4/3/2025 22:00,14.4,0,22,0.916666667,
4/3/2025 23:00,13,0,23,0.958333333,
4/4/2025 0:00,11.5,0,0,0,
4/4/2025 1:00,10.8,0,1,0.041666667,
4/4/2025 2:00,10,0,2,0.083333333,
4/4/2025 3:00,9,0,3,0.125,
4/4/2025 4:00,8,0,4,0.166666667,
4/4/2025 5:00,7.2,0,5,0.208333333,
4/4/2025 6:00,6.5,0,6,0.25,
4/4/2025 7:00,5.3,0,7,0.291666667,
4/4/2025 8:00,6.4,0,8,0.333333333,
4/4/2025 9:00,9.1,0,9,0.375,
4/4/2025 10:00,11.9,0,10,0.416666667,
4/4/2025 11:00,14.9,0,11,0.458333333,
4/4/2025 12:00,17.6,0,12,0.5,
4/4/2025 13:00,18.9,0,13,0.541666667,
4/4/2025 14:00,20.6,0,14,0.583333333,
4/4/2025 15:00,21.4,0,15,0.625,
4/4/2025 16:00,21.5,0,16,0.666666667,
4/4/2025 17:00,21.7,0,17,0.708333333,
4/4/2025 18:00,20.8,0,18,0.75,
4/4/2025 19:00,19.5,0,19,0.791666667,
4/4/2025 20:00,16.8,0,20,0.833333333,
4/4/2025 21:00,13.8,0,21,0.875,
4/4/2025 22:00,12,0,22,0.916666667,
4/4/2025 23:00,10.2,0,23,0.958333333,
4/5/2025 0:00,8.1,0,0,0,
4/5/2025 1:00,7.6,0,1,0.041666667,
4/5/2025 2:00,6.8,0,2,0.083333333,
4/5/2025 3:00,5.9,0,3,0.125,
4/5/2025 4:00,5.8,0,4,0.166666667,
4/5/2025 5:00,5.4,0,5,0.208333333,
4/5/2025 6:00,5.7,0,6,0.25,
4/5/2025 7:00,4.6,0,7,0.291666667,
4/5/2025 8:00,4.7,0,8,0.333333333,
4/5/2025 9:00,6.4,0,9,0.375,
4/5/2025 10:00,8.7,0,10,0.416666667,
4/5/2025 11:00,10.4,0,11,0.458333333,
4/5/2025 12:00,12.1,0,12,0.5,
4/5/2025 13:00,13.7,0,13,0.541666667,
4/5/2025 14:00,14.6,0,14,0.583333333,
4/5/2025 15:00,15.2,0,15,0.625,
4/5/2025 16:00,15,0,16,0.666666667,
4/5/2025 17:00,14.5,0,17,0.708333333,
4/5/2025 18:00,13.9,0,18,0.75,
4/5/2025 19:00,12.3,0,19,0.791666667,
4/5/2025 20:00,10.7,0,20,0.833333333,
4/5/2025 21:00,9.8,0,21,0.875,
4/5/2025 22:00,8.5,0,22,0.916666667,
4/5/2025 23:00,7.7,0,23,0.958333333,
4/6/2025 0:00,7,0,0,0,
4/6/2025 1:00,5.8,0,1,0.041666667,
4/6/2025 2:00,5.2,0,2,0.083333333,
4/6/2025 3:00,4.6,0,3,0.125,
4/6/2025 4:00,3.3,0,4,0.166666667,
4/6/2025 5:00,2.5,0,5,0.208333333,
4/6/2025 6:00,2.1,0,6,0.25,
4/6/2025 7:00,1.5,0,7,0.291666667,
4/6/2025 8:00,2.2,0,8,0.333333333,
4/6/2025 9:00,4.3,0,9,0.375,
4/6/2025 10:00,6.4,0,10,0.416666667,
4/6/2025 11:00,7.8,0,11,0.458333333,
4/6/2025 12:00,9.1,0,12,0.5,
4/6/2025 13:00,10.3,0,13,0.541666667,
4/6/2025 14:00,11.3,0,14,0.583333333,
4/6/2025 15:00,11.9,0,15,0.625,
4/6/2025 16:00,12.3,0,16,0.666666667,
4/6/2025 17:00,12.2,0,17,0.708333333,
4/6/2025 18:00,12.4,0,18,0.75,
4/6/2025 19:00,11.6,0,19,0.791666667,
4/6/2025 20:00,10.4,0,20,0.833333333,
4/6/2025 21:00,8.7,0,21,0.875,
4/6/2025 22:00,7.2,0,22,0.916666667,
4/6/2025 23:00,5.6,0,23,0.958333333,
4/7/2025 0:00,4.9,0,0,0,
4/7/2025 1:00,4,0,1,0.041666667,
4/7/2025 2:00,3.1,0,2,0.083333333,
4/7/2025 3:00,2.6,0,3,0.125,
4/7/2025 4:00,1.8,0,4,0.166666667,
4/7/2025 5:00,1.5,0,5,0.208333333,
4/7/2025 6:00,0.8,0,6,0.25,
4/7/2025 7:00,0.3,0,7,0.291666667,
4/7/2025 8:00,1.9,0,8,0.333333333,
4/7/2025 9:00,3.8,0,9,0.375,
4/7/2025 10:00,5.6,0,10,0.416666667,
4/7/2025 11:00,9,0,11,0.458333333,
4/7/2025 12:00,10.5,0,12,0.5,
4/7/2025 13:00,11.4,0,13,0.541666667,
4/7/2025 14:00,12.7,0,14,0.583333333,
4/7/2025 15:00,13.4,0,15,0.625,
4/7/2025 16:00,13.7,0,16,0.666666667,
4/7/2025 17:00,14.1,0,17,0.708333333,
4/7/2025 18:00,14,0,18,0.75,
4/7/2025 19:00,13.4,0,19,0.791666667,
4/7/2025 20:00,10.9,0,20,0.833333333,
4/7/2025 21:00,9.2,0,21,0.875,
4/7/2025 22:00,8,0,22,0.916666667,
4/7/2025 23:00,6.9,0,23,0.958333333,
4/8/2025 0:00,5.9,0,0,0,
4/8/2025 1:00,5.1,0,1,0.041666667,
4/8/2025 2:00,4.3,0,2,0.083333333,
4/8/2025 3:00,3.9,0,3,0.125,
4/8/2025 4:00,3.6,0,4,0.166666667,
4/8/2025 5:00,2.8,0,5,0.208333333,
4/8/2025 6:00,2.5,0,6,0.25,
4/8/2025 7:00,2.1,0,7,0.291666667,
4/8/2025 8:00,3.1,0,8,0.333333333,
4/8/2025 9:00,5,0,9,0.375,
4/8/2025 10:00,6.7,0,10,0.416666667,
4/8/2025 11:00,9,0,11,0.458333333,
4/8/2025 12:00,10.9,0,12,0.5,
4/8/2025 13:00,12.1,0,13,0.541666667,
4/8/2025 14:00,13.8,0,14,0.583333333,
4/8/2025 15:00,14.7,0,15,0.625,
4/8/2025 16:00,15.2,0,16,0.666666667,
4/8/2025 17:00,15.6,0,17,0.708333333,
4/8/2025 18:00,15.4,0,18,0.75,
4/8/2025 19:00,14.8,0,19,0.791666667,
4/8/2025 20:00,11.1,0,20,0.833333333,
4/8/2025 21:00,9.6,0,21,0.875,
4/8/2025 22:00,7.5,0,22,0.916666667,
4/8/2025 23:00,7,0,23,0.958333333,
4/9/2025 0:00,6.6,0,0,0,
4/9/2025 1:00,5.7,0,1,0.041666667,
4/9/2025 2:00,5.2,0,2,0.083333333,
4/9/2025 3:00,4.9,0,3,0.125,
4/9/2025 4:00,4,0,4,0.166666667,
4/9/2025 5:00,4.6,0,5,0.208333333,
4/9/2025 6:00,4.3,0,6,0.25,
4/9/2025 7:00,4.6,0,7,0.291666667,
4/9/2025 8:00,5,0,8,0.333333333,
4/9/2025 9:00,5.9,0,9,0.375,
4/9/2025 10:00,7.7,0,10,0.416666667,
4/9/2025 11:00,9.3,0,11,0.458333333,
4/9/2025 12:00,9.9,0,12,0.5,
4/9/2025 13:00,11.6,0,13,0.541666667,
4/9/2025 14:00,12.7,0,14,0.583333333,
4/9/2025 15:00,12.1,0,15,0.625,
4/9/2025 16:00,12.7,0,16,0.666666667,
4/9/2025 17:00,12.5,0,17,0.708333333,
4/9/2025 18:00,10.5,0,18,0.75,
4/9/2025 19:00,9.5,0,19,0.791666667,
4/9/2025 20:00,8.4,0,20,0.833333333,
4/9/2025 21:00,8.2,0,21,0.875,
4/9/2025 22:00,7.9,0,22,0.916666667,
4/9/2025 23:00,7.6,0,23,0.958333333,
4/10/2025 0:00,7.7,0,0,0,
4/10/2025 1:00,7.7,0,1,0.041666667,
4/10/2025 2:00,7.7,0,2,0.083333333,
4/10/2025 3:00,7.3,0,3,0.125,
4/10/2025 4:00,7.7,0,4,0.166666667,
4/10/2025 5:00,7.8,0,5,0.208333333,
4/10/2025 6:00,7.4,0,6,0.25,
4/10/2025 7:00,7.3,0,7,0.291666667,
4/10/2025 8:00,7.9,0,8,0.333333333,
4/10/2025 9:00,8.1,0,9,0.375,
4/10/2025 10:00,8.4,0,10,0.416666667,
4/10/2025 11:00,9,0,11,0.458333333,
4/10/2025 12:00,9.4,0,12,0.5,
4/10/2025 13:00,10.3,0,13,0.541666667,
4/10/2025 14:00,11.5,0,14,0.583333333,
4/10/2025 15:00,12.1,0,15,0.625,
4/10/2025 16:00,13.4,0,16,0.666666667,
4/10/2025 17:00,14,0,17,0.708333333,
4/10/2025 18:00,13.2,0,18,0.75,
4/10/2025 19:00,12,0,19,0.791666667,
4/10/2025 20:00,11.5,0,20,0.833333333,
4/10/2025 21:00,9.2,0,21,0.875,
4/10/2025 22:00,7.7,0,22,0.916666667,
4/10/2025 23:00,6.9,0,23,0.958333333,
4/11/2025 0:00,6.3,0,0,0,
4/11/2025 1:00,7.3,0,1,0.041666667,
4/11/2025 2:00,7.3,0,2,0.083333333,
4/11/2025 3:00,7.1,0,3,0.125,
4/11/2025 4:00,7.4,0,4,0.166666667,
4/11/2025 5:00,7.3,0,5,0.208333333,
4/11/2025 6:00,7.2,0,6,0.25,
4/11/2025 7:00,7.1,0,7,0.291666667,
4/11/2025 8:00,7.2,0,8,0.333333333,
4/11/2025 9:00,7.8,0,9,0.375,
4/11/2025 10:00,9.6,0,10,0.416666667,
4/11/2025 11:00,11.3,0,11,0.458333333,
4/11/2025 12:00,14.2,0,12,0.5,
4/11/2025 13:00,16,0,13,0.541666667,
4/11/2025 14:00,18.1,0,14,0.583333333,
4/11/2025 15:00,19.2,0,15,0.625,
4/11/2025 16:00,19.1,0,16,0.666666667,
4/11/2025 17:00,19,0,17,0.708333333,
4/11/2025 18:00,18.2,0,18,0.75,
4/11/2025 19:00,17.2,0,19,0.791666667,
4/11/2025 20:00,15.9,0,20,0.833333333,
4/11/2025 21:00,14.4,0,21,0.875,
4/11/2025 22:00,12.5,0,22,0.916666667,
4/11/2025 23:00,11.8,0,23,0.958333333,
4/12/2025 0:00,10.8,0,0,0,
4/12/2025 1:00,9.5,0,1,0.041666667,
4/12/2025 2:00,9.7,0,2,0.083333333,
4/12/2025 3:00,9.6,0,3,0.125,
4/12/2025 4:00,7.8,0,4,0.166666667,
4/12/2025 5:00,8.3,0,5,0.208333333,
4/12/2025 6:00,8.3,0,6,0.25,
4/12/2025 7:00,5.6,0,7,0.291666667,
4/12/2025 8:00,9,0,8,0.333333333,
4/12/2025 9:00,10.8,0,9,0.375,
4/12/2025 10:00,10.4,0,10,0.416666667,
4/12/2025 11:00,15.2,0,11,0.458333333,
4/12/2025 12:00,17.3,0,12,0.5,
4/12/2025 13:00,18.5,0,13,0.541666667,
4/12/2025 14:00,20.6,0,14,0.583333333,
4/12/2025 15:00,21.8,0,15,0.625,
4/12/2025 16:00,22.1,0,16,0.666666667,
4/12/2025 17:00,22.4,0,17,0.708333333,
4/12/2025 18:00,22.2,0,18,0.75,
4/12/2025 19:00,21.3,0,19,0.791666667,
4/12/2025 20:00,20,0,20,0.833333333,
4/12/2025 21:00,18.2,0,21,0.875,
4/12/2025 22:00,17,0,22,0.916666667,
4/12/2025 23:00,16.5,0,23,0.958333333,
4/13/2025 0:00,15.7,0,0,0,
4/13/2025 1:00,14.9,0,1,0.041666667,
4/13/2025 2:00,14.4,0,2,0.083333333,
4/13/2025 3:00,14.1,0,3,0.125,
4/13/2025 4:00,14.5,0,4,0.166666667,
4/13/2025 5:00,14.3,0,5,0.208333333,
4/13/2025 6:00,13.9,0,6,0.25,
4/13/2025 7:00,14.3,0.7,7,0.291666667,
4/13/2025 8:00,13.6,1.4,8,0.333333333,
4/13/2025 9:00,13.8,0.3,9,0.375,
4/13/2025 10:00,12.8,0,10,0.416666667,
4/13/2025 11:00,13.9,0,11,0.458333333,
4/13/2025 12:00,14.5,0,12,0.5,
4/13/2025 13:00,15.6,0,13,0.541666667,
4/13/2025 14:00,17,0.1,14,0.583333333,
4/13/2025 15:00,16,0,15,0.625,
4/13/2025 16:00,15.9,0,16,0.666666667,
4/13/2025 17:00,17.1,0,17,0.708333333,
4/13/2025 18:00,16.5,0,18,0.75,
4/13/2025 19:00,16,0,19,0.791666667,
4/13/2025 20:00,15.8,0,20,0.833333333,
4/13/2025 21:00,13.6,0,21,0.875,
4/13/2025 22:00,13.2,0,22,0.916666667,
4/13/2025 23:00,12.2,0,23,0.958333333,
4/14/2025 0:00,11.9,0,0,0,
4/14/2025 1:00,12.3,0,1,0.041666667,
4/14/2025 2:00,10.4,0,2,0.083333333,
4/14/2025 3:00,10.7,0,3,0.125,
4/14/2025 4:00,10.3,0,4,0.166666667,
4/14/2025 5:00,9.5,0,5,0.208333333,
4/14/2025 6:00,9.6,0,6,0.25,
4/14/2025 7:00,9.7,0,7,0.291666667,
4/14/2025 8:00,9.7,0.2,8,0.333333333,
4/14/2025 9:00,10.8,0,9,0.375,
4/14/2025 10:00,11.8,0,10,0.416666667,
4/14/2025 11:00,13.5,0,11,0.458333333,
4/14/2025 12:00,13.8,0,12,0.5,
4/14/2025 13:00,15,0,13,0.541666667,
4/14/2025 14:00,16.3,0,14,0.583333333,
4/14/2025 15:00,16.9,0,15,0.625,
4/14/2025 16:00,17.3,0,16,0.666666667,
4/14/2025 17:00,17.5,0,17,0.708333333,
4/14/2025 18:00,17.2,0,18,0.75,
4/14/2025 19:00,17.2,0,19,0.791666667,
4/14/2025 20:00,16,0,20,0.833333333,
4/14/2025 21:00,14.5,0,21,0.875,
4/14/2025 22:00,14.1,0,22,0.916666667,
4/14/2025 23:00,12.6,0,23,0.958333333,
4/15/2025 0:00,12.2,0,0,0,
4/15/2025 1:00,11.8,0,1,0.041666667,
4/15/2025 2:00,11.2,0,2,0.083333333,
4/15/2025 3:00,11.2,0,3,0.125,
4/15/2025 4:00,10.5,0,4,0.166666667,
4/15/2025 5:00,9.8,0,5,0.208333333,
4/15/2025 6:00,9.4,0,6,0.25,
4/15/2025 7:00,9.2,0,7,0.291666667,
4/15/2025 8:00,10.6,0,8,0.333333333,
4/15/2025 9:00,12.6,0,9,0.375,
4/15/2025 10:00,15,0,10,0.416666667,
4/15/2025 11:00,17.5,0,11,0.458333333,
4/15/2025 12:00,19.4,0,12,0.5,
4/15/2025 13:00,21.1,0,13,0.541666667,
4/15/2025 14:00,23.1,0,14,0.583333333,
4/15/2025 15:00,23.5,0,15,0.625,
4/15/2025 16:00,24.1,0,16,0.666666667,
4/15/2025 17:00,23.5,0,17,0.708333333,
4/15/2025 18:00,18.6,0,18,0.75,
4/15/2025 19:00,16.5,9,19,0.791666667,
4/15/2025 20:00,16.2,8.6,20,0.833333333,
4/15/2025 21:00,15.1,1.1,21,0.875,
4/15/2025 22:00,15.5,11.3,22,0.916666667,
4/15/2025 23:00,14.9,0.5,23,0.958333333,
4/16/2025 0:00,14.5,0,0,0,
4/16/2025 1:00,14.4,0,1,0.041666667,
4/16/2025 2:00,13.7,0,2,0.083333333,
4/16/2025 3:00,12.9,0,3,0.125,
4/16/2025 4:00,12.7,0,4,0.166666667,
4/16/2025 5:00,11.9,0,5,0.208333333,
4/16/2025 6:00,10.7,0,6,0.25,
4/16/2025 7:00,11.2,0,7,0.291666667,
4/16/2025 8:00,11.5,0,8,0.333333333,
4/16/2025 9:00,12.6,0,9,0.375,
4/16/2025 10:00,13.1,0,10,0.416666667,
4/16/2025 11:00,13.5,0,11,0.458333333,
4/16/2025 12:00,13.1,0,12,0.5,
4/16/2025 13:00,14.1,0,13,0.541666667,
4/16/2025 14:00,12.8,0,14,0.583333333,
4/16/2025 15:00,11.8,0,15,0.625,
4/16/2025 16:00,12,0,16,0.666666667,
4/16/2025 17:00,10.9,0,17,0.708333333,
4/16/2025 18:00,10.2,0,18,0.75,
4/16/2025 19:00,10.3,0.8,19,0.791666667,
4/16/2025 20:00,10.3,0.5,20,0.833333333,
4/16/2025 21:00,9.6,0.4,21,0.875,
4/16/2025 22:00,9,0.9,22,0.916666667,
4/16/2025 23:00,9.8,1.6,23,0.958333333,
4/17/2025 0:00,9.4,0.1,0,0,
4/17/2025 1:00,8.9,0.5,1,0.041666667,
4/17/2025 2:00,9.2,0.3,2,0.083333333,
4/17/2025 3:00,9.3,3.5,3,0.125,
4/17/2025 4:00,8.6,0.5,4,0.166666667,
4/17/2025 5:00,8.6,0,5,0.208333333,
4/17/2025 6:00,9.2,1.2,6,0.25,
4/17/2025 7:00,8.7,0.2,7,0.291666667,
4/17/2025 8:00,8.6,0,8,0.333333333,
4/17/2025 9:00,9.4,0.6,9,0.375,
4/17/2025 10:00,9.5,0,10,0.416666667,
4/17/2025 11:00,8.9,0,11,0.458333333,
4/17/2025 12:00,9.9,0.4,12,0.5,
4/17/2025 13:00,10.5,0,13,0.541666667,
4/17/2025 14:00,10.2,0,14,0.583333333,
4/17/2025 15:00,10.1,0,15,0.625,
4/17/2025 16:00,11.2,0,16,0.666666667,
4/17/2025 17:00,10.4,0,17,0.708333333,
4/17/2025 18:00,9.5,0.9,18,0.75,
4/17/2025 19:00,8.4,2.1,19,0.791666667,
4/17/2025 20:00,9,0.5,20,0.833333333,
4/17/2025 21:00,7.9,0.8,21,0.875,
4/17/2025 22:00,7.8,0.2,22,0.916666667,
4/17/2025 23:00,8.3,0,23,0.958333333,
4/18/2025 0:00,8.1,0,0,0,
4/18/2025 1:00,7.7,0,1,0.041666667,
4/18/2025 2:00,8,0,2,0.083333333,
4/18/2025 3:00,7.9,0,3,0.125,
4/18/2025 4:00,7.6,0,4,0.166666667,
4/18/2025 5:00,7.6,0,5,0.208333333,
4/18/2025 6:00,7.5,0,6,0.25,
4/18/2025 7:00,7.5,0.1,7,0.291666667,
4/18/2025 8:00,7.9,0.2,8,0.333333333,
4/18/2025 9:00,7.6,0.5,9,0.375,
4/18/2025 10:00,8.1,0,10,0.416666667,
4/18/2025 11:00,8.2,0,11,0.458333333,
4/18/2025 12:00,8.6,0.2,12,0.5,
4/18/2025 13:00,9.5,0,13,0.541666667,
4/18/2025 14:00,9.3,0,14,0.583333333,
4/18/2025 15:00,9.8,0,15,0.625,
4/18/2025 16:00,11.3,0,16,0.666666667,
4/18/2025 17:00,13,0,17,0.708333333,
4/18/2025 18:00,11.4,0,18,0.75,
4/18/2025 19:00,11.3,0,19,0.791666667,
4/18/2025 20:00,10.5,0,20,0.833333333,
4/18/2025 21:00,9.1,0,21,0.875,
4/18/2025 22:00,8.4,0,22,0.916666667,
4/18/2025 23:00,7.3,0,23,0.958333333,
4/19/2025 0:00,8.1,0,0,0,
4/19/2025 1:00,7.1,0,1,0.041666667,
4/19/2025 2:00,7.3,0,2,0.083333333,
4/19/2025 3:00,7.1,0,3,0.125,
4/19/2025 4:00,6.2,0,4,0.166666667,
4/19/2025 5:00,5.1,0,5,0.208333333,
4/19/2025 6:00,5.2,0,6,0.25,
4/19/2025 7:00,4.8,0,7,0.291666667,
4/19/2025 8:00,5.7,0,8,0.333333333,
4/19/2025 9:00,8.4,0,9,0.375,
4/19/2025 10:00,9.6,0,10,0.416666667,
4/19/2025 11:00,11.4,0,11,0.458333333,
4/19/2025 12:00,12.4,0,12,0.5,
4/19/2025 13:00,13.9,0,13,0.541666667,
4/19/2025 14:00,15.1,0,14,0.583333333,
4/19/2025 15:00,15.2,0,15,0.625,
4/19/2025 16:00,15.2,0,16,0.666666667,
4/19/2025 17:00,15.3,0,17,0.708333333,
4/19/2025 18:00,14.3,0,18,0.75,
4/19/2025 19:00,13.2,0,19,0.791666667,
4/19/2025 20:00,11.8,0,20,0.833333333,
4/19/2025 21:00,10,0,21,0.875,
4/19/2025 22:00,8.6,0,22,0.916666667,
4/19/2025 23:00,7.3,0,23,0.958333333,
4/20/2025 0:00,6.5,0,0,0,
4/20/2025 1:00,5.9,0,1,0.041666667,
4/20/2025 2:00,5.3,0,2,0.083333333,
4/20/2025 3:00,4.9,0,3,0.125,
4/20/2025 4:00,4.5,0,4,0.166666667,
4/20/2025 5:00,4.2,0,5,0.208333333,
4/20/2025 6:00,4,0,6,0.25,
4/20/2025 7:00,3.7,0,7,0.291666667,
4/20/2025 8:00,4.5,0,8,0.333333333,
4/20/2025 9:00,7,0,9,0.375,
4/20/2025 10:00,8.5,0,10,0.416666667,
4/20/2025 11:00,10.5,0,11,0.458333333,
4/20/2025 12:00,12.2,0,12,0.5,
4/20/2025 13:00,14.1,0,13,0.541666667,
4/20/2025 14:00,15.5,0,14,0.583333333,
4/20/2025 15:00,16.3,0,15,0.625,
4/20/2025 16:00,17.2,0,16,0.666666667,
4/20/2025 17:00,17.3,0,17,0.708333333,
4/20/2025 18:00,16.9,0,18,0.75,
4/20/2025 19:00,16.5,0,19,0.791666667,
4/20/2025 20:00,14.7,0,20,0.833333333,
4/20/2025 21:00,11.9,0,21,0.875,
4/20/2025 22:00,10.8,0,22,0.916666667,
4/20/2025 23:00,9.5,0,23,0.958333333,
4/21/2025 0:00,9,0,0,0,
4/21/2025 1:00,8.2,0,1,0.041666667,
4/21/2025 2:00,8.4,0,2,0.083333333,
4/21/2025 3:00,8.4,0,3,0.125,
4/21/2025 4:00,7.9,0.6,4,0.166666667,
4/21/2025 5:00,8,1.5,5,0.208333333,
4/21/2025 6:00,8.1,2.4,6,0.25,
4/21/2025 7:00,8.1,0.1,7,0.291666667,
4/21/2025 8:00,8,0.3,8,0.333333333,
4/21/2025 9:00,8.2,0.9,9,0.375,
4/21/2025 10:00,8.9,0.1,10,0.416666667,
4/21/2025 11:00,9.1,0.8,11,0.458333333,
4/21/2025 12:00,14.4,0,12,0.5,
4/21/2025 13:00,11.1,0,13,0.541666667,
4/21/2025 14:00,14,0,14,0.583333333,
4/21/2025 15:00,14.2,0,15,0.625,
4/21/2025 16:00,13.8,0.1,16,0.666666667,
4/21/2025 17:00,12.5,0.9,17,0.708333333,
4/21/2025 18:00,13.2,0.3,18,0.75,
4/21/2025 19:00,12.8,0,19,0.791666667,
4/21/2025 20:00,11.7,0,20,0.833333333,
4/21/2025 21:00,11.9,0,21,0.875,
4/21/2025 22:00,11.1,0,22,0.916666667,
4/21/2025 23:00,11.3,0,23,0.958333333,
4/22/2025 0:00,11.8,0,0,0,
4/22/2025 1:00,9.2,0,1,0.041666667,
4/22/2025 2:00,9.7,0,2,0.083333333,
4/22/2025 3:00,11,0,3,0.125,
4/22/2025 4:00,8.8,0,4,0.166666667,
4/22/2025 5:00,8.7,0,5,0.208333333,
4/22/2025 6:00,10,0,6,0.25,
4/22/2025 7:00,8.8,0,7,0.291666667,
4/22/2025 8:00,10.2,0,8,0.333333333,
4/22/2025 9:00,10.2,0,9,0.375,
4/22/2025 10:00,10.7,0,10,0.416666667,
4/22/2025 11:00,10.4,0.1,11,0.458333333,
4/22/2025 12:00,11.7,0,12,0.5,
4/22/2025 13:00,11.8,0,13,0.541666667,
4/22/2025 14:00,12,0,14,0.583333333,
4/22/2025 15:00,14.1,0,15,0.625,
4/22/2025 16:00,15.4,0.1,16,0.666666667,
4/22/2025 17:00,15.8,0,17,0.708333333,
4/22/2025 18:00,15.5,0,18,0.75,
4/22/2025 19:00,15.2,0,19,0.791666667,
4/22/2025 20:00,14.3,0,20,0.833333333,
4/22/2025 21:00,12.9,0,21,0.875,
4/22/2025 22:00,10.9,0,22,0.916666667,
4/22/2025 23:00,10.9,0,23,0.958333333,
4/23/2025 0:00,11,0,0,0,
4/23/2025 1:00,10,0,1,0.041666667,
4/23/2025 2:00,10.1,0,2,0.083333333,
4/23/2025 3:00,10.5,0,3,0.125,
4/23/2025 4:00,10.2,0,4,0.166666667,
4/23/2025 5:00,9.7,0,5,0.208333333,
4/23/2025 6:00,10.3,0,6,0.25,
4/23/2025 7:00,9.9,0,7,0.291666667,
4/23/2025 8:00,10.3,0,8,0.333333333,
4/23/2025 9:00,11.7,0,9,0.375,
4/23/2025 10:00,12.7,0,10,0.416666667,
4/23/2025 11:00,14.1,0,11,0.458333333,
4/23/2025 12:00,15.4,0,12,0.5,
4/23/2025 13:00,15.2,0,13,0.541666667,
4/23/2025 14:00,15.5,0,14,0.583333333,
4/23/2025 15:00,15.3,0,15,0.625,
4/23/2025 16:00,17.4,0,16,0.666666667,
4/23/2025 17:00,16.9,0,17,0.708333333,
4/23/2025 18:00,15.1,0,18,0.75,
4/23/2025 19:00,13.9,0,19,0.791666667,
4/23/2025 20:00,14.5,0,20,0.833333333,
4/23/2025 21:00,13.1,0,21,0.875,
4/23/2025 22:00,12.6,0,22,0.916666667,
4/23/2025 23:00,13,0,23,0.958333333,
4/24/2025 0:00,12.3,0.1,0,0,
4/24/2025 1:00,12,0,1,0.041666667,
4/24/2025 2:00,11.7,0,2,0.083333333,
4/24/2025 3:00,11.3,0,3,0.125,
4/24/2025 4:00,11.3,0,4,0.166666667,
4/24/2025 5:00,11.2,0,5,0.208333333,
4/24/2025 6:00,11,0.4,6,0.25,
4/24/2025 7:00,10.7,0.3,7,0.291666667,
4/24/2025 8:00,10.7,0.6,8,0.333333333,
4/24/2025 9:00,10.6,2.1,9,0.375,
4/24/2025 10:00,10.7,1,10,0.416666667,
4/24/2025 11:00,10.4,0.3,11,0.458333333,
4/24/2025 12:00,10.6,0.7,12,0.5,
4/24/2025 13:00,11.1,0.6,13,0.541666667,
4/24/2025 14:00,12.2,3.7,14,0.583333333,
4/24/2025 15:00,10.5,0,15,0.625,
4/24/2025 16:00,10.9,0,16,0.666666667,
4/24/2025 17:00,11.3,0.2,17,0.708333333,
4/24/2025 18:00,11.3,0.2,18,0.75,
4/24/2025 19:00,10.9,0,19,0.791666667,
4/24/2025 20:00,11,0,20,0.833333333,
4/24/2025 21:00,9.9,0,21,0.875,
4/24/2025 22:00,8.8,0.1,22,0.916666667,
4/24/2025 23:00,8.2,0,23,0.958333333,
4/25/2025 0:00,8.2,0,0,0,
4/25/2025 1:00,7.6,0,1,0.041666667,
4/25/2025 2:00,7.4,0,2,0.083333333,
4/25/2025 3:00,7,0,3,0.125,
4/25/2025 4:00,7.4,0,4,0.166666667,
4/25/2025 5:00,7.3,0,5,0.208333333,
4/25/2025 6:00,7.1,0,6,0.25,
4/25/2025 7:00,7.4,0,7,0.291666667,
4/25/2025 8:00,8,0,8,0.333333333,
4/25/2025 9:00,7.7,0,9,0.375,
4/25/2025 10:00,8.3,0,10,0.416666667,
4/25/2025 11:00,9.2,0,11,0.458333333,
4/25/2025 12:00,9.9,0,12,0.5,
4/25/2025 13:00,10.7,0,13,0.541666667,
4/25/2025 14:00,13.6,0,14,0.583333333,
4/25/2025 15:00,14,0,15,0.625,
4/25/2025 16:00,13.4,0,16,0.666666667,
4/25/2025 17:00,14.7,0,17,0.708333333,
4/25/2025 18:00,14.2,0,18,0.75,
4/25/2025 19:00,13.5,0,19,0.791666667,
4/25/2025 20:00,12.4,0,20,0.833333333,
4/25/2025 21:00,10.4,0,21,0.875,
4/25/2025 22:00,9.1,0,22,0.916666667,
4/25/2025 23:00,7.9,0,23,0.958333333,
4/26/2025 0:00,7,0,0,0,
4/26/2025 1:00,6.6,0,1,0.041666667,
4/26/2025 2:00,6.1,0,2,0.083333333,
4/26/2025 3:00,5.9,0,3,0.125,
4/26/2025 4:00,6.1,0,4,0.166666667,
4/26/2025 5:00,5.2,0,5,0.208333333,
4/26/2025 6:00,4.8,0,6,0.25,
4/26/2025 7:00,5.1,0,7,0.291666667,
4/26/2025 8:00,5.5,0,8,0.333333333,
4/26/2025 9:00,9,0,9,0.375,
4/26/2025 10:00,11.5,0,10,0.416666667,
4/26/2025 11:00,14.3,0,11,0.458333333,
4/26/2025 12:00,16.1,0,12,0.5,
4/26/2025 13:00,17.2,0,13,0.541666667,
4/26/2025 14:00,18.2,0,14,0.583333333,
4/26/2025 15:00,19,0,15,0.625,
4/26/2025 16:00,19.3,0,16,0.666666667,
4/26/2025 17:00,19.2,0,17,0.708333333,
4/26/2025 18:00,19.3,0,18,0.75,
4/26/2025 19:00,18.5,0,19,0.791666667,
4/26/2025 20:00,17.1,0,20,0.833333333,
4/26/2025 21:00,15.5,0,21,0.875,
4/26/2025 22:00,13.9,0,22,0.916666667,
4/26/2025 23:00,12.8,0,23,0.958333333,
4/27/2025 0:00,11.8,0,0,0,
4/27/2025 1:00,11.1,0,1,0.041666667,
4/27/2025 2:00,10.3,0,2,0.083333333,
4/27/2025 3:00,9.9,0,3,0.125,
4/27/2025 4:00,9.1,0,4,0.166666667,
4/27/2025 5:00,8.7,0,5,0.208333333,
4/27/2025 6:00,7.9,0,6,0.25,
4/27/2025 7:00,8,0,7,0.291666667,
4/27/2025 8:00,8.7,0,8,0.333333333,
4/27/2025 9:00,10.8,0,9,0.375,
4/27/2025 10:00,13.2,0,10,0.416666667,
4/27/2025 11:00,14.9,0,11,0.458333333,
4/27/2025 12:00,16.6,0,12,0.5,
4/27/2025 13:00,17.7,0,13,0.541666667,
4/27/2025 14:00,18.7,0,14,0.583333333,
4/27/2025 15:00,19.7,0,15,0.625,
4/27/2025 16:00,19.8,0,16,0.666666667,
4/27/2025 17:00,19.8,0,17,0.708333333,
4/27/2025 18:00,20,0,18,0.75,
4/27/2025 19:00,19.4,0,19,0.791666667,
4/27/2025 20:00,18.1,0,20,0.833333333,
4/27/2025 21:00,15.5,0,21,0.875,
4/27/2025 22:00,14,0,22,0.916666667,
4/27/2025 23:00,13,0,23,0.958333333,
4/28/2025 0:00,12.2,0,0,0,
4/28/2025 1:00,11.1,0,1,0.041666667,
4/28/2025 2:00,10.4,0,2,0.083333333,
4/28/2025 3:00,10.4,0,3,0.125,
4/28/2025 4:00,9.1,0,4,0.166666667,
4/28/2025 5:00,8.4,0,5,0.208333333,
4/28/2025 6:00,7.7,0,6,0.25,
4/28/2025 7:00,7.5,0,7,0.291666667,
4/28/2025 8:00,10.1,0,8,0.333333333,
4/28/2025 9:00,13,0,9,0.375,
4/28/2025 10:00,14.9,0,10,0.416666667,
4/28/2025 11:00,17.2,0,11,0.458333333,
4/28/2025 12:00,18.8,0,12,0.5,
4/28/2025 13:00,19.5,0,13,0.541666667,
4/28/2025 14:00,20.4,0,14,0.583333333,
4/28/2025 15:00,21,0,15,0.625,
4/28/2025 16:00,21.1,0,16,0.666666667,
4/28/2025 17:00,20.9,0,17,0.708333333,
4/28/2025 18:00,20.8,0,18,0.75,
4/28/2025 19:00,20.1,0,19,0.791666667,
4/28/2025 20:00,18.9,0,20,0.833333333,
4/28/2025 21:00,17.3,0,21,0.875,
4/28/2025 22:00,15.5,0,22,0.916666667,
4/28/2025 23:00,14.6,0,23,0.958333333,
4/29/2025 0:00,13,0,0,0,
4/29/2025 1:00,12.4,0,1,0.041666667,
4/29/2025 2:00,11.5,0,2,0.083333333,
4/29/2025 3:00,11.2,0,3,0.125,
4/29/2025 4:00,10.2,0,4,0.166666667,
4/29/2025 5:00,9.8,0,5,0.208333333,
4/29/2025 6:00,9.4,0,6,0.25,
4/29/2025 7:00,9.2,0,7,0.291666667,
4/29/2025 8:00,10.9,0,8,0.333333333,
4/29/2025 9:00,13.2,0,9,0.375,
4/29/2025 10:00,14.7,0,10,0.416666667,
4/29/2025 11:00,16.9,0,11,0.458333333,
4/29/2025 12:00,18.5,0,12,0.5,
4/29/2025 13:00,19.6,0,13,0.541666667,
4/29/2025 14:00,21.4,0,14,0.583333333,
4/29/2025 15:00,22.1,0,15,0.625,
4/29/2025 16:00,22.2,0,16,0.666666667,
4/29/2025 17:00,22.5,0,17,0.708333333,
4/29/2025 18:00,21.8,0,18,0.75,
4/29/2025 19:00,20.5,0,19,0.791666667,
4/29/2025 20:00,19,0,20,0.833333333,
4/29/2025 21:00,17,0,21,0.875,
4/29/2025 22:00,15.2,0,22,0.916666667,
4/29/2025 23:00,14.3,0,23,0.958333333,
4/30/2025 0:00,13.4,0,0,0,
4/30/2025 1:00,12.5,0,1,0.041666667,
4/30/2025 2:00,11.7,0,2,0.083333333,
4/30/2025 3:00,11.2,0,3,0.125,
4/30/2025 4:00,10.6,0,4,0.166666667,
4/30/2025 5:00,10,0,5,0.208333333,
4/30/2025 6:00,9.6,0,6,0.25,
4/30/2025 7:00,10.2,0,7,0.291666667,
4/30/2025 8:00,11.8,0,8,0.333333333,
4/30/2025 9:00,14,0,9,0.375,
4/30/2025 10:00,16.4,0,10,0.416666667,
4/30/2025 11:00,19,0,11,0.458333333,
4/30/2025 12:00,20.9,0,12,0.5,
4/30/2025 13:00,21.7,0,13,0.541666667,
4/30/2025 14:00,23.4,0,14,0.583333333,
4/30/2025 15:00,24.1,0,15,0.625,
4/30/2025 16:00,24,0,16,0.666666667,
4/30/2025 17:00,24.6,0,17,0.708333333,
4/30/2025 18:00,24.4,0,18,0.75,
4/30/2025 19:00,23.7,0,19,0.791666667,
4/30/2025 20:00,22.6,0,20,0.833333333,
4/30/2025 21:00,20.7,0,21,0.875,
4/30/2025 22:00,18.1,0,22,0.916666667,
4/30/2025 23:00,17,0,23,0.958333333,
5/1/2025 0:00,15.6,0,0,0,
5/1/2025 1:00,14.8,0,1,0.041666667,
5/1/2025 2:00,14.1,0,2,0.083333333,
5/1/2025 3:00,13.6,0,3,0.125,
5/1/2025 4:00,13.1,0,4,0.166666667,
5/1/2025 5:00,12.4,0,5,0.208333333,
5/1/2025 6:00,12.2,0,6,0.25,
5/1/2025 7:00,12.6,0,7,0.291666667,
5/1/2025 8:00,14.4,0,8,0.333333333,
5/1/2025 9:00,17,0,9,0.375,
5/1/2025 10:00,19.3,0,10,0.416666667,
5/1/2025 11:00,22.1,0,11,0.458333333,
5/1/2025 12:00,24.3,0,12,0.5,
5/1/2025 13:00,24.8,0,13,0.541666667,
5/1/2025 14:00,26.3,0,14,0.583333333,
5/1/2025 15:00,27,0,15,0.625,
5/1/2025 16:00,27.1,0,16,0.666666667,
5/1/2025 17:00,27.1,0,17,0.708333333,
5/1/2025 18:00,26.8,0,18,0.75,
5/1/2025 19:00,26.4,0,19,0.791666667,
5/1/2025 20:00,25.3,0,20,0.833333333,
5/1/2025 21:00,23.4,0,21,0.875,
5/1/2025 22:00,21.7,0,22,0.916666667,
5/1/2025 23:00,19.7,0,23,0.958333333,
5/2/2025 0:00,19.4,0,0,0,
5/2/2025 1:00,18.1,0,1,0.041666667,
5/2/2025 2:00,16.9,0,2,0.083333333,
5/2/2025 3:00,16.3,0,3,0.125,
5/2/2025 4:00,15,0,4,0.166666667,
5/2/2025 5:00,15,0,5,0.208333333,
5/2/2025 6:00,14.3,0,6,0.25,
5/2/2025 7:00,14.2,0,7,0.291666667,
5/2/2025 8:00,16.7,0,8,0.333333333,
5/2/2025 9:00,18.6,0,9,0.375,
5/2/2025 10:00,20.7,0,10,0.416666667,
5/2/2025 11:00,22.6,0,11,0.458333333,
5/2/2025 12:00,22.9,0,12,0.5,
5/2/2025 13:00,24.1,0,13,0.541666667,
5/2/2025 14:00,21,0,14,0.583333333,
5/2/2025 15:00,17.5,0,15,0.625,
5/2/2025 16:00,21.7,0.2,16,0.666666667,
5/2/2025 17:00,19.9,0,17,0.708333333,
5/2/2025 18:00,19.1,0,18,0.75,
5/2/2025 19:00,17.9,0,19,0.791666667,
5/2/2025 20:00,16.8,0,20,0.833333333,
5/2/2025 21:00,14.2,0,21,0.875,
5/2/2025 22:00,13.6,0,22,0.916666667,
5/2/2025 23:00,12.2,0,23,0.958333333,
5/3/2025 0:00,10.8,0,0,0,
5/3/2025 1:00,10.7,0,1,0.041666667,
5/3/2025 2:00,10.4,0,2,0.083333333,
5/3/2025 3:00,8.9,0,3,0.125,
5/3/2025 4:00,9.1,0,4,0.166666667,
5/3/2025 5:00,8.5,0,5,0.208333333,
5/3/2025 6:00,7.9,0,6,0.25,
5/3/2025 7:00,8.6,0,7,0.291666667,
5/3/2025 8:00,9.7,0,8,0.333333333,
5/3/2025 9:00,11,0,9,0.375,
5/3/2025 10:00,12.8,0,10,0.416666667,
5/3/2025 11:00,14.1,0,11,0.458333333,
5/3/2025 12:00,15.2,0,12,0.5,
5/3/2025 13:00,16.9,0,13,0.541666667,
5/3/2025 14:00,18.2,0,14,0.583333333,
5/3/2025 15:00,18.4,0,15,0.625,
5/3/2025 16:00,18.7,0,16,0.666666667,
5/3/2025 17:00,18.1,0,17,0.708333333,
5/3/2025 18:00,17,0,18,0.75,
5/3/2025 19:00,14.8,0,19,0.791666667,
5/3/2025 20:00,13,0,20,0.833333333,
5/3/2025 21:00,11.9,0,21,0.875,
5/3/2025 22:00,10.6,0,22,0.916666667,
5/3/2025 23:00,10.2,0,23,0.958333333,
5/4/2025 0:00,9.2,0,0,0,
5/4/2025 1:00,8.4,0,1,0.041666667,
5/4/2025 2:00,9.8,0,2,0.083333333,
5/4/2025 3:00,7,0,3,0.125,
5/4/2025 4:00,8.9,0,4,0.166666667,
5/4/2025 5:00,8.6,0,5,0.208333333,
5/4/2025 6:00,6.4,0,6,0.25,
5/4/2025 7:00,8.5,0,7,0.291666667,
5/4/2025 8:00,9.5,0,8,0.333333333,
5/4/2025 9:00,10.2,0,9,0.375,
5/4/2025 10:00,11.1,0,10,0.416666667,
5/4/2025 11:00,11.9,0,11,0.458333333,
5/4/2025 12:00,13,0,12,0.5,
5/4/2025 13:00,12.8,0,13,0.541666667,
5/4/2025 14:00,13,0,14,0.583333333,
5/4/2025 15:00,12.5,0,15,0.625,
5/4/2025 16:00,12.9,0,16,0.666666667,
5/4/2025 17:00,13.2,0,17,0.708333333,
5/4/2025 18:00,12.3,0,18,0.75,
5/4/2025 19:00,11.6,0,19,0.791666667,
5/4/2025 20:00,10.9,0,20,0.833333333,
5/4/2025 21:00,9.5,0,21,0.875,
5/4/2025 22:00,8.2,0,22,0.916666667,
5/4/2025 23:00,7.3,0,23,0.958333333,
5/5/2025 0:00,6,0,0,0,
5/5/2025 1:00,5.4,0,1,0.041666667,
5/5/2025 2:00,4.7,0,2,0.083333333,
5/5/2025 3:00,3.7,0,3,0.125,
5/5/2025 4:00,4.2,0,4,0.166666667,
5/5/2025 5:00,5,0.1,5,0.208333333,
5/5/2025 6:00,5.7,0,6,0.25,
5/5/2025 7:00,6.3,0,7,0.291666667,
5/5/2025 8:00,7.3,0,8,0.333333333,
5/5/2025 9:00,8.8,0,9,0.375,
5/5/2025 10:00,10.2,0,10,0.416666667,
5/5/2025 11:00,11.6,0,11,0.458333333,
5/5/2025 12:00,13.3,0,12,0.5,
5/5/2025 13:00,14.3,0,13,0.541666667,
5/5/2025 14:00,15,0,14,0.583333333,
5/5/2025 15:00,15.1,0,15,0.625,
5/5/2025 16:00,15.2,0,16,0.666666667,
5/5/2025 17:00,14.5,0,17,0.708333333,
5/5/2025 18:00,13.1,0,18,0.75,
5/5/2025 19:00,13.1,0.1,19,0.791666667,
5/5/2025 20:00,12,0,20,0.833333333,
5/5/2025 21:00,10.7,0,21,0.875,
5/5/2025 22:00,9.8,0,22,0.916666667,
5/5/2025 23:00,9.6,0,23,0.958333333,
5/6/2025 0:00,7.9,0,0,0,
5/6/2025 1:00,6.6,0,1,0.041666667,
5/6/2025 2:00,6.6,0,2,0.083333333,
5/6/2025 3:00,5.5,0,3,0.125,
5/6/2025 4:00,4.7,0,4,0.166666667,
5/6/2025 5:00,4.4,0,5,0.208333333,
5/6/2025 6:00,3.5,0,6,0.25,
5/6/2025 7:00,4.7,0,7,0.291666667,
5/6/2025 8:00,6.7,0,8,0.333333333,
5/6/2025 9:00,9.3,0,9,0.375,
5/6/2025 10:00,9.8,0,10,0.416666667,
5/6/2025 11:00,9.8,0,11,0.458333333,
5/6/2025 12:00,10.5,0.1,12,0.5,
5/6/2025 13:00,11.7,0,13,0.541666667,
5/6/2025 14:00,13.1,0,14,0.583333333,
5/6/2025 15:00,12.7,0,15,0.625,
5/6/2025 16:00,14.2,0,16,0.666666667,
5/6/2025 17:00,12.4,0,17,0.708333333,
5/6/2025 18:00,12.7,0,18,0.75,
5/6/2025 19:00,12.2,0,19,0.791666667,
5/6/2025 20:00,11.2,0,20,0.833333333,
5/6/2025 21:00,10,0,21,0.875,
5/6/2025 22:00,9.3,0,22,0.916666667,
5/6/2025 23:00,9,0,23,0.958333333,
5/7/2025 0:00,8.2,0,0,0,
5/7/2025 1:00,6.8,0,1,0.041666667,
5/7/2025 2:00,7.7,0,2,0.083333333,
5/7/2025 3:00,6.3,0,3,0.125,
5/7/2025 4:00,6.5,0,4,0.166666667,
5/7/2025 5:00,7.2,0,5,0.208333333,
5/7/2025 6:00,6.5,0,6,0.25,
5/7/2025 7:00,7,0,7,0.291666667,
5/7/2025 8:00,8.8,0,8,0.333333333,
5/7/2025 9:00,9.8,0,9,0.375,
5/7/2025 10:00,12,0,10,0.416666667,
5/7/2025 11:00,14.7,0,11,0.458333333,
5/7/2025 12:00,15.8,0,12,0.5,
5/7/2025 13:00,16.2,0,13,0.541666667,
5/7/2025 14:00,17.3,0,14,0.583333333,
5/7/2025 15:00,17.6,0,15,0.625,
5/7/2025 16:00,17.8,0,16,0.666666667,
5/7/2025 17:00,16.8,0,17,0.708333333,
5/7/2025 18:00,17.1,0,18,0.75,
5/7/2025 19:00,16.1,0,19,0.791666667,
5/7/2025 20:00,15.1,0,20,0.833333333,
5/7/2025 21:00,13.2,0,21,0.875,
5/7/2025 22:00,12.1,0,22,0.916666667,
5/7/2025 23:00,11.4,0,23,0.958333333,
5/8/2025 0:00,10,0,0,0,
5/8/2025 1:00,8.6,0,1,0.041666667,
5/8/2025 2:00,9.6,0,2,0.083333333,
5/8/2025 3:00,8.8,0,3,0.125,
5/8/2025 4:00,7.2,0,4,0.166666667,
5/8/2025 5:00,7.5,0,5,0.208333333,
5/8/2025 6:00,6.2,0,6,0.25,
5/8/2025 7:00,6.5,0,7,0.291666667,
5/8/2025 8:00,8.7,0,8,0.333333333,
5/8/2025 9:00,11.4,0,9,0.375,
5/8/2025 10:00,12.4,0,10,0.416666667,
5/8/2025 11:00,15.1,0,11,0.458333333,
5/8/2025 12:00,15.7,0,12,0.5,
5/8/2025 13:00,17.2,0,13,0.541666667,
5/8/2025 14:00,18.5,0,14,0.583333333,
5/8/2025 15:00,18.7,0,15,0.625,
5/8/2025 16:00,18.7,0,16,0.666666667,
5/8/2025 17:00,18.4,0,17,0.708333333,
5/8/2025 18:00,17.9,0,18,0.75,
5/8/2025 19:00,17.2,0,19,0.791666667,
5/8/2025 20:00,16.4,0,20,0.833333333,
5/8/2025 21:00,15,0,21,0.875,
5/8/2025 22:00,13.5,0,22,0.916666667,
5/8/2025 23:00,12.9,0,23,0.958333333,
5/9/2025 0:00,11.6,0,0,0,
5/9/2025 1:00,10.2,0.1,1,0.041666667,
5/9/2025 2:00,9,0,2,0.083333333,
5/9/2025 3:00,8.7,0,3,0.125,
5/9/2025 4:00,7.4,0,4,0.166666667,
5/9/2025 5:00,6.9,0,5,0.208333333,
5/9/2025 6:00,6.2,0,6,0.25,
5/9/2025 7:00,6.8,0,7,0.291666667,
5/9/2025 8:00,9.7,0,8,0.333333333,
5/9/2025 9:00,11.9,0,9,0.375,
5/9/2025 10:00,14.2,0,10,0.416666667,
5/9/2025 11:00,17,0,11,0.458333333,
5/9/2025 12:00,18.2,0,12,0.5,
5/9/2025 13:00,18.9,0,13,0.541666667,
5/9/2025 14:00,19.8,0,14,0.583333333,
5/9/2025 15:00,19.8,0,15,0.625,
5/9/2025 16:00,20.3,0,16,0.666666667,
5/9/2025 17:00,20.3,0,17,0.708333333,
5/9/2025 18:00,19.2,0,18,0.75,
5/9/2025 19:00,19,0,19,0.791666667,
5/9/2025 20:00,17.5,0,20,0.833333333,
5/9/2025 21:00,15.3,0,21,0.875,
5/9/2025 22:00,14,0,22,0.916666667,
5/9/2025 23:00,12.6,0,23,0.958333333,
5/10/2025 0:00,11.7,0,0,0,
5/10/2025 1:00,10.2,0,1,0.041666667,
5/10/2025 2:00,9.3,0,2,0.083333333,
5/10/2025 3:00,8.7,0,3,0.125,
5/10/2025 4:00,8.3,0,4,0.166666667,
5/10/2025 5:00,7.4,0,5,0.208333333,
5/10/2025 6:00,5.7,0,6,0.25,
5/10/2025 7:00,7.8,0,7,0.291666667,
5/10/2025 8:00,8.5,0,8,0.333333333,
5/10/2025 9:00,10.1,0,9,0.375,
5/10/2025 10:00,14.9,0,10,0.416666667,
5/10/2025 11:00,16.5,0,11,0.458333333,
5/10/2025 12:00,17.6,0,12,0.5,
5/10/2025 13:00,19.4,0,13,0.541666667,
5/10/2025 14:00,19.2,0,14,0.583333333,
5/10/2025 15:00,20.6,0,15,0.625,
5/10/2025 16:00,21.2,0,16,0.666666667,
5/10/2025 17:00,20.9,0,17,0.708333333,
5/10/2025 18:00,20.2,0,18,0.75,
5/10/2025 19:00,19.7,0,19,0.791666667,
5/10/2025 20:00,18.6,0,20,0.833333333,
5/10/2025 21:00,16.9,0,21,0.875,
5/10/2025 22:00,15,0,22,0.916666667,
5/10/2025 23:00,13.5,0,23,0.958333333,
5/11/2025 0:00,12.4,0,0,0,
5/11/2025 1:00,11.2,0,1,0.041666667,
5/11/2025 2:00,10.5,0,2,0.083333333,
5/11/2025 3:00,10.2,0,3,0.125,
5/11/2025 4:00,9.6,0,4,0.166666667,
5/11/2025 5:00,9.3,0,5,0.208333333,
5/11/2025 6:00,9.3,0,6,0.25,
5/11/2025 7:00,10.6,0,7,0.291666667,
5/11/2025 8:00,12.7,0,8,0.333333333,
5/11/2025 9:00,15.3,0,9,0.375,
5/11/2025 10:00,17.9,0,10,0.416666667,
5/11/2025 11:00,20.3,0,11,0.458333333,
5/11/2025 12:00,21.8,0,12,0.5,
5/11/2025 13:00,22.7,0,13,0.541666667,
5/11/2025 14:00,24,0,14,0.583333333,
5/11/2025 15:00,24.7,0,15,0.625,
5/11/2025 16:00,24.8,0,16,0.666666667,
5/11/2025 17:00,24.8,0,17,0.708333333,
5/11/2025 18:00,24.8,0,18,0.75,
5/11/2025 19:00,23.9,0,19,0.791666667,
5/11/2025 20:00,22.7,0,20,0.833333333,
5/11/2025 21:00,21.2,0,21,0.875,
5/11/2025 22:00,19.5,0,22,0.916666667,
5/11/2025 23:00,17.9,0,23,0.958333333,
5/12/2025 0:00,17.2,0,0,0,
5/12/2025 1:00,16,0,1,0.041666667,
5/12/2025 2:00,14.9,0,2,0.083333333,
5/12/2025 3:00,14.2,0,3,0.125,
5/12/2025 4:00,13.7,0,4,0.166666667,
5/12/2025 5:00,12.9,0,5,0.208333333,
5/12/2025 6:00,12.3,0,6,0.25,
5/12/2025 7:00,12.6,0,7,0.291666667,
5/12/2025 8:00,13.4,0,8,0.333333333,
5/12/2025 9:00,15,0,9,0.375,
5/12/2025 10:00,16.7,0,10,0.416666667,
5/12/2025 11:00,19.1,0,11,0.458333333,
5/12/2025 12:00,20.7,0,12,0.5,
5/12/2025 13:00,21.4,0,13,0.541666667,
5/12/2025 14:00,22.4,0,14,0.583333333,
5/12/2025 15:00,22.5,0,15,0.625,
5/12/2025 16:00,22.3,0,16,0.666666667,
5/12/2025 17:00,22.3,0,17,0.708333333,
5/12/2025 18:00,21.7,0,18,0.75,
5/12/2025 19:00,21,0,19,0.791666667,
5/12/2025 20:00,20.1,0,20,0.833333333,
5/12/2025 21:00,18.6,0,21,0.875,
5/12/2025 22:00,16.8,0,22,0.916666667,
5/12/2025 23:00,15.5,0,23,0.958333333,
5/13/2025 0:00,14.3,0,0,0,
5/13/2025 1:00,13,0,1,0.041666667,
5/13/2025 2:00,12,0,2,0.083333333,
5/13/2025 3:00,11.5,0,3,0.125,
5/13/2025 4:00,10.7,0,4,0.166666667,
5/13/2025 5:00,10.2,0,5,0.208333333,
5/13/2025 6:00,9.5,0,6,0.25,
5/13/2025 7:00,9.6,0,7,0.291666667,
5/13/2025 8:00,11,0,8,0.333333333,
5/13/2025 9:00,13.2,0,9,0.375,
5/13/2025 10:00,15.3,0,10,0.416666667,
5/13/2025 11:00,18.3,0,11,0.458333333,
5/13/2025 12:00,19.7,0,12,0.5,
5/13/2025 13:00,20.8,0,13,0.541666667,
5/13/2025 14:00,21.8,0,14,0.583333333,
5/13/2025 15:00,22.6,0,15,0.625,
5/13/2025 16:00,22.6,0,16,0.666666667,
5/13/2025 17:00,22.8,0,17,0.708333333,
5/13/2025 18:00,22.8,0,18,0.75,
5/13/2025 19:00,22.2,0,19,0.791666667,
5/13/2025 20:00,21.4,0,20,0.833333333,
5/13/2025 21:00,19.6,0,21,0.875,
5/13/2025 22:00,17,0,22,0.916666667,
5/13/2025 23:00,15.2,0,23,0.958333333,
5/14/2025 0:00,13.8,0,0,0,
5/14/2025 1:00,12.7,0,1,0.041666667,
5/14/2025 2:00,11.6,0,2,0.083333333,
5/14/2025 3:00,11.2,0,3,0.125,
5/14/2025 4:00,10.6,0,4,0.166666667,
5/14/2025 5:00,9.7,0,5,0.208333333,
5/14/2025 6:00,9.7,0,6,0.25,
5/14/2025 7:00,10.4,0,7,0.291666667,
5/14/2025 8:00,12.4,0,8,0.333333333,
5/14/2025 9:00,14.2,0,9,0.375,
5/14/2025 10:00,16,0,10,0.416666667,
5/14/2025 11:00,17.9,0,11,0.458333333,
5/14/2025 12:00,18.8,0,12,0.5,
5/14/2025 13:00,19.5,0,13,0.541666667,
5/14/2025 14:00,20.6,0,14,0.583333333,
5/14/2025 15:00,20,0,15,0.625,
5/14/2025 16:00,20,0,16,0.666666667,
5/14/2025 17:00,19.3,0,17,0.708333333,
5/14/2025 18:00,18,0,18,0.75,
5/14/2025 19:00,16.7,0,19,0.791666667,
5/14/2025 20:00,14.7,0,20,0.833333333,
5/14/2025 21:00,12.9,0,21,0.875,
5/14/2025 22:00,11.9,0,22,0.916666667,
5/14/2025 23:00,10.8,0,23,0.958333333,
5/15/2025 0:00,10.6,0,0,0,
5/15/2025 1:00,10,0,1,0.041666667,
5/15/2025 2:00,9.9,0,2,0.083333333,
5/15/2025 3:00,10.2,0,3,0.125,
5/15/2025 4:00,10.5,0,4,0.166666667,
5/15/2025 5:00,11.1,0,5,0.208333333,
5/15/2025 6:00,10.8,0,6,0.25,
5/15/2025 7:00,10.9,0,7,0.291666667,
5/15/2025 8:00,11.9,0,8,0.333333333,
5/15/2025 9:00,13.3,0,9,0.375,
5/15/2025 10:00,14.5,0,10,0.416666667,
5/15/2025 11:00,15.9,0,11,0.458333333,
5/15/2025 12:00,17,0,12,0.5,
5/15/2025 13:00,18.3,0,13,0.541666667,
5/15/2025 14:00,19.3,0,14,0.583333333,
5/15/2025 15:00,19.2,0,15,0.625,
5/15/2025 16:00,18.9,0,16,0.666666667,
5/15/2025 17:00,18.4,0,17,0.708333333,
5/15/2025 18:00,17.5,0,18,0.75,
5/15/2025 19:00,16.7,0,19,0.791666667,
5/15/2025 20:00,14.7,0,20,0.833333333,
5/15/2025 21:00,12.9,0,21,0.875,
5/15/2025 22:00,11.8,0,22,0.916666667,
5/15/2025 23:00,10.8,0,23,0.958333333,
5/16/2025 0:00,10,0,0,0,
5/16/2025 1:00,8.9,0,1,0.041666667,
5/16/2025 2:00,8.5,0,2,0.083333333,
5/16/2025 3:00,7.8,0,3,0.125,
5/16/2025 4:00,7.1,0,4,0.166666667,
5/16/2025 5:00,6.5,0,5,0.208333333,
5/16/2025 6:00,6.3,0,6,0.25,
5/16/2025 7:00,7.4,0,7,0.291666667,
5/16/2025 8:00,9.3,0,8,0.333333333,
5/16/2025 9:00,12,0,9,0.375,
5/16/2025 10:00,13.5,0,10,0.416666667,
5/16/2025 11:00,15.4,0,11,0.458333333,
5/16/2025 12:00,16.8,0,12,0.5,
5/16/2025 13:00,17.7,0,13,0.541666667,
5/16/2025 14:00,18.4,0,14,0.583333333,
5/16/2025 15:00,18.7,0,15,0.625,
5/16/2025 16:00,18.4,0,16,0.666666667,
5/16/2025 17:00,18,0,17,0.708333333,
5/16/2025 18:00,16.6,0,18,0.75,
5/16/2025 19:00,15.4,0,19,0.791666667,
5/16/2025 20:00,14.3,0,20,0.833333333,
5/16/2025 21:00,13.4,0,21,0.875,
5/16/2025 22:00,12.1,0,22,0.916666667,
5/16/2025 23:00,11.2,0,23,0.958333333,
5/17/2025 0:00,10.6,0,0,0,
5/17/2025 1:00,9.9,0,1,0.041666667,
5/17/2025 2:00,9.5,0,2,0.083333333,
5/17/2025 3:00,8.8,0,3,0.125,
5/17/2025 4:00,8.4,0,4,0.166666667,
5/17/2025 5:00,7.8,0,5,0.208333333,
5/17/2025 6:00,7.8,0,6,0.25,
5/17/2025 7:00,8.7,0,7,0.291666667,
5/17/2025 8:00,11.2,0,8,0.333333333,
5/17/2025 9:00,13.6,0,9,0.375,
5/17/2025 10:00,16.1,0,10,0.416666667,
5/17/2025 11:00,17.5,0,11,0.458333333,
5/17/2025 12:00,18.6,0,12,0.5,
5/17/2025 13:00,19.4,0,13,0.541666667,
5/17/2025 14:00,20.2,0,14,0.583333333,
5/17/2025 15:00,20.1,0,15,0.625,
5/17/2025 16:00,19.8,0,16,0.666666667,
5/17/2025 17:00,19.4,0,17,0.708333333,
5/17/2025 18:00,19,0,18,0.75,
5/17/2025 19:00,18,0,19,0.791666667,
5/17/2025 20:00,16.2,0,20,0.833333333,
5/17/2025 21:00,14.4,0,21,0.875,
5/17/2025 22:00,12.6,0,22,0.916666667,
5/17/2025 23:00,11.2,0,23,0.958333333,
5/18/2025 0:00,10,0,0,0,
5/18/2025 1:00,9.9,0,1,0.041666667,
5/18/2025 2:00,10.4,0,2,0.083333333,
5/18/2025 3:00,9.4,0,3,0.125,
5/18/2025 4:00,9.9,0,4,0.166666667,
5/18/2025 5:00,10.3,0,5,0.208333333,
5/18/2025 6:00,9.4,0,6,0.25,
5/18/2025 7:00,10.4,0,7,0.291666667,
5/18/2025 8:00,12,0,8,0.333333333,
5/18/2025 9:00,14,0,9,0.375,
5/18/2025 10:00,16.2,0,10,0.416666667,
5/18/2025 11:00,17.8,0,11,0.458333333,
5/18/2025 12:00,18.1,0,12,0.5,
5/18/2025 13:00,18.6,0,13,0.541666667,
5/18/2025 14:00,18.2,0,14,0.583333333,
5/18/2025 15:00,18.6,0,15,0.625,
5/18/2025 16:00,19.2,0,16,0.666666667,
5/18/2025 17:00,19.4,0,17,0.708333333,
5/18/2025 18:00,18.5,0,18,0.75,
5/18/2025 19:00,18,0,19,0.791666667,
5/18/2025 20:00,16.7,0,20,0.833333333,
5/18/2025 21:00,14.9,0,21,0.875,
5/18/2025 22:00,13.6,0,22,0.916666667,
5/18/2025 23:00,12.3,0,23,0.958333333,
5/19/2025 0:00,10.9,0,0,0,
5/19/2025 1:00,9,0,1,0.041666667,
5/19/2025 2:00,9,0,2,0.083333333,
5/19/2025 3:00,8.3,0,3,0.125,
5/19/2025 4:00,7.4,0,4,0.166666667,
5/19/2025 5:00,7.5,0,5,0.208333333,
5/19/2025 6:00,7,0,6,0.25,
5/19/2025 7:00,8.3,0,7,0.291666667,
5/19/2025 8:00,11.3,0,8,0.333333333,
5/19/2025 9:00,13.7,0,9,0.375,
5/19/2025 10:00,15.7,0,10,0.416666667,
5/19/2025 11:00,18.9,0,11,0.458333333,
5/19/2025 12:00,20.2,0,12,0.5,
5/19/2025 13:00,21,0,13,0.541666667,
5/19/2025 14:00,21.9,0,14,0.583333333,
5/19/2025 15:00,22.3,0,15,0.625,
5/19/2025 16:00,22.2,0,16,0.666666667,
5/19/2025 17:00,21.9,0,17,0.708333333,
5/19/2025 18:00,22,0,18,0.75,
5/19/2025 19:00,20.7,0,19,0.791666667,
5/19/2025 20:00,19.6,0,20,0.833333333,
5/19/2025 21:00,17.9,0,21,0.875,
5/19/2025 22:00,16,0,22,0.916666667,
5/19/2025 23:00,14.6,0,23,0.958333333,
5/20/2025 0:00,13.3,0,0,0,
5/20/2025 1:00,12.2,0,1,0.041666667,
5/20/2025 2:00,11.5,0,2,0.083333333,
5/20/2025 3:00,10.8,0,3,0.125,
5/20/2025 4:00,10.2,0,4,0.166666667,
5/20/2025 5:00,9.7,0,5,0.208333333,
5/20/2025 6:00,9.1,0,6,0.25,
5/20/2025 7:00,10.6,0,7,0.291666667,
5/20/2025 8:00,12.8,0,8,0.333333333,
5/20/2025 9:00,15.2,0,9,0.375,
5/20/2025 10:00,17.4,0,10,0.416666667,
5/20/2025 11:00,19.7,0,11,0.458333333,
5/20/2025 12:00,21.1,0,12,0.5,
5/20/2025 13:00,22.1,0,13,0.541666667,
5/20/2025 14:00,22.9,0,14,0.583333333,
5/20/2025 15:00,23.5,0,15,0.625,
5/20/2025 16:00,23.4,0,16,0.666666667,
5/20/2025 17:00,23,0,17,0.708333333,
5/20/2025 18:00,21.7,0,18,0.75,
5/20/2025 19:00,20.2,0,19,0.791666667,
5/20/2025 20:00,18.7,0,20,0.833333333,
5/20/2025 21:00,17.1,0,21,0.875,
5/20/2025 22:00,15.1,0,22,0.916666667,
5/20/2025 23:00,13.3,0,23,0.958333333,
5/21/2025 0:00,11.7,0,0,0,
5/21/2025 1:00,10.6,0,1,0.041666667,
5/21/2025 2:00,9.9,0,2,0.083333333,
5/21/2025 3:00,8.9,0,3,0.125,
5/21/2025 4:00,8.4,0,4,0.166666667,
5/21/2025 5:00,9,0,5,0.208333333,
5/21/2025 6:00,9.2,0,6,0.25,
5/21/2025 7:00,9.7,0,7,0.291666667,
5/21/2025 8:00,11.4,0,8,0.333333333,
5/21/2025 9:00,13.1,0,9,0.375,
5/21/2025 10:00,14.7,0,10,0.416666667,
5/21/2025 11:00,16.2,0,11,0.458333333,
5/21/2025 12:00,17.3,0,12,0.5,
5/21/2025 13:00,16.4,0,13,0.541666667,
5/21/2025 14:00,18.5,0,14,0.583333333,
5/21/2025 15:00,18.6,0,15,0.625,
5/21/2025 16:00,19.1,0,16,0.666666667,
5/21/2025 17:00,18.3,0,17,0.708333333,
5/21/2025 18:00,17.1,0,18,0.75,
5/21/2025 19:00,15.7,0,19,0.791666667,
5/21/2025 20:00,14.1,0,20,0.833333333,
5/21/2025 21:00,12.7,0,21,0.875,
5/21/2025 22:00,12.1,0,22,0.916666667,
5/21/2025 23:00,11.2,0,23,0.958333333,
5/22/2025 0:00,10.1,0,0,0,
5/22/2025 1:00,9.3,0,1,0.041666667,
5/22/2025 2:00,8.8,0,2,0.083333333,
5/22/2025 3:00,8,0,3,0.125,
5/22/2025 4:00,8.6,0,4,0.166666667,
5/22/2025 5:00,9.6,0,5,0.208333333,
5/22/2025 6:00,9.3,0,6,0.25,
5/22/2025 7:00,10.2,0,7,0.291666667,
5/22/2025 8:00,10.8,0,8,0.333333333,
5/22/2025 9:00,11.1,0,9,0.375,
5/22/2025 10:00,12,0,10,0.416666667,
5/22/2025 11:00,12.9,0,11,0.458333333,
5/22/2025 12:00,13.5,0,12,0.5,
5/22/2025 13:00,13.7,0,13,0.541666667,
5/22/2025 14:00,13.3,0,14,0.583333333,
5/22/2025 15:00,12.6,0,15,0.625,
5/22/2025 16:00,12.2,0.1,16,0.666666667,
5/22/2025 17:00,14.2,0,17,0.708333333,
5/22/2025 18:00,14,0,18,0.75,
5/22/2025 19:00,13,0,19,0.791666667,
5/22/2025 20:00,12.4,0,20,0.833333333,
5/22/2025 21:00,11,0,21,0.875,
5/22/2025 22:00,10.5,0,22,0.916666667,
5/22/2025 23:00,9.6,0,23,0.958333333,
5/23/2025 0:00,9.9,0,0,0,
5/23/2025 1:00,7.8,0,1,0.041666667,
5/23/2025 2:00,7.8,0,2,0.083333333,
5/23/2025 3:00,8.5,0,3,0.125,
5/23/2025 4:00,6.9,0,4,0.166666667,
5/23/2025 5:00,6.9,1.2,5,0.208333333,
5/23/2025 6:00,7.1,0.1,6,0.25,
5/23/2025 7:00,6.6,0.2,7,0.291666667,
5/23/2025 8:00,7,0,8,0.333333333,
5/23/2025 9:00,8.7,0,9,0.375,
5/23/2025 10:00,10.2,0.1,10,0.416666667,
5/23/2025 11:00,11.5,0,11,0.458333333,
5/23/2025 12:00,11.1,0.1,12,0.5,
5/23/2025 13:00,11.8,1.3,13,0.541666667,
5/23/2025 14:00,12.3,0,14,0.583333333,
5/23/2025 15:00,10.7,0.8,15,0.625,
5/23/2025 16:00,11.2,1.3,16,0.666666667,
5/23/2025 17:00,11.6,0.1,17,0.708333333,
5/23/2025 18:00,12.7,0,18,0.75,
5/23/2025 19:00,12.7,0,19,0.791666667,
5/23/2025 20:00,11.2,0,20,0.833333333,
5/23/2025 21:00,10.7,0,21,0.875,
5/23/2025 22:00,10.2,0,22,0.916666667,
5/23/2025 23:00,8.1,0,23,0.958333333,
5/24/2025 0:00,7.4,0,0,0,
5/24/2025 1:00,6.9,0,1,0.041666667,
5/24/2025 2:00,7.6,0,2,0.083333333,
5/24/2025 3:00,6,0,3,0.125,
5/24/2025 4:00,5.9,0,4,0.166666667,
5/24/2025 5:00,6.2,0,5,0.208333333,
5/24/2025 6:00,6.4,0,6,0.25,
5/24/2025 7:00,7.1,0,7,0.291666667,
5/24/2025 8:00,9.3,0,8,0.333333333,
5/24/2025 9:00,10.2,0,9,0.375,
5/24/2025 10:00,12.1,0,10,0.416666667,
5/24/2025 11:00,13.1,0,11,0.458333333,
5/24/2025 12:00,12.8,0,12,0.5,
5/24/2025 13:00,13,0,13,0.541666667,
5/24/2025 14:00,11.9,0.1,14,0.583333333,
5/24/2025 15:00,11.6,0,15,0.625,
5/24/2025 16:00,11.6,0.2,16,0.666666667,
5/24/2025 17:00,11.6,0.5,17,0.708333333,
5/24/2025 18:00,12.3,1,18,0.75,
5/24/2025 19:00,11.7,1.8,19,0.791666667,
5/24/2025 20:00,11.3,0.2,20,0.833333333,
5/24/2025 21:00,11.5,0.6,21,0.875,
5/24/2025 22:00,11.2,0,22,0.916666667,
5/24/2025 23:00,11.3,0.2,23,0.958333333,
5/25/2025 0:00,11.8,0.1,0,0,
5/25/2025 1:00,11.9,0,1,0.041666667,
5/25/2025 2:00,12.6,0,2,0.083333333,
5/25/2025 3:00,12.6,0,3,0.125,
5/25/2025 4:00,13.5,0.1,4,0.166666667,
5/25/2025 5:00,13.5,1.2,5,0.208333333,
5/25/2025 6:00,14.1,1.1,6,0.25,
5/25/2025 7:00,14.1,0.4,7,0.291666667,
5/25/2025 8:00,14.3,0.4,8,0.333333333,
5/25/2025 9:00,14.2,0.5,9,0.375,
5/25/2025 10:00,14.4,0.3,10,0.416666667,
5/25/2025 11:00,14.5,0.2,11,0.458333333,
5/25/2025 12:00,14.4,0.2,12,0.5,
5/25/2025 13:00,16.1,0.1,13,0.541666667,
5/25/2025 14:00,16.3,0.2,14,0.583333333,
5/25/2025 15:00,17.9,0.2,15,0.625,
5/25/2025 16:00,19.5,0.8,16,0.666666667,
5/25/2025 17:00,17.7,0,17,0.708333333,
5/25/2025 18:00,16.7,0.7,18,0.75,
5/25/2025 19:00,15.7,0,19,0.791666667,
5/25/2025 20:00,15,0,20,0.833333333,
5/25/2025 21:00,14.6,0,21,0.875,
5/25/2025 22:00,13.4,0,22,0.916666667,
5/25/2025 23:00,12,0,23,0.958333333,
5/26/2025 0:00,11.6,0,0,0,
5/26/2025 1:00,10.8,0,1,0.041666667,
5/26/2025 2:00,11.6,0,2,0.083333333,
5/26/2025 3:00,11,0,3,0.125,
5/26/2025 4:00,10.4,0,4,0.166666667,
5/26/2025 5:00,11.5,0,5,0.208333333,
5/26/2025 6:00,10.4,0,6,0.25,
5/26/2025 7:00,11.5,0,7,0.291666667,
5/26/2025 8:00,12.4,0,8,0.333333333,
5/26/2025 9:00,13.5,0,9,0.375,
5/26/2025 10:00,15.8,0,10,0.416666667,
5/26/2025 11:00,16.1,0,11,0.458333333,
5/26/2025 12:00,15.8,0.8,12,0.5,
5/26/2025 13:00,18.7,0,13,0.541666667,
5/26/2025 14:00,17.3,0,14,0.583333333,
5/26/2025 15:00,18.1,0.2,15,0.625,
5/26/2025 16:00,19.3,0,16,0.666666667,
5/26/2025 17:00,17.9,0,17,0.708333333,
5/26/2025 18:00,18.5,0,18,0.75,
5/26/2025 19:00,18.5,0,19,0.791666667,
5/26/2025 20:00,16.4,0,20,0.833333333,
5/26/2025 21:00,16.3,0,21,0.875,
5/26/2025 22:00,15.2,0,22,0.916666667,
5/26/2025 23:00,14.2,0,23,0.958333333,
5/27/2025 0:00,14.1,0,0,0,
5/27/2025 1:00,13.3,0,1,0.041666667,
5/27/2025 2:00,14.2,0,2,0.083333333,
5/27/2025 3:00,14.4,0,3,0.125,
5/27/2025 4:00,13.8,0.1,4,0.166666667,
5/27/2025 5:00,13,0.2,5,0.208333333,
5/27/2025 6:00,12.8,0.2,6,0.25,
5/27/2025 7:00,12,0.4,7,0.291666667,
5/27/2025 8:00,12.7,0.1,8,0.333333333,
5/27/2025 9:00,12.5,0,9,0.375,
5/27/2025 10:00,12.7,0.2,10,0.416666667,
5/27/2025 11:00,13,0.2,11,0.458333333,
5/27/2025 12:00,13.2,0.2,12,0.5,
5/27/2025 13:00,13.4,0.1,13,0.541666667,
5/27/2025 14:00,14.9,0.3,14,0.583333333,
5/27/2025 15:00,16.1,0,15,0.625,
5/27/2025 16:00,15.2,0.1,16,0.666666667,
5/27/2025 17:00,16.3,0,17,0.708333333,
5/27/2025 18:00,15.7,0.2,18,0.75,
5/27/2025 19:00,14.1,1.4,19,0.791666667,
5/27/2025 20:00,13.9,1.4,20,0.833333333,
5/27/2025 21:00,13.9,1.8,21,0.875,
5/27/2025 22:00,13.6,0.6,22,0.916666667,
5/27/2025 23:00,14.4,0.2,23,0.958333333,
5/28/2025 0:00,14.5,0.7,0,0,
5/28/2025 1:00,14.5,0.3,1,0.041666667,
5/28/2025 2:00,14.3,1.7,2,0.083333333,
5/28/2025 3:00,14.1,0.1,3,0.125,
5/28/2025 4:00,14.3,1.8,4,0.166666667,
5/28/2025 5:00,14.3,0.5,5,0.208333333,
5/28/2025 6:00,14.1,2.1,6,0.25,
5/28/2025 7:00,14.2,0.3,7,0.291666667,
5/28/2025 8:00,14.5,0,8,0.333333333,
5/28/2025 9:00,14.5,0.1,9,0.375,
5/28/2025 10:00,15,0,10,0.416666667,
5/28/2025 11:00,15.5,0,11,0.458333333,
5/28/2025 12:00,16.6,0,12,0.5,
5/28/2025 13:00,17.2,0,13,0.541666667,
5/28/2025 14:00,16.1,0.2,14,0.583333333,
5/28/2025 15:00,17.2,0,15,0.625,
5/28/2025 16:00,16.6,0,16,0.666666667,
5/28/2025 17:00,17.5,0,17,0.708333333,
5/28/2025 18:00,17.2,0,18,0.75,
5/28/2025 19:00,16,0,19,0.791666667,
5/28/2025 20:00,14.8,0,20,0.833333333,
5/28/2025 21:00,14.2,0,21,0.875,
5/28/2025 22:00,12.3,0,22,0.916666667,
5/28/2025 23:00,11,0,23,0.958333333,
5/29/2025 0:00,10.5,0,0,0,
5/29/2025 1:00,9.6,0,1,0.041666667,
5/29/2025 2:00,8.7,0,2,0.083333333,
5/29/2025 3:00,8.3,0,3,0.125,
5/29/2025 4:00,8.8,0,4,0.166666667,
5/29/2025 5:00,7.7,0,5,0.208333333,
5/29/2025 6:00,7.8,0,6,0.25,
5/29/2025 7:00,9.6,0,7,0.291666667,
5/29/2025 8:00,11,0,8,0.333333333,
5/29/2025 9:00,11.7,0,9,0.375,
5/29/2025 10:00,13.4,0,10,0.416666667,
5/29/2025 11:00,13.9,0.1,11,0.458333333,
5/29/2025 12:00,13.3,0.1,12,0.5,
5/29/2025 13:00,13.1,0.2,13,0.541666667,
5/29/2025 14:00,12.5,1.2,14,0.583333333,
5/29/2025 15:00,13.4,0.2,15,0.625,
5/29/2025 16:00,14.4,0,16,0.666666667,
5/29/2025 17:00,14.1,0,17,0.708333333,
5/29/2025 18:00,15,0.1,18,0.75,
5/29/2025 19:00,14.7,0.1,19,0.791666667,
5/29/2025 20:00,15,0.2,20,0.833333333,
5/29/2025 21:00,15.5,0.1,21,0.875,
5/29/2025 22:00,16.2,0.1,22,0.916666667,
5/29/2025 23:00,16.1,0,23,0.958333333,
5/30/2025 0:00,15.8,0,0,0,
5/30/2025 1:00,15.8,0,1,0.041666667,
5/30/2025 2:00,15,0,2,0.083333333,
5/30/2025 3:00,14.7,0,3,0.125,
5/30/2025 4:00,15.2,0.1,4,0.166666667,
5/30/2025 5:00,14.9,0,5,0.208333333,
5/30/2025 6:00,14.2,0,6,0.25,
5/30/2025 7:00,14.9,0,7,0.291666667,
5/30/2025 8:00,15.7,0,8,0.333333333,
5/30/2025 9:00,16,0,9,0.375,
5/30/2025 10:00,17.4,0,10,0.416666667,
5/30/2025 11:00,18.6,0,11,0.458333333,
5/30/2025 12:00,20,0,12,0.5,
5/30/2025 13:00,20.1,0,13,0.541666667,
5/30/2025 14:00,21.3,0,14,0.583333333,
5/30/2025 15:00,22.9,0,15,0.625,
5/30/2025 16:00,22.7,0,16,0.666666667,
5/30/2025 17:00,22.7,0,17,0.708333333,
5/30/2025 18:00,22,0,18,0.75,
5/30/2025 19:00,21.6,0,19,0.791666667,
5/30/2025 20:00,20.5,0,20,0.833333333,
5/30/2025 21:00,19.3,0,21,0.875,
5/30/2025 22:00,18.4,0,22,0.916666667,
5/30/2025 23:00,17,0,23,0.958333333,
5/31/2025 0:00,15.4,0,0,0,
5/31/2025 1:00,14.5,0,1,0.041666667,
5/31/2025 2:00,14.1,0,2,0.083333333,
5/31/2025 3:00,13.3,0,3,0.125,
5/31/2025 4:00,12.7,0,4,0.166666667,
5/31/2025 5:00,12.9,0,5,0.208333333,
5/31/2025 6:00,12.5,0,6,0.25,
5/31/2025 7:00,14.1,0,7,0.291666667,
5/31/2025 8:00,15.7,0,8,0.333333333,
5/31/2025 9:00,18.2,0,9,0.375,
5/31/2025 10:00,19.4,0,10,0.416666667,
5/31/2025 11:00,19.6,0,11,0.458333333,
5/31/2025 12:00,22,0,12,0.5,
5/31/2025 13:00,22.9,0,13,0.541666667,
5/31/2025 14:00,22.9,0,14,0.583333333,
5/31/2025 15:00,24.5,0,15,0.625,
5/31/2025 16:00,25.3,0,16,0.666666667,
5/31/2025 17:00,25.1,0,17,0.708333333,
5/31/2025 18:00,25.5,0,18,0.75,
5/31/2025 19:00,25.3,0,19,0.791666667,
5/31/2025 20:00,25,0,20,0.833333333,
5/31/2025 21:00,23.8,0,21,0.875,
5/31/2025 22:00,22.5,0,22,0.916666667,
5/31/2025 23:00,21.3,0,23,0.958333333,
6/1/2025 0:00,20.8,0,0,0,
6/1/2025 1:00,19.6,0,1,0.041666667,
6/1/2025 2:00,19.3,0.8,2,0.083333333,
6/1/2025 3:00,17.8,0.4,3,0.125,
6/1/2025 4:00,17.3,0.1,4,0.166666667,
6/1/2025 5:00,17.1,0,5,0.208333333,
6/1/2025 6:00,17.2,0,6,0.25,
6/1/2025 7:00,17.9,0.1,7,0.291666667,
6/1/2025 8:00,18.9,0,8,0.333333333,
6/1/2025 9:00,19.5,0,9,0.375,
6/1/2025 10:00,19.4,0,10,0.416666667,
6/1/2025 11:00,18.3,0,11,0.458333333,
6/1/2025 12:00,18.2,0,12,0.5,
6/1/2025 13:00,20,0,13,0.541666667,
6/1/2025 14:00,21.2,0,14,0.583333333,
6/1/2025 15:00,21.5,0,15,0.625,
6/1/2025 16:00,21.2,0,16,0.666666667,
6/1/2025 17:00,20.7,0,17,0.708333333,
6/1/2025 18:00,19.4,0,18,0.75,
6/1/2025 19:00,18.6,0,19,0.791666667,
6/1/2025 20:00,18.1,0,20,0.833333333,
6/1/2025 21:00,16.7,0,21,0.875,
6/1/2025 22:00,15.8,0,22,0.916666667,
6/1/2025 23:00,15,0,23,0.958333333,
6/2/2025 0:00,13.7,0,0,0,
6/2/2025 1:00,13.4,0,1,0.041666667,
6/2/2025 2:00,12.7,0,2,0.083333333,
6/2/2025 3:00,11.8,0,3,0.125,
6/2/2025 4:00,11.5,0,4,0.166666667,
6/2/2025 5:00,10.9,0,5,0.208333333,
6/2/2025 6:00,11.4,0,6,0.25,
6/2/2025 7:00,11.8,0,7,0.291666667,
6/2/2025 8:00,12.6,0,8,0.333333333,
6/2/2025 9:00,15.2,0.1,9,0.375,
6/2/2025 10:00,17.4,0,10,0.416666667,
6/2/2025 11:00,17.6,0,11,0.458333333,
6/2/2025 12:00,18,0,12,0.5,
6/2/2025 13:00,19.2,0,13,0.541666667,
6/2/2025 14:00,17.1,0,14,0.583333333,
6/2/2025 15:00,18.9,0.2,15,0.625,
6/2/2025 16:00,20,0,16,0.666666667,
6/2/2025 17:00,19.5,0,17,0.708333333,
6/2/2025 18:00,19.3,0,18,0.75,
6/2/2025 19:00,18.6,0,19,0.791666667,
6/2/2025 20:00,17.3,0,20,0.833333333,
6/2/2025 21:00,16.3,0,21,0.875,
6/2/2025 22:00,15.7,0,22,0.916666667,
6/2/2025 23:00,13,0,23,0.958333333,
6/3/2025 0:00,12.5,0,0,0,
6/3/2025 1:00,12.5,0,1,0.041666667,
6/3/2025 2:00,10.2,0,2,0.083333333,
6/3/2025 3:00,10.9,0,3,0.125,
6/3/2025 4:00,10.1,0,4,0.166666667,
6/3/2025 5:00,8.9,0,5,0.208333333,
6/3/2025 6:00,9.7,0,6,0.25,
6/3/2025 7:00,10.7,0,7,0.291666667,
6/3/2025 8:00,12.8,0,8,0.333333333,
6/3/2025 9:00,15.7,0,9,0.375,
6/3/2025 10:00,17.7,0,10,0.416666667,
6/3/2025 11:00,20.2,0,11,0.458333333,
6/3/2025 12:00,21,0,12,0.5,
6/3/2025 13:00,21.9,0,13,0.541666667,
6/3/2025 14:00,22.5,0,14,0.583333333,
6/3/2025 15:00,22.3,0,15,0.625,
6/3/2025 16:00,23.4,0,16,0.666666667,
6/3/2025 17:00,23.4,0,17,0.708333333,
6/3/2025 18:00,23.5,0,18,0.75,
6/3/2025 19:00,23.4,0,19,0.791666667,
6/3/2025 20:00,23,0,20,0.833333333,
6/3/2025 21:00,19.4,0,21,0.875,
6/3/2025 22:00,18.4,0,22,0.916666667,
6/3/2025 23:00,18,0,23,0.958333333,
6/4/2025 0:00,16.9,0,0,0,
6/4/2025 1:00,16.7,0,1,0.041666667,
6/4/2025 2:00,16.7,0,2,0.083333333,
6/4/2025 3:00,16.3,0,3,0.125,
6/4/2025 4:00,16,0,4,0.166666667,
6/4/2025 5:00,16.1,0,5,0.208333333,
6/4/2025 6:00,15.8,0,6,0.25,
6/4/2025 7:00,15.6,0.1,7,0.291666667,
6/4/2025 8:00,16.4,0,8,0.333333333,
6/4/2025 9:00,16,0,9,0.375,
6/4/2025 10:00,15.2,0.1,10,0.416666667,
6/4/2025 11:00,16.3,1.1,11,0.458333333,
6/4/2025 12:00,14.5,0.2,12,0.5,
6/4/2025 13:00,15,0.7,13,0.541666667,
6/4/2025 14:00,18.3,0,14,0.583333333,
6/4/2025 15:00,16,0,15,0.625,
6/4/2025 16:00,18.3,0,16,0.666666667,
6/4/2025 17:00,18.3,0,17,0.708333333,
6/4/2025 18:00,18.4,0,18,0.75,
6/4/2025 19:00,16.4,0,19,0.791666667,
6/4/2025 20:00,17.7,0,20,0.833333333,
6/4/2025 21:00,16.4,0,21,0.875,
6/4/2025 22:00,15.1,0,22,0.916666667,
6/4/2025 23:00,15.8,0,23,0.958333333,
6/5/2025 0:00,12.7,0,0,0,
6/5/2025 1:00,12.6,0,1,0.041666667,
6/5/2025 2:00,12.4,0,2,0.083333333,
6/5/2025 3:00,11.2,0,3,0.125,
6/5/2025 4:00,11.5,0,4,0.166666667,
6/5/2025 5:00,10.9,0,5,0.208333333,
6/5/2025 6:00,10.7,0,6,0.25,
6/5/2025 7:00,12,0,7,0.291666667,
6/5/2025 8:00,14,0,8,0.333333333,
6/5/2025 9:00,12.6,0.2,9,0.375,
6/5/2025 10:00,13,0.3,10,0.416666667,
6/5/2025 11:00,14.9,0.1,11,0.458333333,
6/5/2025 12:00,16.6,0,12,0.5,
6/5/2025 13:00,17.9,0,13,0.541666667,
6/5/2025 14:00,17.7,0.2,14,0.583333333,
6/5/2025 15:00,17.6,0.8,15,0.625,
6/5/2025 16:00,16.1,0,16,0.666666667,
6/5/2025 17:00,16.2,0,17,0.708333333,
6/5/2025 18:00,15.9,0,18,0.75,
6/5/2025 19:00,16.9,0,19,0.791666667,
6/5/2025 20:00,15.8,0,20,0.833333333,
6/5/2025 21:00,16.2,2.8,21,0.875,
6/5/2025 22:00,14.2,0,22,0.916666667,
6/5/2025 23:00,14.7,0,23,0.958333333,
6/6/2025 0:00,14.3,0.1,0,0,
6/6/2025 1:00,14.1,0.5,1,0.041666667,
6/6/2025 2:00,14.4,2.4,2,0.083333333,
6/6/2025 3:00,14.1,1.2,3,0.125,
6/6/2025 4:00,14.3,1.6,4,0.166666667,
6/6/2025 5:00,14.3,1.4,5,0.208333333,
6/6/2025 6:00,14.2,0.5,6,0.25,
6/6/2025 7:00,13.9,1,7,0.291666667,
6/6/2025 8:00,13.6,0.1,8,0.333333333,
6/6/2025 9:00,14.7,0.1,9,0.375,
6/6/2025 10:00,13.8,0.4,10,0.416666667,
6/6/2025 11:00,14.6,0.1,11,0.458333333,
6/6/2025 12:00,14.3,0,12,0.5,
6/6/2025 13:00,15.7,0,13,0.541666667,
6/6/2025 14:00,17.8,0,14,0.583333333,
6/6/2025 15:00,18.8,0.4,15,0.625,
6/6/2025 16:00,17.7,0.6,16,0.666666667,
6/6/2025 17:00,15.5,0.8,17,0.708333333,
6/6/2025 18:00,15.2,0,18,0.75,
6/6/2025 19:00,15.6,0,19,0.791666667,
6/6/2025 20:00,15.2,0.1,20,0.833333333,
6/6/2025 21:00,14.3,0.2,21,0.875,
6/6/2025 22:00,14.5,0,22,0.916666667,
6/6/2025 23:00,13.3,0.8,23,0.958333333,
6/7/2025 0:00,12.3,0,0,0,
6/7/2025 1:00,12.7,0,1,0.041666667,
6/7/2025 2:00,13.3,0,2,0.083333333,
6/7/2025 3:00,12.2,0,3,0.125,
6/7/2025 4:00,12.9,0,4,0.166666667,
6/7/2025 5:00,12.6,0,5,0.208333333,
6/7/2025 6:00,12.4,0,6,0.25,
6/7/2025 7:00,12.5,0,7,0.291666667,
6/7/2025 8:00,12.9,0,8,0.333333333,
6/7/2025 9:00,12.3,0.5,9,0.375,
6/7/2025 10:00,11.6,0.1,10,0.416666667,
6/7/2025 11:00,12.4,0.7,11,0.458333333,
6/7/2025 12:00,14,0.1,12,0.5,
6/7/2025 13:00,14.2,0.1,13,0.541666667,
6/7/2025 14:00,14.5,0,14,0.583333333,
6/7/2025 15:00,15.6,0,15,0.625,
6/7/2025 16:00,17.5,0.1,16,0.666666667,
6/7/2025 17:00,17.7,3.8,17,0.708333333,
6/7/2025 18:00,15.3,0.7,18,0.75,
6/7/2025 19:00,14.7,0.1,19,0.791666667,
6/7/2025 20:00,14.4,0,20,0.833333333,
6/7/2025 21:00,14.1,0,21,0.875,
6/7/2025 22:00,13.1,0,22,0.916666667,
6/7/2025 23:00,12.6,0,23,0.958333333,
6/8/2025 0:00,12.3,0,0,0,
6/8/2025 1:00,13.1,0,1,0.041666667,
6/8/2025 2:00,12.7,0,2,0.083333333,
6/8/2025 3:00,13,0,3,0.125,
6/8/2025 4:00,12.7,0,4,0.166666667,
6/8/2025 5:00,13.1,0.2,5,0.208333333,
6/8/2025 6:00,11.6,1.1,6,0.25,
6/8/2025 7:00,11.3,0,7,0.291666667,
6/8/2025 8:00,10.9,0.5,8,0.333333333,
6/8/2025 9:00,12.1,0.1,9,0.375,
6/8/2025 10:00,12.8,0.4,10,0.416666667,
6/8/2025 11:00,12,0.3,11,0.458333333,
6/8/2025 12:00,13.1,0.4,12,0.5,
6/8/2025 13:00,14.1,0,13,0.541666667,
6/8/2025 14:00,13.4,3.5,14,0.583333333,
6/8/2025 15:00,14.1,0.2,15,0.625,
6/8/2025 16:00,12.4,1.4,16,0.666666667,
6/8/2025 17:00,14.1,0,17,0.708333333,
6/8/2025 18:00,12.3,0.2,18,0.75,
6/8/2025 19:00,12,0.2,19,0.791666667,
6/8/2025 20:00,12.5,0.6,20,0.833333333,
6/8/2025 21:00,11.5,0,21,0.875,
6/8/2025 22:00,11.2,0,22,0.916666667,
6/8/2025 23:00,10.3,0,23,0.958333333,
6/9/2025 0:00,9.4,0,0,0,
6/9/2025 1:00,8.5,0,1,0.041666667,
6/9/2025 2:00,8.6,0,2,0.083333333,
6/9/2025 3:00,9.3,0,3,0.125,
6/9/2025 4:00,8.4,0,4,0.166666667,
6/9/2025 5:00,9.2,0,5,0.208333333,
6/9/2025 6:00,8.6,0,6,0.25,
6/9/2025 7:00,9.2,0,7,0.291666667,
6/9/2025 8:00,11.5,0,8,0.333333333,
6/9/2025 9:00,13.5,0,9,0.375,
6/9/2025 10:00,14.8,0,10,0.416666667,
6/9/2025 11:00,15.2,0,11,0.458333333,
6/9/2025 12:00,16.3,0,12,0.5,
6/9/2025 13:00,17.5,0,13,0.541666667,
6/9/2025 14:00,17.5,0,14,0.583333333,
6/9/2025 15:00,17.7,0.1,15,0.625,
6/9/2025 16:00,15.9,0,16,0.666666667,
6/9/2025 17:00,16.9,0,17,0.708333333,
6/9/2025 18:00,16.8,0,18,0.75,
6/9/2025 19:00,15.6,0,19,0.791666667,
6/9/2025 20:00,16.3,0,20,0.833333333,
6/9/2025 21:00,15.3,0,21,0.875,
6/9/2025 22:00,14.8,0,22,0.916666667,
6/9/2025 23:00,14.4,0.4,23,0.958333333,
6/10/2025 0:00,13.7,0,0,0,
6/10/2025 1:00,13.5,0,1,0.041666667,
6/10/2025 2:00,13.6,0,2,0.083333333,
6/10/2025 3:00,13.5,0,3,0.125,
6/10/2025 4:00,13.1,0,4,0.166666667,
6/10/2025 5:00,13.2,0,5,0.208333333,
6/10/2025 6:00,13.3,0,6,0.25,
6/10/2025 7:00,12.9,0.1,7,0.291666667,
6/10/2025 8:00,13.4,0,8,0.333333333,
6/10/2025 9:00,12.6,0,9,0.375,
6/10/2025 10:00,12.6,0,10,0.416666667,
6/10/2025 11:00,13.4,0.2,11,0.458333333,
6/10/2025 12:00,13.4,0.3,12,0.5,
6/10/2025 13:00,13.2,0.2,13,0.541666667,
6/10/2025 14:00,13.6,0.1,14,0.583333333,
6/10/2025 15:00,14.1,0.2,15,0.625,
6/10/2025 16:00,14.4,0.2,16,0.666666667,
6/10/2025 17:00,16,0.1,17,0.708333333,
6/10/2025 18:00,15.7,0,18,0.75,
6/10/2025 19:00,14.1,0,19,0.791666667,
6/10/2025 20:00,13.9,0,20,0.833333333,
6/10/2025 21:00,13.3,0,21,0.875,
6/10/2025 22:00,13,0,22,0.916666667,
6/10/2025 23:00,12.7,0,23,0.958333333,
6/11/2025 0:00,12.4,0,0,0,
6/11/2025 1:00,12,0,1,0.041666667,
6/11/2025 2:00,12.1,0,2,0.083333333,
6/11/2025 3:00,11.9,0,3,0.125,
6/11/2025 4:00,11.6,0,4,0.166666667,
6/11/2025 5:00,11.8,0,5,0.208333333,
6/11/2025 6:00,11.7,0,6,0.25,
6/11/2025 7:00,12.1,0,7,0.291666667,
6/11/2025 8:00,12.7,0,8,0.333333333,
6/11/2025 9:00,14.3,0,9,0.375,
6/11/2025 10:00,14,0,10,0.416666667,
6/11/2025 11:00,15.4,0,11,0.458333333,
6/11/2025 12:00,17.3,0,12,0.5,
6/11/2025 13:00,17.8,0,13,0.541666667,
6/11/2025 14:00,18.6,0,14,0.583333333,
6/11/2025 15:00,19.9,0,15,0.625,
6/11/2025 16:00,19.9,0,16,0.666666667,
6/11/2025 17:00,19.5,0,17,0.708333333,
6/11/2025 18:00,19.5,0,18,0.75,
6/11/2025 19:00,19.2,0,19,0.791666667,
6/11/2025 20:00,18.2,0,20,0.833333333,
6/11/2025 21:00,16.4,0,21,0.875,
6/11/2025 22:00,15.1,0,22,0.916666667,
6/11/2025 23:00,14.1,0,23,0.958333333,
6/12/2025 0:00,13,0,0,0,
6/12/2025 1:00,12,0,1,0.041666667,
6/12/2025 2:00,11.4,0,2,0.083333333,
6/12/2025 3:00,11,0,3,0.125,
6/12/2025 4:00,10.5,0,4,0.166666667,
6/12/2025 5:00,10.1,0,5,0.208333333,
6/12/2025 6:00,10.2,0,6,0.25,
6/12/2025 7:00,11.1,0,7,0.291666667,
6/12/2025 8:00,13.1,0,8,0.333333333,
6/12/2025 9:00,15.5,0,9,0.375,
6/12/2025 10:00,17.5,0,10,0.416666667,
6/12/2025 11:00,19.7,0,11,0.458333333,
6/12/2025 12:00,21.4,0,12,0.5,
6/12/2025 13:00,22.8,0,13,0.541666667,
6/12/2025 14:00,24,0,14,0.583333333,
6/12/2025 15:00,25,0,15,0.625,
6/12/2025 16:00,25.2,0,16,0.666666667,
6/12/2025 17:00,25.5,0,17,0.708333333,
6/12/2025 18:00,25.7,0,18,0.75,
6/12/2025 19:00,25.4,0,19,0.791666667,
6/12/2025 20:00,24.5,0,20,0.833333333,
6/12/2025 21:00,23.1,0,21,0.875,
6/12/2025 22:00,21.4,0,22,0.916666667,
6/12/2025 23:00,21,0,23,0.958333333,
6/13/2025 0:00,20.4,0,0,0,
6/13/2025 1:00,19.4,0,1,0.041666667,
6/13/2025 2:00,19.4,0,2,0.083333333,
6/13/2025 3:00,18.9,0,3,0.125,
6/13/2025 4:00,17.9,0,4,0.166666667,
6/13/2025 5:00,17.1,0,5,0.208333333,
6/13/2025 6:00,16.9,0,6,0.25,
6/13/2025 7:00,17.2,0,7,0.291666667,
6/13/2025 8:00,18.5,0,8,0.333333333,
6/13/2025 9:00,20,0,9,0.375,
6/13/2025 10:00,21.8,0,10,0.416666667,
6/13/2025 11:00,24.6,0,11,0.458333333,
6/13/2025 12:00,26.5,0,12,0.5,
6/13/2025 13:00,27.5,0,13,0.541666667,
6/13/2025 14:00,29.5,0,14,0.583333333,
6/13/2025 15:00,30.4,0,15,0.625,
6/13/2025 16:00,30.3,0,16,0.666666667,
6/13/2025 17:00,30.9,0,17,0.708333333,
6/13/2025 18:00,30.8,0,18,0.75,
6/13/2025 19:00,29.4,0,19,0.791666667,
6/13/2025 20:00,29.1,0,20,0.833333333,
6/13/2025 21:00,27.2,0,21,0.875,
6/13/2025 22:00,25.1,0,22,0.916666667,
6/13/2025 23:00,24.3,0,23,0.958333333,
6/14/2025 0:00,23.7,0,0,0,
6/14/2025 1:00,22.2,0,1,0.041666667,
6/14/2025 2:00,22.1,0,2,0.083333333,
6/14/2025 3:00,21,0,3,0.125,
6/14/2025 4:00,19.8,0,4,0.166666667,
6/14/2025 5:00,19.6,0,5,0.208333333,
6/14/2025 6:00,19.4,0,6,0.25,
6/14/2025 7:00,19.3,0,7,0.291666667,
6/14/2025 8:00,20.7,0,8,0.333333333,
6/14/2025 9:00,22.7,0,9,0.375,
6/14/2025 10:00,25.3,0,10,0.416666667,
6/14/2025 11:00,27.3,0,11,0.458333333,
6/14/2025 12:00,28.3,0,12,0.5,
6/14/2025 13:00,30,0,13,0.541666667,
6/14/2025 14:00,29.6,0,14,0.583333333,
6/14/2025 15:00,31.6,0,15,0.625,
6/14/2025 16:00,30.9,0,16,0.666666667,
6/14/2025 17:00,30.5,0,17,0.708333333,
6/14/2025 18:00,28,0,18,0.75,
6/14/2025 19:00,27.3,0,19,0.791666667,
6/14/2025 20:00,26.4,0,20,0.833333333,
6/14/2025 21:00,24,0,21,0.875,
6/14/2025 22:00,23.6,0,22,0.916666667,
6/14/2025 23:00,22.8,0,23,0.958333333,
6/15/2025 0:00,21.3,0,0,0,
6/15/2025 1:00,20.2,0,1,0.041666667,
6/15/2025 2:00,19.1,0,2,0.083333333,
6/15/2025 3:00,17.8,0,3,0.125,
6/15/2025 4:00,17.8,0,4,0.166666667,
6/15/2025 5:00,17,0,5,0.208333333,
6/15/2025 6:00,17,0,6,0.25,
6/15/2025 7:00,18,0,7,0.291666667,
6/15/2025 8:00,16.6,0.3,8,0.333333333,
6/15/2025 9:00,15.4,0,9,0.375,
6/15/2025 10:00,16.3,0,10,0.416666667,
6/15/2025 11:00,18,0,11,0.458333333,
6/15/2025 12:00,19.3,0,12,0.5,
6/15/2025 13:00,18.5,0,13,0.541666667,
6/15/2025 14:00,20.2,0,14,0.583333333,
6/15/2025 15:00,23.4,0,15,0.625,
6/15/2025 16:00,22.1,0,16,0.666666667,
6/15/2025 17:00,23.2,0,17,0.708333333,
6/15/2025 18:00,22.5,0,18,0.75,
6/15/2025 19:00,20.8,0,19,0.791666667,
6/15/2025 20:00,20.4,0,20,0.833333333,
6/15/2025 21:00,19,0,21,0.875,
6/15/2025 22:00,17,0,22,0.916666667,
6/15/2025 23:00,16.1,0,23,0.958333333,
6/16/2025 0:00,15.3,0,0,0,
6/16/2025 1:00,14.2,0,1,0.041666667,
6/16/2025 2:00,13.7,0,2,0.083333333,
6/16/2025 3:00,13.5,0,3,0.125,
6/16/2025 4:00,12.9,0,4,0.166666667,
6/16/2025 5:00,12.2,0,5,0.208333333,
6/16/2025 6:00,12.3,0,6,0.25,
6/16/2025 7:00,13.4,0,7,0.291666667,
6/16/2025 8:00,15.3,0,8,0.333333333,
6/16/2025 9:00,18.4,0,9,0.375,
6/16/2025 10:00,19,0,10,0.416666667,
6/16/2025 11:00,19.4,0,11,0.458333333,
6/16/2025 12:00,22.5,0,12,0.5,
6/16/2025 13:00,21.7,0,13,0.541666667,
6/16/2025 14:00,21.3,0,14,0.583333333,
6/16/2025 15:00,21.9,0,15,0.625,
6/16/2025 16:00,23.6,0,16,0.666666667,
6/16/2025 17:00,23.1,0,17,0.708333333,
6/16/2025 18:00,22.9,0,18,0.75,
6/16/2025 19:00,22.6,0,19,0.791666667,
6/16/2025 20:00,22,0,20,0.833333333,
6/16/2025 21:00,20.1,0,21,0.875,
6/16/2025 22:00,18.8,0,22,0.916666667,
6/16/2025 23:00,17.2,0,23,0.958333333,
6/17/2025 0:00,15.8,0,0,0,
6/17/2025 1:00,15,0,1,0.041666667,
6/17/2025 2:00,14.6,0,2,0.083333333,
6/17/2025 3:00,14.1,0,3,0.125,
6/17/2025 4:00,13.6,0,4,0.166666667,
6/17/2025 5:00,12.9,0,5,0.208333333,
6/17/2025 6:00,12.2,0,6,0.25,
6/17/2025 7:00,13.8,0,7,0.291666667,
6/17/2025 8:00,15.4,0,8,0.333333333,
6/17/2025 9:00,17.9,0,9,0.375,
6/17/2025 10:00,19.7,0,10,0.416666667,
6/17/2025 11:00,21.7,0,11,0.458333333,
6/17/2025 12:00,23.1,0,12,0.5,
6/17/2025 13:00,25,0,13,0.541666667,
6/17/2025 14:00,26.2,0,14,0.583333333,
6/17/2025 15:00,26.7,0,15,0.625,
6/17/2025 16:00,27.4,0,16,0.666666667,
6/17/2025 17:00,27.1,0,17,0.708333333,
6/17/2025 18:00,25.9,0,18,0.75,
6/17/2025 19:00,24.1,0,19,0.791666667,
6/17/2025 20:00,23.1,0,20,0.833333333,
6/17/2025 21:00,21.9,0,21,0.875,
6/17/2025 22:00,21,0,22,0.916666667,
6/17/2025 23:00,19.2,0,23,0.958333333,
6/18/2025 0:00,18.1,0,0,0,
6/18/2025 1:00,17.1,0,1,0.041666667,
6/18/2025 2:00,16.2,0,2,0.083333333,
6/18/2025 3:00,15.6,0,3,0.125,
6/18/2025 4:00,15,0,4,0.166666667,
6/18/2025 5:00,13.8,0,5,0.208333333,
6/18/2025 6:00,14.3,0,6,0.25,
6/18/2025 7:00,15.6,0,7,0.291666667,
6/18/2025 8:00,17.4,0,8,0.333333333,
6/18/2025 9:00,20.1,0,9,0.375,
6/18/2025 10:00,22.3,0,10,0.416666667,
6/18/2025 11:00,24.2,0,11,0.458333333,
6/18/2025 12:00,25.5,0,12,0.5,
6/18/2025 13:00,26.8,0,13,0.541666667,
6/18/2025 14:00,27.1,0,14,0.583333333,
6/18/2025 15:00,26.6,0,15,0.625,
6/18/2025 16:00,26.9,0,16,0.666666667,
6/18/2025 17:00,25.9,0,17,0.708333333,
6/18/2025 18:00,25.1,0,18,0.75,
6/18/2025 19:00,23.3,0,19,0.791666667,
6/18/2025 20:00,21.9,0,20,0.833333333,
6/18/2025 21:00,19.9,0,21,0.875,
6/18/2025 22:00,18.5,0,22,0.916666667,
6/18/2025 23:00,17.5,0,23,0.958333333,
6/19/2025 0:00,16.1,0,0,0,
6/19/2025 1:00,15.2,0,1,0.041666667,
6/19/2025 2:00,14.5,0,2,0.083333333,
6/19/2025 3:00,13.5,0,3,0.125,
6/19/2025 4:00,12.9,0,4,0.166666667,
6/19/2025 5:00,12.3,0,5,0.208333333,
6/19/2025 6:00,12,0,6,0.25,
6/19/2025 7:00,13.6,0,7,0.291666667,
6/19/2025 8:00,15.7,0,8,0.333333333,
6/19/2025 9:00,17.4,0,9,0.375,
6/19/2025 10:00,18.7,0,10,0.416666667,
6/19/2025 11:00,20,0,11,0.458333333,
6/19/2025 12:00,21.1,0,12,0.5,
6/19/2025 13:00,22,0,13,0.541666667,
6/19/2025 14:00,21.9,0,14,0.583333333,
6/19/2025 15:00,22.6,0,15,0.625,
6/19/2025 16:00,22.9,0,16,0.666666667,
6/19/2025 17:00,22.9,0,17,0.708333333,
6/19/2025 18:00,22.5,0,18,0.75,
6/19/2025 19:00,21.7,0,19,0.791666667,
6/19/2025 20:00,20.4,0,20,0.833333333,
6/19/2025 21:00,18.9,0,21,0.875,
6/19/2025 22:00,17.2,0,22,0.916666667,
6/19/2025 23:00,15.8,0,23,0.958333333,
6/20/2025 0:00,14.7,0,0,0,
6/20/2025 1:00,13.6,0,1,0.041666667,
6/20/2025 2:00,12.7,0,2,0.083333333,
6/20/2025 3:00,12,0,3,0.125,
6/20/2025 4:00,11.6,0,4,0.166666667,
6/20/2025 5:00,11,0,5,0.208333333,
6/20/2025 6:00,10.9,0,6,0.25,
6/20/2025 7:00,12.4,0,7,0.291666667,
6/20/2025 8:00,14.3,0,8,0.333333333,
6/20/2025 9:00,15.7,0,9,0.375,
6/20/2025 10:00,17.4,0,10,0.416666667,
6/20/2025 11:00,19.4,0,11,0.458333333,
6/20/2025 12:00,20.8,0,12,0.5,
6/20/2025 13:00,21.8,0,13,0.541666667,
6/20/2025 14:00,23.4,0,14,0.583333333,
6/20/2025 15:00,24,0,15,0.625,
6/20/2025 16:00,24.4,0,16,0.666666667,
6/20/2025 17:00,24.4,0,17,0.708333333,
6/20/2025 18:00,24.4,0,18,0.75,
6/20/2025 19:00,24.4,0,19,0.791666667,
6/20/2025 20:00,22.9,0,20,0.833333333,
6/20/2025 21:00,22,0,21,0.875,
6/20/2025 22:00,19.5,0,22,0.916666667,
6/20/2025 23:00,18.1,0,23,0.958333333,
6/21/2025 0:00,17.2,0,0,0,
6/21/2025 1:00,15.7,0,1,0.041666667,
6/21/2025 2:00,14.8,0,2,0.083333333,
6/21/2025 3:00,14.4,0,3,0.125,
6/21/2025 4:00,14.1,0,4,0.166666667,
6/21/2025 5:00,13.3,0,5,0.208333333,
6/21/2025 6:00,13.5,0,6,0.25,
6/21/2025 7:00,15.1,0,7,0.291666667,
6/21/2025 8:00,17.8,0,8,0.333333333,
6/21/2025 9:00,20.3,0,9,0.375,
6/21/2025 10:00,22.9,0,10,0.416666667,
6/21/2025 11:00,25.2,0,11,0.458333333,
6/21/2025 12:00,26.8,0,12,0.5,
6/21/2025 13:00,27.9,0,13,0.541666667,
6/21/2025 14:00,29.5,0,14,0.583333333,
6/21/2025 15:00,30.5,0,15,0.625,
6/21/2025 16:00,30.6,0,16,0.666666667,
6/21/2025 17:00,31.3,0,17,0.708333333,
6/21/2025 18:00,31.3,0,18,0.75,
6/21/2025 19:00,30.9,0,19,0.791666667,
6/21/2025 20:00,30.5,0,20,0.833333333,
6/21/2025 21:00,28.4,0,21,0.875,
6/21/2025 22:00,26.5,0,22,0.916666667,
6/21/2025 23:00,24.4,0,23,0.958333333,
6/22/2025 0:00,23.2,0,0,0,
6/22/2025 1:00,21.5,0,1,0.041666667,
6/22/2025 2:00,21.1,0,2,0.083333333,
6/22/2025 3:00,20.2,0,3,0.125,
6/22/2025 4:00,19,0,4,0.166666667,
6/22/2025 5:00,18.6,0,5,0.208333333,
6/22/2025 6:00,17.9,0,6,0.25,
6/22/2025 7:00,18.7,0,7,0.291666667,
6/22/2025 8:00,20.7,0,8,0.333333333,
6/22/2025 9:00,23.9,0,9,0.375,
6/22/2025 10:00,26.7,0,10,0.416666667,
6/22/2025 11:00,29.9,0,11,0.458333333,
6/22/2025 12:00,31.5,0,12,0.5,
6/22/2025 13:00,30.6,0,13,0.541666667,
6/22/2025 14:00,30,0,14,0.583333333,
6/22/2025 15:00,29.8,0,15,0.625,
6/22/2025 16:00,26,0,16,0.666666667,
6/22/2025 17:00,26.8,0.2,17,0.708333333,
6/22/2025 18:00,24.9,0,18,0.75,
6/22/2025 19:00,24.6,0,19,0.791666667,
6/22/2025 20:00,24.6,0,20,0.833333333,
6/22/2025 21:00,23,0,21,0.875,
6/22/2025 22:00,22,0,22,0.916666667,
6/22/2025 23:00,20.5,0,23,0.958333333,
6/23/2025 0:00,19.8,0,0,0,
6/23/2025 1:00,19.3,0,1,0.041666667,
6/23/2025 2:00,19.4,0,2,0.083333333,
6/23/2025 3:00,18.6,0,3,0.125,
6/23/2025 4:00,18.1,0,4,0.166666667,
6/23/2025 5:00,18.1,0,5,0.208333333,
6/23/2025 6:00,18,0,6,0.25,
6/23/2025 7:00,17.9,0,7,0.291666667,
6/23/2025 8:00,18.6,0,8,0.333333333,
6/23/2025 9:00,18.6,0,9,0.375,
6/23/2025 10:00,17.7,0.1,10,0.416666667,
6/23/2025 11:00,17.1,0.4,11,0.458333333,
6/23/2025 12:00,14.8,0.7,12,0.5,
6/23/2025 13:00,15.3,0.1,13,0.541666667,
6/23/2025 14:00,18.4,0,14,0.583333333,
6/23/2025 15:00,19.2,0,15,0.625,
6/23/2025 16:00,18.7,0,16,0.666666667,
6/23/2025 17:00,19.6,0,17,0.708333333,
6/23/2025 18:00,18.8,0,18,0.75,
6/23/2025 19:00,18.3,0,19,0.791666667,
6/23/2025 20:00,18.3,0,20,0.833333333,
6/23/2025 21:00,16.9,0,21,0.875,
6/23/2025 22:00,15.9,0,22,0.916666667,
6/23/2025 23:00,16,0,23,0.958333333,
6/24/2025 0:00,14.6,0,0,0,
6/24/2025 1:00,15.4,0,1,0.041666667,
6/24/2025 2:00,16,0,2,0.083333333,
6/24/2025 3:00,14.7,0,3,0.125,
6/24/2025 4:00,14.4,0,4,0.166666667,
6/24/2025 5:00,15.1,0,5,0.208333333,
6/24/2025 6:00,13.9,0,6,0.25,
6/24/2025 7:00,14.9,0,7,0.291666667,
6/24/2025 8:00,15.7,0,8,0.333333333,
6/24/2025 9:00,16,0,9,0.375,
6/24/2025 10:00,17,0,10,0.416666667,
6/24/2025 11:00,16.3,0,11,0.458333333,
6/24/2025 12:00,16.9,0,12,0.5,
6/24/2025 13:00,18,0,13,0.541666667,
6/24/2025 14:00,20.5,0,14,0.583333333,
6/24/2025 15:00,18.7,0,15,0.625,
6/24/2025 16:00,18.5,0,16,0.666666667,
6/24/2025 17:00,19.1,0,17,0.708333333,
6/24/2025 18:00,17.1,0,18,0.75,
6/24/2025 19:00,17.4,0.1,19,0.791666667,
6/24/2025 20:00,18.3,0,20,0.833333333,
6/24/2025 21:00,18.2,0,21,0.875,
6/24/2025 22:00,18.9,0,22,0.916666667,
6/24/2025 23:00,18.7,0.1,23,0.958333333,
6/25/2025 0:00,18.5,0,0,0,
6/25/2025 1:00,18.5,0.3,1,0.041666667,
6/25/2025 2:00,18.5,0,2,0.083333333,
6/25/2025 3:00,18.2,0,3,0.125,
6/25/2025 4:00,18.1,0,4,0.166666667,
6/25/2025 5:00,17.9,0.1,5,0.208333333,
6/25/2025 6:00,17.7,0,6,0.25,
6/25/2025 7:00,18,0,7,0.291666667,
6/25/2025 8:00,19,0,8,0.333333333,
6/25/2025 9:00,18.5,0,9,0.375,
6/25/2025 10:00,20,0,10,0.416666667,
6/25/2025 11:00,21,0,11,0.458333333,
6/25/2025 12:00,20.7,0,12,0.5,
6/25/2025 13:00,22.4,0,13,0.541666667,
6/25/2025 14:00,21,0,14,0.583333333,
6/25/2025 15:00,21.9,0,15,0.625,
6/25/2025 16:00,23.9,0,16,0.666666667,
6/25/2025 17:00,24.9,0,17,0.708333333,
6/25/2025 18:00,24,0,18,0.75,
6/25/2025 19:00,24,0,19,0.791666667,
6/25/2025 20:00,23.9,0,20,0.833333333,
6/25/2025 21:00,22,0,21,0.875,
6/25/2025 22:00,20.1,0,22,0.916666667,
6/25/2025 23:00,19.1,0,23,0.958333333,
6/26/2025 0:00,18.1,0,0,0,
6/26/2025 1:00,17.5,0,1,0.041666667,
6/26/2025 2:00,17.5,0,2,0.083333333,
6/26/2025 3:00,17.2,0,3,0.125,
6/26/2025 4:00,16.7,0,4,0.166666667,
6/26/2025 5:00,17,0,5,0.208333333,
6/26/2025 6:00,16.9,0,6,0.25,
6/26/2025 7:00,17.1,0,7,0.291666667,
6/26/2025 8:00,18.8,2.3,8,0.333333333,
6/26/2025 9:00,19.1,0,9,0.375,
6/26/2025 10:00,17.9,1.8,10,0.416666667,
6/26/2025 11:00,18.6,2.2,11,0.458333333,
6/26/2025 12:00,20,0.6,12,0.5,
6/26/2025 13:00,21,0,13,0.541666667,
6/26/2025 14:00,19.9,0.3,14,0.583333333,
6/26/2025 15:00,22,0.4,15,0.625,
6/26/2025 16:00,20.2,0,16,0.666666667,
6/26/2025 17:00,20.9,0,17,0.708333333,
6/26/2025 18:00,22.3,0,18,0.75,
6/26/2025 19:00,20.8,0,19,0.791666667,
6/26/2025 20:00,20.3,0,20,0.833333333,
6/26/2025 21:00,21.5,0,21,0.875,
6/26/2025 22:00,19.4,0,22,0.916666667,
6/26/2025 23:00,19.2,0.1,23,0.958333333,
6/27/2025 0:00,20.1,0.5,0,0,
6/27/2025 1:00,18,0.6,1,0.041666667,
6/27/2025 2:00,17.4,0,2,0.083333333,
6/27/2025 3:00,17,0,3,0.125,
6/27/2025 4:00,15.8,0,4,0.166666667,
6/27/2025 5:00,15.4,0,5,0.208333333,
6/27/2025 6:00,15.4,0,6,0.25,
6/27/2025 7:00,14.8,0,7,0.291666667,
6/27/2025 8:00,14.2,1.5,8,0.333333333,
6/27/2025 9:00,14.2,1.3,9,0.375,
6/27/2025 10:00,13.7,0.1,10,0.416666667,
6/27/2025 11:00,14.7,0,11,0.458333333,
6/27/2025 12:00,17.3,0,12,0.5,
6/27/2025 13:00,17.2,0,13,0.541666667,
6/27/2025 14:00,18.8,0,14,0.583333333,
6/27/2025 15:00,20.1,0,15,0.625,
6/27/2025 16:00,19.8,0,16,0.666666667,
6/27/2025 17:00,19.7,0,17,0.708333333,
6/27/2025 18:00,21.9,0,18,0.75,
6/27/2025 19:00,20.3,0,19,0.791666667,
6/27/2025 20:00,20.1,0,20,0.833333333,
6/27/2025 21:00,20,0,21,0.875,
6/27/2025 22:00,19.2,0,22,0.916666667,
6/27/2025 23:00,18.2,0,23,0.958333333,
6/28/2025 0:00,18.1,0,0,0,
6/28/2025 1:00,17.2,0,1,0.041666667,
6/28/2025 2:00,17.9,0,2,0.083333333,
6/28/2025 3:00,18.5,0,3,0.125,
6/28/2025 4:00,17.1,0,4,0.166666667,
6/28/2025 5:00,17.1,0,5,0.208333333,
6/28/2025 6:00,17.8,0,6,0.25,
6/28/2025 7:00,18.3,0,7,0.291666667,
6/28/2025 8:00,19.2,0,8,0.333333333,
6/28/2025 9:00,21.2,0,9,0.375,
6/28/2025 10:00,22.1,0,10,0.416666667,
6/28/2025 11:00,24.2,0,11,0.458333333,
6/28/2025 12:00,23.5,0,12,0.5,
6/28/2025 13:00,24,0,13,0.541666667,
6/28/2025 14:00,25.5,0,14,0.583333333,
6/28/2025 15:00,26.6,0,15,0.625,
6/28/2025 16:00,26.8,0,16,0.666666667,
6/28/2025 17:00,23.3,0,17,0.708333333,
6/28/2025 18:00,25.7,0,18,0.75,
6/28/2025 19:00,25.4,0,19,0.791666667,
6/28/2025 20:00,24.5,0,20,0.833333333,
6/28/2025 21:00,23.9,0,21,0.875,
6/28/2025 22:00,22.5,0,22,0.916666667,
6/28/2025 23:00,21.3,0,23,0.958333333,
6/29/2025 0:00,20.5,0,0,0,
6/29/2025 1:00,20.1,0,1,0.041666667,
6/29/2025 2:00,19.6,0,2,0.083333333,
6/29/2025 3:00,18.8,0,3,0.125,
6/29/2025 4:00,18.6,0,4,0.166666667,
6/29/2025 5:00,18.2,0,5,0.208333333,
6/29/2025 6:00,17.6,0,6,0.25,
6/29/2025 7:00,18.4,0,7,0.291666667,
6/29/2025 8:00,20.2,0,8,0.333333333,
6/29/2025 9:00,21.7,0,9,0.375,
6/29/2025 10:00,23.5,0,10,0.416666667,
6/29/2025 11:00,24.1,0,11,0.458333333,
6/29/2025 12:00,25.6,0,12,0.5,
6/29/2025 13:00,25.2,0,13,0.541666667,
6/29/2025 14:00,24.7,0,14,0.583333333,
6/29/2025 15:00,26.4,0,15,0.625,
6/29/2025 16:00,25.9,0,16,0.666666667,
6/29/2025 17:00,26.1,0,17,0.708333333,
6/29/2025 18:00,25.6,0,18,0.75,
6/29/2025 19:00,24.3,0,19,0.791666667,
6/29/2025 20:00,22.8,0,20,0.833333333,
6/29/2025 21:00,20.8,0,21,0.875,
6/29/2025 22:00,18.6,0,22,0.916666667,
6/29/2025 23:00,17.3,0,23,0.958333333,
6/30/2025 0:00,16.6,0,0,0,
6/30/2025 1:00,15.5,0,1,0.041666667,
6/30/2025 2:00,14.6,0,2,0.083333333,
6/30/2025 3:00,13.9,0,3,0.125,
6/30/2025 4:00,13.5,0,4,0.166666667,
6/30/2025 5:00,12.6,0,5,0.208333333,
6/30/2025 6:00,12.8,0,6,0.25,
6/30/2025 7:00,14,0,7,0.291666667,
6/30/2025 8:00,15.3,0,8,0.333333333,
6/30/2025 9:00,17.4,0,9,0.375,
6/30/2025 10:00,20,0,10,0.416666667,
6/30/2025 11:00,22,0,11,0.458333333,
6/30/2025 12:00,23.8,0,12,0.5,
6/30/2025 13:00,25.3,0,13,0.541666667,
6/30/2025 14:00,26.6,0,14,0.583333333,
6/30/2025 15:00,27.9,0,15,0.625,
6/30/2025 16:00,28.4,0,16,0.666666667,
6/30/2025 17:00,28.3,0,17,0.708333333,
6/30/2025 18:00,28.5,0,18,0.75,
6/30/2025 19:00,28.4,0,19,0.791666667,
6/30/2025 20:00,27.2,0,20,0.833333333,
6/30/2025 21:00,25.9,0,21,0.875,
6/30/2025 22:00,24.3,0,22,0.916666667,
6/30/2025 23:00,21.9,0,23,0.958333333,
7/1/2025 0:00,20.4,0,0,0,
7/1/2025 1:00,19.6,0,1,0.041666667,
7/1/2025 2:00,18.2,0,2,0.083333333,
7/1/2025 3:00,17.2,0,3,0.125,
7/1/2025 4:00,17.8,0,4,0.166666667,
7/1/2025 5:00,16.5,0,5,0.208333333,
7/1/2025 6:00,16.5,0,6,0.25,
7/1/2025 7:00,18.2,0,7,0.291666667,
7/1/2025 8:00,20.7,0,8,0.333333333,
7/1/2025 9:00,23.1,0,9,0.375,
7/1/2025 10:00,25.8,0,10,0.416666667,
7/1/2025 11:00,29.8,0,11,0.458333333,
7/1/2025 12:00,31,0,12,0.5,
7/1/2025 13:00,32.4,0,13,0.541666667,
7/1/2025 14:00,34.2,0,14,0.583333333,
7/1/2025 15:00,34.6,0,15,0.625,
7/1/2025 16:00,34.8,0,16,0.666666667,
7/1/2025 17:00,35.6,0,17,0.708333333,
7/1/2025 18:00,34.8,0,18,0.75,
7/1/2025 19:00,34.4,0,19,0.791666667,
7/1/2025 20:00,34.3,0,20,0.833333333,
7/1/2025 21:00,31,0,21,0.875,
7/1/2025 22:00,30.1,0,22,0.916666667,
7/1/2025 23:00,28.2,0,23,0.958333333,
7/2/2025 0:00,27.3,0,0,0,
7/2/2025 1:00,27.1,0,1,0.041666667,
7/2/2025 2:00,26.5,0,2,0.083333333,
7/2/2025 3:00,25.7,0,3,0.125,
7/2/2025 4:00,24.7,0,4,0.166666667,
7/2/2025 5:00,23.4,0,5,0.208333333,
7/2/2025 6:00,23.4,0,6,0.25,
7/2/2025 7:00,23.9,0,7,0.291666667,
7/2/2025 8:00,24.5,0,8,0.333333333,
7/2/2025 9:00,26.4,0,9,0.375,
7/2/2025 10:00,28.7,0,10,0.416666667,
7/2/2025 11:00,30.9,0,11,0.458333333,
7/2/2025 12:00,30.2,0,12,0.5,
7/2/2025 13:00,34.6,0,13,0.541666667,
7/2/2025 14:00,36,0,14,0.583333333,
7/2/2025 15:00,37,0,15,0.625,
7/2/2025 16:00,36.6,0,16,0.666666667,
7/2/2025 17:00,36.3,0,17,0.708333333,
7/2/2025 18:00,23.4,0,18,0.75,
7/2/2025 19:00,28.2,2.1,19,0.791666667,
7/2/2025 20:00,22,4.4,20,0.833333333,
7/2/2025 21:00,21.8,0.9,21,0.875,
7/2/2025 22:00,22.6,0,22,0.916666667,
7/2/2025 23:00,20.5,0.1,23,0.958333333,
7/3/2025 0:00,18.6,0,0,0,
7/3/2025 1:00,18.2,0,1,0.041666667,
7/3/2025 2:00,17.8,0,2,0.083333333,
7/3/2025 3:00,17,0,3,0.125,
7/3/2025 4:00,17,0,4,0.166666667,
7/3/2025 5:00,16.4,0,5,0.208333333,
7/3/2025 6:00,15.6,0,6,0.25,
7/3/2025 7:00,16.3,0,7,0.291666667,
7/3/2025 8:00,17,0,8,0.333333333,
7/3/2025 9:00,18.1,0,9,0.375,
7/3/2025 10:00,19.1,0,10,0.416666667,
7/3/2025 11:00,19.1,0,11,0.458333333,
7/3/2025 12:00,19.6,0,12,0.5,
7/3/2025 13:00,21.1,0,13,0.541666667,
7/3/2025 14:00,21.6,0,14,0.583333333,
7/3/2025 15:00,22.1,0,15,0.625,
7/3/2025 16:00,23,0,16,0.666666667,
7/3/2025 17:00,22,0,17,0.708333333,
7/3/2025 18:00,21.7,0,18,0.75,
7/3/2025 19:00,21.8,0,19,0.791666667,
7/3/2025 20:00,20,0,20,0.833333333,
7/3/2025 21:00,19,0,21,0.875,
7/3/2025 22:00,18,0,22,0.916666667,
7/3/2025 23:00,16.1,0,23,0.958333333,
7/4/2025 0:00,15.4,0,0,0,
7/4/2025 1:00,15.4,0,1,0.041666667,
7/4/2025 2:00,14.8,0,2,0.083333333,
7/4/2025 3:00,13.6,0,3,0.125,
7/4/2025 4:00,12.7,0,4,0.166666667,
7/4/2025 5:00,12,0,5,0.208333333,
7/4/2025 6:00,12,0,6,0.25,
7/4/2025 7:00,13.3,0,7,0.291666667,
7/4/2025 8:00,15.4,0,8,0.333333333,
7/4/2025 9:00,17.4,0,9,0.375,
7/4/2025 10:00,19.4,0,10,0.416666667,
7/4/2025 11:00,20.8,0,11,0.458333333,
7/4/2025 12:00,22.8,0,12,0.5,
7/4/2025 13:00,23.8,0,13,0.541666667,
7/4/2025 14:00,23.5,0,14,0.583333333,
7/4/2025 15:00,24.6,0,15,0.625,
7/4/2025 16:00,25.1,0,16,0.666666667,
7/4/2025 17:00,24.5,0,17,0.708333333,
7/4/2025 18:00,24.6,0,18,0.75,
7/4/2025 19:00,23.9,0,19,0.791666667,
7/4/2025 20:00,22.9,0,20,0.833333333,
7/4/2025 21:00,22,0,21,0.875,
7/4/2025 22:00,20.6,0,22,0.916666667,
7/4/2025 23:00,18.6,0,23,0.958333333,
7/5/2025 0:00,18.4,0,0,0,
7/5/2025 1:00,17.8,0,1,0.041666667,
7/5/2025 2:00,16.6,0,2,0.083333333,
7/5/2025 3:00,16.8,0,3,0.125,
7/5/2025 4:00,16.6,0,4,0.166666667,
7/5/2025 5:00,16.8,0,5,0.208333333,
7/5/2025 6:00,16.7,0,6,0.25,
7/5/2025 7:00,17.2,0,7,0.291666667,
7/5/2025 8:00,17.1,0,8,0.333333333,
7/5/2025 9:00,18.7,0,9,0.375,
7/5/2025 10:00,19.2,0,10,0.416666667,
7/5/2025 11:00,19.5,0,11,0.458333333,
7/5/2025 12:00,18.6,0,12,0.5,
7/5/2025 13:00,19.3,0,13,0.541666667,
7/5/2025 14:00,21.2,0,14,0.583333333,
7/5/2025 15:00,21.1,0,15,0.625,
7/5/2025 16:00,22.1,0,16,0.666666667,
7/5/2025 17:00,21.2,0,17,0.708333333,
7/5/2025 18:00,20.5,0,18,0.75,
7/5/2025 19:00,22.1,0,19,0.791666667,
7/5/2025 20:00,21,0,20,0.833333333,
7/5/2025 21:00,19.9,0,21,0.875,
7/5/2025 22:00,19.9,0,22,0.916666667,
7/5/2025 23:00,19.6,0,23,0.958333333,
7/6/2025 0:00,17.9,0.1,0,0,
7/6/2025 1:00,17.7,0.2,1,0.041666667,
7/6/2025 2:00,17.5,0,2,0.083333333,
7/6/2025 3:00,17,0,3,0.125,
7/6/2025 4:00,17,0,4,0.166666667,
7/6/2025 5:00,17.2,0.1,5,0.208333333,
7/6/2025 6:00,17,0,6,0.25,
7/6/2025 7:00,17.3,0,7,0.291666667,
7/6/2025 8:00,17.4,0,8,0.333333333,
7/6/2025 9:00,18.5,0,9,0.375,
7/6/2025 10:00,20.4,0,10,0.416666667,
7/6/2025 11:00,20.9,0.1,11,0.458333333,
7/6/2025 12:00,20.7,0.1,12,0.5,
7/6/2025 13:00,19.4,0.2,13,0.541666667,
7/6/2025 14:00,19.7,6.1,14,0.583333333,
7/6/2025 15:00,19.2,0.4,15,0.625,
7/6/2025 16:00,17.9,0.7,16,0.666666667,
7/6/2025 17:00,16.5,0.7,17,0.708333333,
7/6/2025 18:00,16.6,2,18,0.75,
7/6/2025 19:00,16.1,2.2,19,0.791666667,
7/6/2025 20:00,16.1,0.1,20,0.833333333,
7/6/2025 21:00,16.1,0,21,0.875,
7/6/2025 22:00,15.6,0,22,0.916666667,
7/6/2025 23:00,15.7,0,23,0.958333333,
7/7/2025 0:00,15.8,0,0,0,
7/7/2025 1:00,15.6,0,1,0.041666667,
7/7/2025 2:00,15.6,0.2,2,0.083333333,
7/7/2025 3:00,15.6,0.5,3,0.125,
7/7/2025 4:00,15.8,0.1,4,0.166666667,
7/7/2025 5:00,15.2,0.1,5,0.208333333,
7/7/2025 6:00,15.6,0,6,0.25,
7/7/2025 7:00,15.4,0.4,7,0.291666667,
7/7/2025 8:00,15.5,1.4,8,0.333333333,
7/7/2025 9:00,16.1,0.7,9,0.375,
7/7/2025 10:00,14.7,7.1,10,0.416666667,
7/7/2025 11:00,15,0.9,11,0.458333333,
7/7/2025 12:00,14.8,0.6,12,0.5,
7/7/2025 13:00,14.5,0.1,13,0.541666667,
7/7/2025 14:00,16.3,0.1,14,0.583333333,
7/7/2025 15:00,17.2,0.1,15,0.625,
7/7/2025 16:00,17.8,0,16,0.666666667,
7/7/2025 17:00,17.7,0.1,17,0.708333333,
7/7/2025 18:00,17.4,0,18,0.75,
7/7/2025 19:00,17.3,0,19,0.791666667,
7/7/2025 20:00,16.3,0,20,0.833333333,
7/7/2025 21:00,15.5,0,21,0.875,
7/7/2025 22:00,14.6,0,22,0.916666667,
7/7/2025 23:00,14.1,0,23,0.958333333,
7/8/2025 0:00,13.2,0,0,0,
7/8/2025 1:00,12.7,0,1,0.041666667,
7/8/2025 2:00,12.5,0,2,0.083333333,
7/8/2025 3:00,11.4,0,3,0.125,
7/8/2025 4:00,11.6,0,4,0.166666667,
7/8/2025 5:00,12.1,0.2,5,0.208333333,
7/8/2025 6:00,11.1,0,6,0.25,
7/8/2025 7:00,11.6,0,7,0.291666667,
7/8/2025 8:00,13.9,0,8,0.333333333,
7/8/2025 9:00,15.3,0,9,0.375,
7/8/2025 10:00,16.3,0,10,0.416666667,
7/8/2025 11:00,17.6,0,11,0.458333333,
7/8/2025 12:00,17.1,0,12,0.5,
7/8/2025 13:00,18.2,0.9,13,0.541666667,
7/8/2025 14:00,19.3,0,14,0.583333333,
7/8/2025 15:00,19.3,0,15,0.625,
7/8/2025 16:00,19.1,0,16,0.666666667,
7/8/2025 17:00,19.8,0,17,0.708333333,
7/8/2025 18:00,18.2,0,18,0.75,
7/8/2025 19:00,18.2,0,19,0.791666667,
7/8/2025 20:00,17.8,0,20,0.833333333,
7/8/2025 21:00,16.5,0,21,0.875,
7/8/2025 22:00,16.5,0,22,0.916666667,
7/8/2025 23:00,16.5,0,23,0.958333333,
7/9/2025 0:00,14.1,0,0,0,
7/9/2025 1:00,15.8,0,1,0.041666667,
7/9/2025 2:00,15.6,0,2,0.083333333,
7/9/2025 3:00,14.3,0,3,0.125,
7/9/2025 4:00,15.4,0,4,0.166666667,
7/9/2025 5:00,15.3,0,5,0.208333333,
7/9/2025 6:00,14.4,0,6,0.25,
7/9/2025 7:00,15.3,0,7,0.291666667,
7/9/2025 8:00,15.7,0,8,0.333333333,
7/9/2025 9:00,16.3,0,9,0.375,
7/9/2025 10:00,19.1,0,10,0.416666667,
7/9/2025 11:00,18.8,0,11,0.458333333,
7/9/2025 12:00,18.8,0,12,0.5,
7/9/2025 13:00,20.9,0,13,0.541666667,
7/9/2025 14:00,20.8,0,14,0.583333333,
7/9/2025 15:00,21.7,0,15,0.625,
7/9/2025 16:00,22.2,0,16,0.666666667,
7/9/2025 17:00,22.1,0,17,0.708333333,
7/9/2025 18:00,22.5,0,18,0.75,
7/9/2025 19:00,22.1,0,19,0.791666667,
7/9/2025 20:00,20.8,0,20,0.833333333,
7/9/2025 21:00,19.8,0,21,0.875,
7/9/2025 22:00,18.5,0,22,0.916666667,
7/9/2025 23:00,16.6,0,23,0.958333333,
7/10/2025 0:00,15.8,0,0,0,
7/10/2025 1:00,15,0,1,0.041666667,
7/10/2025 2:00,14,0,2,0.083333333,
7/10/2025 3:00,12.9,0,3,0.125,
7/10/2025 4:00,12.6,0,4,0.166666667,
7/10/2025 5:00,12.2,0,5,0.208333333,
7/10/2025 6:00,12.6,0,6,0.25,
7/10/2025 7:00,14.3,0,7,0.291666667,
7/10/2025 8:00,15.5,0,8,0.333333333,
7/10/2025 9:00,15.8,0,9,0.375,
7/10/2025 10:00,18.9,0,10,0.416666667,
7/10/2025 11:00,19.6,0,11,0.458333333,
7/10/2025 12:00,18.9,0,12,0.5,
7/10/2025 13:00,19.4,0,13,0.541666667,
7/10/2025 14:00,20.4,0,14,0.583333333,
7/10/2025 15:00,19.9,0,15,0.625,
7/10/2025 16:00,22.2,0,16,0.666666667,
7/10/2025 17:00,21,0,17,0.708333333,
7/10/2025 18:00,19.3,0,18,0.75,
7/10/2025 19:00,21.1,0,19,0.791666667,
7/10/2025 20:00,19.4,0,20,0.833333333,
7/10/2025 21:00,18.4,0,21,0.875,
7/10/2025 22:00,17.8,0,22,0.916666667,
7/10/2025 23:00,17.5,0,23,0.958333333,
7/11/2025 0:00,17,0,0,0,
7/11/2025 1:00,17,0,1,0.041666667,
7/11/2025 2:00,17,0,2,0.083333333,
7/11/2025 3:00,16.6,0,3,0.125,
7/11/2025 4:00,16.7,0,4,0.166666667,
7/11/2025 5:00,15.7,0,5,0.208333333,
7/11/2025 6:00,15.4,0,6,0.25,
7/11/2025 7:00,16,0,7,0.291666667,
7/11/2025 8:00,17.3,0,8,0.333333333,
7/11/2025 9:00,17.1,0,9,0.375,
7/11/2025 10:00,18.8,0,10,0.416666667,
7/11/2025 11:00,19,0,11,0.458333333,
7/11/2025 12:00,20.1,0,12,0.5,
7/11/2025 13:00,21.2,0,13,0.541666667,
7/11/2025 14:00,21.5,0,14,0.583333333,
7/11/2025 15:00,22.7,0,15,0.625,
7/11/2025 16:00,23.3,0,16,0.666666667,
7/11/2025 17:00,23.2,0,17,0.708333333,
7/11/2025 18:00,22.6,0,18,0.75,
7/11/2025 19:00,22.9,0,19,0.791666667,
7/11/2025 20:00,21.3,0,20,0.833333333,
7/11/2025 21:00,20,0,21,0.875,
7/11/2025 22:00,19.2,0,22,0.916666667,
7/11/2025 23:00,17.3,0,23,0.958333333,
7/12/2025 0:00,16.6,0,0,0,
7/12/2025 1:00,16.2,0,1,0.041666667,
7/12/2025 2:00,16,0,2,0.083333333,
7/12/2025 3:00,15.8,0,3,0.125,
7/12/2025 4:00,15.4,0,4,0.166666667,
7/12/2025 5:00,15.5,0,5,0.208333333,
7/12/2025 6:00,14.3,0,6,0.25,
7/12/2025 7:00,15.8,0,7,0.291666667,
7/12/2025 8:00,16.4,0,8,0.333333333,
7/12/2025 9:00,17.5,0,9,0.375,
7/12/2025 10:00,21.5,0,10,0.416666667,
7/12/2025 11:00,21,0,11,0.458333333,
7/12/2025 12:00,21.6,0,12,0.5,
7/12/2025 13:00,24,0,13,0.541666667,
7/12/2025 14:00,26,0,14,0.583333333,
7/12/2025 15:00,24.9,0,15,0.625,
7/12/2025 16:00,25,0,16,0.666666667,
7/12/2025 17:00,22.4,0,17,0.708333333,
7/12/2025 18:00,23,0,18,0.75,
7/12/2025 19:00,22.8,0,19,0.791666667,
7/12/2025 20:00,17.9,0,20,0.833333333,
7/12/2025 21:00,20.3,0,21,0.875,
7/12/2025 22:00,19.9,0,22,0.916666667,
7/12/2025 23:00,17.4,0,23,0.958333333,
7/13/2025 0:00,18.5,0,0,0,
7/13/2025 1:00,18.5,0,1,0.041666667,
7/13/2025 2:00,17.4,0,2,0.083333333,
7/13/2025 3:00,18.2,0,3,0.125,
7/13/2025 4:00,18.2,0,4,0.166666667,
7/13/2025 5:00,17,0,5,0.208333333,
7/13/2025 6:00,17.6,0,6,0.25,
7/13/2025 7:00,17.9,0,7,0.291666667,
7/13/2025 8:00,17.8,0,8,0.333333333,
7/13/2025 9:00,19.5,0,9,0.375,
7/13/2025 10:00,19.5,0,10,0.416666667,
7/13/2025 11:00,20.1,0,11,0.458333333,
7/13/2025 12:00,19.2,0.1,12,0.5,
7/13/2025 13:00,22.1,0,13,0.541666667,
7/13/2025 14:00,22.1,0.8,14,0.583333333,
7/13/2025 15:00,22.3,0,15,0.625,
7/13/2025 16:00,21.5,0,16,0.666666667,
7/13/2025 17:00,23.6,0,17,0.708333333,
7/13/2025 18:00,23.3,0,18,0.75,
7/13/2025 19:00,22.6,0,19,0.791666667,
7/13/2025 20:00,22.5,0,20,0.833333333,
7/13/2025 21:00,22.1,0,21,0.875,
7/13/2025 22:00,20.3,0,22,0.916666667,
7/13/2025 23:00,18.7,0,23,0.958333333,
7/14/2025 0:00,17.8,0,0,0,
7/14/2025 1:00,17.2,0,1,0.041666667,
7/14/2025 2:00,16.1,0,2,0.083333333,
7/14/2025 3:00,15.6,0,3,0.125,
7/14/2025 4:00,15.5,0,4,0.166666667,
7/14/2025 5:00,14.7,0,5,0.208333333,
7/14/2025 6:00,14.7,0,6,0.25,
7/14/2025 7:00,16.1,0,7,0.291666667,
7/14/2025 8:00,18.3,0,8,0.333333333,
7/14/2025 9:00,20.5,0,9,0.375,
7/14/2025 10:00,22.3,0,10,0.416666667,
7/14/2025 11:00,23.5,0,11,0.458333333,
7/14/2025 12:00,24.2,0,12,0.5,
7/14/2025 13:00,25.5,0,13,0.541666667,
7/14/2025 14:00,25,0,14,0.583333333,
7/14/2025 15:00,26.1,0,15,0.625,
7/14/2025 16:00,26.5,0,16,0.666666667,
7/14/2025 17:00,26,0,17,0.708333333,
7/14/2025 18:00,25.8,0,18,0.75,
7/14/2025 19:00,22.6,0,19,0.791666667,
7/14/2025 20:00,22.4,0,20,0.833333333,
7/14/2025 21:00,22.5,0.2,21,0.875,
7/14/2025 22:00,20.9,0,22,0.916666667,
7/14/2025 23:00,19,0,23,0.958333333,
7/15/2025 0:00,19.2,0,0,0,
7/15/2025 1:00,18.7,0,1,0.041666667,
7/15/2025 2:00,18,0,2,0.083333333,
7/15/2025 3:00,18.3,0,3,0.125,
7/15/2025 4:00,18.3,0,4,0.166666667,
7/15/2025 5:00,17.3,0,5,0.208333333,
7/15/2025 6:00,17.4,0,6,0.25,
7/15/2025 7:00,17.1,0,7,0.291666667,
7/15/2025 8:00,17.3,0,8,0.333333333,
7/15/2025 9:00,18.8,0,9,0.375,
7/15/2025 10:00,20.2,0,10,0.416666667,
7/15/2025 11:00,20.4,0,11,0.458333333,
7/15/2025 12:00,21.2,0.1,12,0.5,
7/15/2025 13:00,22.7,0,13,0.541666667,
7/15/2025 14:00,23.9,0,14,0.583333333,
7/15/2025 15:00,18,0,15,0.625,
7/15/2025 16:00,19.8,0.3,16,0.666666667,
7/15/2025 17:00,23.3,0,17,0.708333333,
7/15/2025 18:00,21.4,0,18,0.75,
7/15/2025 19:00,21.5,0,19,0.791666667,
7/15/2025 20:00,21.7,0,20,0.833333333,
7/15/2025 21:00,20.3,0,21,0.875,
7/15/2025 22:00,18.6,0,22,0.916666667,
7/15/2025 23:00,19.1,0,23,0.958333333,
7/16/2025 0:00,16.9,0,0,0,
7/16/2025 1:00,16.5,0,1,0.041666667,
7/16/2025 2:00,16.2,0.5,2,0.083333333,
7/16/2025 3:00,15.9,0.7,3,0.125,
7/16/2025 4:00,15.5,0,4,0.166666667,
7/16/2025 5:00,15.3,0,5,0.208333333,
7/16/2025 6:00,14.6,0,6,0.25,
7/16/2025 7:00,14.1,0.8,7,0.291666667,
7/16/2025 8:00,14.6,0.5,8,0.333333333,
7/16/2025 9:00,14.6,0,9,0.375,
7/16/2025 10:00,15.6,0,10,0.416666667,
7/16/2025 11:00,15.4,0.1,11,0.458333333,
7/16/2025 12:00,17.3,0,12,0.5,
7/16/2025 13:00,18.1,0.9,13,0.541666667,
7/16/2025 14:00,17.2,1.6,14,0.583333333,
7/16/2025 15:00,16.8,2,15,0.625,
7/16/2025 16:00,19.4,0.3,16,0.666666667,
7/16/2025 17:00,17.5,0,17,0.708333333,
7/16/2025 18:00,18.4,0,18,0.75,
7/16/2025 19:00,19.2,0,19,0.791666667,
7/16/2025 20:00,19.5,0,20,0.833333333,
7/16/2025 21:00,18.6,0,21,0.875,
7/16/2025 22:00,17.6,0,22,0.916666667,
7/16/2025 23:00,16.1,0,23,0.958333333,
7/17/2025 0:00,14.9,0,0,0,
7/17/2025 1:00,14.3,0,1,0.041666667,
7/17/2025 2:00,13.5,0,2,0.083333333,
7/17/2025 3:00,12.5,0,3,0.125,
7/17/2025 4:00,12.5,0,4,0.166666667,
7/17/2025 5:00,12.7,0,5,0.208333333,
7/17/2025 6:00,14.3,0,6,0.25,
7/17/2025 7:00,14.4,0.1,7,0.291666667,
7/17/2025 8:00,15.2,0,8,0.333333333,
7/17/2025 9:00,16.5,0,9,0.375,
7/17/2025 10:00,17.2,0,10,0.416666667,
7/17/2025 11:00,18.1,0,11,0.458333333,
7/17/2025 12:00,18.8,0.1,12,0.5,
7/17/2025 13:00,19.3,0.1,13,0.541666667,
7/17/2025 14:00,20,0,14,0.583333333,
7/17/2025 15:00,20,0,15,0.625,
7/17/2025 16:00,19.5,0,16,0.666666667,
7/17/2025 17:00,20.5,0,17,0.708333333,
7/17/2025 18:00,21.5,0,18,0.75,
7/17/2025 19:00,21.4,0,19,0.791666667,
7/17/2025 20:00,20.9,0,20,0.833333333,
7/17/2025 21:00,19.7,0,21,0.875,
7/17/2025 22:00,19,0,22,0.916666667,
7/17/2025 23:00,18.7,0,23,0.958333333,
7/18/2025 0:00,16.7,0,0,0,
7/18/2025 1:00,15.9,0,1,0.041666667,
7/18/2025 2:00,15.5,0,2,0.083333333,
7/18/2025 3:00,15,0,3,0.125,
7/18/2025 4:00,15.1,0,4,0.166666667,
7/18/2025 5:00,14.6,0,5,0.208333333,
7/18/2025 6:00,14.4,0,6,0.25,
7/18/2025 7:00,15.7,0,7,0.291666667,
7/18/2025 8:00,17.6,0,8,0.333333333,
7/18/2025 9:00,18.4,0,9,0.375,
7/18/2025 10:00,19.4,0,10,0.416666667,
7/18/2025 11:00,20.6,0,11,0.458333333,
7/18/2025 12:00,20.8,0,12,0.5,
7/18/2025 13:00,22.3,0,13,0.541666667,
7/18/2025 14:00,23.7,0,14,0.583333333,
7/18/2025 15:00,23.8,0,15,0.625,
7/18/2025 16:00,24.4,0,16,0.666666667,
7/18/2025 17:00,24.3,0,17,0.708333333,
7/18/2025 18:00,24.7,0,18,0.75,
7/18/2025 19:00,24,0,19,0.791666667,
7/18/2025 20:00,23.6,0,20,0.833333333,
7/18/2025 21:00,22.3,0,21,0.875,
7/18/2025 22:00,21.1,0,22,0.916666667,
7/18/2025 23:00,20.8,0,23,0.958333333,
7/19/2025 0:00,19.3,0,0,0,
7/19/2025 1:00,18.2,0,1,0.041666667,
7/19/2025 2:00,17.4,0,2,0.083333333,
7/19/2025 3:00,17,0,3,0.125,
7/19/2025 4:00,16.8,0,4,0.166666667,
7/19/2025 5:00,16.5,0,5,0.208333333,
7/19/2025 6:00,16.8,0,6,0.25,
7/19/2025 7:00,17.7,0,7,0.291666667,
7/19/2025 8:00,17.7,0,8,0.333333333,
7/19/2025 9:00,20.7,0,9,0.375,
7/19/2025 10:00,22.8,0,10,0.416666667,
7/19/2025 11:00,24.6,0,11,0.458333333,
7/19/2025 12:00,26.7,0,12,0.5,
7/19/2025 13:00,27.9,0,13,0.541666667,
7/19/2025 14:00,28.5,0,14,0.583333333,
7/19/2025 15:00,29.1,0,15,0.625,
7/19/2025 16:00,29.9,0,16,0.666666667,
7/19/2025 17:00,29.1,0,17,0.708333333,
7/19/2025 18:00,28.8,0,18,0.75,
7/19/2025 19:00,29.5,0,19,0.791666667,
7/19/2025 20:00,28.1,0,20,0.833333333,
7/19/2025 21:00,26.5,0,21,0.875,
7/19/2025 22:00,26.1,0,22,0.916666667,
7/19/2025 23:00,25.3,0,23,0.958333333,
7/20/2025 0:00,24.9,0.1,0,0,
7/20/2025 1:00,23.7,0,1,0.041666667,
7/20/2025 2:00,21.1,0,2,0.083333333,
7/20/2025 3:00,22.7,1,3,0.125,
7/20/2025 4:00,20,0.1,4,0.166666667,
7/20/2025 5:00,19.9,3.6,5,0.208333333,
7/20/2025 6:00,19.7,0.6,6,0.25,
7/20/2025 7:00,19.6,1.1,7,0.291666667,
7/20/2025 8:00,19.9,0,8,0.333333333,
7/20/2025 9:00,21.1,0.5,9,0.375,
7/20/2025 10:00,22,0,10,0.416666667,
7/20/2025 11:00,21.3,0,11,0.458333333,
7/20/2025 12:00,23,0,12,0.5,
7/20/2025 13:00,24,0,13,0.541666667,
7/20/2025 14:00,25.3,0,14,0.583333333,
7/20/2025 15:00,26.7,0,15,0.625,
7/20/2025 16:00,27.4,0,16,0.666666667,
7/20/2025 17:00,28,0,17,0.708333333,
7/20/2025 18:00,26.1,0,18,0.75,
7/20/2025 19:00,26.9,0,19,0.791666667,
7/20/2025 20:00,22.4,0,20,0.833333333,
7/20/2025 21:00,20.7,0,21,0.875,
7/20/2025 22:00,19.5,12.5,22,0.916666667,
7/20/2025 23:00,19.1,0,23,0.958333333,
7/21/2025 0:00,18.8,0,0,0,
7/21/2025 1:00,18.9,0,1,0.041666667,
7/21/2025 2:00,18.5,0,2,0.083333333,
7/21/2025 3:00,16.9,0,3,0.125,
7/21/2025 4:00,17.8,0,4,0.166666667,
7/21/2025 5:00,17,0,5,0.208333333,
7/21/2025 6:00,16.7,0,6,0.25,
7/21/2025 7:00,17.3,0,7,0.291666667,
7/21/2025 8:00,17.9,0,8,0.333333333,
7/21/2025 9:00,19,0,9,0.375,
7/21/2025 10:00,20.5,0,10,0.416666667,
7/21/2025 11:00,22.1,0,11,0.458333333,
7/21/2025 12:00,22.8,0,12,0.5,
7/21/2025 13:00,23.6,0,13,0.541666667,
7/21/2025 14:00,24.7,0,14,0.583333333,
7/21/2025 15:00,24.3,0,15,0.625,
7/21/2025 16:00,24.5,0,16,0.666666667,
7/21/2025 17:00,21,0,17,0.708333333,
7/21/2025 18:00,22.8,0.1,18,0.75,
7/21/2025 19:00,20.3,15.8,19,0.791666667,
7/21/2025 20:00,22,6.3,20,0.833333333,
7/21/2025 21:00,18,0,21,0.875,
7/21/2025 22:00,18.5,0,22,0.916666667,
7/21/2025 23:00,18,0,23,0.958333333,
7/22/2025 0:00,17.5,0,0,0,
7/22/2025 1:00,16.6,0,1,0.041666667,
7/22/2025 2:00,16.8,0,2,0.083333333,
7/22/2025 3:00,16,0,3,0.125,
7/22/2025 4:00,16.2,0,4,0.166666667,
7/22/2025 5:00,16.2,0,5,0.208333333,
7/22/2025 6:00,15.8,0,6,0.25,
7/22/2025 7:00,16.4,0,7,0.291666667,
7/22/2025 8:00,16.9,0,8,0.333333333,
7/22/2025 9:00,18.2,4.2,9,0.375,
7/22/2025 10:00,16.7,0,10,0.416666667,
7/22/2025 11:00,18.9,0.1,11,0.458333333,
7/22/2025 12:00,18.3,0.7,12,0.5,
7/22/2025 13:00,18.7,1.3,13,0.541666667,
7/22/2025 14:00,18.4,4.9,14,0.583333333,
7/22/2025 15:00,18,0,15,0.625,
7/22/2025 16:00,19.3,0.1,16,0.666666667,
7/22/2025 17:00,20.1,0.6,17,0.708333333,
7/22/2025 18:00,18.2,0,18,0.75,
7/22/2025 19:00,20.2,0.1,19,0.791666667,
7/22/2025 20:00,20.1,0,20,0.833333333,
7/22/2025 21:00,18.7,0,21,0.875,
7/22/2025 22:00,17.8,0,22,0.916666667,
7/22/2025 23:00,17.8,0,23,0.958333333,
7/23/2025 0:00,17.2,0,0,0,
7/23/2025 1:00,16.7,0,1,0.041666667,
7/23/2025 2:00,16.2,0,2,0.083333333,
7/23/2025 3:00,15.5,0,3,0.125,
7/23/2025 4:00,14.9,0,4,0.166666667,
7/23/2025 5:00,14.6,0,5,0.208333333,
7/23/2025 6:00,14.4,0,6,0.25,
7/23/2025 7:00,15.8,0,7,0.291666667,
7/23/2025 8:00,17.4,0,8,0.333333333,
7/23/2025 9:00,18.3,0,9,0.375,
7/23/2025 10:00,19.3,0,10,0.416666667,
7/23/2025 11:00,21.1,0,11,0.458333333,
7/23/2025 12:00,22,0,12,0.5,
7/23/2025 13:00,21.8,0,13,0.541666667,
7/23/2025 14:00,24.5,0,14,0.583333333,
7/23/2025 15:00,24.4,0,15,0.625,
7/23/2025 16:00,24.4,0,16,0.666666667,
7/23/2025 17:00,24.5,0,17,0.708333333,
7/23/2025 18:00,23.6,0,18,0.75,
7/23/2025 19:00,22.8,0,19,0.791666667,
7/23/2025 20:00,22,0,20,0.833333333,
7/23/2025 21:00,20.6,0,21,0.875,
7/23/2025 22:00,19.7,0,22,0.916666667,
7/23/2025 23:00,18.1,0,23,0.958333333,
7/24/2025 0:00,17.4,0,0,0,
7/24/2025 1:00,16.7,0,1,0.041666667,
7/24/2025 2:00,16.6,0,2,0.083333333,
7/24/2025 3:00,16.3,0,3,0.125,
7/24/2025 4:00,14.9,0,4,0.166666667,
7/24/2025 5:00,15.9,0,5,0.208333333,
7/24/2025 6:00,14.9,0,6,0.25,
7/24/2025 7:00,15.4,0,7,0.291666667,
7/24/2025 8:00,17.4,0,8,0.333333333,
7/24/2025 9:00,18.9,0,9,0.375,
7/24/2025 10:00,19,0,10,0.416666667,
7/24/2025 11:00,20,0.1,11,0.458333333,
7/24/2025 12:00,22.3,0,12,0.5,
7/24/2025 13:00,20.4,0,13,0.541666667,
7/24/2025 14:00,24,0,14,0.583333333,
7/24/2025 15:00,23.4,0,15,0.625,
7/24/2025 16:00,23.4,0,16,0.666666667,
7/24/2025 17:00,24.6,0,17,0.708333333,
7/24/2025 18:00,23.9,0,18,0.75,
7/24/2025 19:00,24.1,0,19,0.791666667,
7/24/2025 20:00,23.1,0,20,0.833333333,
7/24/2025 21:00,21.1,0,21,0.875,
7/24/2025 22:00,20.4,0,22,0.916666667,
7/24/2025 23:00,19.4,0,23,0.958333333,
7/25/2025 0:00,19.2,0,0,0,
7/25/2025 1:00,18.5,0,1,0.041666667,
7/25/2025 2:00,18.3,0,2,0.083333333,
7/25/2025 3:00,18.7,0,3,0.125,
7/25/2025 4:00,18.4,0,4,0.166666667,
7/25/2025 5:00,18.5,0,5,0.208333333,
7/25/2025 6:00,18.4,0,6,0.25,
7/25/2025 7:00,18.4,0,7,0.291666667,
7/25/2025 8:00,18.7,0,8,0.333333333,
7/25/2025 9:00,18.7,0.1,9,0.375,
7/25/2025 10:00,18.3,0.1,10,0.416666667,
7/25/2025 11:00,19.3,0,11,0.458333333,
7/25/2025 12:00,19.4,0,12,0.5,
7/25/2025 13:00,20.4,0,13,0.541666667,
7/25/2025 14:00,21.6,0,14,0.583333333,
7/25/2025 15:00,20.9,0,15,0.625,
7/25/2025 16:00,22.3,0,16,0.666666667,
7/25/2025 17:00,22.4,0,17,0.708333333,
7/25/2025 18:00,21.5,0,18,0.75,
7/25/2025 19:00,21.9,0,19,0.791666667,
7/25/2025 20:00,21.5,0,20,0.833333333,
7/25/2025 21:00,20.2,0,21,0.875,
7/25/2025 22:00,19,0,22,0.916666667,
7/25/2025 23:00,17.7,0,23,0.958333333,
7/26/2025 0:00,17.4,0,0,0,
7/26/2025 1:00,16.6,0,1,0.041666667,
7/26/2025 2:00,15.7,0,2,0.083333333,
7/26/2025 3:00,15.5,0,3,0.125,
7/26/2025 4:00,14.4,0,4,0.166666667,
7/26/2025 5:00,13.8,0,5,0.208333333,
7/26/2025 6:00,14.6,0,6,0.25,
7/26/2025 7:00,15.7,0,7,0.291666667,
7/26/2025 8:00,16.7,0,8,0.333333333,
7/26/2025 9:00,18.7,0,9,0.375,
7/26/2025 10:00,21.1,0,10,0.416666667,
7/26/2025 11:00,20.7,0,11,0.458333333,
7/26/2025 12:00,23.5,0,12,0.5,
7/26/2025 13:00,24.8,0,13,0.541666667,
7/26/2025 14:00,24.6,0,14,0.583333333,
7/26/2025 15:00,24.1,0,15,0.625,
7/26/2025 16:00,25.7,0,16,0.666666667,
7/26/2025 17:00,26,0.4,17,0.708333333,
7/26/2025 18:00,25.1,0,18,0.75,
7/26/2025 19:00,24.6,0,19,0.791666667,
7/26/2025 20:00,22.1,0,20,0.833333333,
7/26/2025 21:00,22.3,0,21,0.875,
7/26/2025 22:00,21.5,0,22,0.916666667,
7/26/2025 23:00,20.4,0,23,0.958333333,
7/27/2025 0:00,20,0,0,0,
7/27/2025 1:00,19,0,1,0.041666667,
7/27/2025 2:00,18.3,0,2,0.083333333,
7/27/2025 3:00,17.8,0,3,0.125,
7/27/2025 4:00,18,0,4,0.166666667,
7/27/2025 5:00,18.1,0.1,5,0.208333333,
7/27/2025 6:00,17.5,1.2,6,0.25,
7/27/2025 7:00,17.4,0,7,0.291666667,
7/27/2025 8:00,16.8,0.2,8,0.333333333,
7/27/2025 9:00,17.3,0.1,9,0.375,
7/27/2025 10:00,17.6,0,10,0.416666667,
7/27/2025 11:00,18.8,0,11,0.458333333,
7/27/2025 12:00,20.1,0,12,0.5,
7/27/2025 13:00,21.5,0,13,0.541666667,
7/27/2025 14:00,21.3,0,14,0.583333333,
7/27/2025 15:00,21.8,0,15,0.625,
7/27/2025 16:00,21.9,0,16,0.666666667,
7/27/2025 17:00,21,0,17,0.708333333,
7/27/2025 18:00,21.1,0,18,0.75,
7/27/2025 19:00,21.3,0,19,0.791666667,
7/27/2025 20:00,20.3,0,20,0.833333333,
7/27/2025 21:00,18.8,0,21,0.875,
7/27/2025 22:00,18.1,0,22,0.916666667,
7/27/2025 23:00,17.3,0,23,0.958333333,
7/28/2025 0:00,16.6,0,0,0,
7/28/2025 1:00,16.1,0,1,0.041666667,
7/28/2025 2:00,15.7,0,2,0.083333333,
7/28/2025 3:00,14.4,0,3,0.125,
7/28/2025 4:00,14.5,0,4,0.166666667,
7/28/2025 5:00,14,0,5,0.208333333,
7/28/2025 6:00,14.1,0,6,0.25,
7/28/2025 7:00,14.9,0,7,0.291666667,
7/28/2025 8:00,16.4,3.6,8,0.333333333,
7/28/2025 9:00,17,0,9,0.375,
7/28/2025 10:00,16.5,0,10,0.416666667,
7/28/2025 11:00,20,0,11,0.458333333,
7/28/2025 12:00,19.6,0,12,0.5,
7/28/2025 13:00,19.9,0,13,0.541666667,
7/28/2025 14:00,21.2,0,14,0.583333333,
7/28/2025 15:00,18,0.6,15,0.625,
7/28/2025 16:00,22.8,2,16,0.666666667,
7/28/2025 17:00,20.7,0,17,0.708333333,
7/28/2025 18:00,18.3,0,18,0.75,
7/28/2025 19:00,18,0.4,19,0.791666667,
7/28/2025 20:00,18.9,0,20,0.833333333,
7/28/2025 21:00,17.8,0,21,0.875,
7/28/2025 22:00,17.3,0,22,0.916666667,
7/28/2025 23:00,16.4,0,23,0.958333333,
7/29/2025 0:00,14.8,0,0,0,
7/29/2025 1:00,14.2,0,1,0.041666667,
7/29/2025 2:00,14,0,2,0.083333333,
7/29/2025 3:00,13.8,0,3,0.125,
7/29/2025 4:00,14,0,4,0.166666667,
7/29/2025 5:00,13.6,0,5,0.208333333,
7/29/2025 6:00,12.2,0,6,0.25,
7/29/2025 7:00,13.9,0,7,0.291666667,
7/29/2025 8:00,15,0,8,0.333333333,
7/29/2025 9:00,16.5,0,9,0.375,
7/29/2025 10:00,17.5,0,10,0.416666667,
7/29/2025 11:00,19.8,0,11,0.458333333,
7/29/2025 12:00,18.6,0,12,0.5,
7/29/2025 13:00,19.3,0,13,0.541666667,
7/29/2025 14:00,16.6,0,14,0.583333333,
7/29/2025 15:00,19.4,0,15,0.625,
7/29/2025 16:00,21.2,0,16,0.666666667,
7/29/2025 17:00,20.5,0,17,0.708333333,
7/29/2025 18:00,19.9,0,18,0.75,
7/29/2025 19:00,19.9,0,19,0.791666667,
7/29/2025 20:00,19.2,0,20,0.833333333,
7/29/2025 21:00,17.8,0,21,0.875,
7/29/2025 22:00,16.8,0,22,0.916666667,
7/29/2025 23:00,15.3,0,23,0.958333333,
7/30/2025 0:00,14.2,0,0,0,
7/30/2025 1:00,13.5,0,1,0.041666667,
7/30/2025 2:00,12.8,0,2,0.083333333,
7/30/2025 3:00,12.4,0,3,0.125,
7/30/2025 4:00,12.8,0,4,0.166666667,
7/30/2025 5:00,11.6,0,5,0.208333333,
7/30/2025 6:00,12.1,0,6,0.25,
7/30/2025 7:00,12.8,0,7,0.291666667,
7/30/2025 8:00,14.7,0,8,0.333333333,
7/30/2025 9:00,16.1,0,9,0.375,
7/30/2025 10:00,16.6,0,10,0.416666667,
7/30/2025 11:00,15.3,0,11,0.458333333,
7/30/2025 12:00,19.5,0,12,0.5,
7/30/2025 13:00,20.1,0,13,0.541666667,
7/30/2025 14:00,19.2,0,14,0.583333333,
7/30/2025 15:00,20.1,0,15,0.625,
7/30/2025 16:00,19.1,0,16,0.666666667,
7/30/2025 17:00,19.9,0,17,0.708333333,
7/30/2025 18:00,18.8,0,18,0.75,
7/30/2025 19:00,19,0,19,0.791666667,
7/30/2025 20:00,18.2,0,20,0.833333333,
7/30/2025 21:00,17.4,0,21,0.875,
7/30/2025 22:00,16.9,0,22,0.916666667,
7/30/2025 23:00,16.4,0,23,0.958333333,
7/31/2025 0:00,16.5,0,0,0,
7/31/2025 1:00,16.5,0,1,0.041666667,
7/31/2025 2:00,16.2,0,2,0.083333333,
7/31/2025 3:00,16,0,3,0.125,
7/31/2025 4:00,16.1,0,4,0.166666667,
7/31/2025 5:00,15.4,0,5,0.208333333,
7/31/2025 6:00,15.1,0,6,0.25,
7/31/2025 7:00,15.7,0,7,0.291666667,
7/31/2025 8:00,16.2,0,8,0.333333333,
7/31/2025 9:00,17.1,0,9,0.375,
7/31/2025 10:00,18.6,0,10,0.416666667,
7/31/2025 11:00,20.1,0,11,0.458333333,
7/31/2025 12:00,20.5,0,12,0.5,
7/31/2025 13:00,21.4,0,13,0.541666667,
7/31/2025 14:00,19.4,0,14,0.583333333,
7/31/2025 15:00,19.5,0,15,0.625,
7/31/2025 16:00,21.1,0,16,0.666666667,
7/31/2025 17:00,22,0.1,17,0.708333333,
7/31/2025 18:00,20.6,1.8,18,0.75,
7/31/2025 19:00,20.6,0,19,0.791666667,
7/31/2025 20:00,18.5,0,20,0.833333333,
7/31/2025 21:00,18.7,0,21,0.875,
7/31/2025 22:00,18,0,22,0.916666667,
7/31/2025 23:00,16.2,0,23,0.958333333,
8/1/2025 0:00,15.9,0,0,0,
8/1/2025 1:00,16,0,1,0.041666667,
8/1/2025 2:00,15.1,0,2,0.083333333,
8/1/2025 3:00,15.2,0,3,0.125,
8/1/2025 4:00,15.1,0,4,0.166666667,
8/1/2025 5:00,13.3,0,5,0.208333333,
8/1/2025 6:00,13.7,0,6,0.25,
8/1/2025 7:00,14.4,0,7,0.291666667,
8/1/2025 8:00,14,0.9,8,0.333333333,
8/1/2025 9:00,15.3,0.1,9,0.375,
8/1/2025 10:00,15.4,1.3,10,0.416666667,
8/1/2025 11:00,15.5,0,11,0.458333333,
8/1/2025 12:00,18.2,0.2,12,0.5,
8/1/2025 13:00,18.1,0.3,13,0.541666667,
8/1/2025 14:00,19.5,0.1,14,0.583333333,
8/1/2025 15:00,19.3,0.3,15,0.625,
8/1/2025 16:00,20.2,0,16,0.666666667,
8/1/2025 17:00,19.4,1.2,17,0.708333333,
8/1/2025 18:00,18.4,0,18,0.75,
8/1/2025 19:00,18.4,0,19,0.791666667,
8/1/2025 20:00,17.4,0,20,0.833333333,
8/1/2025 21:00,17.3,0,21,0.875,
8/1/2025 22:00,16.6,0,22,0.916666667,
8/1/2025 23:00,15.5,0,23,0.958333333,
8/2/2025 0:00,14.4,0,0,0,
8/2/2025 1:00,14.5,0,1,0.041666667,
8/2/2025 2:00,14.6,0,2,0.083333333,
8/2/2025 3:00,14.8,0,3,0.125,
8/2/2025 4:00,13.7,0,4,0.166666667,
8/2/2025 5:00,14.4,0,5,0.208333333,
8/2/2025 6:00,13.4,0,6,0.25,
8/2/2025 7:00,14.5,0,7,0.291666667,
8/2/2025 8:00,15.1,0.2,8,0.333333333,
8/2/2025 9:00,14.7,0,9,0.375,
8/2/2025 10:00,15.6,0.6,10,0.416666667,
8/2/2025 11:00,14.4,0.6,11,0.458333333,
8/2/2025 12:00,15,7.8,12,0.5,
8/2/2025 13:00,16.3,0.3,13,0.541666667,
8/2/2025 14:00,19,0.3,14,0.583333333,
8/2/2025 15:00,18.3,0,15,0.625,
8/2/2025 16:00,18.6,0,16,0.666666667,
8/2/2025 17:00,19.8,0,17,0.708333333,
8/2/2025 18:00,18.7,0,18,0.75,
8/2/2025 19:00,18.2,0,19,0.791666667,
8/2/2025 20:00,17.3,0,20,0.833333333,
8/2/2025 21:00,16.5,0,21,0.875,
8/2/2025 22:00,15.9,0,22,0.916666667,
8/2/2025 23:00,15.4,0,23,0.958333333,
8/3/2025 0:00,14.4,0,0,0,
8/3/2025 1:00,14.1,0.3,1,0.041666667,
8/3/2025 2:00,13.9,0.6,2,0.083333333,
8/3/2025 3:00,14.1,0.2,3,0.125,
8/3/2025 4:00,14.1,0.3,4,0.166666667,
8/3/2025 5:00,13.9,0.1,5,0.208333333,
8/3/2025 6:00,13.9,0,6,0.25,
8/3/2025 7:00,13.8,0,7,0.291666667,
8/3/2025 8:00,14.5,0,8,0.333333333,
8/3/2025 9:00,14.5,0,9,0.375,
8/3/2025 10:00,17,0,10,0.416666667,
8/3/2025 11:00,18.8,0,11,0.458333333,
8/3/2025 12:00,19.4,0,12,0.5,
8/3/2025 13:00,21,0,13,0.541666667,
8/3/2025 14:00,21.7,0,14,0.583333333,
8/3/2025 15:00,22.2,0,15,0.625,
8/3/2025 16:00,22.3,0,16,0.666666667,
8/3/2025 17:00,21.5,0,17,0.708333333,
8/3/2025 18:00,20.4,0,18,0.75,
8/3/2025 19:00,19.5,0,19,0.791666667,
8/3/2025 20:00,19.1,0,20,0.833333333,
8/3/2025 21:00,18.7,0,21,0.875,
8/3/2025 22:00,18.2,0.4,22,0.916666667,
8/3/2025 23:00,16.6,0.4,23,0.958333333,
8/4/2025 0:00,16.7,0.1,0,0,
8/4/2025 1:00,16.9,0,1,0.041666667,
8/4/2025 2:00,17.5,0,2,0.083333333,
8/4/2025 3:00,17.2,0,3,0.125,
8/4/2025 4:00,17.3,0,4,0.166666667,
8/4/2025 5:00,16.8,0,5,0.208333333,
8/4/2025 6:00,16.6,0,6,0.25,
8/4/2025 7:00,16.9,0,7,0.291666667,
8/4/2025 8:00,17.3,0,8,0.333333333,
8/4/2025 9:00,18.2,0,9,0.375,
8/4/2025 10:00,19.3,0,10,0.416666667,
8/4/2025 11:00,20.1,0,11,0.458333333,
8/4/2025 12:00,21.3,0,12,0.5,
8/4/2025 13:00,21.5,0,13,0.541666667,
8/4/2025 14:00,21.2,0,14,0.583333333,
8/4/2025 15:00,23.2,0,15,0.625,
8/4/2025 16:00,22.9,0,16,0.666666667,
8/4/2025 17:00,21.2,0,17,0.708333333,
8/4/2025 18:00,22.3,0,18,0.75,
8/4/2025 19:00,22.7,0,19,0.791666667,
8/4/2025 20:00,21.7,0,20,0.833333333,
8/4/2025 21:00,21.3,0.9,21,0.875,
8/4/2025 22:00,20.1,0.2,22,0.916666667,
8/4/2025 23:00,19.8,0.5,23,0.958333333,
8/5/2025 0:00,19,0.5,0,0,
8/5/2025 1:00,17.5,0.1,1,0.041666667,
8/5/2025 2:00,17.5,0,2,0.083333333,
8/5/2025 3:00,16.1,0,3,0.125,
8/5/2025 4:00,15.2,0,4,0.166666667,
8/5/2025 5:00,15.3,0,5,0.208333333,
8/5/2025 6:00,14.4,0,6,0.25,
8/5/2025 7:00,14.6,0,7,0.291666667,
8/5/2025 8:00,15.5,0,8,0.333333333,
8/5/2025 9:00,16.8,0,9,0.375,
8/5/2025 10:00,17.7,0,10,0.416666667,
8/5/2025 11:00,18.5,0,11,0.458333333,
8/5/2025 12:00,19.1,0,12,0.5,
8/5/2025 13:00,18.4,0,13,0.541666667,
8/5/2025 14:00,20.2,0,14,0.583333333,
8/5/2025 15:00,16.5,0,15,0.625,
8/5/2025 16:00,19.1,0.2,16,0.666666667,
8/5/2025 17:00,18.5,0.3,17,0.708333333,
8/5/2025 18:00,17.6,0,18,0.75,
8/5/2025 19:00,17.4,0.1,19,0.791666667,
8/5/2025 20:00,17.8,0,20,0.833333333,
8/5/2025 21:00,16,0.1,21,0.875,
8/5/2025 22:00,14.7,0,22,0.916666667,
8/5/2025 23:00,13.2,0,23,0.958333333,
8/6/2025 0:00,13.7,0,0,0,
8/6/2025 1:00,12.8,0,1,0.041666667,
8/6/2025 2:00,12.5,0,2,0.083333333,
8/6/2025 3:00,12.2,0,3,0.125,
8/6/2025 4:00,12.2,0,4,0.166666667,
8/6/2025 5:00,11.8,0,5,0.208333333,
8/6/2025 6:00,11.7,0,6,0.25,
8/6/2025 7:00,12.1,0,7,0.291666667,
8/6/2025 8:00,13.8,0,8,0.333333333,
8/6/2025 9:00,15.9,0,9,0.375,
8/6/2025 10:00,17.9,0,10,0.416666667,
8/6/2025 11:00,19.1,0,11,0.458333333,
8/6/2025 12:00,19.6,0,12,0.5,
8/6/2025 13:00,20.2,0,13,0.541666667,
8/6/2025 14:00,20.9,0,14,0.583333333,
8/6/2025 15:00,20.6,0,15,0.625,
8/6/2025 16:00,21.8,0,16,0.666666667,
8/6/2025 17:00,21.4,0,17,0.708333333,
8/6/2025 18:00,20.9,0,18,0.75,
8/6/2025 19:00,20.7,0,19,0.791666667,
8/6/2025 20:00,19.5,0,20,0.833333333,
8/6/2025 21:00,17.9,0,21,0.875,
8/6/2025 22:00,16.7,0,22,0.916666667,
8/6/2025 23:00,16.4,0,23,0.958333333,
8/7/2025 0:00,15.7,0,0,0,
8/7/2025 1:00,15.4,0,1,0.041666667,
8/7/2025 2:00,15.2,0,2,0.083333333,
8/7/2025 3:00,15,0,3,0.125,
8/7/2025 4:00,14.4,0,4,0.166666667,
8/7/2025 5:00,14.2,0,5,0.208333333,
8/7/2025 6:00,14,0,6,0.25,
8/7/2025 7:00,14.4,0,7,0.291666667,
8/7/2025 8:00,15.5,0,8,0.333333333,
8/7/2025 9:00,16.9,0,9,0.375,
8/7/2025 10:00,19.2,0,10,0.416666667,
8/7/2025 11:00,21.3,0,11,0.458333333,
8/7/2025 12:00,22.9,0,12,0.5,
8/7/2025 13:00,24.2,0,13,0.541666667,
8/7/2025 14:00,24.1,0,14,0.583333333,
8/7/2025 15:00,25.1,0,15,0.625,
8/7/2025 16:00,25.1,0,16,0.666666667,
8/7/2025 17:00,24.8,0,17,0.708333333,
8/7/2025 18:00,24.3,0,18,0.75,
8/7/2025 19:00,23,0,19,0.791666667,
8/7/2025 20:00,22.1,0,20,0.833333333,
8/7/2025 21:00,21.5,0,21,0.875,
8/7/2025 22:00,20.4,0,22,0.916666667,
8/7/2025 23:00,20.3,0,23,0.958333333,
8/8/2025 0:00,19.6,0,0,0,
8/8/2025 1:00,19.7,0,1,0.041666667,
8/8/2025 2:00,19.2,0,2,0.083333333,
8/8/2025 3:00,17,0,3,0.125,
8/8/2025 4:00,18.5,0,4,0.166666667,
8/8/2025 5:00,17.8,0,5,0.208333333,
8/8/2025 6:00,17.6,0,6,0.25,
8/8/2025 7:00,17.9,0,7,0.291666667,
8/8/2025 8:00,18.2,0,8,0.333333333,
8/8/2025 9:00,18.7,0,9,0.375,
8/8/2025 10:00,19.8,0,10,0.416666667,
8/8/2025 11:00,20.2,0,11,0.458333333,
8/8/2025 12:00,21.1,0,12,0.5,
8/8/2025 13:00,23.5,0,13,0.541666667,
8/8/2025 14:00,23.8,0,14,0.583333333,
8/8/2025 15:00,23.3,0,15,0.625,
8/8/2025 16:00,23.4,0,16,0.666666667,
8/8/2025 17:00,24.3,0,17,0.708333333,
8/8/2025 18:00,23.8,0,18,0.75,
8/8/2025 19:00,23.3,0,19,0.791666667,
8/8/2025 20:00,23,0,20,0.833333333,
8/8/2025 21:00,20.8,0,21,0.875,
8/8/2025 22:00,20,0,22,0.916666667,
8/8/2025 23:00,18,0,23,0.958333333,
8/9/2025 0:00,17.1,0,0,0,
8/9/2025 1:00,17,0,1,0.041666667,
8/9/2025 2:00,16.9,0,2,0.083333333,
8/9/2025 3:00,15.7,0,3,0.125,
8/9/2025 4:00,15.6,0,4,0.166666667,
8/9/2025 5:00,16.7,0,5,0.208333333,
8/9/2025 6:00,14.1,0,6,0.25,
8/9/2025 7:00,15.9,0,7,0.291666667,
8/9/2025 8:00,16.5,0,8,0.333333333,
8/9/2025 9:00,17.4,0,9,0.375,
8/9/2025 10:00,20,0,10,0.416666667,
8/9/2025 11:00,21.7,0,11,0.458333333,
8/9/2025 12:00,23.2,0,12,0.5,
8/9/2025 13:00,24.9,0,13,0.541666667,
8/9/2025 14:00,24.9,0,14,0.583333333,
8/9/2025 15:00,25.6,0,15,0.625,
8/9/2025 16:00,25.9,0,16,0.666666667,
8/9/2025 17:00,25.6,0,17,0.708333333,
8/9/2025 18:00,25.1,0,18,0.75,
8/9/2025 19:00,23.9,0,19,0.791666667,
8/9/2025 20:00,21.6,0,20,0.833333333,
8/9/2025 21:00,19.5,0,21,0.875,
8/9/2025 22:00,18.2,0,22,0.916666667,
8/9/2025 23:00,16.5,0,23,0.958333333,
8/10/2025 0:00,15,0,0,0,
8/10/2025 1:00,14.7,0,1,0.041666667,
8/10/2025 2:00,13.8,0,2,0.083333333,
8/10/2025 3:00,13.3,0,3,0.125,
8/10/2025 4:00,13.7,0,4,0.166666667,
8/10/2025 5:00,12.9,0,5,0.208333333,
8/10/2025 6:00,12.4,0,6,0.25,
8/10/2025 7:00,12.9,0,7,0.291666667,
8/10/2025 8:00,14.2,0,8,0.333333333,
8/10/2025 9:00,16.6,0,9,0.375,
8/10/2025 10:00,19.9,0,10,0.416666667,
8/10/2025 11:00,21.8,0,11,0.458333333,
8/10/2025 12:00,23.1,0,12,0.5,
8/10/2025 13:00,24.2,0,13,0.541666667,
8/10/2025 14:00,24.6,0,14,0.583333333,
8/10/2025 15:00,24.6,0,15,0.625,
8/10/2025 16:00,25.3,0,16,0.666666667,
8/10/2025 17:00,25.1,0,17,0.708333333,
8/10/2025 18:00,23.9,0,18,0.75,
8/10/2025 19:00,22.7,0,19,0.791666667,
8/10/2025 20:00,20.7,0,20,0.833333333,
8/10/2025 21:00,18.9,0,21,0.875,
8/10/2025 22:00,17.7,0,22,0.916666667,
8/10/2025 23:00,16.4,0,23,0.958333333,
8/11/2025 0:00,15.3,0,0,0,
8/11/2025 1:00,15,0,1,0.041666667,
8/11/2025 2:00,14.6,0,2,0.083333333,
8/11/2025 3:00,14.2,0,3,0.125,
8/11/2025 4:00,13.5,0,4,0.166666667,
8/11/2025 5:00,13.8,0,5,0.208333333,
8/11/2025 6:00,13.3,0,6,0.25,
8/11/2025 7:00,13.1,0,7,0.291666667,
8/11/2025 8:00,14.5,0,8,0.333333333,
8/11/2025 9:00,16.3,0,9,0.375,
8/11/2025 10:00,18.9,0,10,0.416666667,
8/11/2025 11:00,21.2,0,11,0.458333333,
8/11/2025 12:00,23.1,0,12,0.5,
8/11/2025 13:00,24.5,0,13,0.541666667,
8/11/2025 14:00,25.5,0,14,0.583333333,
8/11/2025 15:00,25.9,0,15,0.625,
8/11/2025 16:00,27.1,0,16,0.666666667,
8/11/2025 17:00,26.5,0,17,0.708333333,
8/11/2025 18:00,26,0,18,0.75,
8/11/2025 19:00,26.8,0,19,0.791666667,
8/11/2025 20:00,25.2,0,20,0.833333333,
8/11/2025 21:00,22.3,0,21,0.875,
8/11/2025 22:00,21.8,0,22,0.916666667,
8/11/2025 23:00,20.4,0,23,0.958333333,
8/12/2025 0:00,18.9,0,0,0,
8/12/2025 1:00,18.3,0,1,0.041666667,
8/12/2025 2:00,18.2,0,2,0.083333333,
8/12/2025 3:00,17,0,3,0.125,
8/12/2025 4:00,16.9,0,4,0.166666667,
8/12/2025 5:00,16.6,0,5,0.208333333,
8/12/2025 6:00,15.2,0,6,0.25,
8/12/2025 7:00,16.6,0,7,0.291666667,
8/12/2025 8:00,17.3,0,8,0.333333333,
8/12/2025 9:00,18.2,0,9,0.375,
8/12/2025 10:00,21.8,0,10,0.416666667,
8/12/2025 11:00,24.7,0,11,0.458333333,
8/12/2025 12:00,26.2,0,12,0.5,
8/12/2025 13:00,26.6,0,13,0.541666667,
8/12/2025 14:00,27.2,0,14,0.583333333,
8/12/2025 15:00,29.6,0,15,0.625,
8/12/2025 16:00,29.6,0,16,0.666666667,
8/12/2025 17:00,30.7,0,17,0.708333333,
8/12/2025 18:00,30.5,0,18,0.75,
8/12/2025 19:00,30.2,0,19,0.791666667,
8/12/2025 20:00,29.1,0,20,0.833333333,
8/12/2025 21:00,25.4,0,21,0.875,
8/12/2025 22:00,24.3,0,22,0.916666667,
8/12/2025 23:00,22.5,0,23,0.958333333,
8/13/2025 0:00,21.4,0,0,0,
8/13/2025 1:00,20.5,0,1,0.041666667,
8/13/2025 2:00,19.7,0,2,0.083333333,
8/13/2025 3:00,18.8,0,3,0.125,
8/13/2025 4:00,17.6,0,4,0.166666667,
8/13/2025 5:00,17.1,0,5,0.208333333,
8/13/2025 6:00,16.3,0,6,0.25,
8/13/2025 7:00,17.4,0,7,0.291666667,
8/13/2025 8:00,19.8,0,8,0.333333333,
8/13/2025 9:00,21.9,0,9,0.375,
8/13/2025 10:00,25.1,0,10,0.416666667,
8/13/2025 11:00,27.5,0,11,0.458333333,
8/13/2025 12:00,29.6,0,12,0.5,
8/13/2025 13:00,32.3,0,13,0.541666667,
8/13/2025 14:00,33.2,0,14,0.583333333,
8/13/2025 15:00,33.2,0,15,0.625,
8/13/2025 16:00,34.7,0,16,0.666666667,
8/13/2025 17:00,34,0,17,0.708333333,
8/13/2025 18:00,33.2,0,18,0.75,
8/13/2025 19:00,33.4,0,19,0.791666667,
8/13/2025 20:00,31.5,0,20,0.833333333,
8/13/2025 21:00,29.2,0,21,0.875,
8/13/2025 22:00,28.6,0,22,0.916666667,
8/13/2025 23:00,26.7,0,23,0.958333333,
8/14/2025 0:00,23.4,0,0,0,
8/14/2025 1:00,23,0,1,0.041666667,
8/14/2025 2:00,22.2,0,2,0.083333333,
8/14/2025 3:00,20.5,0,3,0.125,
8/14/2025 4:00,21.3,0,4,0.166666667,
8/14/2025 5:00,20.6,0,5,0.208333333,
8/14/2025 6:00,20,0,6,0.25,
8/14/2025 7:00,21.1,0,7,0.291666667,
8/14/2025 8:00,21.2,0,8,0.333333333,
8/14/2025 9:00,21.4,0,9,0.375,
8/14/2025 10:00,22.7,0,10,0.416666667,
8/14/2025 11:00,24.7,1.8,11,0.458333333,
8/14/2025 12:00,24.9,0,12,0.5,
8/14/2025 13:00,25.2,0,13,0.541666667,
8/14/2025 14:00,29.9,0,14,0.583333333,
8/14/2025 15:00,31.3,0,15,0.625,
8/14/2025 16:00,29.2,0,16,0.666666667,
8/14/2025 17:00,31.9,0,17,0.708333333,
8/14/2025 18:00,31.2,0,18,0.75,
8/14/2025 19:00,30.4,0,19,0.791666667,
8/14/2025 20:00,30.4,0,20,0.833333333,
8/14/2025 21:00,27.5,0,21,0.875,
8/14/2025 22:00,25.5,0,22,0.916666667,
8/14/2025 23:00,24,0,23,0.958333333,
8/15/2025 0:00,22.4,0,0,0,
8/15/2025 1:00,21.2,0,1,0.041666667,
8/15/2025 2:00,20.4,0,2,0.083333333,
8/15/2025 3:00,19.3,0,3,0.125,
8/15/2025 4:00,18.4,0,4,0.166666667,
8/15/2025 5:00,17.9,0,5,0.208333333,
8/15/2025 6:00,18.5,0,6,0.25,
8/15/2025 7:00,16.6,0,7,0.291666667,
8/15/2025 8:00,17.6,0,8,0.333333333,
8/15/2025 9:00,20.7,0,9,0.375,
8/15/2025 10:00,22.7,0,10,0.416666667,
8/15/2025 11:00,25.2,0,11,0.458333333,
8/15/2025 12:00,26.7,0,12,0.5,
8/15/2025 13:00,28.1,0,13,0.541666667,
8/15/2025 14:00,28.8,0,14,0.583333333,
8/15/2025 15:00,28.7,0,15,0.625,
8/15/2025 16:00,29,0,16,0.666666667,
8/15/2025 17:00,27.9,0,17,0.708333333,
8/15/2025 18:00,26.3,0,18,0.75,
8/15/2025 19:00,25.7,0,19,0.791666667,
8/15/2025 20:00,23.2,0,20,0.833333333,
8/15/2025 21:00,21.3,0,21,0.875,
8/15/2025 22:00,20.3,0,22,0.916666667,
8/15/2025 23:00,19.7,0,23,0.958333333,
8/16/2025 0:00,19.1,0,0,0,
8/16/2025 1:00,19,0,1,0.041666667,
8/16/2025 2:00,19.1,0,2,0.083333333,
8/16/2025 3:00,19.1,0,3,0.125,
8/16/2025 4:00,18.8,0,4,0.166666667,
8/16/2025 5:00,18.8,0,5,0.208333333,
8/16/2025 6:00,18.2,0,6,0.25,
8/16/2025 7:00,18.2,0,7,0.291666667,
8/16/2025 8:00,18.4,0,8,0.333333333,
8/16/2025 9:00,18.3,0,9,0.375,
8/16/2025 10:00,18.5,0,10,0.416666667,
8/16/2025 11:00,19.2,0,11,0.458333333,
8/16/2025 12:00,20.8,0,12,0.5,
8/16/2025 13:00,22.5,0,13,0.541666667,
8/16/2025 14:00,22.9,0,14,0.583333333,
8/16/2025 15:00,22.6,0,15,0.625,
8/16/2025 16:00,22.7,0,16,0.666666667,
8/16/2025 17:00,21.7,0,17,0.708333333,
8/16/2025 18:00,20.7,0,18,0.75,
8/16/2025 19:00,20.1,0,19,0.791666667,
8/16/2025 20:00,18.3,0,20,0.833333333,
8/16/2025 21:00,16.9,0,21,0.875,
8/16/2025 22:00,16.1,0,22,0.916666667,
8/16/2025 23:00,14.8,0,23,0.958333333,
8/17/2025 0:00,13.7,0,0,0,
8/17/2025 1:00,13.5,0,1,0.041666667,
8/17/2025 2:00,12.7,0,2,0.083333333,
8/17/2025 3:00,12.1,0,3,0.125,
8/17/2025 4:00,12.4,0,4,0.166666667,
8/17/2025 5:00,12.1,0,5,0.208333333,
8/17/2025 6:00,11.7,0,6,0.25,
8/17/2025 7:00,14.2,0,7,0.291666667,
8/17/2025 8:00,13.9,0,8,0.333333333,
8/17/2025 9:00,14.4,0,9,0.375,
8/17/2025 10:00,16.2,0,10,0.416666667,
8/17/2025 11:00,16.6,0,11,0.458333333,
8/17/2025 12:00,17.5,0,12,0.5,
8/17/2025 13:00,18.3,0,13,0.541666667,
8/17/2025 14:00,19,0,14,0.583333333,
8/17/2025 15:00,19.4,0,15,0.625,
8/17/2025 16:00,19.7,0,16,0.666666667,
8/17/2025 17:00,18.8,0,17,0.708333333,
8/17/2025 18:00,20.2,0,18,0.75,
8/17/2025 19:00,19.3,0,19,0.791666667,
8/17/2025 20:00,18.3,0,20,0.833333333,
8/17/2025 21:00,17.6,0,21,0.875,
8/17/2025 22:00,17.9,0,22,0.916666667,
8/17/2025 23:00,17.3,0,23,0.958333333,
8/18/2025 0:00,14.7,0,0,0,
8/18/2025 1:00,15.4,0,1,0.041666667,
8/18/2025 2:00,15.3,0,2,0.083333333,
8/18/2025 3:00,12.9,0,3,0.125,
8/18/2025 4:00,15,0,4,0.166666667,
8/18/2025 5:00,14.1,0,5,0.208333333,
8/18/2025 6:00,12.2,0,6,0.25,
8/18/2025 7:00,14.6,0,7,0.291666667,
8/18/2025 8:00,15,0,8,0.333333333,
8/18/2025 9:00,16.4,0,9,0.375,
8/18/2025 10:00,18.6,0,10,0.416666667,
8/18/2025 11:00,20.9,0,11,0.458333333,
8/18/2025 12:00,22.6,0,12,0.5,
8/18/2025 13:00,23.8,0,13,0.541666667,
8/18/2025 14:00,25,0,14,0.583333333,
8/18/2025 15:00,25.5,0,15,0.625,
8/18/2025 16:00,26.3,0,16,0.666666667,
8/18/2025 17:00,26,0,17,0.708333333,
8/18/2025 18:00,25.4,0,18,0.75,
8/18/2025 19:00,25,0,19,0.791666667,
8/18/2025 20:00,23.4,0,20,0.833333333,
8/18/2025 21:00,21.3,0,21,0.875,
8/18/2025 22:00,20.4,0,22,0.916666667,
8/18/2025 23:00,18.7,0,23,0.958333333,
8/19/2025 0:00,16.9,0,0,0,
8/19/2025 1:00,16.2,0,1,0.041666667,
8/19/2025 2:00,15.5,0,2,0.083333333,
8/19/2025 3:00,14.5,0,3,0.125,
8/19/2025 4:00,14.2,0,4,0.166666667,
8/19/2025 5:00,13.7,0,5,0.208333333,
8/19/2025 6:00,13,0,6,0.25,
8/19/2025 7:00,12.7,0,7,0.291666667,
8/19/2025 8:00,14.3,0,8,0.333333333,
8/19/2025 9:00,16.3,0,9,0.375,
8/19/2025 10:00,19.9,0,10,0.416666667,
8/19/2025 11:00,22.5,0,11,0.458333333,
8/19/2025 12:00,23.5,0,12,0.5,
8/19/2025 13:00,25.5,0,13,0.541666667,
8/19/2025 14:00,26.3,0,14,0.583333333,
8/19/2025 15:00,26.3,0,15,0.625,
8/19/2025 16:00,27,0,16,0.666666667,
8/19/2025 17:00,25.5,0,17,0.708333333,
8/19/2025 18:00,23.1,0,18,0.75,
8/19/2025 19:00,22.4,0,19,0.791666667,
8/19/2025 20:00,20.3,0,20,0.833333333,
8/19/2025 21:00,17.9,0,21,0.875,
8/19/2025 22:00,17.2,0,22,0.916666667,
8/19/2025 23:00,16.2,0,23,0.958333333,
8/20/2025 0:00,15.3,0,0,0,
8/20/2025 1:00,15.2,0,1,0.041666667,
8/20/2025 2:00,14.9,0,2,0.083333333,
8/20/2025 3:00,15.4,0,3,0.125,
8/20/2025 4:00,15.1,0,4,0.166666667,
8/20/2025 5:00,15.8,0,5,0.208333333,
8/20/2025 6:00,15.7,0,6,0.25,
8/20/2025 7:00,15.5,0,7,0.291666667,
8/20/2025 8:00,16.3,0,8,0.333333333,
8/20/2025 9:00,17.4,0,9,0.375,
8/20/2025 10:00,17.5,0,10,0.416666667,
8/20/2025 11:00,18.6,0,11,0.458333333,
8/20/2025 12:00,20.3,0,12,0.5,
8/20/2025 13:00,22.5,0,13,0.541666667,
8/20/2025 14:00,23.7,0,14,0.583333333,
8/20/2025 15:00,23.9,0,15,0.625,
8/20/2025 16:00,24.9,0,16,0.666666667,
8/20/2025 17:00,24.1,0,17,0.708333333,
8/20/2025 18:00,23.2,0,18,0.75,
8/20/2025 19:00,22.9,0,19,0.791666667,
8/20/2025 20:00,21.1,0,20,0.833333333,
8/20/2025 21:00,19.4,0,21,0.875,
8/20/2025 22:00,18.1,0,22,0.916666667,
8/20/2025 23:00,16.8,0,23,0.958333333,
8/21/2025 0:00,15.7,0,0,0,
8/21/2025 1:00,15.3,0,1,0.041666667,
8/21/2025 2:00,15.8,0,2,0.083333333,
8/21/2025 3:00,15.3,0,3,0.125,
8/21/2025 4:00,14.5,0,4,0.166666667,
8/21/2025 5:00,14.5,0,5,0.208333333,
8/21/2025 6:00,13.4,0,6,0.25,
8/21/2025 7:00,13.4,0,7,0.291666667,
8/21/2025 8:00,14.2,0,8,0.333333333,
8/21/2025 9:00,16,0,9,0.375,
8/21/2025 10:00,18.6,0,10,0.416666667,
8/21/2025 11:00,20.4,0,11,0.458333333,
8/21/2025 12:00,19.7,0,12,0.5,
8/21/2025 13:00,20.4,0,13,0.541666667,
8/21/2025 14:00,21.4,0,14,0.583333333,
8/21/2025 15:00,19.9,0,15,0.625,
8/21/2025 16:00,20.7,0,16,0.666666667,
8/21/2025 17:00,19.3,0,17,0.708333333,
8/21/2025 18:00,18.2,0,18,0.75,
8/21/2025 19:00,18.1,0,19,0.791666667,
8/21/2025 20:00,17.1,0,20,0.833333333,
8/21/2025 21:00,16.4,0,21,0.875,
8/21/2025 22:00,15.1,0,22,0.916666667,
8/21/2025 23:00,13.7,0,23,0.958333333,
8/22/2025 0:00,13,0,0,0,
8/22/2025 1:00,12.9,0,1,0.041666667,
8/22/2025 2:00,11.9,0,2,0.083333333,
8/22/2025 3:00,11.7,0,3,0.125,
8/22/2025 4:00,13.7,0,4,0.166666667,
8/22/2025 5:00,12.1,0,5,0.208333333,
8/22/2025 6:00,12.4,0,6,0.25,
8/22/2025 7:00,13.7,0,7,0.291666667,
8/22/2025 8:00,12.9,0,8,0.333333333,
8/22/2025 9:00,13.6,0,9,0.375,
8/22/2025 10:00,15,0,10,0.416666667,
8/22/2025 11:00,15.9,0,11,0.458333333,
8/22/2025 12:00,16.7,0,12,0.5,
8/22/2025 13:00,17.4,0,13,0.541666667,
8/22/2025 14:00,17.8,0,14,0.583333333,
8/22/2025 15:00,17.2,0,15,0.625,
8/22/2025 16:00,16.2,0,16,0.666666667,
8/22/2025 17:00,17.1,0,17,0.708333333,
8/22/2025 18:00,15.3,0,18,0.75,
8/22/2025 19:00,17,0,19,0.791666667,
8/22/2025 20:00,16.6,0,20,0.833333333,
8/22/2025 21:00,14.1,0,21,0.875,
8/22/2025 22:00,14.4,0,22,0.916666667,
8/22/2025 23:00,13.5,0,23,0.958333333,
8/23/2025 0:00,13.6,0,0,0,
8/23/2025 1:00,13.2,0.3,1,0.041666667,
8/23/2025 2:00,13.1,0.1,2,0.083333333,
8/23/2025 3:00,12.7,0,3,0.125,
8/23/2025 4:00,13.1,0,4,0.166666667,
8/23/2025 5:00,12.3,0,5,0.208333333,
8/23/2025 6:00,12.7,0,6,0.25,
8/23/2025 7:00,12.8,0,7,0.291666667,
8/23/2025 8:00,12.5,0,8,0.333333333,
8/23/2025 9:00,14.4,0,9,0.375,
8/23/2025 10:00,15,0,10,0.416666667,
8/23/2025 11:00,17.3,0,11,0.458333333,
8/23/2025 12:00,15.1,0,12,0.5,
8/23/2025 13:00,18.2,0.8,13,0.541666667,
8/23/2025 14:00,18.9,0,14,0.583333333,
8/23/2025 15:00,18.1,0,15,0.625,
8/23/2025 16:00,18.4,0,16,0.666666667,
8/23/2025 17:00,18.5,0,17,0.708333333,
8/23/2025 18:00,18,0,18,0.75,
8/23/2025 19:00,17.9,0,19,0.791666667,
8/23/2025 20:00,16.9,0,20,0.833333333,
8/23/2025 21:00,14.9,0,21,0.875,
8/23/2025 22:00,13.9,0,22,0.916666667,
8/23/2025 23:00,12.5,0,23,0.958333333,
8/24/2025 0:00,10.9,0,0,0,
8/24/2025 1:00,10.2,0,1,0.041666667,
8/24/2025 2:00,9.5,0,2,0.083333333,
8/24/2025 3:00,9,0,3,0.125,
8/24/2025 4:00,8.8,0,4,0.166666667,
8/24/2025 5:00,9.5,0,5,0.208333333,
8/24/2025 6:00,9.2,0,6,0.25,
8/24/2025 7:00,9.4,0,7,0.291666667,
8/24/2025 8:00,11.1,0,8,0.333333333,
8/24/2025 9:00,11.8,0,9,0.375,
8/24/2025 10:00,14,0,10,0.416666667,
8/24/2025 11:00,17.4,0,11,0.458333333,
8/24/2025 12:00,17,0,12,0.5,
8/24/2025 13:00,16.9,0,13,0.541666667,
8/24/2025 14:00,19.7,0,14,0.583333333,
8/24/2025 15:00,19.3,0,15,0.625,
8/24/2025 16:00,19.5,0,16,0.666666667,
8/24/2025 17:00,20.1,0,17,0.708333333,
8/24/2025 18:00,19.8,0,18,0.75,
8/24/2025 19:00,19.7,0,19,0.791666667,
8/24/2025 20:00,18.5,0,20,0.833333333,
8/24/2025 21:00,16.8,0,21,0.875,
8/24/2025 22:00,15.2,0,22,0.916666667,
8/24/2025 23:00,13.1,0,23,0.958333333,
8/25/2025 0:00,12,0,0,0,
8/25/2025 1:00,11.9,0,1,0.041666667,
8/25/2025 2:00,10.4,0,2,0.083333333,
8/25/2025 3:00,12.8,0,3,0.125,
8/25/2025 4:00,13,0,4,0.166666667,
8/25/2025 5:00,11.6,0,5,0.208333333,
8/25/2025 6:00,11.7,0,6,0.25,
8/25/2025 7:00,11.7,0,7,0.291666667,
8/25/2025 8:00,12.6,0,8,0.333333333,
8/25/2025 9:00,13.5,0,9,0.375,
8/25/2025 10:00,15.1,0,10,0.416666667,
8/25/2025 11:00,17.9,0,11,0.458333333,
8/25/2025 12:00,19.1,0,12,0.5,
8/25/2025 13:00,21,0,13,0.541666667,
8/25/2025 14:00,20,0,14,0.583333333,
8/25/2025 15:00,21.6,0,15,0.625,
8/25/2025 16:00,22.8,0,16,0.666666667,
8/25/2025 17:00,21,0,17,0.708333333,
8/25/2025 18:00,21.9,0,18,0.75,
8/25/2025 19:00,21.6,0,19,0.791666667,
8/25/2025 20:00,20.5,0,20,0.833333333,
8/25/2025 21:00,19.5,0,21,0.875,
8/25/2025 22:00,18.5,0,22,0.916666667,
8/25/2025 23:00,17.7,0,23,0.958333333,
8/26/2025 0:00,16.7,0,0,0,
8/26/2025 1:00,16.4,0,1,0.041666667,
8/26/2025 2:00,15.4,0,2,0.083333333,
8/26/2025 3:00,14.7,0,3,0.125,
8/26/2025 4:00,14.4,0,4,0.166666667,
8/26/2025 5:00,13.7,0,5,0.208333333,
8/26/2025 6:00,13,0,6,0.25,
8/26/2025 7:00,13.3,0,7,0.291666667,
8/26/2025 8:00,14,0,8,0.333333333,
8/26/2025 9:00,16,0,9,0.375,
8/26/2025 10:00,18.5,0,10,0.416666667,
8/26/2025 11:00,20.8,0,11,0.458333333,
8/26/2025 12:00,23.2,0,12,0.5,
8/26/2025 13:00,24.3,0,13,0.541666667,
8/26/2025 14:00,25.7,0,14,0.583333333,
8/26/2025 15:00,26.1,0,15,0.625,
8/26/2025 16:00,26.2,0,16,0.666666667,
8/26/2025 17:00,25.8,0,17,0.708333333,
8/26/2025 18:00,25.9,0,18,0.75,
8/26/2025 19:00,25.8,0,19,0.791666667,
8/26/2025 20:00,24.9,0,20,0.833333333,
8/26/2025 21:00,23.5,0,21,0.875,
8/26/2025 22:00,22.5,0,22,0.916666667,
8/26/2025 23:00,21.7,0,23,0.958333333,
8/27/2025 0:00,20,0,0,0,
8/27/2025 1:00,18.6,0,1,0.041666667,
8/27/2025 2:00,18.4,0,2,0.083333333,
8/27/2025 3:00,18.2,0,3,0.125,
8/27/2025 4:00,17.3,0,4,0.166666667,
8/27/2025 5:00,17.4,0,5,0.208333333,
8/27/2025 6:00,16.2,0,6,0.25,
8/27/2025 7:00,16.3,0,7,0.291666667,
8/27/2025 8:00,16.9,0,8,0.333333333,
8/27/2025 9:00,17.7,0,9,0.375,
8/27/2025 10:00,19.6,0,10,0.416666667,
8/27/2025 11:00,22,0,11,0.458333333,
8/27/2025 12:00,23.1,0,12,0.5,
8/27/2025 13:00,24.2,0,13,0.541666667,
8/27/2025 14:00,25,0,14,0.583333333,
8/27/2025 15:00,26.1,0,15,0.625,
8/27/2025 16:00,26.2,0,16,0.666666667,
8/27/2025 17:00,26.4,0,17,0.708333333,
8/27/2025 18:00,25.1,0,18,0.75,
8/27/2025 19:00,24.9,0,19,0.791666667,
8/27/2025 20:00,24,0,20,0.833333333,
8/27/2025 21:00,22.3,0,21,0.875,
8/27/2025 22:00,21.3,0,22,0.916666667,
8/27/2025 23:00,19.8,0,23,0.958333333,
8/28/2025 0:00,19.7,0,0,0,
8/28/2025 1:00,19.2,0,1,0.041666667,
8/28/2025 2:00,18.7,0,2,0.083333333,
8/28/2025 3:00,18,0,3,0.125,
8/28/2025 4:00,18.1,0,4,0.166666667,
8/28/2025 5:00,17.5,0,5,0.208333333,
8/28/2025 6:00,17.1,0,6,0.25,
8/28/2025 7:00,16.9,0,7,0.291666667,
8/28/2025 8:00,17.4,0,8,0.333333333,
8/28/2025 9:00,18.6,0,9,0.375,
8/28/2025 10:00,19.7,0,10,0.416666667,
8/28/2025 11:00,21.6,0,11,0.458333333,
8/28/2025 12:00,24.8,0,12,0.5,
8/28/2025 13:00,25.6,0,13,0.541666667,
8/28/2025 14:00,23.8,0,14,0.583333333,
8/28/2025 15:00,24.7,0,15,0.625,
8/28/2025 16:00,24.2,0,16,0.666666667,
8/28/2025 17:00,20,0.1,17,0.708333333,
8/28/2025 18:00,17.1,5.2,18,0.75,
8/28/2025 19:00,19.2,2.1,19,0.791666667,
8/28/2025 20:00,17.6,0,20,0.833333333,
8/28/2025 21:00,17.7,0,21,0.875,
8/28/2025 22:00,16.8,0,22,0.916666667,
8/28/2025 23:00,15.6,0,23,0.958333333,
8/29/2025 0:00,15.6,0,0,0,
8/29/2025 1:00,14.3,0,1,0.041666667,
8/29/2025 2:00,13.6,0,2,0.083333333,
8/29/2025 3:00,14.1,0,3,0.125,
8/29/2025 4:00,13.5,0,4,0.166666667,
8/29/2025 5:00,13.8,0,5,0.208333333,
8/29/2025 6:00,13,0,6,0.25,
8/29/2025 7:00,13.4,0,7,0.291666667,
8/29/2025 8:00,14.6,0,8,0.333333333,
8/29/2025 9:00,15,0,9,0.375,
8/29/2025 10:00,16.7,0,10,0.416666667,
8/29/2025 11:00,18.8,0,11,0.458333333,
8/29/2025 12:00,20.2,0,12,0.5,
8/29/2025 13:00,22,0,13,0.541666667,
8/29/2025 14:00,23.4,0,14,0.583333333,
8/29/2025 15:00,23.8,0,15,0.625,
8/29/2025 16:00,21.6,0,16,0.666666667,
8/29/2025 17:00,24.1,0,17,0.708333333,
8/29/2025 18:00,23.1,0,18,0.75,
8/29/2025 19:00,22.4,0,19,0.791666667,
8/29/2025 20:00,20.4,0,20,0.833333333,
8/29/2025 21:00,19,0,21,0.875,
8/29/2025 22:00,19.3,0,22,0.916666667,
8/29/2025 23:00,18,0,23,0.958333333,
8/30/2025 0:00,17.2,0,0,0,
8/30/2025 1:00,16.5,0,1,0.041666667,
8/30/2025 2:00,16.1,0,2,0.083333333,
8/30/2025 3:00,15.1,0,3,0.125,
8/30/2025 4:00,14.8,0,4,0.166666667,
8/30/2025 5:00,14.2,0,5,0.208333333,
8/30/2025 6:00,13.8,0,6,0.25,
8/30/2025 7:00,14.6,0,7,0.291666667,
8/30/2025 8:00,15.2,0,8,0.333333333,
8/30/2025 9:00,15.5,0,9,0.375,
8/30/2025 10:00,18.5,0,10,0.416666667,
8/30/2025 11:00,18.9,0,11,0.458333333,
8/30/2025 12:00,20.5,0,12,0.5,
8/30/2025 13:00,21.7,0,13,0.541666667,
8/30/2025 14:00,22,0,14,0.583333333,
8/30/2025 15:00,21.5,0,15,0.625,
8/30/2025 16:00,23.6,0.3,16,0.666666667,
8/30/2025 17:00,23,0,17,0.708333333,
8/30/2025 18:00,22.5,0,18,0.75,
8/30/2025 19:00,22.8,0,19,0.791666667,
8/30/2025 20:00,21.9,0,20,0.833333333,
8/30/2025 21:00,20.2,0,21,0.875,
8/30/2025 22:00,19.7,0,22,0.916666667,
8/30/2025 23:00,18.9,0,23,0.958333333,
8/31/2025 0:00,17.1,0,0,0,
8/31/2025 1:00,17.6,0,1,0.041666667,
8/31/2025 2:00,16.5,0,2,0.083333333,
8/31/2025 3:00,16.5,0,3,0.125,
8/31/2025 4:00,17,0,4,0.166666667,
8/31/2025 5:00,17.2,0,5,0.208333333,
8/31/2025 6:00,17.3,0,6,0.25,
8/31/2025 7:00,17.2,0.4,7,0.291666667,
8/31/2025 8:00,17.3,0.4,8,0.333333333,
8/31/2025 9:00,16.2,0.1,9,0.375,
8/31/2025 10:00,16.1,0.4,10,0.416666667,
8/31/2025 11:00,17.4,0.2,11,0.458333333,
8/31/2025 12:00,16.9,0.1,12,0.5,
8/31/2025 13:00,18.5,0.2,13,0.541666667,
8/31/2025 14:00,19.9,0,14,0.583333333,
8/31/2025 15:00,20.1,0,15,0.625,
8/31/2025 16:00,20.5,0,16,0.666666667,
8/31/2025 17:00,23.9,0,17,0.708333333,
8/31/2025 18:00,23.2,0,18,0.75,
8/31/2025 19:00,22.5,0,19,0.791666667,
8/31/2025 20:00,22.2,0,20,0.833333333,
8/31/2025 21:00,21.3,0,21,0.875,
8/31/2025 22:00,19.1,1,22,0.916666667,
8/31/2025 23:00,19.8,0,23,0.958333333,
9/1/2025 0:00,19,0,0,0,
9/1/2025 1:00,18.3,0,1,0.041666667,
9/1/2025 2:00,18.7,0,2,0.083333333,
9/1/2025 3:00,18.7,0,3,0.125,
9/1/2025 4:00,17.4,2.5,4,0.166666667,
9/1/2025 5:00,17.5,13.2,5,0.208333333,
9/1/2025 6:00,16.6,4,6,0.25,
9/1/2025 7:00,15.9,4.8,7,0.291666667,
9/1/2025 8:00,16.6,3.2,8,0.333333333,
9/1/2025 9:00,16.4,0.6,9,0.375,
9/1/2025 10:00,15.6,0,10,0.416666667,
9/1/2025 11:00,16.9,0,11,0.458333333,
9/1/2025 12:00,17.2,0.1,12,0.5,
9/1/2025 13:00,17.5,0,13,0.541666667,
9/1/2025 14:00,18.7,0,14,0.583333333,
9/1/2025 15:00,19.6,0,15,0.625,
9/1/2025 16:00,20.1,0,16,0.666666667,
9/1/2025 17:00,20.3,0,17,0.708333333,
9/1/2025 18:00,20.5,0,18,0.75,
9/1/2025 19:00,20.2,0,19,0.791666667,
9/1/2025 20:00,19.2,0,20,0.833333333,
9/1/2025 21:00,18.1,0,21,0.875,
9/1/2025 22:00,17.8,0,22,0.916666667,
9/1/2025 23:00,17.1,0,23,0.958333333,
9/2/2025 0:00,17,0,0,0,
9/2/2025 1:00,16,0,1,0.041666667,
9/2/2025 2:00,15.9,0,2,0.083333333,
9/2/2025 3:00,15.1,0,3,0.125,
9/2/2025 4:00,14.7,0,4,0.166666667,
9/2/2025 5:00,14.2,0,5,0.208333333,
9/2/2025 6:00,14,0,6,0.25,
9/2/2025 7:00,13.7,0,7,0.291666667,
9/2/2025 8:00,14.1,0,8,0.333333333,
9/2/2025 9:00,15.4,0,9,0.375,
9/2/2025 10:00,16.7,0,10,0.416666667,
9/2/2025 11:00,18.4,0,11,0.458333333,
9/2/2025 12:00,19.2,0,12,0.5,
9/2/2025 13:00,20.5,0,13,0.541666667,
9/2/2025 14:00,21.4,0,14,0.583333333,
9/2/2025 15:00,21.7,0,15,0.625,
9/2/2025 16:00,21.9,0,16,0.666666667,
9/2/2025 17:00,21.5,0,17,0.708333333,
9/2/2025 18:00,21.5,0,18,0.75,
9/2/2025 19:00,20.6,0,19,0.791666667,
9/2/2025 20:00,19.4,0,20,0.833333333,
9/2/2025 21:00,18.5,0,21,0.875,
9/2/2025 22:00,17.7,0,22,0.916666667,
9/2/2025 23:00,16.9,0,23,0.958333333,
9/3/2025 0:00,17,0,0,0,
9/3/2025 1:00,16.4,0,1,0.041666667,
9/3/2025 2:00,16.2,0,2,0.083333333,
9/3/2025 3:00,15.9,0,3,0.125,
9/3/2025 4:00,16,0,4,0.166666667,
9/3/2025 5:00,17,0,5,0.208333333,
9/3/2025 6:00,16,0,6,0.25,
9/3/2025 7:00,16,0,7,0.291666667,
9/3/2025 8:00,16.7,0,8,0.333333333,
9/3/2025 9:00,17.6,0,9,0.375,
9/3/2025 10:00,18.1,0,10,0.416666667,
9/3/2025 11:00,17.8,0,11,0.458333333,
9/3/2025 12:00,18,0.1,12,0.5,
9/3/2025 13:00,18.3,0.1,13,0.541666667,
9/3/2025 14:00,20.3,0,14,0.583333333,
9/3/2025 15:00,23.1,0,15,0.625,
9/3/2025 16:00,23.5,0,16,0.666666667,
9/3/2025 17:00,23.7,0,17,0.708333333,
9/3/2025 18:00,23.1,0,18,0.75,
9/3/2025 19:00,23,0,19,0.791666667,
9/3/2025 20:00,22.2,0,20,0.833333333,
9/3/2025 21:00,21.9,0,21,0.875,
9/3/2025 22:00,18.4,0.9,22,0.916666667,
9/3/2025 23:00,20.9,2.5,23,0.958333333,
9/4/2025 0:00,18.9,0,0,0,
9/4/2025 1:00,18.3,0.3,1,0.041666667,
9/4/2025 2:00,19.9,0,2,0.083333333,
9/4/2025 3:00,17.7,0,3,0.125,
9/4/2025 4:00,16.8,0,4,0.166666667,
9/4/2025 5:00,18,0,5,0.208333333,
9/4/2025 6:00,16.1,0,6,0.25,
9/4/2025 7:00,15.7,0,7,0.291666667,
9/4/2025 8:00,17.1,0,8,0.333333333,
9/4/2025 9:00,17.1,0,9,0.375,
9/4/2025 10:00,17.8,0,10,0.416666667,
9/4/2025 11:00,20.4,0,11,0.458333333,
9/4/2025 12:00,20.4,0,12,0.5,
9/4/2025 13:00,20.9,0,13,0.541666667,
9/4/2025 14:00,23,0,14,0.583333333,
9/4/2025 15:00,22.6,0,15,0.625,
9/4/2025 16:00,22.1,0,16,0.666666667,
9/4/2025 17:00,22.9,0,17,0.708333333,
9/4/2025 18:00,21.9,0,18,0.75,
9/4/2025 19:00,21.1,0,19,0.791666667,
9/4/2025 20:00,21,0,20,0.833333333,
9/4/2025 21:00,19.8,0,21,0.875,
9/4/2025 22:00,17.2,0,22,0.916666667,
9/4/2025 23:00,17.2,0,23,0.958333333,
9/5/2025 0:00,17.7,0,0,0,
9/5/2025 1:00,16.7,0,1,0.041666667,
9/5/2025 2:00,16.3,0,2,0.083333333,
9/5/2025 3:00,16.2,0,3,0.125,
9/5/2025 4:00,15.6,0,4,0.166666667,
9/5/2025 5:00,15,0,5,0.208333333,
9/5/2025 6:00,14.1,0,6,0.25,
9/5/2025 7:00,13.3,0,7,0.291666667,
9/5/2025 8:00,13.8,0,8,0.333333333,
9/5/2025 9:00,15.3,0,9,0.375,
9/5/2025 10:00,16.4,0,10,0.416666667,
9/5/2025 11:00,18.2,0,11,0.458333333,
9/5/2025 12:00,20.3,0,12,0.5,
9/5/2025 13:00,20.2,0,13,0.541666667,
9/5/2025 14:00,19.1,0,14,0.583333333,
9/5/2025 15:00,21.6,0,15,0.625,
9/5/2025 16:00,21.9,0,16,0.666666667,
9/5/2025 17:00,21.1,0,17,0.708333333,
9/5/2025 18:00,21.4,0,18,0.75,
9/5/2025 19:00,20.3,0,19,0.791666667,
9/5/2025 20:00,18.3,0,20,0.833333333,
9/5/2025 21:00,17,0,21,0.875,
9/5/2025 22:00,14.8,0,22,0.916666667,
9/5/2025 23:00,14.2,0,23,0.958333333,
9/6/2025 0:00,13.6,0,0,0,
9/6/2025 1:00,12.7,0,1,0.041666667,
9/6/2025 2:00,11.8,0,2,0.083333333,
9/6/2025 3:00,11.5,0,3,0.125,
9/6/2025 4:00,11.2,0,4,0.166666667,
9/6/2025 5:00,10.5,0,5,0.208333333,
9/6/2025 6:00,10.7,0,6,0.25,
9/6/2025 7:00,10.2,0,7,0.291666667,
9/6/2025 8:00,11.6,0,8,0.333333333,
9/6/2025 9:00,13.5,0,9,0.375,
9/6/2025 10:00,15.8,0,10,0.416666667,
9/6/2025 11:00,17.9,0,11,0.458333333,
9/6/2025 12:00,19.6,0,12,0.5,
9/6/2025 13:00,21,0,13,0.541666667,
9/6/2025 14:00,21.9,0,14,0.583333333,
9/6/2025 15:00,22.8,0,15,0.625,
9/6/2025 16:00,22.9,0,16,0.666666667,
9/6/2025 17:00,22.7,0,17,0.708333333,
9/6/2025 18:00,22.5,0,18,0.75,
9/6/2025 19:00,22,0,19,0.791666667,
9/6/2025 20:00,20.3,0,20,0.833333333,
9/6/2025 21:00,19.3,0,21,0.875,
9/6/2025 22:00,18.7,0,22,0.916666667,
9/6/2025 23:00,17.8,0,23,0.958333333,
9/7/2025 0:00,17.3,0,0,0,
9/7/2025 1:00,17,0,1,0.041666667,
9/7/2025 2:00,16.3,0,2,0.083333333,
9/7/2025 3:00,16,0,3,0.125,
9/7/2025 4:00,15.9,0,4,0.166666667,
9/7/2025 5:00,15.4,0,5,0.208333333,
9/7/2025 6:00,14.6,0,6,0.25,
9/7/2025 7:00,14.9,0,7,0.291666667,
9/7/2025 8:00,14.7,0,8,0.333333333,
9/7/2025 9:00,16,0,9,0.375,
9/7/2025 10:00,18.8,0,10,0.416666667,
9/7/2025 11:00,20.8,0,11,0.458333333,
9/7/2025 12:00,23,0,12,0.5,
9/7/2025 13:00,24.8,0,13,0.541666667,
9/7/2025 14:00,25.3,0,14,0.583333333,
9/7/2025 15:00,26.4,0,15,0.625,
9/7/2025 16:00,26.5,0,16,0.666666667,
9/7/2025 17:00,26.3,0,17,0.708333333,
9/7/2025 18:00,26.1,0,18,0.75,
9/7/2025 19:00,25.1,0,19,0.791666667,
9/7/2025 20:00,23.3,0,20,0.833333333,
9/7/2025 21:00,21.6,0,21,0.875,
9/7/2025 22:00,20.4,0,22,0.916666667,
9/7/2025 23:00,19.5,0,23,0.958333333,
9/8/2025 0:00,18.9,0,0,0,
9/8/2025 1:00,18.5,0,1,0.041666667,
9/8/2025 2:00,17.7,0,2,0.083333333,
9/8/2025 3:00,17.6,0,3,0.125,
9/8/2025 4:00,17.2,0,4,0.166666667,
9/8/2025 5:00,16.6,0,5,0.208333333,
9/8/2025 6:00,16.5,0,6,0.25,
9/8/2025 7:00,16.2,0,7,0.291666667,
9/8/2025 8:00,16.1,0,8,0.333333333,
9/8/2025 9:00,17.3,0,9,0.375,
9/8/2025 10:00,16.5,0,10,0.416666667,
9/8/2025 11:00,18.3,0,11,0.458333333,
9/8/2025 12:00,17.6,0,12,0.5,
9/8/2025 13:00,20.5,2.4,13,0.541666667,
9/8/2025 14:00,17.6,0.1,14,0.583333333,
9/8/2025 15:00,17.4,0.9,15,0.625,
9/8/2025 16:00,20.4,0,16,0.666666667,
9/8/2025 17:00,20.9,0,17,0.708333333,
9/8/2025 18:00,19.4,0,18,0.75,
9/8/2025 19:00,20,0.1,19,0.791666667,
9/8/2025 20:00,18.6,0,20,0.833333333,
9/8/2025 21:00,17,0,21,0.875,
9/8/2025 22:00,17.1,0,22,0.916666667,
9/8/2025 23:00,17.1,0,23,0.958333333,
9/9/2025 0:00,16.5,0,0,0,
9/9/2025 1:00,16.2,0,1,0.041666667,
9/9/2025 2:00,16.1,0,2,0.083333333,
9/9/2025 3:00,15.5,0,3,0.125,
9/9/2025 4:00,14.9,0,4,0.166666667,
9/9/2025 5:00,14.9,0,5,0.208333333,
9/9/2025 6:00,14.6,0,6,0.25,
9/9/2025 7:00,14.7,0,7,0.291666667,
9/9/2025 8:00,14.9,0,8,0.333333333,
9/9/2025 9:00,15.5,0,9,0.375,
9/9/2025 10:00,16.2,0,10,0.416666667,
9/9/2025 11:00,15.4,1.4,11,0.458333333,
9/9/2025 12:00,15.4,11.7,12,0.5,
9/9/2025 13:00,15.3,6.7,13,0.541666667,
9/9/2025 14:00,13.9,0.9,14,0.583333333,
9/9/2025 15:00,13.1,0.6,15,0.625,
9/9/2025 16:00,11.6,0.7,16,0.666666667,
9/9/2025 17:00,12.9,0.4,17,0.708333333,
9/9/2025 18:00,12.3,0,18,0.75,
9/9/2025 19:00,12.5,0.3,19,0.791666667,
9/9/2025 20:00,12.4,0,20,0.833333333,
9/9/2025 21:00,13,0,21,0.875,
9/9/2025 22:00,12.5,0,22,0.916666667,
9/9/2025 23:00,11.5,0,23,0.958333333,
9/10/2025 0:00,11.4,0,0,0,
9/10/2025 1:00,10.2,0,1,0.041666667,
9/10/2025 2:00,9.8,0,2,0.083333333,
9/10/2025 3:00,10.3,0,3,0.125,
9/10/2025 4:00,8.7,0,4,0.166666667,
9/10/2025 5:00,8.4,0,5,0.208333333,
9/10/2025 6:00,9,0,6,0.25,
9/10/2025 7:00,7.8,0,7,0.291666667,
9/10/2025 8:00,9.6,0,8,0.333333333,
9/10/2025 9:00,10.1,0,9,0.375,
9/10/2025 10:00,12.6,0,10,0.416666667,
9/10/2025 11:00,14.7,0,11,0.458333333,
9/10/2025 12:00,14.7,0,12,0.5,
9/10/2025 13:00,17.3,0,13,0.541666667,
9/10/2025 14:00,17.4,0,14,0.583333333,
9/10/2025 15:00,17.9,0,15,0.625,
9/10/2025 16:00,18.2,0,16,0.666666667,
9/10/2025 17:00,17.2,0,17,0.708333333,
9/10/2025 18:00,18.1,0,18,0.75,
9/10/2025 19:00,17.9,0,19,0.791666667,
9/10/2025 20:00,15.4,0,20,0.833333333,
9/10/2025 21:00,15.1,0,21,0.875,
9/10/2025 22:00,14.8,0,22,0.916666667,
9/10/2025 23:00,14.1,0,23,0.958333333,
